solid ModularFrameCalibrator
facet normal 1.122451638052153e-08 0.7071067804107891 -0.7071067819623059
  outer loop
    vertex 20.162768579598893 18.725627825379195 -8.70106252214174e-08
    vertex 22.999380195768328 20.133504926924104 1.4078770564730936
    vertex 22.999380218117093 18.725627825379636 -4.198227180543221e-08
  endloop
endfacet
facet normal 3.5179730624555208e-09 -0.9751328560346115 -0.22162110251910053
  outer loop
    vertex 15.417171339523716 15.834872180322542 4.505206565891192
    vertex 15.217171339523299 15.83487218032257 4.5052065627163005
    vertex 15.417171388691264 16.538810726924304 1.407876945118701
  endloop
endfacet
facet normal -0.21637116463866038 0.9520331095348075 0.21637115672472348
  outer loop
    vertex 15.396843806600607 19.429566380322317 4.505206556561183
    vertex 18.494173475768456 20.837443476924093 1.4078769841841423
    vertex 15.396843855768251 20.13350492692405 1.4078769357888632
  endloop
endfacet
facet normal -0.21637116463866038 0.9520331095348075 0.21637115672472348
  outer loop
    vertex 18.494173475768456 20.837443476924093 1.4078769841841423
    vertex 15.396843806600607 19.429566380322317 4.505206556561183
    vertex 19.198111965426072 20.133504931094535 5.209145166131108
  endloop
endfacet
facet normal 0.2203187934185996 -0.689731693801703 0.689731701339011
  outer loop
    vertex 13.82962177586399 15.130933630044774 4.244488543532356
    vertex 15.217171339523299 15.83487218032257 4.5052065627163005
    vertex 15.217171300748298 17.242749281822295 5.913083661216618
  endloop
endfacet
facet normal -1.1224758027549272e-08 -0.7071067804107046 0.7071067819623902
  outer loop
    vertex 15.417171339523716 15.834872180322542 4.505206565891192
    vertex 19.218439498349284 16.5388107310949 5.209145175460936
    vertex 15.417171317174715 17.24274928186724 5.913083664346463
  endloop
endfacet
facet normal -0.6902121058377296 0.6902121026266497 0.21728898348224177
  outer loop
    vertex 19.9020504550836 20.837443485265617 9.010413346533147
    vertex 18.494173355083653 19.42956638526519 9.010413325728917
    vertex 18.233455351253347 18.72562783681046 10.418290422361977
  endloop
endfacet
facet normal -0.7071067811865519 -0.7071067811865431 -1.0448906219911695e-08
  outer loop
    vertex 19.218439498349284 16.5388107310949 5.209145175460936
    vertex 18.514501008691294 17.24274927692424 1.4078769935140991
    vertex 19.922378108691245 15.834872176924282 1.4078770174075899
  endloop
endfacet
facet normal 0.2163711577692362 -0.9520331090600216 0.2163711656832052
  outer loop
    vertex 19.922378108691245 15.834872176924282 1.4078770174075899
    vertex 23.019707679523776 17.24274928032252 4.505206685030561
    vertex 19.218439498349284 16.5388107310949 5.209145175460936
  endloop
endfacet
facet normal 0.2163711577692362 -0.9520331090600216 0.2163711656832052
  outer loop
    vertex 23.019707679523776 17.24274928032252 4.505206685030561
    vertex 19.922378108691245 15.834872176924282 1.4078770174075899
    vertex 23.019707728691433 16.538810726924343 1.4078770658029196
  endloop
endfacet
facet normal 0.5773502783545997 0.5773502685561885 -0.5773502606580889
  outer loop
    vertex 22.999380218117093 18.725627825379636 -4.198227180543221e-08
    vertex 22.999380195768328 20.133504926924104 1.4078770564730936
    vertex 24.407257295768158 18.725627826924285 1.407877080366674
  endloop
endfacet
facet normal -1.1065772227549629e-08 -0.707106780422017 0.707106781951078
  outer loop
    vertex 15.217171300748298 17.242749281822295 5.913083661216618
    vertex 15.417171339523716 15.834872180322542 4.505206565891192
    vertex 15.417171317174715 17.24274928186724 5.913083664346463
  endloop
endfacet
facet normal -1.1065772227549629e-08 -0.707106780422017 0.707106781951078
  outer loop
    vertex 15.417171339523716 15.834872180322542 4.505206565891192
    vertex 15.217171300748298 17.242749281822295 5.913083661216618
    vertex 15.217171339523299 15.83487218032257 4.5052065627163005
  endloop
endfacet
facet normal 0.4673321605922937 -0.8620972210245186 0.1959311950097307
  outer loop
    vertex 24.427584783661896 17.946687830036687 4.24448872512563
    vertex 23.019707679523776 17.24274928032252 4.505206685030561
    vertex 23.019707728691433 16.538810726924343 1.4078770658029196
  endloop
endfacet
facet normal 0.577350260024681 0.5773502698230615 0.5773502777211343
  outer loop
    vertex 24.40725717508381 18.72562783526559 9.010413420366719
    vertex 22.999380075084034 20.13350493526542 9.010413396473163
    vertex 22.99938005273503 18.725627836810233 10.418290498017795
  endloop
endfacet
facet normal 0.6635003808628424 0.7481759449453442 -6.746020619929586e-08
  outer loop
    vertex 15.396843855768251 20.13350492692405 1.4078769357888632
    vertex 13.809294115484605 21.54138200377691 -2.3207996099271238e-07
    vertex 13.809294232364213 21.54138202706826 1.4078769254915031
  endloop
endfacet
facet normal 0.21637115776927526 0.9520331095348005 0.21637116359413916
  outer loop
    vertex 15.396843735084097 20.133504935265286 9.010413275788911
    vertex 19.198111965426072 20.133504931094535 5.209145166131108
    vertex 15.396843784251319 20.837443481867105 5.913083655016483
  endloop
endfacet
facet normal 0.21637115776927526 0.9520331095348005 0.21637116359413916
  outer loop
    vertex 19.198111965426072 20.133504931094535 5.209145166131108
    vertex 15.396843735084097 20.133504935265286 9.010413275788911
    vertex 19.140992430199802 20.07638540110345 5.51759062906685
  endloop
endfacet
facet normal 0.21637115776927526 0.9520331095348005 0.21637116359413916
  outer loop
    vertex 19.140992430199802 20.07638540110345 5.51759062906685
    vertex 15.396843735084097 20.133504935265286 9.010413275788911
    vertex 18.494173355083653 19.42956638526519 9.010413325728917
  endloop
endfacet
facet normal 0.8357445275484388 -0.5491184614205176 2.3602639557001822e-08
  outer loop
    vertex 13.829621644602964 15.130933635121492 9.01041324501395
    vertex 13.82962177586399 15.130933630044774 4.244488543532356
    vertex 15.217171300748298 17.242749281822295 5.913083661216618
  endloop
endfacet
facet normal 0.6489581466846491 -0.7317778326803531 -0.20821750034343997
  outer loop
    vertex 15.417171268007076 16.538810735265574 9.010413285118757
    vertex 13.829621644602964 15.130933635121492 9.01041324501395
    vertex 15.217171300748298 17.242749281822295 5.913083661216618
  endloop
endfacet
facet normal -0.21637116463866918 -0.9520331090600226 0.21637115881376873
  outer loop
    vertex 23.019707657174894 15.83487218186734 5.913083786575217
    vertex 19.275559023782467 16.59593026176301 5.517590640084819
    vertex 19.218439498349284 16.5388107310949 5.209145175460936
  endloop
endfacet
facet normal -0.21637116463866918 -0.9520331090600226 0.21637115881376873
  outer loop
    vertex 19.275559023782467 16.59593026176301 5.517590640084819
    vertex 23.019707657174894 15.83487218186734 5.913083786575217
    vertex 19.92237798800712 17.242749285265564 9.01041335586301
  endloop
endfacet
facet normal -0.21637116463866918 -0.9520331090600226 0.21637115881376873
  outer loop
    vertex 19.92237798800712 17.242749285265564 9.01041335586301
    vertex 23.019707657174894 15.83487218186734 5.913083786575217
    vertex 23.019707608007153 16.538810735265532 9.01041340580302
  endloop
endfacet
facet normal 5.267974731456338e-10 1.0 -4.124100170954013e-09
  outer loop
    vertex 13.509294212314742 21.54138203764693 6.1738016401646005
    vertex 13.809294115484605 21.54138200377691 -2.3207996099271238e-07
    vertex 13.509294115484673 21.541382009278912 -2.1888844394364644e-07
  endloop
endfacet
facet normal 5.267974731456338e-10 1.0 -4.124100170954013e-09
  outer loop
    vertex 13.809294115484605 21.54138200377691 -2.3207996099271238e-07
    vertex 13.509294212314742 21.54138203764693 6.1738016401646005
    vertex 13.809294212314702 21.541382032144927 6.173801626973086
  endloop
endfacet
facet normal 5.267974731456338e-10 1.0 -4.124100170954013e-09
  outer loop
    vertex 13.809294115484605 21.54138200377691 -2.3207996099271238e-07
    vertex 13.809294212314702 21.541382032144927 6.173801626973086
    vertex 13.809294232364213 21.54138202706826 1.4078769254915031
  endloop
endfacet
facet normal 0.46733216681250656 0.8620972210246448 -0.19593118017281458
  outer loop
    vertex 24.40725722011223 18.725627832153297 6.173801781848403
    vertex 22.999380124251655 19.429566381866714 5.91308377724554
    vertex 22.999380075084034 20.13350493526542 9.010413396473163
  endloop
endfacet
facet normal 1.1224831206506621e-08 0.7071067804107098 -0.7071067819623853
  outer loop
    vertex 15.396843806600607 19.429566380322317 4.505206556561183
    vertex 15.396843784251319 20.837443481867105 5.913083655016483
    vertex 19.198111965426072 20.133504931094535 5.209145166131108
  endloop
endfacet
facet normal 3.6876937845167006e-09 -0.9751328560346181 -0.22162110251907124
  outer loop
    vertex 15.417171268007076 16.538810735265574 9.010413285118757
    vertex 15.217171300748298 17.242749281822295 5.913083661216618
    vertex 15.417171317174715 17.24274928186724 5.913083664346463
  endloop
endfacet
facet normal 0.8131271738582636 -0.582086075364523 1.326151652210908e-08
  outer loop
    vertex 7.56827664638813 21.912242665548106 14.850545276842261
    vertex 6.719410679876253 20.726445242758857 1.0000003567051499
    vertex 7.568276866897338 21.91224265831056 1.0000003690152284
  endloop
endfacet
facet normal 0.8131271738582636 -0.582086075364523 1.326151652210908e-08
  outer loop
    vertex 6.719410679876253 20.726445242758857 1.0000003567051499
    vertex 7.56827664638813 21.912242665548106 14.850545276842261
    vertex 6.719410445847878 20.726445250999017 15.699411449240351
  endloop
endfacet
facet normal 0.21637116463867714 -0.9520331095348074 -0.21637115672470755
  outer loop
    vertex 18.514501008691294 17.24274927692424 1.4078769935140991
    vertex 15.417171339523716 15.834872180322542 4.505206565891192
    vertex 15.417171388691264 16.538810726924304 1.407876945118701
  endloop
endfacet
facet normal 0.21637116463867714 -0.9520331095348074 -0.21637115672470755
  outer loop
    vertex 15.417171339523716 15.834872180322542 4.505206565891192
    vertex 18.514501008691294 17.24274927692424 1.4078769935140991
    vertex 19.218439498349284 16.5388107310949 5.209145175460936
  endloop
endfacet
facet normal -1.1224897352232027e-08 -0.7071067804107066 0.7071067819623884
  outer loop
    vertex 23.019707608007153 16.538810735265532 9.01041340580302
    vertex 23.019707585658278 17.946687836810277 10.418290504258293
    vertex 20.183095947139908 17.946687836810266 10.418290459228766
  endloop
endfacet
facet normal 0.21728898423947854 0.6902121031454995 0.6902121050804905
  outer loop
    vertex 24.40725722011223 18.725627832153297 6.173801781848403
    vertex 22.99938014660063 20.837443480322566 4.505206675700894
    vertex 22.999380124251655 19.429566381866714 5.91308377724554
  endloop
endfacet
facet normal -3.432960167454718e-08 0.7071067730951689 0.7071067892779254
  outer loop
    vertex 13.509294297709587 20.02036755088158 9.123550508337306
    vertex 15.396843735084097 20.133504935265286 9.010413275788911
    vertex 13.509294247123906 20.13350491897579 9.010413146567078
  endloop
endfacet
facet normal -3.432960167454718e-08 0.7071067730951689 0.7071067892779254
  outer loop
    vertex 15.396843735084097 20.133504935265286 9.010413275788911
    vertex 13.509294297709587 20.02036755088158 9.123550508337306
    vertex 14.80403406135631 18.725627824877495 10.418290311047533
  endloop
endfacet
facet normal -3.432960167454718e-08 0.7071067730951689 0.7071067892779254
  outer loop
    vertex 15.396843735084097 20.133504935265286 9.010413275788911
    vertex 14.80403406135631 18.725627824877495 10.418290311047533
    vertex 18.233455351253347 18.72562783681046 10.418290422361977
  endloop
endfacet
facet normal 0.8239575128010374 -0.5666515835138274 1.345803518574196e-08
  outer loop
    vertex 7.6245926932591335 21.992975099650536 14.794229231840351
    vertex 7.598189054432246 21.954581732627698 1.0000003694483943
    vertex 7.624592912880813 21.992975091384395 1.000000369829633
  endloop
endfacet
facet normal 0.8239575128010374 -0.5666515835138274 1.345803518574196e-08
  outer loop
    vertex 7.598189054432246 21.954581732627698 1.0000003694483943
    vertex 7.6245926932591335 21.992975099650536 14.794229231840351
    vertex 7.598188834390238 21.954581740910644 14.820633089832432
  endloop
endfacet
facet normal -0.21637115776924742 -0.9520331095348055 -0.21637116359414463
  outer loop
    vertex 19.218439498349284 16.5388107310949 5.209145175460936
    vertex 15.417171268007076 16.538810735265574 9.010413285118757
    vertex 15.417171317174715 17.24274928186724 5.913083664346463
  endloop
endfacet
facet normal -0.21637115776924742 -0.9520331095348055 -0.21637116359414463
  outer loop
    vertex 15.417171268007076 16.538810735265574 9.010413285118757
    vertex 19.218439498349284 16.5388107310949 5.209145175460936
    vertex 18.51450088800716 15.834872185265478 9.010413335058772
  endloop
endfacet
facet normal 0.9154144475237862 0.4025125951628361 1.4333436706499883e-08
  outer loop
    vertex 7.684924185866092 22.29343201494786 14.733897741450786
    vertex 7.696780142549136 22.266469089282023 1.0000003706858598
    vertex 7.684924404527286 22.293432006720174 1.0000003704658773
  endloop
endfacet
facet normal 0.9154144475237862 0.4025125951628361 1.4333436706499883e-08
  outer loop
    vertex 7.696780142549136 22.266469089282023 1.0000003706858598
    vertex 7.684924185866092 22.29343201494786 14.733897741450786
    vertex 7.6967799240768 22.266469097502053 14.722042003589488
  endloop
endfacet
facet normal 0.9999999999999999 1.2853546019910255e-14 1.5855681627985255e-08
  outer loop
    vertex 2.2999998023112846 24.10042090338162 12.180000682572862
    vertex 2.299999979577869 20.086135862492842 1.0000002806436832
    vertex 2.299999979577824 24.100420900846057 1.0000002846793534
  endloop
endfacet
facet normal 0.9999999999999999 1.2853546019910255e-14 1.5855681627985255e-08
  outer loop
    vertex 2.299999979577869 20.086135862492842 1.0000002806436832
    vertex 2.2999998023112846 24.10042090338162 12.180000682572862
    vertex 2.2999998023113526 20.08613586502848 12.180000678537168
  endloop
endfacet
facet normal 0.2172890061530685 -0.6902121031455751 -0.6902120981816923
  outer loop
    vertex 24.427584783661896 17.946687830036687 4.24448872512563
    vertex 23.019707657174894 15.83487218186734 5.913083786575217
    vertex 23.019707679523776 17.24274928032252 4.505206685030561
  endloop
endfacet
facet normal 0.19593119406387866 -0.8620972217522817 -0.46733215964632685
  outer loop
    vertex 18.514501008691294 17.24274927692424 1.4078769935140991
    vertex 15.417171388691264 16.538810726924304 1.407876945118701
    vertex 18.25378304955876 17.94668782537967 -1.1139646407546033e-07
  endloop
endfacet
facet normal 0.7818794788728936 -0.4408312992073231 0.4408313125863862
  outer loop
    vertex 15.417171235794976 5.374792896365497 10.418290388967364
    vertex 14.452049891316806 3.111023109381505 9.866306000641957
    vertex 15.417171258143943 3.9669157948208165 9.010413290512183
  endloop
endfacet
facet normal 0.7818794788728936 -0.4408312992073231 0.4408313125863862
  outer loop
    vertex 14.452049891316806 3.111023109381505 9.866306000641957
    vertex 15.417171235794976 5.374792896365497 10.418290388967364
    vertex 15.004034237333126 4.6420333589635305 10.41829039391483
  endloop
endfacet
facet normal 0.5773502600246833 -0.5773502685561359 0.5773502789880581
  outer loop
    vertex 23.019707608007153 16.538810735265532 9.01041340580302
    vertex 24.427584708007164 17.94668783526561 9.01041342660725
    vertex 23.019707585658278 17.946687836810277 10.418290504258293
  endloop
endfacet
facet normal 0.8167334842517653 -0.5770150913988048 1.332678542322157e-08
  outer loop
    vertex 7.598188834390238 21.954581740910644 14.820633089832432
    vertex 7.568276866897338 21.91224265831056 1.0000003690152284
    vertex 7.598189054432246 21.954581732627698 1.0000003694483943
  endloop
endfacet
facet normal 0.8167334842517653 -0.5770150913988048 1.332678542322157e-08
  outer loop
    vertex 7.568276866897338 21.91224265831056 1.0000003690152284
    vertex 7.598188834390238 21.954581740910644 14.820633089832432
    vertex 7.56827664638813 21.912242665548106 14.850545276842261
  endloop
endfacet
facet normal 0.4708192763360702 -0.8663754021385377 -0.16650186665520064
  outer loop
    vertex 15.417171388691264 16.538810726924304 1.407876945118701
    vertex 15.217171339523299 15.83487218032257 4.5052065627163005
    vertex 13.82962177586399 15.130933630044774 4.244488543532356
  endloop
endfacet
facet normal -0.9999999999999999 -2.1564333630859555e-14 -1.5855684755676068e-08
  outer loop
    vertex 10.23882137875254 20.086135862492853 1.0000004068007236
    vertex 10.238821201485894 24.10042090338162 12.180000808729883
    vertex 10.238821378752428 24.100420900845965 1.0000004108363942
  endloop
endfacet
facet normal -0.9999999999999999 -2.1564333630859555e-14 -1.5855684755676068e-08
  outer loop
    vertex 10.238821201485894 24.10042090338162 12.180000808729883
    vertex 10.23882137875254 20.086135862492853 1.0000004068007236
    vertex 10.238821201485962 20.086135865028496 12.180000804694192
  endloop
endfacet
facet normal 0.8363071360226515 -0.5482612280998812 1.3643599786842158e-08
  outer loop
    vertex 7.6474932536447895 22.02790717358748 14.771328672216873
    vertex 7.624592912880813 21.992975091384395 1.000000369829633
    vertex 7.647493472901842 22.02790716533593 1.0000003701584825
  endloop
endfacet
facet normal 0.8363071360226515 -0.5482612280998812 1.3643599786842158e-08
  outer loop
    vertex 7.624592912880813 21.992975091384395 1.000000369829633
    vertex 7.6474932536447895 22.02790717358748 14.771328672216873
    vertex 7.6245926932591335 21.992975099650536 14.794229231840351
  endloop
endfacet
facet normal -3.007533774813369e-08 -0.707106742873099 -0.7071068194999932
  outer loop
    vertex 18.25378304955876 17.94668782537967 -1.1139646407546033e-07
    vertex 13.509294639817735 16.53881074657171 1.4078770209151101
    vertex 13.509294061176996 17.94668802374376 -1.1371230256993866e-07
  endloop
endfacet
facet normal -3.007533774813369e-08 -0.707106742873099 -0.7071068194999932
  outer loop
    vertex 13.509294639817735 16.53881074657171 1.4078770209151101
    vertex 18.25378304955876 17.94668782537967 -1.1139646407546033e-07
    vertex 15.417171388691264 16.538810726924304 1.407876945118701
  endloop
endfacet
facet normal 3.514027257245896e-11 0.9999999999999999 -3.694308523713552e-10
  outer loop
    vertex 3.0139115485848724 19.2597785799639 12.180000701843777
    vertex 4.769410679876116 19.259778575880144 1.0000003273932778
    vertex 3.0139117258514 19.25977857742821 1.0000003039502718
  endloop
endfacet
facet normal 3.514027257245896e-11 0.9999999999999999 -3.694308523713552e-10
  outer loop
    vertex 4.769410679876116 19.259778575880144 1.0000003273932778
    vertex 3.0139115485848724 19.2597785799639 12.180000701843777
    vertex 4.769410473940077 19.259778582037097 13.935499682775177
  endloop
endfacet
facet normal 0.9966856589759863 -0.08134922981567821 1.5917234653750003e-08
  outer loop
    vertex 7.71160906470455 22.191940758640712 14.707212863357617
    vertex 7.709622869650797 22.167603339449503 1.0000003710010585
    vertex 7.711609282940792 22.19194075043008 1.0000003710060592
  endloop
endfacet
facet normal 0.9966856589759863 -0.08134922981567821 1.5917234653750003e-08
  outer loop
    vertex 7.709622869650797 22.167603339449503 1.0000003710010585
    vertex 7.71160906470455 22.191940758640712 14.707212863357617
    vertex 7.709622651382825 22.16760334766131 14.709199276591708
  endloop
endfacet
facet normal 0.703361753407171 3.7173630426083416e-09 -0.7108320785136177
  outer loop
    vertex 21.5240378251747 29.890154431780815 17.136630944132666
    vertex 21.36574289092101 5.019185643551083e-07 16.979999417538668
    vertex 21.3657428939572 29.90042059466747 16.979999638851215
  endloop
endfacet
facet normal 0.703361753407171 3.7173630426083416e-09 -0.7108320785136177
  outer loop
    vertex 21.36574289092101 5.019185643551083e-07 16.979999417538668
    vertex 21.5240378251747 29.890154431780815 17.136630944132666
    vertex 21.5240378251747 0.010266671717052577 17.136630849856722
  endloop
endfacet
facet normal 0.6635003808628036 -0.7481759449453764 8.852515484052204e-08
  outer loop
    vertex 13.829621644602964 15.130933635121492 9.01041324501395
    vertex 14.452049846744236 15.682918001551105 9.866306043523606
    vertex 13.829621617809018 15.130933638983842 9.243877769706486
  endloop
endfacet
facet normal 0.6635003808628036 -0.7481759449453764 8.852515484052204e-08
  outer loop
    vertex 14.452049846744236 15.682918001551105 9.866306043523606
    vertex 13.829621644602964 15.130933635121492 9.01041324501395
    vertex 15.417171268007076 16.538810735265574 9.010413285118757
  endloop
endfacet
facet normal -1.0532718476271358e-08 -0.7481759192771075 0.663500409806848
  outer loop
    vertex 13.829621607945807 2.5590386985391866 9.243877672851363
    vertex 14.25204987493076 3.1110231093815446 9.86630599746714
    vertex 13.629621588610522 2.559038698539232 9.243877669676538
  endloop
endfacet
facet normal -1.0532718476271358e-08 -0.7481759192771075 0.663500409806848
  outer loop
    vertex 14.25204987493076 3.1110231093815446 9.86630599746714
    vertex 13.829621607945807 2.5590386985391866 9.243877672851363
    vertex 14.452049891316806 3.111023109381505 9.866306000641957
  endloop
endfacet
facet normal 1.3208030741406109e-08 -0.5547001971380118 -0.8320502937293218
  outer loop
    vertex 19.922378108691245 15.834872176924282 1.4078770174075899
    vertex 18.25378304955876 17.94668782537967 -1.1139646407546033e-07
    vertex 23.01970775104042 17.94668782537967 -3.5741772887785426e-08
  endloop
endfacet
facet normal -1.4933368655519748e-08 -0.3391658487132324 0.9407265952797511
  outer loop
    vertex 14.25204987493076 3.1110231093815446 9.86630599746714
    vertex 15.004034237333126 4.6420333589635305 10.41829039391483
    vertex 14.80403422504061 4.642033358963582 10.418290390739985
  endloop
endfacet
facet normal -1.4933368655519748e-08 -0.3391658487132324 0.9407265952797511
  outer loop
    vertex 15.004034237333126 4.6420333589635305 10.41829039391483
    vertex 14.25204987493076 3.1110231093815446 9.86630599746714
    vertex 14.452049891316806 3.111023109381505 9.866306000641957
  endloop
endfacet
facet normal -2.981049910860532e-08 0.7071067808902833 0.7071067814828108
  outer loop
    vertex 13.509294258950101 7.4484727471368775 9.123550381246126
    vertex 15.396843727553872 7.561609994820511 9.010413284640036
    vertex 13.50929423959375 7.561609982554531 9.010413152152312
  endloop
endfacet
facet normal -2.981049910860532e-08 0.7071067808902833 0.7071067814828108
  outer loop
    vertex 15.396843727553872 7.561609994820511 9.010413284640036
    vertex 13.509294258950101 7.4484727471368775 9.123550381246126
    vertex 14.804034225040752 6.153732884432656 10.418290351650613
  endloop
endfacet
facet normal -2.981049910860532e-08 0.7071067808902833 0.7071067814828108
  outer loop
    vertex 15.396843727553872 7.561609994820511 9.010413284640036
    vertex 14.804034225040752 6.153732884432656 10.418290351650613
    vertex 18.233455343723236 6.153732896365604 10.418290431213093
  endloop
endfacet
facet normal -0.9767820824646253 -0.21423529908973754 -1.5423286515261587e-08
  outer loop
    vertex 4.83465801786643 22.14271122819511 1.0000003252552494
    vertex 4.829198271833552 22.167603347661313 14.709199230450077
    vertex 4.829198490101518 22.167603339449418 1.0000003251420295
  endloop
endfacet
facet normal -0.9767820824646253 -0.21423529908973754 -1.5423286515261587e-08
  outer loop
    vertex 4.829198271833552 22.167603347661313 14.709199230450077
    vertex 4.83465801786643 22.14271122819511 1.0000003252552494
    vertex 4.834657799511615 22.142711236410495 14.714658758276366
  endloop
endfacet
facet normal 1.1224733410300378e-08 -0.7071067819623841 -0.707106780410711
  outer loop
    vertex 23.019707657174894 15.83487218186734 5.913083786575217
    vertex 19.218439498349284 16.5388107310949 5.209145175460936
    vertex 23.019707679523776 17.24274928032252 4.505206685030561
  endloop
endfacet
facet normal -0.8239575128009387 -0.5666515835139709 -1.2778863700348831e-08
  outer loop
    vertex 4.9406323053200705 21.954581732627606 1.000000327127209
    vertex 4.914228227249857 21.992975099650558 14.794229188390254
    vertex 4.914228446871508 21.992975091384324 1.0000003266701663
  endloop
endfacet
facet normal -0.8239575128009387 -0.5666515835139709 -1.2778863700348831e-08
  outer loop
    vertex 4.914228227249857 21.992975099650558 14.794229188390254
    vertex 4.9406323053200705 21.954581732627606 1.000000327127209
    vertex 4.940632085278108 21.95458174091053 14.820633047218125
  endloop
endfacet
facet normal -1.7079394866721805e-08 1.7314106507125567e-08 0.9999999999999999
  outer loop
    vertex 14.804034225040752 6.153732884432656 10.418290351650613
    vertex 15.417171235794976 5.374792896365497 10.418290388967364
    vertex 20.183095937276658 5.374792896365578 10.418290464622206
  endloop
endfacet
facet normal -1.7079394866721805e-08 1.7314106507125567e-08 0.9999999999999999
  outer loop
    vertex 15.417171235794976 5.374792896365497 10.418290388967364
    vertex 14.804034225040752 6.153732884432656 10.418290351650613
    vertex 14.80403422504061 4.642033358963582 10.418290390739985
  endloop
endfacet
facet normal -1.7079394866721805e-08 1.7314106507125567e-08 0.9999999999999999
  outer loop
    vertex 15.417171235794976 5.374792896365497 10.418290388967364
    vertex 14.80403422504061 4.642033358963582 10.418290390739985
    vertex 15.004034237333126 4.6420333589635305 10.41829039391483
  endloop
endfacet
facet normal -1.7079394866721805e-08 1.7314106507125567e-08 0.9999999999999999
  outer loop
    vertex 14.804034225040752 6.153732884432656 10.418290351650613
    vertex 22.999380045204987 6.153732896365457 10.418290506868946
    vertex 18.233455343723236 6.153732896365604 10.418290431213093
  endloop
endfacet
facet normal -1.7079394866721805e-08 1.7314106507125567e-08 0.9999999999999999
  outer loop
    vertex 22.999380045204987 6.153732896365457 10.418290506868946
    vertex 14.804034225040752 6.153732884432656 10.418290351650613
    vertex 23.01970757579503 5.374792896365558 10.418290509651747
  endloop
endfacet
facet normal -1.7079394866721805e-08 1.7314106507125567e-08 0.9999999999999999
  outer loop
    vertex 23.01970757579503 5.374792896365558 10.418290509651747
    vertex 14.804034225040752 6.153732884432656 10.418290351650613
    vertex 20.183095937276658 5.374792896365578 10.418290464622206
  endloop
endfacet
facet normal -0.950054616079703 0.3120836850359977 -1.531302764375534e-08
  outer loop
    vertex 4.833638471021151 22.240889194591038 1.0000003251308425
    vertex 4.842040998730829 22.26646909750207 14.722041957854383
    vertex 4.842041217203186 22.26646908928195 1.0000003252345624
  endloop
endfacet
facet normal -0.950054616079703 0.3120836850359977 -1.531302764375534e-08
  outer loop
    vertex 4.842040998730829 22.26646909750207 14.722041957854383
    vertex 4.833638471021151 22.240889194591038 1.0000003251308425
    vertex 4.833638252682476 22.240889202805672 14.713639211513636
  endloop
endfacet
facet normal 2.0130248970341114e-08 -0.9999999999999999 6.328849422161344e-09
  outer loop
    vertex 2.8199664825478975e-15 0.0 0.0
    vertex 21.36574289092101 5.019185643551083e-07 16.979999417538668
    vertex -2.760183672512184e-07 3.188008091292715e-07 16.979999276447057
  endloop
endfacet
facet normal 2.0130248970341114e-08 -0.9999999999999999 6.328849422161344e-09
  outer loop
    vertex 21.36574289092101 5.019185643551083e-07 16.979999417538668
    vertex 2.8199664825478975e-15 0.0 0.0
    vertex 13.509294245489757 5.653965343910272e-07 9.123550307585928
  endloop
endfacet
facet normal 2.0130248970341114e-08 -0.9999999999999999 6.328849422161344e-09
  outer loop
    vertex 13.509294245489757 5.653965343910272e-07 9.123550307585928
    vertex 2.8199664825478975e-15 0.0 0.0
    vertex 13.509294390318804 4.880134619078546e-07 2.053703442948403e-07
  endloop
endfacet
facet normal 0.7069864117685514 0.0184498086803847 0.7069864341939567
  outer loop
    vertex 22.99938005273503 18.725627836810233 10.418290498017795
    vertex 24.427584708007164 17.94668783526561 9.01041342660725
    vertex 24.40725717508381 18.72562783526559 9.010413420366719
  endloop
endfacet
facet normal 0.7069864117685514 0.0184498086803847 0.7069864341939567
  outer loop
    vertex 24.427584708007164 17.94668783526561 9.01041342660725
    vertex 22.99938005273503 18.725627836810233 10.418290498017795
    vertex 23.019707585658278 17.946687836810277 10.418290504258293
  endloop
endfacet
facet normal 0.9999999999999999 -1.0488780957555542e-10 1.4539394603504756e-08
  outer loop
    vertex 21.54468093717009 29.859531589932097 17.29058249347727
    vertex 21.544680933279334 0.01470373400916869 17.158937466493825
    vertex 21.54468093631549 29.88571736958129 17.15893768783858
  endloop
endfacet
facet normal 0.9999999999999999 -1.0488780957555542e-10 1.4539394603504756e-08
  outer loop
    vertex 21.544680933279334 0.01470373400916869 17.158937466493825
    vertex 21.54468093717009 29.859531589932097 17.29058249347727
    vertex 21.544680934133954 0.040889513947189024 17.290582272075042
  endloop
endfacet
facet normal 0.9999999999999999 -1.0488780957555542e-10 1.4539394603504756e-08
  outer loop
    vertex 21.544680934133954 0.040889513947189024 17.290582272075042
    vertex 21.54468093717009 29.859531589932097 17.29058249347727
    vertex 21.544680934810533 29.80907603766311 17.439219758832206
  endloop
endfacet
facet normal 0.9999999999999999 -1.0488780957555542e-10 1.4539394603504756e-08
  outer loop
    vertex 21.544680934133954 0.040889513947189024 17.290582272075042
    vertex 21.544680934810533 29.80907603766311 17.439219758832206
    vertex 21.54468093177435 0.09134506654235354 17.43921953731933
  endloop
endfacet
facet normal 0.9999999999999999 -1.0488780957555542e-10 1.4539394603504756e-08
  outer loop
    vertex 21.54468093177435 0.09134506654235354 17.43921953731933
    vertex 21.544680934810533 29.80907603766311 17.439219758832206
    vertex 21.544680932575872 29.73965108347636 17.579999640715684
  endloop
endfacet
facet normal 0.9999999999999999 -1.0488780957555542e-10 1.4539394603504756e-08
  outer loop
    vertex 21.54468093177435 0.09134506654235354 17.43921953731933
    vertex 21.544680932575872 29.73965108347636 17.579999640715684
    vertex 21.54468092953966 0.16077002103812355 17.579999419050473
  endloop
endfacet
facet normal 0.9999999999999999 -1.0488780957555542e-10 1.4539394603504756e-08
  outer loop
    vertex 21.54468092953966 0.16077002103812355 17.579999419050473
    vertex 21.544680932575872 29.73965108347636 17.579999640715684
    vertex 21.544680930504047 29.652444607572352 17.71051335634503
  endloop
endfacet
facet normal 0.9999999999999999 -1.0488780957555542e-10 1.4539394603504756e-08
  outer loop
    vertex 21.54468092953966 0.16077002103812355 17.579999419050473
    vertex 21.544680930504047 29.652444607572352 17.71051335634503
    vertex 21.54468092746783 0.24797649722842435 17.710513134488394
  endloop
endfacet
facet normal 0.9999999999999999 -1.0488780957555542e-10 1.4539394603504756e-08
  outer loop
    vertex 21.54468092746783 0.24797649722842435 17.710513134488394
    vertex 21.544680930504047 29.652444607572352 17.71051335634503
    vertex 21.54468092863062 29.548948736914873 17.828527779886496
  endloop
endfacet
facet normal 0.9999999999999999 -1.0488780957555542e-10 1.4539394603504756e-08
  outer loop
    vertex 21.54468092746783 0.24797649722842435 17.710513134488394
    vertex 21.54468092863062 29.548948736914873 17.828527779886496
    vertex 21.54468092559452 0.3514723681448913 17.82852755780277
  endloop
endfacet
facet normal 0.9999999999999999 -1.0488780957555542e-10 1.4539394603504756e-08
  outer loop
    vertex 21.54468092559452 0.3514723681448913 17.82852755780277
    vertex 21.54468092863062 29.548948736914873 17.828527779886496
    vertex 21.544680926987677 29.43093431452479 17.93202365185674
  endloop
endfacet
facet normal 0.9999999999999999 -1.0488780957555542e-10 1.4539394603504756e-08
  outer loop
    vertex 21.54468092559452 0.3514723681448913 17.82852755780277
    vertex 21.544680926987677 29.43093431452479 17.93202365185674
    vertex 21.544680923951603 0.4694867907621844 17.93202342951404
  endloop
endfacet
facet normal 0.9999999999999999 -1.0488780957555542e-10 1.4539394603504756e-08
  outer loop
    vertex 21.544680923951603 0.4694867907621844 17.93202342951404
    vertex 21.544680926987677 29.43093431452479 17.93202365185674
    vertex 21.544680925603306 29.300420599865397 18.01923012921258
  endloop
endfacet
facet normal 0.9999999999999999 -1.0488780957555542e-10 1.4539394603504756e-08
  outer loop
    vertex 21.544680923951603 0.4694867907621844 17.93202342951404
    vertex 21.544680925603306 29.300420599865397 18.01923012921258
    vertex 21.544680922567284 0.600000505612866 18.01922990658346
  endloop
endfacet
facet normal 0.9999999999999999 -1.0488780957555542e-10 1.4539394603504756e-08
  outer loop
    vertex 21.544680922567284 0.600000505612866 18.01922990658346
    vertex 21.544680925603306 29.300420599865397 18.01923012921258
    vertex 21.544680924501215 29.159640718754247 18.0886550849654
  endloop
endfacet
facet normal 0.9999999999999999 -1.0488780957555542e-10 1.4539394603504756e-08
  outer loop
    vertex 21.544680922567284 0.600000505612866 18.01922990658346
    vertex 21.544680924501215 29.159640718754247 18.0886550849654
    vertex 21.544680921465243 0.7407803868763672 18.08865486202736
  endloop
endfacet
facet normal 0.9999999999999999 -1.0488780957555542e-10 1.4539394603504756e-08
  outer loop
    vertex 21.544680921465243 0.7407803868763672 18.08865486202736
    vertex 21.544680924501215 29.159640718754247 18.0886550849654
    vertex 21.54468092370032 29.011003453960594 18.13911063888785
  endloop
endfacet
facet normal 0.9999999999999999 -1.0488780957555542e-10 1.4539394603504756e-08
  outer loop
    vertex 21.544680921465243 0.7407803868763672 18.08865486202736
    vertex 21.54468092370032 29.011003453960594 18.13911063888785
    vertex 21.54468092066425 0.8894176517807995 18.13911041562367
  endloop
endfacet
facet normal 0.9999999999999999 -1.0488780957555542e-10 1.4539394603504756e-08
  outer loop
    vertex 21.54468092066425 0.8894176517807995 18.13911041562367
    vertex 21.54468092370032 29.011003453960594 18.13911063888785
    vertex 21.544680923214187 28.85705203026566 18.169733482473323
  endloop
endfacet
facet normal 0.9999999999999999 -1.0488780957555542e-10 1.4539394603504756e-08
  outer loop
    vertex 21.54468092066425 0.8894176517807995 18.13911041562367
    vertex 21.544680923214187 28.85705203026566 18.169733482473323
    vertex 21.544680920178113 1.0433690755427931 18.16973325887143
  endloop
endfacet
facet normal 0.9999999999999999 -1.0488780957555542e-10 1.4539394603504756e-08
  outer loop
    vertex 21.544680920178113 1.0433690755427931 18.16973325887143
    vertex 21.544680923214187 28.85705203026566 18.169733482473323
    vertex 21.54468092305121 28.700420599181765 18.179999650384076
  endloop
endfacet
facet normal 0.9999999999999999 -1.0488780957555542e-10 1.4539394603504756e-08
  outer loop
    vertex 21.544680920178113 1.0433690755427931 18.16973325887143
    vertex 21.54468092305121 28.700420599181765 18.179999650384076
    vertex 21.544680920015082 1.2000005066492985 18.179999426438417
  endloop
endfacet
facet normal 0.7069864343341271 0.01844979794114048 -0.7069864119086365
  outer loop
    vertex 24.4275848286914 17.94668782692444 1.4078770866071737
    vertex 22.999380218117093 18.725627825379636 -4.198227180543221e-08
    vertex 24.407257295768158 18.725627826924285 1.407877080366674
  endloop
endfacet
facet normal 0.7069864343341271 0.01844979794114048 -0.7069864119086365
  outer loop
    vertex 22.999380218117093 18.725627825379636 -4.198227180543221e-08
    vertex 24.4275848286914 17.94668782692444 1.4078770866071737
    vertex 23.01970775104042 17.94668782537967 -3.5741772887785426e-08
  endloop
endfacet
facet normal 0.7339447480798523 3.5502670806280557e-09 -0.6792091774748058
  outer loop
    vertex 21.54468093631549 29.88571736958129 17.15893768783858
    vertex 21.5240378251747 0.010266671717052577 17.136630849856722
    vertex 21.5240378251747 29.890154431780815 17.136630944132666
  endloop
endfacet
facet normal 0.7339447480798523 3.5502670806280557e-09 -0.6792091774748058
  outer loop
    vertex 21.5240378251747 0.010266671717052577 17.136630849856722
    vertex 21.54468093631549 29.88571736958129 17.15893768783858
    vertex 21.544680933279334 0.01470373400916869 17.158937466493825
  endloop
endfacet
facet normal 0.707106802749964 4.545104936217373e-09 -0.7071067596231305
  outer loop
    vertex 16.565743149102975 24.100420664807668 12.179999532283958
    vertex 13.509294297709587 20.02036755088158 9.123550508337306
    vertex 13.50929436522334 24.1004206654603 9.123550543331163
  endloop
endfacet
facet normal 0.707106802749964 4.545104936217373e-09 -0.7071067596231305
  outer loop
    vertex 13.509294297709587 20.02036755088158 9.123550508337306
    vertex 16.565743149102975 24.100420664807668 12.179999532283958
    vertex 14.80403406135631 18.725627824877495 10.418290311047533
  endloop
endfacet
facet normal 0.707106802749964 4.545104936217373e-09 -0.7071067596231305
  outer loop
    vertex 14.80403406135631 18.725627824877495 10.418290311047533
    vertex 16.565743149102975 24.100420664807668 12.179999532283958
    vertex 14.804034061356344 17.213928116084407 10.41829034902631
  endloop
endfacet
facet normal 0.707106802749964 4.545104936217373e-09 -0.7071067596231305
  outer loop
    vertex 14.804034061356344 17.213928116084407 10.41829034902631
    vertex 16.565743149102975 24.100420664807668 12.179999532283958
    vertex 14.804034225040752 6.153732884432656 10.418290351650613
  endloop
endfacet
facet normal 0.707106802749964 4.545104936217373e-09 -0.7071067596231305
  outer loop
    vertex 14.804034225040752 6.153732884432656 10.418290351650613
    vertex 16.565743149102975 24.100420664807668 12.179999532283958
    vertex 14.80403422504061 4.642033358963582 10.418290390739985
  endloop
endfacet
facet normal 0.707106802749964 4.545104936217373e-09 -0.7071067596231305
  outer loop
    vertex 21.3657428939572 29.90042059466747 16.979999638851215
    vertex 16.565743149102975 24.100420664807668 12.179999532283958
    vertex 16.56574315213913 29.900420664807747 12.17999956265498
  endloop
endfacet
facet normal 0.707106802749964 4.545104936217373e-09 -0.7071067596231305
  outer loop
    vertex 13.629621588610522 2.559038698539232 9.243877669676538
    vertex 13.509294245489757 5.653965343910272e-07 9.123550307585928
    vertex 13.509294262038347 2.5590387021389756 9.123550324859899
  endloop
endfacet
facet normal 0.707106802749964 4.545104936217373e-09 -0.7071067596231305
  outer loop
    vertex 13.509294245489757 5.653965343910272e-07 9.123550307585928
    vertex 13.629621588610522 2.559038698539232 9.243877669676538
    vertex 21.36574289092101 5.019185643551083e-07 16.979999417538668
  endloop
endfacet
facet normal 0.707106802749964 4.545104936217373e-09 -0.7071067596231305
  outer loop
    vertex 21.36574289092101 5.019185643551083e-07 16.979999417538668
    vertex 13.629621588610522 2.559038698539232 9.243877669676538
    vertex 14.25204987493076 3.1110231093815446 9.86630599746714
  endloop
endfacet
facet normal 0.707106802749964 4.545104936217373e-09 -0.7071067596231305
  outer loop
    vertex 21.36574289092101 5.019185643551083e-07 16.979999417538668
    vertex 14.25204987493076 3.1110231093815446 9.86630599746714
    vertex 14.80403422504061 4.642033358963582 10.418290390739985
  endloop
endfacet
facet normal 0.707106802749964 4.545104936217373e-09 -0.7071067596231305
  outer loop
    vertex 21.36574289092101 5.019185643551083e-07 16.979999417538668
    vertex 14.80403422504061 4.642033358963582 10.418290390739985
    vertex 16.565743149102975 24.100420664807668 12.179999532283958
  endloop
endfacet
facet normal 0.707106802749964 4.545104936217373e-09 -0.7071067596231305
  outer loop
    vertex 21.36574289092101 5.019185643551083e-07 16.979999417538668
    vertex 16.565743149102975 24.100420664807668 12.179999532283958
    vertex 21.3657428939572 29.90042059466747 16.979999638851215
  endloop
endfacet
facet normal 0.707106802749964 4.545104936217373e-09 -0.7071067596231305
  outer loop
    vertex 13.629621611422635 15.130933638983906 9.243877766531677
    vertex 13.509294258950101 7.4484727471368775 9.123550381246126
    vertex 13.50929430313082 15.130933650319383 9.123550456722556
  endloop
endfacet
facet normal 0.707106802749964 4.545104936217373e-09 -0.7071067596231305
  outer loop
    vertex 13.509294258950101 7.4484727471368775 9.123550381246126
    vertex 13.629621611422635 15.130933638983906 9.243877766531677
    vertex 14.804034225040752 6.153732884432656 10.418290351650613
  endloop
endfacet
facet normal 0.707106802749964 4.545104936217373e-09 -0.7071067596231305
  outer loop
    vertex 14.804034225040752 6.153732884432656 10.418290351650613
    vertex 13.629621611422635 15.130933638983906 9.243877766531677
    vertex 14.252049843638675 15.682918001551156 9.866306040348789
  endloop
endfacet
facet normal 0.707106802749964 4.545104936217373e-09 -0.7071067596231305
  outer loop
    vertex 14.804034225040752 6.153732884432656 10.418290351650613
    vertex 14.252049843638675 15.682918001551156 9.866306040348789
    vertex 14.804034061356344 17.213928116084407 10.41829034902631
  endloop
endfacet
facet normal 0.9999999999999997 -2.2254209963337594e-08 -1.388221784744996e-08
  outer loop
    vertex 13.509294639817735 16.53881074657171 1.4078770209151101
    vertex 13.509294107954442 8.96948707285758 -2.1330316884813373e-07
    vertex 13.509294061176996 17.94668802374376 -1.1371230256993866e-07
  endloop
endfacet
facet normal 0.9999999999999997 -2.2254209963337594e-08 -1.388221784744996e-08
  outer loop
    vertex 13.509294107954442 8.96948707285758 -2.1330316884813373e-07
    vertex 13.509294639817735 16.53881074657171 1.4078770209151101
    vertex 13.509294204784506 8.969487101225688 6.173801645749869
  endloop
endfacet
facet normal 0.9999999999999997 -2.2254209963337594e-08 -1.388221784744996e-08
  outer loop
    vertex 13.509294204784506 8.969487101225688 6.173801645749869
    vertex 13.509294639817735 16.53881074657171 1.4078770209151101
    vertex 13.50929451495069 15.130933627900623 4.244488527317545
  endloop
endfacet
facet normal 0.9999999999999997 -2.2254209963337594e-08 -1.388221784744996e-08
  outer loop
    vertex 13.509294204784506 8.969487101225688 6.173801645749869
    vertex 13.50929451495069 15.130933627900623 4.244488527317545
    vertex 13.50929430313082 15.130933650319383 9.123550456722556
  endloop
endfacet
facet normal 0.9999999999999997 -2.2254209963337594e-08 -1.388221784744996e-08
  outer loop
    vertex 13.509294204784506 8.969487101225688 6.173801645749869
    vertex 13.50929430313082 15.130933650319383 9.123550456722556
    vertex 13.50929423959375 7.561609982554531 9.010413152152312
  endloop
endfacet
facet normal 0.9999999999999997 -2.2254209963337594e-08 -1.388221784744996e-08
  outer loop
    vertex 13.50929423959375 7.561609982554531 9.010413152152312
    vertex 13.50929430313082 15.130933650319383 9.123550456722556
    vertex 13.509294258950101 7.4484727471368775 9.123550381246126
  endloop
endfacet
facet normal 0.7069864343208064 0.01844979896150411 -0.7069864118953295
  outer loop
    vertex 24.427584818828162 5.3747928864797005 1.4078770920006087
    vertex 22.99938021058703 6.153732884934821 -3.313114101877238e-08
    vertex 24.407257288238057 6.153732886479526 1.4078770892178032
  endloop
endfacet
facet normal 0.7069864343208064 0.01844979896150411 -0.7069864118953295
  outer loop
    vertex 22.99938021058703 6.153732884934821 -3.313114101877238e-08
    vertex 24.427584818828162 5.3747928864797005 1.4078770920006087
    vertex 23.01970774117711 5.374792884934911 -3.034833626093418e-08
  endloop
endfacet
facet normal -1.0532755242786735e-08 -0.7481759195218052 0.6635004095309222
  outer loop
    vertex 13.829621617809018 15.130933638983842 9.243877769706486
    vertex 14.252049843638675 15.682918001551156 9.866306040348789
    vertex 13.629621611422635 15.130933638983906 9.243877766531677
  endloop
endfacet
facet normal -1.0532755242786735e-08 -0.7481759195218052 0.6635004095309222
  outer loop
    vertex 14.252049843638675 15.682918001551156 9.866306040348789
    vertex 13.829621617809018 15.130933638983842 9.243877769706486
    vertex 14.452049846744236 15.682918001551105 9.866306043523606
  endloop
endfacet
facet normal -1.0035180689974399e-07 -0.3391658118101622 0.940726608584632
  outer loop
    vertex 14.804034061356344 17.213928116084407 10.41829034902631
    vertex 14.452049846744236 15.682918001551105 9.866306043523606
    vertex 15.00403414383659 17.213928116084446 10.418290388521386
  endloop
endfacet
facet normal -1.0035180689974399e-07 -0.3391658118101622 0.940726608584632
  outer loop
    vertex 14.452049846744236 15.682918001551105 9.866306043523606
    vertex 14.804034061356344 17.213928116084407 10.41829034902631
    vertex 14.252049843638675 15.682918001551156 9.866306040348789
  endloop
endfacet
facet normal 0.9999999999999999 2.112775144559256e-08 1.1139752790453977e-08
  outer loop
    vertex 13.509294629954452 3.96691579839121 1.4078770217288816
    vertex 13.509294390318804 4.880134619078546e-07 2.053703442948403e-07
    vertex 13.509294051313718 5.374793075563253 -1.1289853017841373e-07
  endloop
endfacet
facet normal 0.9999999999999999 2.112775144559256e-08 1.1139752790453977e-08
  outer loop
    vertex 13.509294390318804 4.880134619078546e-07 2.053703442948403e-07
    vertex 13.509294629954452 3.96691579839121 1.4078770217288816
    vertex 13.509294245489757 5.653965343910272e-07 9.123550307585928
  endloop
endfacet
facet normal 0.9999999999999999 2.112775144559256e-08 1.1139752790453977e-08
  outer loop
    vertex 13.509294245489757 5.653965343910272e-07 9.123550307585928
    vertex 13.509294629954452 3.96691579839121 1.4078770217288816
    vertex 13.509294505087457 2.5590386797200613 4.244488528131317
  endloop
endfacet
facet normal 0.9999999999999999 2.112775144559256e-08 1.1139752790453977e-08
  outer loop
    vertex 13.509294245489757 5.653965343910272e-07 9.123550307585928
    vertex 13.509294505087457 2.5590386797200613 4.244488528131317
    vertex 13.509294262038347 2.5590387021389756 9.123550324859899
  endloop
endfacet
facet normal 0.9996596627506222 0.026087519416609833 1.5840200310943174e-08
  outer loop
    vertex 24.40725721258214 6.153732891708587 6.173801790699538
    vertex 24.427584818828162 5.3747928864797005 1.4078770920006087
    vertex 24.407257288238057 6.153732886479526 1.4078770892178032
  endloop
endfacet
facet normal 0.9996596627506222 0.026087519416609833 1.5840200310943174e-08
  outer loop
    vertex 24.427584818828162 5.3747928864797005 1.4078770920006087
    vertex 24.40725721258214 6.153732891708587 6.173801790699538
    vertex 24.427584773798685 5.374792889591861 4.244488730519068
  endloop
endfacet
facet normal 0.9996596627506222 0.026087519416609833 1.5840200310943174e-08
  outer loop
    vertex 24.427584773798685 5.374792889591861 4.244488730519068
    vertex 24.40725721258214 6.153732891708587 6.173801790699538
    vertex 24.42758469814383 5.374792894820902 9.01041343200067
  endloop
endfacet
facet normal 0.9996596627506222 0.026087519416609833 1.5840200310943174e-08
  outer loop
    vertex 24.42758469814383 5.374792894820902 9.01041343200067
    vertex 24.40725721258214 6.153732891708587 6.173801790699538
    vertex 24.407257167553638 6.153732894820868 9.010413429217843
  endloop
endfacet
facet normal 0.9996596626725378 0.02608752240876395 1.584019092604159e-08
  outer loop
    vertex 24.40725722011223 18.725627832153297 6.173801781848403
    vertex 24.4275848286914 17.94668782692444 1.4078770866071737
    vertex 24.407257295768158 18.725627826924285 1.407877080366674
  endloop
endfacet
facet normal 0.9996596626725378 0.02608752240876395 1.584019092604159e-08
  outer loop
    vertex 24.4275848286914 17.94668782692444 1.4078770866071737
    vertex 24.40725722011223 18.725627832153297 6.173801781848403
    vertex 24.427584783661896 17.946687830036687 4.24448872512563
  endloop
endfacet
facet normal 0.9996596626725378 0.02608752240876395 1.584019092604159e-08
  outer loop
    vertex 24.427584783661896 17.946687830036687 4.24448872512563
    vertex 24.40725722011223 18.725627832153297 6.173801781848403
    vertex 24.427584708007164 17.94668783526561 9.01041342660725
  endloop
endfacet
facet normal 0.9996596626725378 0.02608752240876395 1.584019092604159e-08
  outer loop
    vertex 24.427584708007164 17.94668783526561 9.01041342660725
    vertex 24.40725722011223 18.725627832153297 6.173801781848403
    vertex 24.40725717508381 18.72562783526559 9.010413420366719
  endloop
endfacet
facet normal -2.801807893970307e-09 -0.8968727395732198 0.4422886941924102
  outer loop
    vertex 21.54468093177435 0.09134506654235354 17.43921953731933
    vertex -2.8577166688581457e-07 0.1607700194526707 17.57999927726058
    vertex -2.834832217857297e-07 0.09134506329578253 17.43921939634862
  endloop
endfacet
facet normal -2.801807893970307e-09 -0.8968727395732198 0.4422886941924102
  outer loop
    vertex -2.8577166688581457e-07 0.1607700194526707 17.57999927726058
    vertex 21.54468093177435 0.09134506654235354 17.43921953731933
    vertex 21.54468092953966 0.16077002103812355 17.579999419050473
  endloop
endfacet
facet normal -4.41217942365313e-09 -0.7518398055590733 0.6593458172893
  outer loop
    vertex 21.54468092746783 0.24797649722842435 17.710513134488394
    vertex -2.898116100880088e-07 0.35147236949205696 17.82852741376262
    vertex -2.878932320093952e-07 0.24797649718301162 17.710512991669564
  endloop
endfacet
facet normal -4.41217942365313e-09 -0.7518398055590733 0.6593458172893
  outer loop
    vertex -2.898116100880088e-07 0.35147236949205696 17.82852741376262
    vertex 21.54468092746783 0.24797649722842435 17.710513134488394
    vertex 21.54468092559452 0.3514723681448913 17.82852755780277
  endloop
endfacet
facet normal -3.638117480463814e-09 -0.8314696102632297 0.5555702360716538
  outer loop
    vertex 21.54468092953966 0.16077002103812355 17.579999419050473
    vertex -2.878932320093952e-07 0.24797649718301162 17.710512991669564
    vertex -2.8577166688581457e-07 0.1607700194526707 17.57999927726058
  endloop
endfacet
facet normal -3.638117480463814e-09 -0.8314696102632297 0.5555702360716538
  outer loop
    vertex -2.878932320093952e-07 0.24797649718301162 17.710512991669564
    vertex 21.54468092953966 0.16077002103812355 17.579999419050473
    vertex 21.54468092746783 0.24797649722842435 17.710513134488394
  endloop
endfacet
facet normal 0.8170848850726363 0.5765173809913404 -8.501077643020201e-07
  outer loop
    vertex 7.574046074192283 22.465960897563416 14.844756465038182
    vertex 7.603072147217517 22.424802519050285 1.0000003690075954
    vertex 7.574026909878334 22.46594701155338 1.0000003684961656
  endloop
endfacet
facet normal 0.8170848850726363 0.5765173809913404 -8.501077643020201e-07
  outer loop
    vertex 7.603072147217517 22.424802519050285 1.0000003690075954
    vertex 7.574046074192283 22.465960897563416 14.844756465038182
    vertex 7.603071927253177 22.42480252733016 14.815749997597198
  endloop
endfacet
facet normal -2.62597048515406e-08 0.9999999999999996 1.9040047869654102e-08
  outer loop
    vertex 2.2999998023112846 24.10042090338162 12.180000682572862
    vertex 2.299999979577824 24.100420900846057 1.0000002846793534
    vertex -1.9768871379888252e-07 24.10042003966179 12.180000690428674
  endloop
endfacet
facet normal -2.62597048515406e-08 0.9999999999999996 1.9040047869654102e-08
  outer loop
    vertex 1.6919798895287383e-14 24.100420466135976 6.288941339087712e-08
    vertex 2.299999979577824 24.100420900846057 1.0000002846793534
    vertex 13.509293948622 24.10042095589858 1.9838488306831282e-07
  endloop
endfacet
facet normal -2.62597048515406e-08 0.9999999999999996 1.9040047869654102e-08
  outer loop
    vertex 2.299999979577824 24.100420900846057 1.0000002846793534
    vertex 1.6919798895287383e-14 24.100420466135976 6.288941339087712e-08
    vertex -1.9768871379888252e-07 24.10042003966179 12.180000690428674
  endloop
endfacet
facet normal -2.62597048515406e-08 0.9999999999999996 1.9040047869654102e-08
  outer loop
    vertex 13.509293948622 24.10042095589858 1.9838488306831282e-07
    vertex 2.299999979577824 24.100420900846057 1.0000002846793534
    vertex 6.269410679876181 24.100420899845318 1.000000345752804
  endloop
endfacet
facet normal -2.62597048515406e-08 0.9999999999999996 1.9040047869654102e-08
  outer loop
    vertex 13.509293948622 24.10042095589858 1.9838488306831282e-07
    vertex 6.269410679876181 24.100420899845318 1.000000345752804
    vertex 10.238821378752428 24.100420900845965 1.0000004108363942
  endloop
endfacet
facet normal -2.62597048515406e-08 0.9999999999999996 1.9040047869654102e-08
  outer loop
    vertex 13.509293948622 24.10042095589858 1.9838488306831282e-07
    vertex 10.238821378752428 24.100420900845965 1.0000004108363942
    vertex 10.238821201485894 24.10042090338162 12.180000808729883
  endloop
endfacet
facet normal -2.62597048515406e-08 0.9999999999999996 1.9040047869654102e-08
  outer loop
    vertex 13.509293948622 24.10042095589858 1.9838488306831282e-07
    vertex 10.238821201485894 24.10042090338162 12.180000808729883
    vertex 13.50929436522334 24.1004206654603 9.123550543331163
  endloop
endfacet
facet normal -2.62597048515406e-08 0.9999999999999996 1.9040047869654102e-08
  outer loop
    vertex 13.50929436522334 24.1004206654603 9.123550543331163
    vertex 10.238821201485894 24.10042090338162 12.180000808729883
    vertex 16.565743149102975 24.100420664807668 12.179999532283958
  endloop
endfacet
facet normal -1.9175584748630765e-09 -0.9469301278270825 0.32143947021699926
  outer loop
    vertex -2.810669983643876e-07 0.0408895089467455 17.29058213169977
    vertex 21.54468093177435 0.09134506654235354 17.43921953731933
    vertex -2.834832217857297e-07 0.09134506329578253 17.43921939634862
  endloop
endfacet
facet normal -1.9175584748630765e-09 -0.9469301278270825 0.32143947021699926
  outer loop
    vertex 21.54468093177435 0.09134506654235354 17.43921953731933
    vertex -2.810669983643876e-07 0.0408895089467455 17.29058213169977
    vertex 21.544680934133954 0.040889513947189024 17.290582272075042
  endloop
endfacet
facet normal 0.9999999999999994 -2.131908174800583e-09 -3.022641747239081e-08
  outer loop
    vertex 13.509293948622 24.10042095589858 1.9838488306831282e-07
    vertex 13.509294212314742 21.54138203764693 6.1738016401646005
    vertex 13.509294115484673 21.541382009278912 -2.1888844394364644e-07
  endloop
endfacet
facet normal 0.9999999999999994 -2.131908174800583e-09 -3.022641747239081e-08
  outer loop
    vertex 13.509294212314742 21.54138203764693 6.1738016401646005
    vertex 13.509293948622 24.10042095589858 1.9838488306831282e-07
    vertex 13.50929436522334 24.1004206654603 9.123550543331163
  endloop
endfacet
facet normal 0.9999999999999994 -2.131908174800583e-09 -3.022641747239081e-08
  outer loop
    vertex 13.509294212314742 21.54138203764693 6.1738016401646005
    vertex 13.50929436522334 24.1004206654603 9.123550543331163
    vertex 13.509294247123906 20.13350491897579 9.010413146567078
  endloop
endfacet
facet normal 0.9999999999999994 -2.131908174800583e-09 -3.022641747239081e-08
  outer loop
    vertex 13.509294247123906 20.13350491897579 9.010413146567078
    vertex 13.50929436522334 24.1004206654603 9.123550543331163
    vertex 13.509294297709587 20.02036755088158 9.123550508337306
  endloop
endfacet
facet normal -1.645184214487907e-08 0.442288697844654 0.8968727377721324
  outer loop
    vertex -2.9291157104260886e-07 29.300420131403676 18.01922996484367
    vertex 21.544680924501215 29.159640718754247 18.0886550849654
    vertex 21.544680925603306 29.300420599865397 18.01923012921258
  endloop
endfacet
facet normal -1.645184214487907e-08 0.442288697844654 0.8968727377721324
  outer loop
    vertex 21.544680924501215 29.159640718754247 18.0886550849654
    vertex -2.9291157104260886e-07 29.300420131403676 18.01922996484367
    vertex -2.940401075290921e-07 29.159640250341976 18.08865492093701
  endloop
endfacet
facet normal -2.2920294226027318e-08 0.8968727434432598 0.4422886863447447
  outer loop
    vertex -2.857716922655129e-07 29.739650614577318 17.579999475292617
    vertex 21.544680934810533 29.80907603766311 17.439219758832206
    vertex -2.8348324998539454e-07 29.809075568626508 17.43921959322284
  endloop
endfacet
facet normal -2.2920294226027318e-08 0.8968727434432598 0.4422886863447447
  outer loop
    vertex 21.544680934810533 29.80907603766311 17.439219758832206
    vertex -2.857716922655129e-07 29.739650614577318 17.579999475292617
    vertex 21.544680932575872 29.73965108347636 17.579999640715684
  endloop
endfacet
facet normal -1.8430657460531818e-08 0.5555702393931478 0.831469608043878
  outer loop
    vertex -2.91493985171698e-07 29.43093384598306 17.932023487176966
    vertex 21.544680925603306 29.300420599865397 18.01923012921258
    vertex 21.544680926987677 29.43093431452479 17.93202365185674
  endloop
endfacet
facet normal -1.8430657460531818e-08 0.5555702393931478 0.831469608043878
  outer loop
    vertex 21.544680925603306 29.300420599865397 18.01923012921258
    vertex -2.91493985171698e-07 29.43093384598306 17.932023487176966
    vertex -2.9291157104260886e-07 29.300420131403676 18.01922996484367
  endloop
endfacet
facet normal -2.009234773794674e-08 0.6593458202346665 0.7518398029760556
  outer loop
    vertex -2.8981161290797527e-07 29.54894826826927 17.828527614927076
    vertex 21.544680926987677 29.43093431452479 17.93202365185674
    vertex 21.54468092863062 29.548948736914873 17.828527779886496
  endloop
endfacet
facet normal -2.009234773794674e-08 0.6593458202346665 0.7518398029760556
  outer loop
    vertex 21.544680926987677 29.43093431452479 17.93202365185674
    vertex -2.8981161290797527e-07 29.54894826826927 17.828527614927076
    vertex -2.91493985171698e-07 29.43093384598306 17.932023487176966
  endloop
endfacet
facet normal -2.2843398765974805e-08 0.9807852981926971 0.19509023258241726
  outer loop
    vertex 21.54468093717009 29.859531589932097 17.29058249347727
    vertex -2.7856448114871313e-07 29.89015396267542 17.136630842026914
    vertex -2.8106704066388486e-07 29.85953112075785 17.290582327708982
  endloop
endfacet
facet normal -2.2843398765974805e-08 0.9807852981926971 0.19509023258241726
  outer loop
    vertex -2.7856448114871313e-07 29.89015396267542 17.136630842026914
    vertex 21.54468093717009 29.859531589932097 17.29058249347727
    vertex 21.5240378251747 29.890154431780815 17.136630944132666
  endloop
endfacet
facet normal -2.2843398765974805e-08 0.9807852981926971 0.19509023258241726
  outer loop
    vertex 21.5240378251747 29.890154431780815 17.136630944132666
    vertex 21.54468093717009 29.859531589932097 17.29058249347727
    vertex 21.54468093631549 29.88571736958129 17.15893768783858
  endloop
endfacet
facet normal -1.4189759541867569e-08 0.3214394741465396 0.9469301264931833
  outer loop
    vertex -2.940401075290921e-07 29.159640250341976 18.08865492093701
    vertex 21.54468092370032 29.011003453960594 18.13911063888785
    vertex 21.544680924501215 29.159640718754247 18.0886550849654
  endloop
endfacet
facet normal -1.4189759541867569e-08 0.3214394741465396 0.9469301264931833
  outer loop
    vertex 21.54468092370032 29.011003453960594 18.13911063888785
    vertex -2.940401075290921e-07 29.159640250341976 18.08865492093701
    vertex -2.9486027222080933e-07 29.011002985560726 18.139110475226516
  endloop
endfacet
facet normal -8.973093551567858e-09 0.06540314045208834 0.9978589225030784
  outer loop
    vertex -2.953581147435713e-07 28.857051561834925 18.169733319201416
    vertex 21.54468092305121 28.700420599181765 18.179999650384076
    vertex 21.544680923214187 28.85705203026566 18.169733482473323
  endloop
endfacet
facet normal -8.973093551567858e-09 0.06540314045208834 0.9978589225030784
  outer loop
    vertex 21.54468092305121 28.700420599181765 18.179999650384076
    vertex -2.953581147435713e-07 28.857051561834925 18.169733319201416
    vertex -2.995317581966361e-07 28.700420130671162 18.17999948759191
  endloop
endfacet
facet normal -1.1683113492184119e-08 0.19509033199611125 0.9807852784180882
  outer loop
    vertex -2.9486027222080933e-07 29.011002985560726 18.139110475226516
    vertex 21.544680923214187 28.85705203026566 18.169733482473323
    vertex 21.54468092370032 29.011003453960594 18.13911063888785
  endloop
endfacet
facet normal -1.1683113492184119e-08 0.19509033199611125 0.9807852784180882
  outer loop
    vertex 21.544680923214187 28.85705203026566 18.169733482473323
    vertex -2.9486027222080933e-07 29.011002985560726 18.139110475226516
    vertex -2.953581147435713e-07 28.857051561834925 18.169733319201416
  endloop
endfacet
facet normal -7.1084001970097496e-09 -0.06540313082128205 0.9978589231343148
  outer loop
    vertex -2.95186559262639e-07 1.043369080913064 18.169733106682326
    vertex 21.544680920015082 1.2000005066492985 18.179999426438417
    vertex -2.955249608804777e-07 1.2000005121436308 18.179999272385984
  endloop
endfacet
facet normal -7.1084001970097496e-09 -0.06540313082128205 0.9978589231343148
  outer loop
    vertex 21.544680920015082 1.2000005066492985 18.179999426438417
    vertex -2.95186559262639e-07 1.043369080913064 18.169733106682326
    vertex 21.544680920178113 1.0433690755427931 18.16973325887143
  endloop
endfacet
facet normal -2.140847953560929e-08 0.751839811430194 0.6593458105945698
  outer loop
    vertex -2.8981161290797527e-07 29.54894826826927 17.828527614927076
    vertex 21.544680930504047 29.652444607572352 17.71051335634503
    vertex -2.878932630290265e-07 29.652444138805595 17.71051319113813
  endloop
endfacet
facet normal -2.140847953560929e-08 0.751839811430194 0.6593458105945698
  outer loop
    vertex 21.544680930504047 29.652444607572352 17.71051335634503
    vertex -2.8981161290797527e-07 29.54894826826927 17.828527614927076
    vertex 21.54468092863062 29.548948736914873 17.828527779886496
  endloop
endfacet
facet normal -2.0364045919762247e-08 0.9978589046701035 0.06540341253008865
  outer loop
    vertex -2.7856448114871313e-07 29.89015396267542 17.136630842026914
    vertex 21.3657428939572 29.90042059466747 16.979999638851215
    vertex -2.760183954508832e-07 29.900420212966107 16.979999371646347
  endloop
endfacet
facet normal -2.0364045919762247e-08 0.9978589046701035 0.06540341253008865
  outer loop
    vertex 21.3657428939572 29.90042059466747 16.979999638851215
    vertex -2.7856448114871313e-07 29.89015396267542 17.136630842026914
    vertex 21.5240378251747 29.890154431780815 17.136630944132666
  endloop
endfacet
facet normal -9.960868530193274e-10 -0.9807852790566414 0.19509032878588928
  outer loop
    vertex 21.5240378251747 0.010266671717052577 17.136630849856722
    vertex -2.810669983643876e-07 0.0408895089467455 17.29058213169977
    vertex -2.7856447832874663e-07 0.01026666491622401 17.13663070904885
  endloop
endfacet
facet normal -9.960868530193274e-10 -0.9807852790566414 0.19509032878588928
  outer loop
    vertex -2.810669983643876e-07 0.0408895089467455 17.29058213169977
    vertex 21.5240378251747 0.010266671717052577 17.136630849856722
    vertex 21.544680934133954 0.040889513947189024 17.290582272075042
  endloop
endfacet
facet normal -9.960868530193274e-10 -0.9807852790566414 0.19509032878588928
  outer loop
    vertex 21.544680934133954 0.040889513947189024 17.290582272075042
    vertex 21.5240378251747 0.010266671717052577 17.136630849856722
    vertex 21.544680933279334 0.01470373400916869 17.158937466493825
  endloop
endfacet
facet normal -2.3090108012614317e-08 0.9469301306146647 0.32143946200504636
  outer loop
    vertex 21.544680934810533 29.80907603766311 17.439219758832206
    vertex -2.8106704066388486e-07 29.85953112075785 17.290582327708982
    vertex -2.8348324998539454e-07 29.809075568626508 17.43921959322284
  endloop
endfacet
facet normal -2.3090108012614317e-08 0.9469301306146647 0.32143946200504636
  outer loop
    vertex -2.8106704066388486e-07 29.85953112075785 17.290582327708982
    vertex 21.544680934810533 29.80907603766311 17.439219758832206
    vertex 21.54468093717009 29.859531589932097 17.29058249347727
  endloop
endfacet
facet normal -6.934154603999353e-09 -0.19509032293169493 0.980785280221113
  outer loop
    vertex -2.9486030042047415e-07 0.8894176567926244 18.139110265236
    vertex 21.544680920178113 1.0433690755427931 18.16973325887143
    vertex -2.95186559262639e-07 1.043369080913064 18.169733106682326
  endloop
endfacet
facet normal -6.934154603999353e-09 -0.19509032293169493 0.980785280221113
  outer loop
    vertex 21.544680920178113 1.0433690755427931 18.16973325887143
    vertex -2.9486030042047415e-07 0.8894176567926244 18.139110265236
    vertex 21.54468092066425 0.8894176517807995 18.13911041562367
  endloop
endfacet
facet normal -2.2356535152655722e-08 0.8314696151670112 0.5555702287326256
  outer loop
    vertex 21.544680930504047 29.652444607572352 17.71051335634503
    vertex -2.857716922655129e-07 29.739650614577318 17.579999475292617
    vertex -2.878932630290265e-07 29.652444138805595 17.71051319113813
  endloop
endfacet
facet normal -2.2356535152655722e-08 0.8314696151670112 0.5555702287326256
  outer loop
    vertex -2.857716922655129e-07 29.739650614577318 17.579999475292617
    vertex 21.544680930504047 29.652444607572352 17.71051335634503
    vertex 21.544680932575872 29.73965108347636 17.579999640715684
  endloop
endfacet
facet normal -6.235083952435213e-09 -0.4422886896502613 0.8968727418131599
  outer loop
    vertex -2.929115287431116e-07 0.6000005092101506 18.019229759610802
    vertex 21.544680921465243 0.7407803868763672 18.08865486202736
    vertex -2.940401075290921e-07 0.7407803912928463 18.088654713393563
  endloop
endfacet
facet normal -6.235083952435213e-09 -0.4422886896502613 0.8968727418131599
  outer loop
    vertex 21.544680921465243 0.7407803868763672 18.08865486202736
    vertex -2.929115287431116e-07 0.6000005092101506 18.019229759610802
    vertex 21.544680922567284 0.600000505612866 18.01922990658346
  endloop
endfacet
facet normal -5.1107459914943445e-09 -0.6593458134815883 0.751839808898347
  outer loop
    vertex -2.898116100880088e-07 0.35147236949205696 17.82852741376262
    vertex 21.544680923951603 0.4694867907621844 17.93202342951404
    vertex -2.914939964515639e-07 0.4694867933304858 17.932023284081435
  endloop
endfacet
facet normal -5.1107459914943445e-09 -0.6593458134815883 0.751839808898347
  outer loop
    vertex 21.544680923951603 0.4694867907621844 17.93202342951404
    vertex -2.898116100880088e-07 0.35147236949205696 17.82852741376262
    vertex 21.54468092559452 0.3514723681448913 17.82852755780277
  endloop
endfacet
facet normal -5.721865424565376e-09 -0.5555702318608273 0.831469613076814
  outer loop
    vertex -2.914939964515639e-07 0.4694867933304858 17.932023284081435
    vertex 21.544680922567284 0.600000505612866 18.01922990658346
    vertex -2.929115287431116e-07 0.6000005092101506 18.019229759610802
  endloop
endfacet
facet normal -5.721865424565376e-09 -0.5555702318608273 0.831469613076814
  outer loop
    vertex 21.544680922567284 0.600000505612866 18.01922990658346
    vertex -2.914939964515639e-07 0.4694867933304858 17.932023284081435
    vertex 21.544680923951603 0.4694867907621844 17.93202342951404
  endloop
endfacet
facet normal 3.973511246243407e-09 -0.9978588853311705 0.06540370758323774
  outer loop
    vertex 21.36574289092101 5.019185643551083e-07 16.979999417538668
    vertex -2.7856447832874663e-07 0.01026666491622401 17.13663070904885
    vertex -2.760183672512184e-07 3.188008091292715e-07 16.979999276447057
  endloop
endfacet
facet normal 3.973511246243407e-09 -0.9978588853311705 0.06540370758323774
  outer loop
    vertex -2.7856447832874663e-07 0.01026666491622401 17.13663070904885
    vertex 21.36574289092101 5.019185643551083e-07 16.979999417538668
    vertex 21.5240378251747 0.010266671717052577 17.136630849856722
  endloop
endfacet
facet normal -1.770571781660468e-08 0.9999999999999993 3.3130553924929525e-08
  outer loop
    vertex 21.3657428939572 29.90042059466747 16.979999638851215
    vertex -1.9799200119408055e-07 29.90042037589174 12.179999439630606
    vertex -2.760183954508832e-07 29.900420212966107 16.979999371646347
  endloop
endfacet
facet normal -1.770571781660468e-08 0.9999999999999993 3.3130553924929525e-08
  outer loop
    vertex -1.9799200119408055e-07 29.90042037589174 12.179999439630606
    vertex 21.3657428939572 29.90042059466747 16.979999638851215
    vertex 16.56574315213913 29.900420664807747 12.17999956265498
  endloop
endfacet
facet normal -3.3483490355947378e-09 0.9751328560346186 0.2216211025190693
  outer loop
    vertex 15.396843799070512 6.857671439877562 4.505206565412312
    vertex 15.396843848238083 7.561609986479219 1.4078769446399941
    vertex 15.196843782644095 6.857671439922594 4.50520656219248
  endloop
endfacet
facet normal -6.641618124962348e-09 -0.3214394654214777 0.9469301294549427
  outer loop
    vertex -2.940401075290921e-07 0.7407803912928463 18.088654713393563
    vertex 21.54468092066425 0.8894176517807995 18.13911041562367
    vertex -2.9486030042047415e-07 0.8894176567926244 18.139110265236
  endloop
endfacet
facet normal -6.641618124962348e-09 -0.3214394654214777 0.9469301294549427
  outer loop
    vertex 21.54468092066425 0.8894176517807995 18.13911041562367
    vertex -2.940401075290921e-07 0.7407803912928463 18.088654713393563
    vertex 21.544680921465243 0.7407803868763672 18.08865486202736
  endloop
endfacet
facet normal -3.505047434152625e-08 0.8957405678605106 0.4445771418875792
  outer loop
    vertex 13.50929423959375 7.561609982554531 9.010413152152312
    vertex 13.809294204784495 8.969487091700117 6.173801635824214
    vertex 13.509294204784506 8.969487101225688 6.173801645749869
  endloop
endfacet
facet normal -3.505047434152625e-08 0.8957405678605106 0.4445771418875792
  outer loop
    vertex 13.809294204784495 8.969487091700117 6.173801635824214
    vertex 13.50929423959375 7.561609982554531 9.010413152152312
    vertex 15.396843727553872 7.561609994820511 9.010413284640036
  endloop
endfacet
facet normal 0.8320502943378892 -0.5547001962251603 1.3816674914747889e-08
  outer loop
    vertex 24.42758469814383 5.374792894820902 9.01041343200067
    vertex 23.01970764731151 3.262977241422594 5.913083791968664
    vertex 24.427584773798685 5.374792889591861 4.244488730519068
  endloop
endfacet
facet normal -3.5180429559992983e-09 0.9751328560346169 0.2216211025190764
  outer loop
    vertex 15.396843727553872 7.561609994820511 9.010413284640036
    vertex 15.396843776721358 8.265548541422246 5.913083663867613
    vertex 15.196843776721376 8.265548541422246 5.913083660692787
  endloop
endfacet
facet normal -1.122476631096852e-08 0.707106781962264 0.7071067804108309
  outer loop
    vertex 22.99938011672162 6.857671441421987 5.913083786096646
    vertex 22.99938013907051 8.265548539877644 4.50520668455203
    vertex 19.198111957895904 7.561609990649795 5.209145174982238
  endloop
endfacet
facet normal 0.22031881531648123 0.6897316938016865 -0.6897316943442566
  outer loop
    vertex 15.196843782644095 6.857671439922594 4.50520656219248
    vertex 13.809294204784495 8.969487091700117 6.173801635824214
    vertex 15.196843776721376 8.265548541422246 5.913083660692787
  endloop
endfacet
facet normal -0.15867019291130466 0.6981488968069355 -0.6981489008576526
  outer loop
    vertex 15.396843870586892 6.153732884934531 -1.5381534137578153e-07
    vertex 15.396843848238083 7.561609986479219 1.4078769446399941
    vertex 18.494173468238376 8.265548536479356 1.4078769930352741
  endloop
endfacet
facet normal 0.6489581400741016 0.7317778326803301 0.20821752094682455
  outer loop
    vertex 15.396843848238083 7.561609986479219 1.4078769446399941
    vertex 13.809294224834039 8.969487086623394 1.4078769343426347
    vertex 15.196843782644095 6.857671439922594 4.50520656219248
  endloop
endfacet
facet normal 0.1586701929113025 0.698148898338922 0.6981488993256667
  outer loop
    vertex 22.999380045204987 6.153732896365457 10.418290506868946
    vertex 22.999380067553894 7.5616099948206745 9.010413405324286
    vertex 19.90205044755348 8.265548544820826 9.010413355384278
  endloop
endfacet
facet normal -0.1586702150764153 -0.6981488968068896 0.6981488958201734
  outer loop
    vertex 18.51450087814389 3.262977244820733 9.010413340452178
    vertex 15.417171235794976 5.374792896365497 10.418290388967364
    vertex 15.417171258143943 3.9669157948208165 9.010413290512183
  endloop
endfacet
facet normal 0.5773502600246974 -0.57735026855615 0.5773502789880298
  outer loop
    vertex 23.019707598143995 3.9669157948208107 9.010413411196398
    vertex 24.42758469814383 5.374792894820902 9.01041343200067
    vertex 23.01970757579503 5.374792896365558 10.418290509651747
  endloop
endfacet
facet normal -1.3208217807514022e-08 0.55470019713804 0.8320502937293028
  outer loop
    vertex 22.999380045204987 6.153732896365457 10.418290506868946
    vertex 19.90205044755348 8.265548544820826 9.010413355384278
    vertex 18.233455343723236 6.153732896365604 10.418290431213093
  endloop
endfacet
facet normal -0.2163711577692668 0.9520331090600204 -0.21637116568317985
  outer loop
    vertex 22.99938013907051 8.265548539877644 4.50520668455203
    vertex 19.902050568238263 6.857671436479423 1.4078770169290082
    vertex 19.198111957895904 7.561609990649795 5.209145174982238
  endloop
endfacet
facet normal -0.2163711577692668 0.9520331090600204 -0.21637116568317985
  outer loop
    vertex 19.902050568238263 6.857671436479423 1.4078770169290082
    vertex 22.99938013907051 8.265548539877644 4.50520668455203
    vertex 22.99938018823816 7.561609986479397 1.407877065324224
  endloop
endfacet
facet normal 0.15867021507637652 -0.6981488983388939 -0.6981488942881775
  outer loop
    vertex 23.019707718828265 3.9669157864795532 1.4078770711963553
    vertex 19.922378098827974 3.26297723647965 1.40787702280102
    vertex 23.01970774117711 5.374792884934911 -3.034833626093418e-08
  endloop
endfacet
facet normal 0.47081927104987875 0.866375402138544 0.16650188160299223
  outer loop
    vertex 15.396843727553872 7.561609994820511 9.010413284640036
    vertex 15.196843776721376 8.265548541422246 5.913083660692787
    vertex 13.809294204784495 8.969487091700117 6.173801635824214
  endloop
endfacet
facet normal 1.1383873941126746e-08 0.7071067804220291 -0.707106781951066
  outer loop
    vertex 15.396843799070512 6.857671439877562 4.505206565412312
    vertex 15.196843776721376 8.265548541422246 5.913083660692787
    vertex 15.396843776721358 8.265548541422246 5.913083663867613
  endloop
endfacet
facet normal 1.1383873941126746e-08 0.7071067804220291 -0.707106781951066
  outer loop
    vertex 15.196843776721376 8.265548541422246 5.913083660692787
    vertex 15.396843799070512 6.857671439877562 4.505206565412312
    vertex 15.196843782644095 6.857671439922594 4.50520656219248
  endloop
endfacet
facet normal 0.832050294337922 0.5547001962251118 1.2599639104897246e-08
  outer loop
    vertex 24.40725721258214 6.153732891708587 6.173801790699538
    vertex 24.407257288238057 6.153732886479526 1.4078770892178032
    vertex 22.99938013907051 8.265548539877644 4.50520668455203
  endloop
endfacet
facet normal -3.298397687645355e-08 -1.9477722801130938e-07 -0.9999999999999803
  outer loop
    vertex 16.565743149102975 24.100420664807668 12.179999532283958
    vertex -1.9799200119408055e-07 29.90042037589174 12.179999439630606
    vertex 16.56574315213913 29.900420664807747 12.17999956265498
  endloop
endfacet
facet normal -3.298397687645355e-08 -1.9477722801130938e-07 -0.9999999999999803
  outer loop
    vertex -1.9799200119408055e-07 29.90042037589174 12.179999439630606
    vertex 16.565743149102975 24.100420664807668 12.179999532283958
    vertex 10.238821201485894 24.10042090338162 12.180000808729883
  endloop
endfacet
facet normal -3.298397687645355e-08 -1.9477722801130938e-07 -0.9999999999999803
  outer loop
    vertex -1.9799200119408055e-07 29.90042037589174 12.179999439630606
    vertex 10.238821201485894 24.10042090338162 12.180000808729883
    vertex 6.269410502085827 24.10042090454726 12.180000745651345
  endloop
endfacet
facet normal -3.298397687645355e-08 -1.9477722801130938e-07 -0.9999999999999803
  outer loop
    vertex 6.269410502085827 24.10042090454726 12.180000745651345
    vertex 10.238821201485894 24.10042090338162 12.180000808729883
    vertex 6.552617886097001 24.10042090446408 12.1800007477488
  endloop
endfacet
facet normal -3.298397687645355e-08 -1.9477722801130938e-07 -0.9999999999999803
  outer loop
    vertex 6.552617886097001 24.10042090446408 12.1800007477488
    vertex 6.296318532783025 24.098541615394414 12.180000744558784
    vertex 6.269410502085827 24.10042090454726 12.180000745651345
  endloop
endfacet
facet normal -3.298397687645355e-08 -1.9477722801130938e-07 -0.9999999999999803
  outer loop
    vertex 6.296318532783025 24.098541615394414 12.180000744558784
    vertex 6.552617886097001 24.10042090446408 12.1800007477488
    vertex 6.323226563688946 24.092903742251433 12.18000074501602
  endloop
endfacet
facet normal -3.298397687645355e-08 -1.9477722801130938e-07 -0.9999999999999803
  outer loop
    vertex 6.323226563688946 24.092903742251433 12.18000074501602
    vertex 6.552617886097001 24.10042090446408 12.1800007477488
    vertex 6.350134594594862 24.083507287013074 12.180000745502387
  endloop
endfacet
facet normal -3.298397687645355e-08 -1.9477722801130938e-07 -0.9999999999999803
  outer loop
    vertex 6.350134594594862 24.083507287013074 12.180000745502387
    vertex 6.552617886097001 24.10042090446408 12.1800007477488
    vertex 6.377042625500761 24.070352249679377 12.180000746017877
  endloop
endfacet
facet normal -3.298397687645355e-08 -1.9477722801130938e-07 -0.9999999999999803
  outer loop
    vertex 6.377042625500761 24.070352249679377 12.180000746017877
    vertex 6.552617886097001 24.10042090446408 12.1800007477488
    vertex 6.403950656406693 24.053438630250376 12.180000746562465
  endloop
endfacet
facet normal -3.298397687645355e-08 -1.9477722801130938e-07 -0.9999999999999803
  outer loop
    vertex 6.403950656406693 24.053438630250376 12.180000746562465
    vertex 6.552617886097001 24.10042090446408 12.1800007477488
    vertex 6.43085868731262 24.032766428726024 12.18000074713615
  endloop
endfacet
facet normal -3.298397687645355e-08 -1.9477722801130938e-07 -0.9999999999999803
  outer loop
    vertex 6.43085868731262 24.032766428726024 12.18000074713615
    vertex 6.552617886097001 24.10042090446408 12.1800007477488
    vertex 6.4577667182185685 24.008335645106296 12.180000747738966
  endloop
endfacet
facet normal -3.298397687645355e-08 -1.9477722801130938e-07 -0.9999999999999803
  outer loop
    vertex 6.4577667182185685 24.008335645106296 12.180000747738966
    vertex 6.552617886097001 24.10042090446408 12.1800007477488
    vertex 6.484674749124456 23.980146279391242 12.180000748370912
  endloop
endfacet
facet normal -3.298397687645355e-08 -1.9477722801130938e-07 -0.9999999999999803
  outer loop
    vertex 6.484674749124456 23.980146279391242 12.180000748370912
    vertex 6.552617886097001 24.10042090446408 12.1800007477488
    vertex 6.5115827800303885 23.9481983315809 12.180000749031967
  endloop
endfacet
facet normal -3.298397687645355e-08 -1.9477722801130938e-07 -0.9999999999999803
  outer loop
    vertex 6.5115827800303885 23.9481983315809 12.180000749031967
    vertex 6.552617886097001 24.10042090446408 12.1800007477488
    vertex 6.538490810936304 23.91249180167515 12.180000749722106
  endloop
endfacet
facet normal -3.298397687645355e-08 -1.9477722801130938e-07 -0.9999999999999803
  outer loop
    vertex 6.538490810936304 23.91249180167515 12.180000749722106
    vertex 6.552617886097001 24.10042090446408 12.1800007477488
    vertex 6.552617886096989 23.89275874430498 12.180000750360907
  endloop
endfacet
facet normal -3.298397687645355e-08 -1.9477722801130938e-07 -0.9999999999999803
  outer loop
    vertex 6.242502470971166 24.098541615394414 12.180000743604488
    vertex 5.986203917532263 24.10042090446416 12.180000738632147
    vertex 6.269410502085827 24.10042090454726 12.180000745651345
  endloop
endfacet
facet normal -3.298397687645355e-08 -1.9477722801130938e-07 -0.9999999999999803
  outer loop
    vertex 5.986203917532263 24.10042090446416 12.180000738632147
    vertex 6.242502470971166 24.098541615394414 12.180000743604488
    vertex 6.215594440065251 24.092903742251433 12.180000743226366
  endloop
endfacet
facet normal -3.298397687645355e-08 -1.9477722801130938e-07 -0.9999999999999803
  outer loop
    vertex 5.986203917532263 24.10042090446416 12.180000738632147
    vertex 6.215594440065251 24.092903742251433 12.180000743226366
    vertex 6.188686409159335 24.083507287013074 12.180000742882362
  endloop
endfacet
facet normal -3.298397687645355e-08 -1.9477722801130938e-07 -0.9999999999999803
  outer loop
    vertex 5.986203917532263 24.10042090446416 12.180000738632147
    vertex 6.188686409159335 24.083507287013074 12.180000742882362
    vertex 6.161778378253414 24.070352249679452 12.180000742572528
  endloop
endfacet
facet normal -3.298397687645355e-08 -1.9477722801130938e-07 -0.9999999999999803
  outer loop
    vertex 5.986203917532263 24.10042090446416 12.180000738632147
    vertex 6.161778378253414 24.070352249679452 12.180000742572528
    vertex 6.134870347347493 24.05343863025045 12.180000742296826
  endloop
endfacet
facet normal -3.298397687645355e-08 -1.9477722801130938e-07 -0.9999999999999803
  outer loop
    vertex 5.986203917532263 24.10042090446416 12.180000738632147
    vertex 6.134870347347493 24.05343863025045 12.180000742296826
    vertex 6.107962316441567 24.0327664287261 12.180000742055217
  endloop
endfacet
facet normal -3.298397687645355e-08 -1.9477722801130938e-07 -0.9999999999999803
  outer loop
    vertex 5.986203917532263 24.10042090446416 12.180000738632147
    vertex 6.107962316441567 24.0327664287261 12.180000742055217
    vertex 6.081054285535651 24.008335645106367 12.180000741847811
  endloop
endfacet
facet normal -3.298397687645355e-08 -1.9477722801130938e-07 -0.9999999999999803
  outer loop
    vertex 5.986203917532263 24.10042090446416 12.180000738632147
    vertex 6.081054285535651 24.008335645106367 12.180000741847811
    vertex 6.0541462546297184 23.98014627939132 12.180000741674492
  endloop
endfacet
facet normal -3.298397687645355e-08 -1.9477722801130938e-07 -0.9999999999999803
  outer loop
    vertex 5.986203917532263 24.10042090446416 12.180000738632147
    vertex 6.0541462546297184 23.98014627939132 12.180000741674492
    vertex 6.027238223723804 23.948198331580976 12.180000741535322
  endloop
endfacet
facet normal -3.298397687645355e-08 -1.9477722801130938e-07 -0.9999999999999803
  outer loop
    vertex 5.986203917532263 24.10042090446416 12.180000738632147
    vertex 6.027238223723804 23.948198331580976 12.180000741535322
    vertex 6.000330192817871 23.912491801675223 12.180000741430272
  endloop
endfacet
facet normal -3.298397687645355e-08 -1.9477722801130938e-07 -0.9999999999999803
  outer loop
    vertex 5.986203917532263 24.10042090446416 12.180000738632147
    vertex 6.000330192817871 23.912491801675223 12.180000741430272
    vertex 5.986203917593231 23.89275874430506 12.180000741369495
  endloop
endfacet
facet normal -3.298397687645355e-08 -1.9477722801130938e-07 -0.9999999999999803
  outer loop
    vertex -1.9799200119408055e-07 29.90042037589174 12.179999439630606
    vertex 2.2999998023112846 24.10042090338162 12.180000682572862
    vertex -1.9768871379888252e-07 24.10042003966179 12.180000690428674
  endloop
endfacet
facet normal -3.298397687645355e-08 -1.9477722801130938e-07 -0.9999999999999803
  outer loop
    vertex 2.2999998023112846 24.10042090338162 12.180000682572862
    vertex -1.9799200119408055e-07 29.90042037589174 12.179999439630606
    vertex 5.986203917532263 24.10042090446416 12.180000738632147
  endloop
endfacet
facet normal -3.298397687645355e-08 -1.9477722801130938e-07 -0.9999999999999803
  outer loop
    vertex 5.986203917532263 24.10042090446416 12.180000738632147
    vertex -1.9799200119408055e-07 29.90042037589174 12.179999439630606
    vertex 6.269410502085827 24.10042090454726 12.180000745651345
  endloop
endfacet
facet normal 0.47081927633610826 -0.8663754021385232 -0.16650186665516892
  outer loop
    vertex 15.41717137882816 3.9669157864795754 1.4078769505121407
    vertex 15.217171329659969 3.2629772398777996 4.505206568109741
    vertex 13.829621766000784 2.5590386896000563 4.244488548925792
  endloop
endfacet
facet normal 0.7071067811865821 0.7071067811865126 1.0448827738721077e-08
  outer loop
    vertex 24.407257167553638 6.153732894820868 9.010413429217843
    vertex 24.40725721258214 6.153732891708587 6.173801790699538
    vertex 22.999380067553894 7.5616099948206745 9.010413405324286
  endloop
endfacet
facet normal 0.7071067811865651 0.7071067811865299 1.0449023555249606e-08
  outer loop
    vertex 19.198111957895904 7.561609990649795 5.209145174982238
    vertex 19.902050568238263 6.857671436479423 1.4078770169290082
    vertex 18.494173468238376 8.265548536479356 1.4078769930352741
  endloop
endfacet
facet normal 0.6635003808628328 0.7481759449453528 -6.746018876518758e-08
  outer loop
    vertex 15.396843848238083 7.561609986479219 1.4078769446399941
    vertex 13.809294107954459 8.969487063331997 -2.2322883020605306e-07
    vertex 13.809294224834039 8.969487086623394 1.4078769343426347
  endloop
endfacet
facet normal 1.3938755856520388e-08 1.0 -4.124109715254134e-09
  outer loop
    vertex 13.509294204784506 8.969487101225688 6.173801645749869
    vertex 13.809294107954459 8.969487063331997 -2.2322883020605306e-07
    vertex 13.509294107954442 8.96948707285758 -2.1330316884813373e-07
  endloop
endfacet
facet normal 1.3938755856520388e-08 1.0 -4.124109715254134e-09
  outer loop
    vertex 13.809294107954459 8.969487063331997 -2.2322883020605306e-07
    vertex 13.509294204784506 8.969487101225688 6.173801645749869
    vertex 13.809294204784495 8.969487091700117 6.173801635824214
  endloop
endfacet
facet normal 1.3938755856520388e-08 1.0 -4.124109715254134e-09
  outer loop
    vertex 13.809294107954459 8.969487063331997 -2.2322883020605306e-07
    vertex 13.809294204784495 8.969487091700117 6.173801635824214
    vertex 13.809294224834039 8.969487086623394 1.4078769343426347
  endloop
endfacet
facet normal 0.2203188153165157 0.6897316938016858 -0.6897316943442463
  outer loop
    vertex 15.19684379017419 19.429566380367454 4.505206553341348
    vertex 13.809294212314702 21.541382032144927 6.173801626973086
    vertex 15.196843784251364 20.83744348186716 5.913083651841653
  endloop
endfacet
facet normal 0.5773502783546144 0.5773502685561774 -0.5773502606580851
  outer loop
    vertex 22.99938021058703 6.153732884934821 -3.313114101877238e-08
    vertex 22.99938018823816 7.561609986479397 1.407877065324224
    vertex 24.407257288238057 6.153732886479526 1.4078770892178032
  endloop
endfacet
facet normal 0.6981489000916914 0.6981488973988177 -0.15867019367725166
  outer loop
    vertex 22.99938013907051 8.265548539877644 4.50520668455203
    vertex 24.407257288238057 6.153732886479526 1.4078770892178032
    vertex 22.99938018823816 7.561609986479397 1.407877065324224
  endloop
endfacet
facet normal 0.4673321668125135 0.8620972210246417 -0.19593118017281194
  outer loop
    vertex 24.40725721258214 6.153732891708587 6.173801790699538
    vertex 22.99938011672162 6.857671441421987 5.913083786096646
    vertex 22.999380067553894 7.5616099948206745 9.010413405324286
  endloop
endfacet
facet normal -0.7071067811866323 0.7071067811864628 -1.2000643521998132e-08
  outer loop
    vertex 19.140992422669612 7.5044904606585785 5.517590637917983
    vertex 19.90205044755348 8.265548544820826 9.010413355384278
    vertex 19.198111957895904 7.561609990649795 5.209145174982238
  endloop
endfacet
facet normal -0.7071067811866323 0.7071067811864628 -1.2000643521998132e-08
  outer loop
    vertex 19.90205044755348 8.265548544820826 9.010413355384278
    vertex 19.140992422669612 7.5044904606585785 5.517590637917983
    vertex 18.494173347553584 6.8576714448204665 9.010413334580042
  endloop
endfacet
facet normal 0.6981488950541995 -0.6981488973987893 0.15867021584234106
  outer loop
    vertex 23.019707598143995 3.9669157948208107 9.010413411196398
    vertex 23.01970764731151 3.262977241422594 5.913083791968664
    vertex 24.42758469814383 5.374792894820902 9.01041343200067
  endloop
endfacet
facet normal 0.8357445275484543 0.5491184614204943 2.9309189120685483e-09
  outer loop
    vertex 13.809294204784495 8.969487091700117 6.173801635824214
    vertex 15.196843782644095 6.857671439922594 4.50520656219248
    vertex 13.809294224834039 8.969487086623394 1.4078769343426347
  endloop
endfacet
facet normal -1.1224744264958494e-08 -0.7071067804107153 0.7071067819623797
  outer loop
    vertex 15.417171329660352 3.262977239877794 4.505206571284625
    vertex 19.218439488486094 3.966915790650165 5.209145180854362
    vertex 15.417171307311571 4.670854341422476 5.913083669739892
  endloop
endfacet
facet normal 0.7818794928686523 0.44083129920722613 -0.44083128776293595
  outer loop
    vertex 15.396843848238083 7.561609986479219 1.4078769446399941
    vertex 15.396843870586892 6.153732884934531 -1.5381534137578153e-07
    vertex 13.809294107954459 8.969487063331997 -2.2322883020605306e-07
  endloop
endfacet
facet normal -1.1224902292968892e-08 -0.7071067804107252 0.7071067819623699
  outer loop
    vertex 23.019707598143995 3.9669157948208107 9.010413411196398
    vertex 23.01970757579503 5.374792896365558 10.418290509651747
    vertex 20.183095937276658 5.374792896365578 10.418290464622206
  endloop
endfacet
facet normal 3.5180894013619554e-09 -0.975132856034613 -0.22162110251909364
  outer loop
    vertex 15.417171329660352 3.262977239877794 4.505206571284625
    vertex 15.217171329659969 3.2629772398777996 4.505206568109741
    vertex 15.41717137882816 3.9669157864795754 1.4078769505121407
  endloop
endfacet
facet normal 0.22031879341863644 -0.689731693801719 0.6897317013389831
  outer loop
    vertex 13.829621766000784 2.5590386896000563 4.244488548925792
    vertex 15.217171329659969 3.2629772398777996 4.505206568109741
    vertex 15.217171290885132 4.670854341377422 5.91308366661005
  endloop
endfacet
facet normal 0.21637115776921215 -0.9520331090600292 0.2163711656831958
  outer loop
    vertex 19.922378098827974 3.26297723647965 1.40787702280102
    vertex 23.019707669660505 4.670854339877772 4.505206690423995
    vertex 19.218439488486094 3.966915790650165 5.209145180854362
  endloop
endfacet
facet normal 0.21637115776921215 -0.9520331090600292 0.2163711656831958
  outer loop
    vertex 23.019707669660505 4.670854339877772 4.505206690423995
    vertex 19.922378098827974 3.26297723647965 1.40787702280102
    vertex 23.019707718828265 3.9669157864795532 1.4078770711963553
  endloop
endfacet
facet normal -1.3208058625168277e-08 -0.5547001953121978 0.8320502949465312
  outer loop
    vertex 18.51450087814389 3.262977244820733 9.010413340452178
    vertex 20.183095937276658 5.374792896365578 10.418290464622206
    vertex 15.417171235794976 5.374792896365497 10.418290388967364
  endloop
endfacet
facet normal 1.1224726108388356e-08 -0.7071067819624005 -0.7071067804106943
  outer loop
    vertex 23.01970764731151 3.262977241422594 5.913083791968664
    vertex 19.218439488486094 3.966915790650165 5.209145180854362
    vertex 23.019707669660505 4.670854339877772 4.505206690423995
  endloop
endfacet
facet normal 0.8357445275484678 0.5491184614204736 2.9309167570484484e-09
  outer loop
    vertex 13.809294212314702 21.541382032144927 6.173801626973086
    vertex 15.19684379017419 19.429566380367454 4.505206553341348
    vertex 13.809294232364213 21.54138202706826 1.4078769254915031
  endloop
endfacet
facet normal -2.7860013075923388e-08 -0.7071067439889636 -0.7071068183841289
  outer loop
    vertex 18.25378303969549 5.374792884934951 -1.0600302744860824e-07
    vertex 13.509294629954452 3.96691579839121 1.4078770217288816
    vertex 13.509294051313718 5.374793075563253 -1.1289853017841373e-07
  endloop
endfacet
facet normal -2.7860013075923388e-08 -0.7071067439889636 -0.7071068183841289
  outer loop
    vertex 13.509294629954452 3.96691579839121 1.4078770217288816
    vertex 18.25378303969549 5.374792884934951 -1.0600302744860824e-07
    vertex 15.41717137882816 3.9669157864795754 1.4078769505121407
  endloop
endfacet
facet normal -0.6902120989389766 -0.6902121026266962 -0.2172890053957803
  outer loop
    vertex 19.922378098827974 3.26297723647965 1.40787702280102
    vertex 18.51450099882807 4.670854336479445 1.407876998907534
    vertex 18.25378303969549 5.374792884934951 -1.0600302744860824e-07
  endloop
endfacet
facet normal 0.5773502783546586 -0.5773502698230255 -0.5773502593911932
  outer loop
    vertex 24.427584818828162 5.3747928864797005 1.4078770920006087
    vertex 23.019707718828265 3.9669157864795532 1.4078770711963553
    vertex 23.01970774117711 5.374792884934911 -3.034833626093418e-08
  endloop
endfacet
facet normal 0.7071067811866122 -0.7071067811864828 1.2000670860867326e-08
  outer loop
    vertex 24.427584773798685 5.374792889591861 4.244488730519068
    vertex 23.019707718828265 3.9669157864795532 1.4078770711963553
    vertex 24.427584818828162 5.3747928864797005 1.4078770920006087
  endloop
endfacet
facet normal 0.1959311792268901 0.8620972217523926 0.46733216586659876
  outer loop
    vertex 18.494173347553584 6.8576714448204665 9.010413334580042
    vertex 15.396843727553872 7.561609994820511 9.010413284640036
    vertex 18.233455343723236 6.153732896365604 10.418290431213093
  endloop
endfacet
facet normal 1.1224813321869366e-08 0.7071067804107234 -0.7071067819623714
  outer loop
    vertex 15.396843799070512 6.857671439877562 4.505206565412312
    vertex 15.396843776721358 8.265548541422246 5.913083663867613
    vertex 19.198111957895904 7.561609990649795 5.209145174982238
  endloop
endfacet
facet normal 0.4673321605922236 -0.8620972210245541 0.19593119500974066
  outer loop
    vertex 24.427584773798685 5.374792889591861 4.244488730519068
    vertex 23.019707669660505 4.670854339877772 4.505206690423995
    vertex 23.019707718828265 3.9669157864795532 1.4078770711963553
  endloop
endfacet
facet normal 0.21728900615303096 -0.6902121031456058 -0.6902120981816731
  outer loop
    vertex 24.427584773798685 5.374792889591861 4.244488730519068
    vertex 23.01970764731151 3.262977241422594 5.913083791968664
    vertex 23.019707669660505 4.670854339877772 4.505206690423995
  endloop
endfacet
facet normal 0.5773502600247044 0.5773502698230633 0.5773502777211097
  outer loop
    vertex 24.407257167553638 6.153732894820868 9.010413429217843
    vertex 22.999380067553894 7.5616099948206745 9.010413405324286
    vertex 22.999380045204987 6.153732896365457 10.418290506868946
  endloop
endfacet
facet normal 0.2172889842394985 0.6902121031455308 0.690212105080453
  outer loop
    vertex 24.40725721258214 6.153732891708587 6.173801790699538
    vertex 22.99938013907051 8.265548539877644 4.50520668455203
    vertex 22.99938011672162 6.857671441421987 5.913083786096646
  endloop
endfacet
facet normal 0.7071067811865851 -0.7071067811865099 1.2000581043005844e-08
  outer loop
    vertex 19.27555901391928 4.024035321318235 5.517590645478248
    vertex 18.51450087814389 3.262977244820733 9.010413340452178
    vertex 19.218439488486094 3.966915790650165 5.209145180854362
  endloop
endfacet
facet normal 0.7071067811865851 -0.7071067811865099 1.2000581043005844e-08
  outer loop
    vertex 18.51450087814389 3.262977244820733 9.010413340452178
    vertex 19.27555901391928 4.024035321318235 5.517590645478248
    vertex 19.922377978143853 4.670854344820922 9.010413361256443
  endloop
endfacet
facet normal -1.106564155564376e-08 -0.7071067804220289 0.7071067819510661
  outer loop
    vertex 15.217171290885132 4.670854341377422 5.91308366661005
    vertex 15.417171329660352 3.262977239877794 4.505206571284625
    vertex 15.417171307311571 4.670854341422476 5.913083669739892
  endloop
endfacet
facet normal -1.106564155564376e-08 -0.7071067804220289 0.7071067819510661
  outer loop
    vertex 15.417171329660352 3.262977239877794 4.505206571284625
    vertex 15.217171290885132 4.670854341377422 5.91308366661005
    vertex 15.217171329659969 3.2629772398777996 4.505206568109741
  endloop
endfacet
facet normal -3.348211503190385e-09 0.9751328560346152 0.2216211025190845
  outer loop
    vertex 15.396843806600607 19.429566380322317 4.505206556561183
    vertex 15.396843855768251 20.13350492692405 1.4078769357888632
    vertex 15.19684379017419 19.429566380367454 4.505206553341348
  endloop
endfacet
facet normal 0.8357445275484308 -0.5491184614205298 2.36026579390904e-08
  outer loop
    vertex 13.829621634739754 2.5590386946768704 9.010413250407382
    vertex 13.829621766000784 2.5590386896000563 4.244488548925792
    vertex 15.217171290885132 4.670854341377422 5.91308366661005
  endloop
endfacet
facet normal -0.19593119406389917 -0.8620972207267948 0.4673321615380546
  outer loop
    vertex 23.019707598143995 3.9669157948208107 9.010413411196398
    vertex 20.183095937276658 5.374792896365578 10.418290464622206
    vertex 19.922377978143853 4.670854344820922 9.010413361256443
  endloop
endfacet
facet normal 0.8320502943379379 -0.5547001962250877 1.3816644254002299e-08
  outer loop
    vertex 24.427584708007164 17.94668783526561 9.01041342660725
    vertex 23.019707657174894 15.83487218186734 5.913083786575217
    vertex 24.427584783661896 17.946687830036687 4.24448872512563
  endloop
endfacet
facet normal -3.633926526005131e-08 0.8957405677168881 0.444577142176952
  outer loop
    vertex 13.509294247123906 20.13350491897579 9.010413146567078
    vertex 13.809294212314702 21.541382032144927 6.173801626973086
    vertex 13.509294212314742 21.54138203764693 6.1738016401646005
  endloop
endfacet
facet normal -3.633926526005131e-08 0.8957405677168881 0.444577142176952
  outer loop
    vertex 13.809294212314702 21.541382032144927 6.173801626973086
    vertex 13.509294247123906 20.13350491897579 9.010413146567078
    vertex 15.396843735084097 20.133504935265286 9.010413275788911
  endloop
endfacet
facet normal -0.1959311792268282 0.8620972207267383 -0.46733216775867015
  outer loop
    vertex 22.99938018823816 7.561609986479397 1.407877065324224
    vertex 20.16276857206878 6.15373288493448 -7.815949443475588e-08
    vertex 19.902050568238263 6.857671436479423 1.4078770169290082
  endloop
endfacet
facet normal -3.518046563408201e-09 0.9751328560346094 0.22162110251910963
  outer loop
    vertex 15.396843735084097 20.133504935265286 9.010413275788911
    vertex 15.396843784251319 20.837443481867105 5.913083655016483
    vertex 15.196843784251364 20.83744348186716 5.913083651841653
  endloop
endfacet
facet normal 0.648958146684613 -0.7317778326803858 -0.20821750034343792
  outer loop
    vertex 15.417171258143943 3.9669157948208165 9.010413290512183
    vertex 13.829621634739754 2.5590386946768704 9.010413250407382
    vertex 15.217171290885132 4.670854341377422 5.91308366661005
  endloop
endfacet
facet normal 1.3208248104954489e-08 0.5547001953121923 -0.8320502949465349
  outer loop
    vertex 20.16276857206878 6.15373288493448 -7.815949443475588e-08
    vertex 15.396843870586892 6.153732884934531 -1.5381534137578153e-07
    vertex 18.494173468238376 8.265548536479356 1.4078769930352741
  endloop
endfacet
facet normal -0.6902120989390146 -0.6902121026266786 -0.2172890053957145
  outer loop
    vertex 19.922378108691245 15.834872176924282 1.4078770174075899
    vertex 18.514501008691294 17.24274927692424 1.4078769935140991
    vertex 18.25378304955876 17.94668782537967 -1.1139646407546033e-07
  endloop
endfacet
facet normal 0.832050294337941 0.5547001962250829 1.2599646223505896e-08
  outer loop
    vertex 24.40725722011223 18.725627832153297 6.173801781848403
    vertex 24.407257295768158 18.725627826924285 1.407877080366674
    vertex 22.99938014660063 20.837443480322566 4.505206675700894
  endloop
endfacet
facet normal -0.21637115776923926 -0.9520331095348055 -0.21637116359415312
  outer loop
    vertex 19.218439488486094 3.966915790650165 5.209145180854362
    vertex 15.417171258143943 3.9669157948208165 9.010413290512183
    vertex 15.417171307311571 4.670854341422476 5.913083669739892
  endloop
endfacet
facet normal -0.21637115776923926 -0.9520331095348055 -0.21637116359415312
  outer loop
    vertex 15.417171258143943 3.9669157948208165 9.010413290512183
    vertex 19.218439488486094 3.966915790650165 5.209145180854362
    vertex 18.51450087814389 3.262977244820733 9.010413340452178
  endloop
endfacet
facet normal 0.7071067811865627 -0.7071067811865321 1.2000572457944371e-08
  outer loop
    vertex 19.275559023782467 16.59593026176301 5.517590640084819
    vertex 18.51450088800716 15.834872185265478 9.010413335058772
    vertex 19.218439498349284 16.5388107310949 5.209145175460936
  endloop
endfacet
facet normal 0.7071067811865627 -0.7071067811865321 1.2000572457944371e-08
  outer loop
    vertex 18.51450088800716 15.834872185265478 9.010413335058772
    vertex 19.275559023782467 16.59593026176301 5.517590640084819
    vertex 19.92237798800712 17.242749285265564 9.01041335586301
  endloop
endfacet
facet normal 0.7818794928686502 0.44083129920722236 -0.4408312877629432
  outer loop
    vertex 15.396843855768251 20.13350492692405 1.4078769357888632
    vertex 15.3968438781171 18.72562782537928 -1.626664721624429e-07
    vertex 13.809294115484605 21.54138200377691 -2.3207996099271238e-07
  endloop
endfacet
facet normal 0.6489581400741095 0.7317778326803206 0.20821752094683424
  outer loop
    vertex 15.396843855768251 20.13350492692405 1.4078769357888632
    vertex 13.809294232364213 21.54138202706826 1.4078769254915031
    vertex 15.19684379017419 19.429566380367454 4.505206553341348
  endloop
endfacet
facet normal 1.1224515436430787e-08 0.7071067804107701 -0.707106781962325
  outer loop
    vertex 20.16276857206878 6.15373288493448 -7.815949443475588e-08
    vertex 22.99938018823816 7.561609986479397 1.407877065324224
    vertex 22.99938021058703 6.153732884934821 -3.313114101877238e-08
  endloop
endfacet
facet normal -0.19593119406388967 -0.8620972207267855 0.46733216153807633
  outer loop
    vertex 23.019707608007153 16.538810735265532 9.01041340580302
    vertex 20.183095947139908 17.946687836810266 10.418290459228766
    vertex 19.92237798800712 17.242749285265564 9.01041335586301
  endloop
endfacet
facet normal 1.320803202986954e-08 -0.5547001971380229 -0.8320502937293145
  outer loop
    vertex 19.922378098827974 3.26297723647965 1.40787702280102
    vertex 18.25378303969549 5.374792884934951 -1.0600302744860824e-07
    vertex 23.01970774117711 5.374792884934911 -3.034833626093418e-08
  endloop
endfacet
facet normal 0.6902120989390604 -0.6902121021498782 0.21728900691011285
  outer loop
    vertex 20.183095937276658 5.374792896365578 10.418290464622206
    vertex 18.51450087814389 3.262977244820733 9.010413340452178
    vertex 19.922377978143853 4.670854344820922 9.010413361256443
  endloop
endfacet
facet normal -0.21637116463867254 0.952033109534809 0.2163711567247049
  outer loop
    vertex 15.396843799070512 6.857671439877562 4.505206565412312
    vertex 18.494173468238376 8.265548536479356 1.4078769930352741
    vertex 15.396843848238083 7.561609986479219 1.4078769446399941
  endloop
endfacet
facet normal -0.21637116463867254 0.952033109534809 0.2163711567247049
  outer loop
    vertex 18.494173468238376 8.265548536479356 1.4078769930352741
    vertex 15.396843799070512 6.857671439877562 4.505206565412312
    vertex 19.198111957895904 7.561609990649795 5.209145174982238
  endloop
endfacet
facet normal -0.7071067811865233 -0.7071067811865716 -1.0448898001053833e-08
  outer loop
    vertex 19.922378098827974 3.26297723647965 1.40787702280102
    vertex 19.218439488486094 3.966915790650165 5.209145180854362
    vertex 18.51450099882807 4.670854336479445 1.407876998907534
  endloop
endfacet
facet normal 0.21637116463867212 -0.9520331095348148 -0.21637115672467996
  outer loop
    vertex 18.51450099882807 4.670854336479445 1.407876998907534
    vertex 15.417171329660352 3.262977239877794 4.505206571284625
    vertex 15.41717137882816 3.9669157864795754 1.4078769505121407
  endloop
endfacet
facet normal 0.21637116463867212 -0.9520331095348148 -0.21637115672467996
  outer loop
    vertex 15.417171329660352 3.262977239877794 4.505206571284625
    vertex 18.51450099882807 4.670854336479445 1.407876998907534
    vertex 19.218439488486094 3.966915790650165 5.209145180854362
  endloop
endfacet
facet normal -1.3208051588181156e-08 -0.5547001953121934 0.832050294946534
  outer loop
    vertex 18.51450088800716 15.834872185265478 9.010413335058772
    vertex 20.183095947139908 17.946687836810266 10.418290459228766
    vertex 15.417171245658205 17.94668783681021 10.41829038357395
  endloop
endfacet
facet normal -1.3208205185245577e-08 0.5547001971380451 0.8320502937292997
  outer loop
    vertex 22.99938005273503 18.725627836810233 10.418290498017795
    vertex 19.9020504550836 20.837443485265617 9.010413346533147
    vertex 18.233455351253347 18.72562783681046 10.418290422361977
  endloop
endfacet
facet normal -2.5368090075514888e-08 -0.8957405673666029 -0.44457714288271216
  outer loop
    vertex 13.509294639817735 16.53881074657171 1.4078770209151101
    vertex 13.82962177586399 15.130933630044774 4.244488543532356
    vertex 13.50929451495069 15.130933627900623 4.244488527317545
  endloop
endfacet
facet normal -2.5368090075514888e-08 -0.8957405673666029 -0.44457714288271216
  outer loop
    vertex 13.82962177586399 15.130933630044774 4.244488543532356
    vertex 13.509294639817735 16.53881074657171 1.4078770209151101
    vertex 15.417171388691264 16.538810726924304 1.407876945118701
  endloop
endfacet
facet normal 0.2163711577692713 0.9520331095348038 0.21637116359412856
  outer loop
    vertex 15.396843727553872 7.561609994820511 9.010413284640036
    vertex 19.198111957895904 7.561609990649795 5.209145174982238
    vertex 15.396843776721358 8.265548541422246 5.913083663867613
  endloop
endfacet
facet normal 0.2163711577692713 0.9520331095348038 0.21637116359412856
  outer loop
    vertex 19.198111957895904 7.561609990649795 5.209145174982238
    vertex 15.396843727553872 7.561609994820511 9.010413284640036
    vertex 19.140992422669612 7.5044904606585785 5.517590637917983
  endloop
endfacet
facet normal 0.2163711577692713 0.9520331095348038 0.21637116359412856
  outer loop
    vertex 19.140992422669612 7.5044904606585785 5.517590637917983
    vertex 15.396843727553872 7.561609994820511 9.010413284640036
    vertex 18.494173347553584 6.8576714448204665 9.010413334580042
  endloop
endfacet
facet normal 0.1586701929113136 0.6981488983389216 0.6981488993256646
  outer loop
    vertex 22.99938005273503 18.725627836810233 10.418290498017795
    vertex 22.999380075084034 20.13350493526542 9.010413396473163
    vertex 19.9020504550836 20.837443485265617 9.010413346533147
  endloop
endfacet
facet normal 0.6981489000916712 0.6981488973988282 -0.15867019367729512
  outer loop
    vertex 22.99938014660063 20.837443480322566 4.505206675700894
    vertex 24.407257295768158 18.725627826924285 1.407877080366674
    vertex 22.999380195768328 20.133504926924104 1.4078770564730936
  endloop
endfacet
facet normal -0.21637115776929736 0.9520331090600047 -0.21637116568321907
  outer loop
    vertex 22.99938014660063 20.837443480322566 4.505206675700894
    vertex 19.902050575768317 19.429566376924015 1.407877008077881
    vertex 19.198111965426072 20.133504931094535 5.209145166131108
  endloop
endfacet
facet normal -0.21637115776929736 0.9520331090600047 -0.21637116568321907
  outer loop
    vertex 19.902050575768317 19.429566376924015 1.407877008077881
    vertex 22.99938014660063 20.837443480322566 4.505206675700894
    vertex 22.999380195768328 20.133504926924104 1.4078770564730936
  endloop
endfacet
facet normal 0.21637116463870476 0.9520331090599903 -0.21637115881387534
  outer loop
    vertex 19.90205044755348 8.265548544820826 9.010413355384278
    vertex 22.99938011672162 6.857671441421987 5.913083786096646
    vertex 19.198111957895904 7.561609990649795 5.209145174982238
  endloop
endfacet
facet normal 0.21637116463870476 0.9520331090599903 -0.21637115881387534
  outer loop
    vertex 22.99938011672162 6.857671441421987 5.913083786096646
    vertex 19.90205044755348 8.265548544820826 9.010413355384278
    vertex 22.999380067553894 7.5616099948206745 9.010413405324286
  endloop
endfacet
facet normal 0.1959311940638601 -0.8620972217522598 -0.4673321596463748
  outer loop
    vertex 18.51450099882807 4.670854336479445 1.407876998907534
    vertex 15.41717137882816 3.9669157864795754 1.4078769505121407
    vertex 18.25378303969549 5.374792884934951 -1.0600302744860824e-07
  endloop
endfacet
facet normal 3.687883173400316e-09 -0.9751328560346193 -0.22162110251906597
  outer loop
    vertex 15.417171258143943 3.9669157948208165 9.010413290512183
    vertex 15.217171290885132 4.670854341377422 5.91308366661005
    vertex 15.417171307311571 4.670854341422476 5.913083669739892
  endloop
endfacet
facet normal -0.21637116463867523 -0.9520331090600185 0.21637115881378072
  outer loop
    vertex 23.01970764731151 3.262977241422594 5.913083791968664
    vertex 19.27555901391928 4.024035321318235 5.517590645478248
    vertex 19.218439488486094 3.966915790650165 5.209145180854362
  endloop
endfacet
facet normal -0.21637116463867523 -0.9520331090600185 0.21637115881378072
  outer loop
    vertex 19.27555901391928 4.024035321318235 5.517590645478248
    vertex 23.01970764731151 3.262977241422594 5.913083791968664
    vertex 19.922377978143853 4.670854344820922 9.010413361256443
  endloop
endfacet
facet normal -0.21637116463867523 -0.9520331090600185 0.21637115881378072
  outer loop
    vertex 19.922377978143853 4.670854344820922 9.010413361256443
    vertex 23.01970764731151 3.262977241422594 5.913083791968664
    vertex 23.019707598143995 3.9669157948208107 9.010413411196398
  endloop
endfacet
facet normal -0.1586702150764187 -0.6981488968068988 0.6981488958201634
  outer loop
    vertex 18.51450088800716 15.834872185265478 9.010413335058772
    vertex 15.417171245658205 17.94668783681021 10.41829038357395
    vertex 15.417171268007076 16.538810735265574 9.010413285118757
  endloop
endfacet
facet normal 0.7071067811865684 0.7071067811865263 1.0448808856924652e-08
  outer loop
    vertex 24.40725717508381 18.72562783526559 9.010413420366719
    vertex 24.40725722011223 18.725627832153297 6.173801781848403
    vertex 22.999380075084034 20.13350493526542 9.010413396473163
  endloop
endfacet
facet normal 1.138393725115777e-08 0.7071067804220188 -0.7071067819510763
  outer loop
    vertex 15.396843784251319 20.837443481867105 5.913083655016483
    vertex 15.19684379017419 19.429566380367454 4.505206553341348
    vertex 15.196843784251364 20.83744348186716 5.913083651841653
  endloop
endfacet
facet normal 1.138393725115777e-08 0.7071067804220188 -0.7071067819510763
  outer loop
    vertex 15.19684379017419 19.429566380367454 4.505206553341348
    vertex 15.396843784251319 20.837443481867105 5.913083655016483
    vertex 15.396843806600607 19.429566380322317 4.505206556561183
  endloop
endfacet
facet normal 0.47081927104993554 0.866375402138516 0.166501881602978
  outer loop
    vertex 15.396843735084097 20.133504935265286 9.010413275788911
    vertex 15.196843784251364 20.83744348186716 5.913083651841653
    vertex 13.809294212314702 21.541382032144927 6.173801626973086
  endloop
endfacet
facet normal -0.1959311792268326 0.8620972207267609 -0.46733216775862696
  outer loop
    vertex 22.999380195768328 20.133504926924104 1.4078770564730936
    vertex 20.162768579598893 18.725627825379195 -8.70106252214174e-08
    vertex 19.902050575768317 19.429566376924015 1.407877008077881
  endloop
endfacet
facet normal 0.690212105837609 0.6902121021498622 -0.21728898499712704
  outer loop
    vertex 19.902050568238263 6.857671436479423 1.4078770169290082
    vertex 20.16276857206878 6.15373288493448 -7.815949443475588e-08
    vertex 18.494173468238376 8.265548536479356 1.4078769930352741
  endloop
endfacet
facet normal 0.19593117922689632 0.8620972217524142 0.4673321658665563
  outer loop
    vertex 18.494173355083653 19.42956638526519 9.010413325728917
    vertex 15.396843735084097 20.133504935265286 9.010413275788911
    vertex 18.233455351253347 18.72562783681046 10.418290422361977
  endloop
endfacet
facet normal 1.3208248530555168e-08 0.5547001953121826 -0.8320502949465414
  outer loop
    vertex 20.162768579598893 18.725627825379195 -8.70106252214174e-08
    vertex 15.3968438781171 18.72562782537928 -1.626664721624429e-07
    vertex 18.494173475768456 20.837443476924093 1.4078769841841423
  endloop
endfacet
facet normal -2.0030514286750368e-08 -0.8957405679613976 -0.4445771416843114
  outer loop
    vertex 13.509294629954452 3.96691579839121 1.4078770217288816
    vertex 13.829621766000784 2.5590386896000563 4.244488548925792
    vertex 13.509294505087457 2.5590386797200613 4.244488528131317
  endloop
endfacet
facet normal -2.0030514286750368e-08 -0.8957405679613976 -0.4445771416843114
  outer loop
    vertex 13.829621766000784 2.5590386896000563 4.244488548925792
    vertex 13.509294629954452 3.96691579839121 1.4078770217288816
    vertex 15.41717137882816 3.9669157864795754 1.4078769505121407
  endloop
endfacet
facet normal 0.7071067811866232 -0.7071067811864719 1.2000701449377673e-08
  outer loop
    vertex 24.427584783661896 17.946687830036687 4.24448872512563
    vertex 23.019707728691433 16.538810726924343 1.4078770658029196
    vertex 24.4275848286914 17.94668782692444 1.4078770866071737
  endloop
endfacet
facet normal -0.6902121058377123 0.6902121026266523 0.21728898348228876
  outer loop
    vertex 19.90205044755348 8.265548544820826 9.010413355384278
    vertex 18.494173347553584 6.8576714448204665 9.010413334580042
    vertex 18.233455343723236 6.153732896365604 10.418290431213093
  endloop
endfacet
facet normal -0.15867019291129572 0.698148896806913 -0.6981489008576771
  outer loop
    vertex 15.3968438781171 18.72562782537928 -1.626664721624429e-07
    vertex 15.396843855768251 20.13350492692405 1.4078769357888632
    vertex 18.494173475768456 20.837443476924093 1.4078769841841423
  endloop
endfacet
facet normal 0.6902120989390268 -0.6902121021498862 0.21728900691019412
  outer loop
    vertex 20.183095947139908 17.946687836810266 10.418290459228766
    vertex 18.51450088800716 15.834872185265478 9.010413335058772
    vertex 19.92237798800712 17.242749285265564 9.01041335586301
  endloop
endfacet
facet normal -0.069671519279151 0.9975699872196109 -1.612685145239683e-09
  outer loop
    vertex 6.242502470971166 24.098541615394414 12.180000743604488
    vertex 6.269410679876181 24.100420899845318 1.000000345752804
    vertex 6.242502648970231 24.098541608797646 1.0000003451903736
  endloop
endfacet
facet normal -0.069671519279151 0.9975699872196109 -1.612685145239683e-09
  outer loop
    vertex 6.269410679876181 24.100420899845318 1.000000345752804
    vertex 6.242502470971166 24.098541615394414 12.180000743604488
    vertex 6.269410502085827 24.10042090454726 12.180000745651345
  endloop
endfacet
facet normal 0.9500546160804613 0.31208368503368905 1.4939135583684242e-08
  outer loop
    vertex 7.6967799240768 22.266469097502053 14.722042003589488
    vertex 7.705182888731199 22.240889194591123 1.0000003708489145
    vertex 7.696780142549136 22.266469089282023 1.0000003706858598
  endloop
endfacet
facet normal 0.9500546160804613 0.31208368503368905 1.4939135583684242e-08
  outer loop
    vertex 7.705182888731199 22.240889194591123 1.0000003708489145
    vertex 7.6967799240768 22.266469097502053 14.722042003589488
    vertex 7.705182670392525 22.240889202805757 14.713639257514687
  endloop
endfacet
facet normal -0.5321715452730793 0.8466365491766009 -8.97237241686695e-09
  outer loop
    vertex 6.134870347347493 24.05343863025045 12.180000742296826
    vertex 6.1617785562524965 24.07035224308267 1.0000003439389378
    vertex 6.134870525346564 24.053438623653655 1.0000003435324847
  endloop
endfacet
facet normal -0.5321715452730793 0.8466365491766009 -8.97237241686695e-09
  outer loop
    vertex 6.1617785562524965 24.07035224308267 1.0000003439389378
    vertex 6.134870347347493 24.05343863025045 12.180000742296826
    vertex 6.161778378253414 24.070352249679452 12.180000742572528
  endloop
endfacet
facet normal 0.7071067811865939 0.7071067811865008 1.0449011475127764e-08
  outer loop
    vertex 19.198111965426072 20.133504931094535 5.209145166131108
    vertex 19.902050575768317 19.429566376924015 1.407877008077881
    vertex 18.494173475768456 20.837443476924093 1.4078769841841423
  endloop
endfacet
facet normal 0.5773502783546797 -0.5773502698230286 -0.577350259391169
  outer loop
    vertex 24.4275848286914 17.94668782692444 1.4078770866071737
    vertex 23.019707728691433 16.538810726924343 1.4078770658029196
    vertex 23.01970775104042 17.94668782537967 -3.5741772887785426e-08
  endloop
endfacet
facet normal 0.2163711646387104 0.952033109059987 -0.2163711588138834
  outer loop
    vertex 19.9020504550836 20.837443485265617 9.010413346533147
    vertex 22.999380124251655 19.429566381866714 5.91308377724554
    vertex 19.198111965426072 20.133504931094535 5.209145166131108
  endloop
endfacet
facet normal 0.2163711646387104 0.952033109059987 -0.2163711588138834
  outer loop
    vertex 22.999380124251655 19.429566381866714 5.91308377724554
    vertex 19.9020504550836 20.837443485265617 9.010413346533147
    vertex 22.999380075084034 20.13350493526542 9.010413396473163
  endloop
endfacet
facet normal 0.6902121058376466 0.6902121021498435 -0.2172889849970666
  outer loop
    vertex 19.902050575768317 19.429566376924015 1.407877008077881
    vertex 20.162768579598893 18.725627825379195 -8.70106252214174e-08
    vertex 18.494173475768456 20.837443476924093 1.4078769841841423
  endloop
endfacet
facet normal 0.8547767315767847 -0.5189958951233709 1.3920090394183017e-08
  outer loop
    vertex 7.666895546205979 22.059862393476674 14.75192638030385
    vertex 7.647493472901842 22.02790716533593 1.0000003701584825
    vertex 7.666895765154088 22.059862385237523 1.000000370434496
  endloop
endfacet
facet normal 0.8547767315767847 -0.5189958951233709 1.3920090394183017e-08
  outer loop
    vertex 7.647493472901842 22.02790716533593 1.0000003701584825
    vertex 7.666895546205979 22.059862393476674 14.75192638030385
    vertex 7.6474932536447895 22.02790717358748 14.771328672216873
  endloop
endfacet
facet normal 0.6981488950541921 -0.6981488973987876 0.15867021584238108
  outer loop
    vertex 23.019707608007153 16.538810735265532 9.01041340580302
    vertex 23.019707657174894 15.83487218186734 5.913083786575217
    vertex 24.427584708007164 17.94668783526561 9.01041342660725
  endloop
endfacet
facet normal 0.8832735168980375 0.46885807484416003 1.3781948939110288e-08
  outer loop
    vertex 7.669620486419663 22.322262385898277 14.749201440440398
    vertex 7.684924404527286 22.293432006720174 1.0000003704658773
    vertex 7.6696207053244345 22.322262377660838 1.0000003701885143
  endloop
endfacet
facet normal 0.8832735168980375 0.46885807484416003 1.3781948939110288e-08
  outer loop
    vertex 7.684924404527286 22.293432006720174 1.0000003704658773
    vertex 7.669620486419663 22.322262385898277 14.749201440440398
    vertex 7.684924185866092 22.29343201494786 14.733897741450786
  endloop
endfacet
facet normal -0.6722047133363648 0.7403653310146119 -1.1139162713294265e-08
  outer loop
    vertex 6.081054285535651 24.008335645106367 12.180000741847811
    vertex 6.107962494440637 24.032766422129317 1.000000343131376
    vertex 6.08105446353471 24.0083356385096 1.0000003427356166
  endloop
endfacet
facet normal -0.6722047133363648 0.7403653310146119 -1.1139162713294265e-08
  outer loop
    vertex 6.107962494440637 24.032766422129317 1.000000343131376
    vertex 6.081054285535651 24.008335645106367 12.180000741847811
    vertex 6.107962316441567 24.0327664287261 12.180000742055217
  endloop
endfacet
facet normal -0.7233555441933488 0.6904757466303534 -1.192410681495203e-08
  outer loop
    vertex 6.054146432628789 23.980146272794578 1.0000003423452017
    vertex 6.081054285535651 24.008335645106367 12.180000741847811
    vertex 6.08105446353471 24.0083356385096 1.0000003427356166
  endloop
endfacet
facet normal -0.7233555441933488 0.6904757466303534 -1.192410681495203e-08
  outer loop
    vertex 6.081054285535651 24.008335645106367 12.180000741847811
    vertex 6.054146432628789 23.980146272794578 1.0000003423452017
    vertex 6.0541462546297184 23.98014627939132 12.180000741674492
  endloop
endfacet
facet normal 0.15867021507640242 -0.6981488983389021 -0.6981488942881638
  outer loop
    vertex 23.019707728691433 16.538810726924343 1.4078770658029196
    vertex 19.922378108691245 15.834872176924282 1.4078770174075899
    vertex 23.01970775104042 17.94668782537967 -3.5741772887785426e-08
  endloop
endfacet
facet normal 3.278871730177658e-09 -0.9999999999999999 2.8040471220667406e-09
  outer loop
    vertex 13.509294505087457 2.5590386797200613 4.244488528131317
    vertex 13.629621588610522 2.559038698539232 9.243877669676538
    vertex 13.509294262038347 2.5590387021389756 9.123550324859899
  endloop
endfacet
facet normal 3.278871730177658e-09 -0.9999999999999999 2.8040471220667406e-09
  outer loop
    vertex 13.629621588610522 2.559038698539232 9.243877669676538
    vertex 13.509294505087457 2.5590386797200613 4.244488528131317
    vertex 13.829621766000784 2.5590386896000563 4.244488548925792
  endloop
endfacet
facet normal 3.278871730177658e-09 -0.9999999999999999 2.8040471220667406e-09
  outer loop
    vertex 13.629621588610522 2.559038698539232 9.243877669676538
    vertex 13.829621766000784 2.5590386896000563 4.244488548925792
    vertex 13.829621607945807 2.5590386985391866 9.243877672851363
  endloop
endfacet
facet normal 3.278871730177658e-09 -0.9999999999999999 2.8040471220667406e-09
  outer loop
    vertex 13.829621607945807 2.5590386985391866 9.243877672851363
    vertex 13.829621766000784 2.5590386896000563 4.244488548925792
    vertex 13.829621634739754 2.5590386946768704 9.010413250407382
  endloop
endfacet
facet normal 0.7233555441935348 0.6904757466301588 1.1109276988790986e-08
  outer loop
    vertex 6.4577667182185685 24.008335645106296 12.180000747738966
    vertex 6.484674927123543 23.980146272794503 1.000000349314093
    vertex 6.4577668962176284 24.008335638509525 1.0000003488502236
  endloop
endfacet
facet normal 0.7233555441935348 0.6904757466301588 1.1109276988790986e-08
  outer loop
    vertex 6.484674927123543 23.980146272794503 1.000000349314093
    vertex 6.4577667182185685 24.008335645106296 12.180000747738966
    vertex 6.484674749124456 23.980146279391242 12.180000748370912
  endloop
endfacet
facet normal 0.6722047133361659 0.7403653310147923 1.0265455363518626e-08
  outer loop
    vertex 6.43085868731262 24.032766428726024 12.18000074713615
    vertex 6.4577668962176284 24.008335638509525 1.0000003488502236
    vertex 6.430858865311696 24.032766422129242 1.0000003483916962
  endloop
endfacet
facet normal 0.6722047133361659 0.7403653310147923 1.0265455363518626e-08
  outer loop
    vertex 6.4577668962176284 24.008335638509525 1.0000003488502236
    vertex 6.43085868731262 24.032766428726024 12.18000074713615
    vertex 6.4577667182185685 24.008335645106296 12.180000747738966
  endloop
endfacet
facet normal -0.7071067811866423 0.7071067811864528 -1.2000657947995613e-08
  outer loop
    vertex 19.140992430199802 20.07638540110345 5.51759062906685
    vertex 19.9020504550836 20.837443485265617 9.010413346533147
    vertex 19.198111965426072 20.133504931094535 5.209145166131108
  endloop
endfacet
facet normal -0.7071067811866423 0.7071067811864528 -1.2000657947995613e-08
  outer loop
    vertex 19.9020504550836 20.837443485265617 9.010413346533147
    vertex 19.140992430199802 20.07638540110345 5.51759062906685
    vertex 18.494173355083653 19.42956638526519 9.010413325728917
  endloop
endfacet
facet normal -1.1224787047390904e-08 0.7071067819622311 0.7071067804108637
  outer loop
    vertex 22.999380124251655 19.429566381866714 5.91308377724554
    vertex 22.99938014660063 20.837443480322566 4.505206675700894
    vertex 19.198111965426072 20.133504931094535 5.209145166131108
  endloop
endfacet
facet normal 0.879916073519655 -0.47512914408795537 1.4294035340568023e-08
  outer loop
    vertex 7.682804601601397 22.08932519007339 14.736017325442994
    vertex 7.666895765154088 22.059862385237523 1.000000370434496
    vertex 7.682804820296335 22.08932518184443 1.000000370657212
  endloop
endfacet
facet normal 0.879916073519655 -0.47512914408795537 1.4294035340568023e-08
  outer loop
    vertex 7.666895765154088 22.059862385237523 1.000000370434496
    vertex 7.682804601601397 22.08932519007339 14.736017325442994
    vertex 7.666895546205979 22.059862393476674 14.75192638030385
  endloop
endfacet
facet normal 0.798622280133498 0.6018325794391428 1.2359918367514386e-08
  outer loop
    vertex 6.5115827800303885 23.9481983315809 12.180000749031967
    vertex 6.538490988935392 23.91249179507841 1.0000003502578716
    vertex 6.511582958029476 23.94819832498412 1.0000003497833072
  endloop
endfacet
facet normal 0.798622280133498 0.6018325794391428 1.2359918367514386e-08
  outer loop
    vertex 6.538490988935392 23.91249179507841 1.0000003502578716
    vertex 6.5115827800303885 23.9481983315809 12.180000749031967
    vertex 6.538490810936304 23.91249180167515 12.180000749722106
  endloop
endfacet
facet normal -0.7648581628234957 0.6441987199321857 -1.2557573684127083e-08
  outer loop
    vertex 6.027238401722874 23.948198324984194 1.0000003419601284
    vertex 6.0541462546297184 23.98014627939132 12.180000741674492
    vertex 6.054146432628789 23.980146272794578 1.0000003423452017
  endloop
endfacet
facet normal -0.7648581628234957 0.6441987199321857 -1.2557573684127083e-08
  outer loop
    vertex 6.0541462546297184 23.98014627939132 12.180000741674492
    vertex 6.027238401722874 23.948198324984194 1.0000003419601284
    vertex 6.027238223723804 23.948198331580976 12.180000741535322
  endloop
endfacet
facet normal -0.8363071360226467 -0.5482612280998889 -1.2986544108284375e-08
  outer loop
    vertex 4.914228446871508 21.992975091384324 1.0000003266701663
    vertex 4.891327667593444 22.027907173587426 14.771328628041902
    vertex 4.89132788685048 22.02790716533586 1.0000003262719606
  endloop
endfacet
facet normal -0.8363071360226467 -0.5482612280998889 -1.2986544108284375e-08
  outer loop
    vertex 4.891327667593444 22.027907173587426 14.771328628041902
    vertex 4.914228446871508 21.992975091384324 1.0000003266701663
    vertex 4.914228227249857 21.992975099650558 14.794229188390254
  endloop
endfacet
facet normal 0.609224000498738 0.7929981823537262 9.231669800324607e-09
  outer loop
    vertex 6.403950656406693 24.053438630250376 12.180000746562465
    vertex 6.430858865311696 24.032766422129242 1.0000003483916962
    vertex 6.403950834405775 24.053438623653577 1.0000003479385196
  endloop
endfacet
facet normal 0.609224000498738 0.7929981823537262 9.231669800324607e-09
  outer loop
    vertex 6.430858865311696 24.032766422129242 1.0000003483916962
    vertex 6.403950656406693 24.053438630250376 12.180000746562465
    vertex 6.43085868731262 24.032766428726024 12.18000074713615
  endloop
endfacet
facet normal -0.20507082842789884 0.9787471355400715 -3.842485831485138e-09
  outer loop
    vertex 6.215594440065251 24.092903742251433 12.180000743226366
    vertex 6.242502648970231 24.098541608797646 1.0000003451903736
    vertex 6.215594618064332 24.092903735654648 1.0000003447678838
  endloop
endfacet
facet normal -0.20507082842789884 0.9787471355400715 -3.842485831485138e-09
  outer loop
    vertex 6.242502648970231 24.098541608797646 1.0000003451903736
    vertex 6.215594440065251 24.092903742251433 12.180000743226366
    vertex 6.242502470971166 24.098541615394414 12.180000743604488
  endloop
endfacet
facet normal 0.9981412377042566 0.060943166919799265 1.5855172248982586e-08
  outer loop
    vertex 7.710127394154854 22.216207900103843 14.708694533884639
    vertex 7.711609282940792 22.19194075043008 1.0000003710060592
    vertex 7.710127612414675 22.21620789189224 1.000000370955498
  endloop
endfacet
facet normal 0.9981412377042566 0.060943166919799265 1.5855172248982586e-08
  outer loop
    vertex 7.711609282940792 22.19194075043008 1.0000003710060592
    vertex 7.710127394154854 22.216207900103843 14.708694533884639
    vertex 7.71160906470455 22.191940758640712 14.707212863357617
  endloop
endfacet
facet normal 0.06967151981699712 0.9975699871820473 6.045231763300414e-10
  outer loop
    vertex 6.269410502085827 24.10042090454726 12.180000745651345
    vertex 6.296318710782107 24.098541608797646 1.0000003461792555
    vertex 6.269410679876181 24.100420899845318 1.000000345752804
  endloop
endfacet
facet normal 0.06967151981699712 0.9975699871820473 6.045231763300414e-10
  outer loop
    vertex 6.296318710782107 24.098541608797646 1.0000003461792555
    vertex 6.269410502085827 24.10042090454726 12.180000745651345
    vertex 6.296318532783025 24.098541615394414 12.180000744558784
  endloop
endfacet
facet normal -0.8168622287607251 -0.5768328173945528 -8.504867734381493e-07
  outer loop
    vertex 4.970544492854995 21.912242658310497 1.0000003276437064
    vertex 4.940632085278108 21.95458174091053 14.820633047218125
    vertex 4.9406323053200705 21.954581732627606 1.000000327127209
  endloop
endfacet
facet normal -0.8168622287607251 -0.5768328173945528 -8.504867734381493e-07
  outer loop
    vertex 4.940632085278108 21.95458174091053 14.820633047218125
    vertex 4.970544492854995 21.912242658310497 1.0000003276437064
    vertex 4.970525441939389 21.912229184688524 14.850507574378653
  endloop
endfacet
facet normal 0.9805159654866032 0.19643940904481047 1.549339559484983e-08
  outer loop
    vertex 7.705182670392525 22.240889202805757 14.713639257514687
    vertex 7.710127612414675 22.21620789189224 1.000000370955498
    vertex 7.705182888731199 22.240889194591123 1.0000003708489145
  endloop
endfacet
facet normal 0.9805159654866032 0.19643940904481047 1.549339559484983e-08
  outer loop
    vertex 7.710127612414675 22.21620789189224 1.000000370955498
    vertex 7.705182670392525 22.240889202805757 14.713639257514687
    vertex 7.710127394154854 22.216207900103843 14.708694533884639
  endloop
endfacet
facet normal 0.8131086893204923 0.5821118959027645 1.2375067999468176e-08
  outer loop
    vertex 6.538490810936304 23.91249180167515 12.180000749722106
    vertex 6.719410679876191 23.659778575949964 1.0000003534666178
    vertex 6.538490988935392 23.91249179507841 1.0000003502578716
  endloop
endfacet
facet normal 0.8131086893204923 0.5821118959027645 1.2375067999468176e-08
  outer loop
    vertex 6.719410679876191 23.659778575949964 1.0000003534666178
    vertex 6.538490810936304 23.91249180167515 12.180000749722106
    vertex 6.552617886096989 23.89275874430498 12.180000750360907
  endloop
endfacet
facet normal 0.8131086893204923 0.5821118959027645 1.2375067999468176e-08
  outer loop
    vertex 6.719410679876191 23.659778575949964 1.0000003534666178
    vertex 6.552617886096989 23.89275874430498 12.180000750360907
    vertex 6.719410445842694 23.65977858479412 15.699411452194482
  endloop
endfacet
facet normal 0.8131086893204923 0.5821118959027645 1.2375067999468176e-08
  outer loop
    vertex 6.719410445842694 23.65977858479412 15.699411452194482
    vertex 6.552617886096989 23.89275874430498 12.180000750360907
    vertex 6.552617819958748 23.892758772538283 15.866204080342143
  endloop
endfacet
facet normal -0.6092240004988403 0.7929981823536476 -1.0167490990852478e-08
  outer loop
    vertex 6.107962316441567 24.0327664287261 12.180000742055217
    vertex 6.134870525346564 24.053438623653655 1.0000003435324847
    vertex 6.107962494440637 24.032766422129317 1.000000343131376
  endloop
endfacet
facet normal -0.6092240004988403 0.7929981823536476 -1.0167490990852478e-08
  outer loop
    vertex 6.134870525346564 24.053438623653655 1.0000003435324847
    vertex 6.107962316441567 24.0327664287261 12.180000742055217
    vertex 6.134870347347493 24.05343863025045 12.180000742296826
  endloop
endfacet
facet normal -0.8131242881934625 0.5820901063837753 -1.3525407531782366e-08
  outer loop
    vertex 4.964794449874004 22.465947011553357 1.0000003269420912
    vertex 6.000330192817871 23.912491801675223 12.180000741430272
    vertex 6.0003303708169415 23.912491795078484 1.0000003415804009
  endloop
endfacet
facet normal -0.8131242881934625 0.5820901063837753 -1.3525407531782366e-08
  outer loop
    vertex 6.000330192817871 23.912491801675223 12.180000741430272
    vertex 4.964794449874004 22.465947011553357 1.0000003269420912
    vertex 5.986203917593231 23.89275874430506 12.180000741369495
  endloop
endfacet
facet normal -0.8131242881934625 0.5820901063837753 -1.3525407531782366e-08
  outer loop
    vertex 5.986203917593231 23.89275874430506 12.180000741369495
    vertex 4.964794449874004 22.465947011553357 1.0000003269420912
    vertex 4.9647942294471905 22.465947019851797 14.844795192668549
  endloop
endfacet
facet normal -0.8131242881934625 0.5820901063837753 -1.3525407531782366e-08
  outer loop
    vertex 5.986203917593231 23.89275874430506 12.180000741369495
    vertex 4.9647942294471905 22.465947019851797 14.844795192668549
    vertex 5.986203866186128 23.892758772480338 15.86620487067619
  endloop
endfacet
facet normal -0.7071067485658067 -7.022406545010112e-08 -0.7071068138072835
  outer loop
    vertex 6.98332220668344 24.100420907401706 15.435499700175487
    vertex 6.552617819958748 23.892758772538283 15.866204080342143
    vertex 6.552617827283593 24.100420922855 15.866204065901146
  endloop
endfacet
facet normal -0.7071067485658067 -7.022406545010112e-08 -0.7071068138072835
  outer loop
    vertex 6.552617819958748 23.892758772538283 15.866204080342143
    vertex 6.98332220668344 24.100420907401706 15.435499700175487
    vertex 10.238821201485894 24.10042090338162 12.180000808729883
  endloop
endfacet
facet normal -0.7071067485658067 -7.022406545010112e-08 -0.7071068138072835
  outer loop
    vertex 6.552617819958748 23.892758772538283 15.866204080342143
    vertex 10.238821201485894 24.10042090338162 12.180000808729883
    vertex 10.238821201485962 20.086135865028496 12.180000804694192
  endloop
endfacet
facet normal -0.7071067485658067 -7.022406545010112e-08 -0.7071068138072835
  outer loop
    vertex 6.552617819958748 23.892758772538283 15.866204080342143
    vertex 10.238821201485962 20.086135865028496 12.180000804694192
    vertex 6.719410445842694 23.65977858479412 15.699411452194482
  endloop
endfacet
facet normal -0.7071067485658067 -7.022406545010112e-08 -0.7071068138072835
  outer loop
    vertex 6.719410445842694 23.65977858479412 15.699411452194482
    vertex 10.238821201485962 20.086135865028496 12.180000804694192
    vertex 7.574046074192283 22.465960897563416 14.844756465038182
  endloop
endfacet
facet normal -0.7071067485658067 -7.022406545010112e-08 -0.7071068138072835
  outer loop
    vertex 7.574046074192283 22.465960897563416 14.844756465038182
    vertex 10.238821201485962 20.086135865028496 12.180000804694192
    vertex 7.603071927253177 22.42480252733016 14.815749997597198
  endloop
endfacet
facet normal -0.7071067485658067 -7.022406545010112e-08 -0.7071068138072835
  outer loop
    vertex 7.603071927253177 22.42480252733016 14.815749997597198
    vertex 10.238821201485962 20.086135865028496 12.180000804694192
    vertex 7.628689326454292 22.387463211334232 14.79013259917182
  endloop
endfacet
facet normal -0.7071067485658067 -7.022406545010112e-08 -0.7071068138072835
  outer loop
    vertex 7.628689326454292 22.387463211334232 14.79013259917182
    vertex 10.238821201485962 20.086135865028496 12.180000804694192
    vertex 7.650873856396 22.353444641108673 14.767948069900156
  endloop
endfacet
facet normal -0.7071067485658067 -7.022406545010112e-08 -0.7071068138072835
  outer loop
    vertex 7.650873856396 22.353444641108673 14.767948069900156
    vertex 10.238821201485962 20.086135865028496 12.180000804694192
    vertex 7.669620486419663 22.322262385898277 14.749201440440398
  endloop
endfacet
facet normal -0.7071067485658067 -7.022406545010112e-08 -0.7071068138072835
  outer loop
    vertex 7.669620486419663 22.322262385898277 14.749201440440398
    vertex 10.238821201485962 20.086135865028496 12.180000804694192
    vertex 7.684924185866092 22.29343201494786 14.733897741450786
  endloop
endfacet
facet normal -0.7071067485658067 -7.022406545010112e-08 -0.7071068138072835
  outer loop
    vertex 7.684924185866092 22.29343201494786 14.733897741450786
    vertex 10.238821201485962 20.086135865028496 12.180000804694192
    vertex 7.6967799240768 22.266469097502053 14.722042003589488
  endloop
endfacet
facet normal -0.7071067485658067 -7.022406545010112e-08 -0.7071068138072835
  outer loop
    vertex 7.6967799240768 22.266469097502053 14.722042003589488
    vertex 10.238821201485962 20.086135865028496 12.180000804694192
    vertex 7.705182670392525 22.240889202805757 14.713639257514687
  endloop
endfacet
facet normal -0.7071067485658067 -7.022406545010112e-08 -0.7071068138072835
  outer loop
    vertex 7.705182670392525 22.240889202805757 14.713639257514687
    vertex 10.238821201485962 20.086135865028496 12.180000804694192
    vertex 7.710127394154854 22.216207900103843 14.708694533884639
  endloop
endfacet
facet normal -0.7071067485658067 -7.022406545010112e-08 -0.7071068138072835
  outer loop
    vertex 7.710127394154854 22.216207900103843 14.708694533884639
    vertex 10.238821201485962 20.086135865028496 12.180000804694192
    vertex 7.71160906470455 22.191940758640712 14.707212863357617
  endloop
endfacet
facet normal -0.7071067485658067 -7.022406545010112e-08 -0.7071068138072835
  outer loop
    vertex 7.71160906470455 22.191940758640712 14.707212863357617
    vertex 10.238821201485962 20.086135865028496 12.180000804694192
    vertex 7.709622651382825 22.16760334766131 14.709199276591708
  endloop
endfacet
facet normal -0.7071067485658067 -7.022406545010112e-08 -0.7071068138072835
  outer loop
    vertex 7.709622651382825 22.16760334766131 14.709199276591708
    vertex 10.238821201485962 20.086135865028496 12.180000804694192
    vertex 7.704163123531098 22.14271123641049 14.714658804245138
  endloop
endfacet
facet normal -0.7071067485658067 -7.022406545010112e-08 -0.7071068138072835
  outer loop
    vertex 7.704163123531098 22.14271123641049 14.714658804245138
    vertex 10.238821201485962 20.086135865028496 12.180000804694192
    vertex 7.695225450490177 22.116779994132955 14.723596476976168
  endloop
endfacet
facet normal -0.7071067485658067 -7.022406545010112e-08 -0.7071068138072835
  outer loop
    vertex 7.695225450490177 22.116779994132955 14.723596476976168
    vertex 10.238821201485962 20.086135865028496 12.180000804694192
    vertex 7.682804601601397 22.08932519007339 14.736017325442994
  endloop
endfacet
facet normal -0.7071067485658067 -7.022406545010112e-08 -0.7071068138072835
  outer loop
    vertex 7.682804601601397 22.08932519007339 14.736017325442994
    vertex 10.238821201485962 20.086135865028496 12.180000804694192
    vertex 7.666895546205979 22.059862393476674 14.75192638030385
  endloop
endfacet
facet normal -0.7071067485658067 -7.022406545010112e-08 -0.7071068138072835
  outer loop
    vertex 7.666895546205979 22.059862393476674 14.75192638030385
    vertex 10.238821201485962 20.086135865028496 12.180000804694192
    vertex 7.6474932536447895 22.02790717358748 14.771328672216873
  endloop
endfacet
facet normal -0.7071067485658067 -7.022406545010112e-08 -0.7071068138072835
  outer loop
    vertex 7.6474932536447895 22.02790717358748 14.771328672216873
    vertex 10.238821201485962 20.086135865028496 12.180000804694192
    vertex 7.6245926932591335 21.992975099650536 14.794229231840351
  endloop
endfacet
facet normal -0.7071067485658067 -7.022406545010112e-08 -0.7071068138072835
  outer loop
    vertex 7.6245926932591335 21.992975099650536 14.794229231840351
    vertex 10.238821201485962 20.086135865028496 12.180000804694192
    vertex 7.598188834390238 21.954581740910644 14.820633089832432
  endloop
endfacet
facet normal -0.7071067485658067 -7.022406545010112e-08 -0.7071068138072835
  outer loop
    vertex 7.598188834390238 21.954581740910644 14.820633089832432
    vertex 10.238821201485962 20.086135865028496 12.180000804694192
    vertex 7.56827664638813 21.912242665548106 14.850545276842261
  endloop
endfacet
facet normal -0.7071067485658067 -7.022406545010112e-08 -0.7071068138072835
  outer loop
    vertex 7.56827664638813 21.912242665548106 14.850545276842261
    vertex 10.238821201485962 20.086135865028496 12.180000804694192
    vertex 6.719410445847878 20.726445250999017 15.699411449240351
  endloop
endfacet
facet normal -0.7071067485658067 -7.022406545010112e-08 -0.7071068138072835
  outer loop
    vertex 6.719410445847878 20.726445250999017 15.699411449240351
    vertex 10.238821201485962 20.086135865028496 12.180000804694192
    vertex 7.1778137603992445 20.086135868808388 15.241008148598748
  endloop
endfacet
facet normal 0.764858162823304 0.6441987199324133 1.1797354628416162e-08
  outer loop
    vertex 6.484674749124456 23.980146279391242 12.180000748370912
    vertex 6.511582958029476 23.94819832498412 1.0000003497833072
    vertex 6.484674927123543 23.980146272794503 1.000000349314093
  endloop
endfacet
facet normal 0.764858162823304 0.6441987199324133 1.1797354628416162e-08
  outer loop
    vertex 6.511582958029476 23.94819832498412 1.0000003497833072
    vertex 6.484674749124456 23.980146279391242 12.180000748370912
    vertex 6.5115827800303885 23.9481983315809 12.180000749031967
  endloop
endfacet
facet normal -0.43921013205641535 0.8983843608940364 -7.522847411177635e-09
  outer loop
    vertex 6.161778378253414 24.070352249679452 12.180000742572528
    vertex 6.188686587158401 24.083507280416306 1.0000003443507395
    vertex 6.1617785562524965 24.07035224308267 1.0000003439389378
  endloop
endfacet
facet normal -0.43921013205641535 0.8983843608940364 -7.522847411177635e-09
  outer loop
    vertex 6.188686587158401 24.083507280416306 1.0000003443507395
    vertex 6.161778378253414 24.070352249679452 12.180000742572528
    vertex 6.188686409159335 24.083507287013074 12.180000742882362
  endloop
endfacet
facet normal -0.3296828328793457 0.9440917485629505 -5.806010585645794e-09
  outer loop
    vertex 6.188686409159335 24.083507287013074 12.180000742882362
    vertex 6.215594618064332 24.092903735654648 1.0000003447678838
    vertex 6.188686587158401 24.083507280416306 1.0000003443507395
  endloop
endfacet
facet normal -0.3296828328793457 0.9440917485629505 -5.806010585645794e-09
  outer loop
    vertex 6.215594618064332 24.092903735654648 1.0000003447678838
    vertex 6.188686409159335 24.083507287013074 12.180000742882362
    vertex 6.215594440065251 24.092903742251433 12.180000743226366
  endloop
endfacet
facet normal -0.8131086863100391 0.5821119001078422 -1.3253280028148532e-08
  outer loop
    vertex 4.769410679876116 19.259778575880144 1.0000003273932778
    vertex 5.819410445847902 20.726445250999095 15.699411434453005
    vertex 5.819410679876266 20.726445242759002 1.0000003422837715
  endloop
endfacet
facet normal -0.8131086863100391 0.5821119001078422 -1.3253280028148532e-08
  outer loop
    vertex 5.819410445847902 20.726445250999095 15.699411434453005
    vertex 4.769410679876116 19.259778575880144 1.0000003273932778
    vertex 4.769410473940077 19.259778582037097 13.935499682775177
  endloop
endfacet
facet normal -0.8131086863100391 0.5821119001078422 -1.3253280028148532e-08
  outer loop
    vertex 5.819410445847902 20.726445250999095 15.699411434453005
    vertex 4.769410473940077 19.259778582037097 13.935499682775177
    vertex 5.361007145746788 20.086135868597662 15.241008119154602
  endloop
endfacet
facet normal -0.813122418783027 -0.5820927177622147 -7.989747142123683e-07
  outer loop
    vertex 5.819410679876266 20.726445242759002 1.0000003422837715
    vertex 4.970525441939389 21.912229184688524 14.850507574378653
    vertex 4.970544492854995 21.912242658310497 1.0000003276437064
  endloop
endfacet
facet normal -0.813122418783027 -0.5820927177622147 -7.989747142123683e-07
  outer loop
    vertex 4.970525441939389 21.912229184688524 14.850507574378653
    vertex 5.819410679876266 20.726445242759002 1.0000003422837715
    vertex 5.819410445847902 20.726445250999095 15.699411434453005
  endloop
endfacet
facet normal 0.8376274335546408 0.5462419633794766 1.3008786359007102e-08
  outer loop
    vertex 7.628689326454292 22.387463211334232 14.79013259917182
    vertex 7.650874075599327 22.353444632859276 1.0000003698533113
    vertex 7.6286895460107464 22.387463203070666 1.0000003694598238
  endloop
endfacet
facet normal 0.8376274335546408 0.5462419633794766 1.3008786359007102e-08
  outer loop
    vertex 7.650874075599327 22.353444632859276 1.0000003698533113
    vertex 7.628689326454292 22.387463211334232 14.79013259917182
    vertex 7.650873856396 22.353444641108673 14.767948069900156
  endloop
endfacet
facet normal 0.6034212492134845 0.5213114370157207 -0.603421230679069
  outer loop
    vertex 4.769410473940077 19.259778582037097 13.935499682775177
    vertex 2.2999998023113526 20.08613586502848 12.180000678537168
    vertex 5.361007145746788 20.086135868597662 15.241008119154602
  endloop
endfacet
facet normal 0.6034212492134845 0.5213114370157207 -0.603421230679069
  outer loop
    vertex 2.2999998023113526 20.08613586502848 12.180000678537168
    vertex 4.769410473940077 19.259778582037097 13.935499682775177
    vertex 3.0139115485848724 19.2597785799639 12.180000701843777
  endloop
endfacet
facet normal 0.7069864118371403 0.018449803426276203 0.7069864342624811
  outer loop
    vertex 22.999380045204987 6.153732896365457 10.418290506868946
    vertex 24.42758469814383 5.374792894820902 9.01041343200067
    vertex 24.407257167553638 6.153732894820868 9.010413429217843
  endloop
endfacet
facet normal 0.7069864118371403 0.018449803426276203 0.7069864342624811
  outer loop
    vertex 24.42758469814383 5.374792894820902 9.01041343200067
    vertex 22.999380045204987 6.153732896365457 10.418290506868946
    vertex 23.01970757579503 5.374792896365558 10.418290509651747
  endloop
endfacet
facet normal -1.9775528062246965e-08 2.2325945552945116e-08 0.9999999999999996
  outer loop
    vertex 14.80403406135631 18.725627824877495 10.418290311047533
    vertex 22.99938005273503 18.725627836810233 10.418290498017795
    vertex 18.233455351253347 18.72562783681046 10.418290422361977
  endloop
endfacet
facet normal -1.9775528062246965e-08 2.2325945552945116e-08 0.9999999999999996
  outer loop
    vertex 22.99938005273503 18.725627836810233 10.418290498017795
    vertex 14.80403406135631 18.725627824877495 10.418290311047533
    vertex 23.019707585658278 17.946687836810277 10.418290504258293
  endloop
endfacet
facet normal -1.9775528062246965e-08 2.2325945552945116e-08 0.9999999999999996
  outer loop
    vertex 23.019707585658278 17.946687836810277 10.418290504258293
    vertex 14.80403406135631 18.725627824877495 10.418290311047533
    vertex 20.183095947139908 17.946687836810266 10.418290459228766
  endloop
endfacet
facet normal -1.9775528062246965e-08 2.2325945552945116e-08 0.9999999999999996
  outer loop
    vertex 20.183095947139908 17.946687836810266 10.418290459228766
    vertex 14.80403406135631 18.725627824877495 10.418290311047533
    vertex 15.417171245658205 17.94668783681021 10.41829038357395
  endloop
endfacet
facet normal -1.9775528062246965e-08 2.2325945552945116e-08 0.9999999999999996
  outer loop
    vertex 15.417171245658205 17.94668783681021 10.41829038357395
    vertex 14.80403406135631 18.725627824877495 10.418290311047533
    vertex 14.804034061356344 17.213928116084407 10.41829034902631
  endloop
endfacet
facet normal -1.9775528062246965e-08 2.2325945552945116e-08 0.9999999999999996
  outer loop
    vertex 15.417171245658205 17.94668783681021 10.41829038357395
    vertex 14.804034061356344 17.213928116084407 10.41829034902631
    vertex 15.00403414383659 17.213928116084446 10.418290388521386
  endloop
endfacet
facet normal 0.439210132056902 0.8983843608937985 6.462661329853674e-09
  outer loop
    vertex 6.350134594594862 24.083507287013074 12.180000745502387
    vertex 6.377042803499842 24.070352243082596 1.0000003474906847
    vertex 6.350134772593927 24.083507280416306 1.0000003470481966
  endloop
endfacet
facet normal 0.439210132056902 0.8983843608937985 6.462661329853674e-09
  outer loop
    vertex 6.377042803499842 24.070352243082596 1.0000003474906847
    vertex 6.350134594594862 24.083507287013074 12.180000745502387
    vertex 6.377042625500761 24.070352249679377 12.180000746017877
  endloop
endfacet
facet normal -0.9110977250922369 -0.41219041149904306 -1.4258911400720777e-08
  outer loop
    vertex 4.856016539456015 22.08932518184436 1.000000325649609
    vertex 4.843595472267821 22.11677999413287 14.723596431290314
    vertex 4.843595690764977 22.116779985911833 1.0000003254242373
  endloop
endfacet
facet normal -0.9110977250922369 -0.41219041149904306 -1.4258911400720777e-08
  outer loop
    vertex 4.843595472267821 22.11677999413287 14.723596431290314
    vertex 4.856016539456015 22.08932518184436 1.000000325649609
    vertex 4.8560163207610945 22.08932519007327 14.736017280150344
  endloop
endfacet
facet normal -0.6034212312996963 0.5213114320933384 -0.6034212528454324
  outer loop
    vertex 10.238821201485962 20.086135865028496 12.180000804694192
    vertex 7.769410473940089 19.259778582037185 13.935499730532344
    vertex 7.1778137603992445 20.086135868808388 15.241008148598748
  endloop
endfacet
facet normal -0.6034212312996963 0.5213114320933384 -0.6034212528454324
  outer loop
    vertex 7.769410473940089 19.259778582037185 13.935499730532344
    vertex 10.238821201485962 20.086135865028496 12.180000804694192
    vertex 9.524909455212171 19.25977857996393 12.180000825579839
  endloop
endfacet
facet normal -0.8169485347033203 0.5767105787534141 -1.3352513670947487e-08
  outer loop
    vertex 4.935749212534816 22.424802519050207 1.000000326531377
    vertex 4.9647942294471905 22.465947019851797 14.844795192668549
    vertex 4.964794449874004 22.465947011553357 1.0000003269420912
  endloop
endfacet
facet normal -0.8169485347033203 0.5767105787534141 -1.3352513670947487e-08
  outer loop
    vertex 4.9647942294471905 22.465947019851797 14.844795192668549
    vertex 4.935749212534816 22.424802519050207 1.000000326531377
    vertex 4.935748992570516 22.42480252733016 14.815749954828345
  endloop
endfacet
facet normal -0.8570405904868891 0.5152488973863836 -1.3953888382199703e-08
  outer loop
    vertex 4.869200654427899 22.322262377660756 1.000000325599488
    vertex 4.8879470649496914 22.353444641108588 14.767948025618177
    vertex 4.887947284152995 22.353444632859205 1.0000003258594636
  endloop
endfacet
facet normal -0.8570405904868891 0.5152488973863836 -1.3953888382199703e-08
  outer loop
    vertex 4.8879470649496914 22.353444641108588 14.767948025618177
    vertex 4.869200654427899 22.322262377660756 1.000000325599488
    vertex 4.869200435523093 22.32226238589818 14.749201395565045
  endloop
endfacet
facet normal 0.9767820824653942 -0.2142352990862325 1.567994600316693e-08
  outer loop
    vertex 7.709622651382825 22.16760334766131 14.709199276591708
    vertex 7.704163341885919 22.142711228195182 1.0000003709409462
    vertex 7.709622869650797 22.167603339449503 1.0000003710010585
  endloop
endfacet
facet normal 0.9767820824653942 -0.2142352990862325 1.567994600316693e-08
  outer loop
    vertex 7.704163341885919 22.142711228195182 1.0000003709409462
    vertex 7.709622651382825 22.16760334766131 14.709199276591708
    vertex 7.704163123531098 22.14271123641049 14.714658804245138
  endloop
endfacet
facet normal -0.9154144475241923 0.402512595161912 -1.481569134980487e-08
  outer loop
    vertex 4.842041217203186 22.26646908928195 1.0000003252345624
    vertex 4.853896736563888 22.293432014947683 14.733897696090988
    vertex 4.853896955225036 22.29343200672009 1.0000003253909822
  endloop
endfacet
facet normal -0.9154144475241923 0.402512595161912 -1.481569134980487e-08
  outer loop
    vertex 4.853896736563888 22.293432014947683 14.733897696090988
    vertex 4.842041217203186 22.26646908928195 1.0000003252345624
    vertex 4.842040998730829 22.26646909750207 14.722041957854383
  endloop
endfacet
facet normal -0.7986222801333426 0.6018325794393495 -1.3070140988692937e-08
  outer loop
    vertex 6.0003303708169415 23.912491795078484 1.0000003415804009
    vertex 6.027238223723804 23.948198331580976 12.180000741535322
    vertex 6.027238401722874 23.948198324984194 1.0000003419601284
  endloop
endfacet
facet normal -0.7986222801333426 0.6018325794393495 -1.3070140988692937e-08
  outer loop
    vertex 6.027238223723804 23.948198331580976 12.180000741535322
    vertex 6.0003303708169415 23.912491795078484 1.0000003415804009
    vertex 6.000330192817871 23.912491801675223 12.180000741430272
  endloop
endfacet
facet normal -0.9999999999999996 -1.8126236145528316e-08 -1.4950409265269768e-08
  outer loop
    vertex 5.986203917593231 23.89275874430506 12.180000741369495
    vertex 5.986203858718845 24.1004209228106 15.866204856011343
    vertex 5.986203917532263 24.10042090446416 12.180000738632147
  endloop
endfacet
facet normal -0.9999999999999996 -1.8126236145528316e-08 -1.4950409265269768e-08
  outer loop
    vertex 5.986203858718845 24.1004209228106 15.866204856011343
    vertex 5.986203917593231 23.89275874430506 12.180000741369495
    vertex 5.986203866186128 23.892758772480338 15.86620487067619
  endloop
endfacet
facet normal -0.9981412377041724 0.060943166921178994 -1.5928181831182205e-08
  outer loop
    vertex 4.827212076811524 22.19194075043001 1.0000003250839646
    vertex 4.828693529077835 22.216207900103715 14.70869448772708
    vertex 4.828693747337674 22.21620789189214 1.000000325080441
  endloop
endfacet
facet normal -0.9981412377041724 0.060943166921178994 -1.5928181831182205e-08
  outer loop
    vertex 4.828693529077835 22.216207900103715 14.70869448772708
    vertex 4.827212076811524 22.19194075043001 1.0000003250839646
    vertex 4.827211858575294 22.19194075864058 14.707212817153115
  endloop
endfacet
facet normal -5.265509316870275e-10 -1.0 3.2288538090149676e-09
  outer loop
    vertex 10.238821201485894 24.10042090338162 12.180000808729883
    vertex 6.552617827283593 24.100420922855 15.866204065901146
    vertex 6.552617886097001 24.10042090446408 12.1800007477488
  endloop
endfacet
facet normal -5.265509316870275e-10 -1.0 3.2288538090149676e-09
  outer loop
    vertex 6.552617827283593 24.100420922855 15.866204065901146
    vertex 10.238821201485894 24.10042090338162 12.180000808729883
    vertex 6.98332220668344 24.100420907401706 15.435499700175487
  endloop
endfacet
facet normal 0.7071067210294857 1.8247426968612829e-07 -0.7071068413435805
  outer loop
    vertex 5.986203866186128 23.892758772480338 15.86620487067619
    vertex 2.2999998023112846 24.10042090338162 12.180000682572862
    vertex 5.986203858718845 24.1004209228106 15.866204856011343
  endloop
endfacet
facet normal 0.7071067210294857 1.8247426968612829e-07 -0.7071068413435805
  outer loop
    vertex 2.2999998023112846 24.10042090338162 12.180000682572862
    vertex 5.986203866186128 23.892758772480338 15.86620487067619
    vertex 2.2999998023113526 20.08613586502848 12.180000678537168
  endloop
endfacet
facet normal 0.7071067210294857 1.8247426968612829e-07 -0.7071068413435805
  outer loop
    vertex 2.2999998023113526 20.08613586502848 12.180000678537168
    vertex 5.986203866186128 23.892758772480338 15.86620487067619
    vertex 4.9647942294471905 22.465947019851797 14.844795192668549
  endloop
endfacet
facet normal 0.7071067210294857 1.8247426968612829e-07 -0.7071068413435805
  outer loop
    vertex 2.2999998023113526 20.08613586502848 12.180000678537168
    vertex 4.9647942294471905 22.465947019851797 14.844795192668549
    vertex 4.935748992570516 22.42480252733016 14.815749954828345
  endloop
endfacet
facet normal 0.7071067210294857 1.8247426968612829e-07 -0.7071068413435805
  outer loop
    vertex 2.2999998023113526 20.08613586502848 12.180000678537168
    vertex 4.935748992570516 22.42480252733016 14.815749954828345
    vertex 4.910131594185082 22.387463211334172 14.790132555592097
  endloop
endfacet
facet normal 0.7071067210294857 1.8247426968612829e-07 -0.7071068413435805
  outer loop
    vertex 2.2999998023113526 20.08613586502848 12.180000678537168
    vertex 4.910131594185082 22.387463211334172 14.790132555592097
    vertex 4.8879470649496914 22.353444641108588 14.767948025618177
  endloop
endfacet
facet normal 0.7071067210294857 1.8247426968612829e-07 -0.7071068413435805
  outer loop
    vertex 2.2999998023113526 20.08613586502848 12.180000678537168
    vertex 4.8879470649496914 22.353444641108588 14.767948025618177
    vertex 4.869200435523093 22.32226238589818 14.749201395565045
  endloop
endfacet
facet normal 0.7071067210294857 1.8247426968612829e-07 -0.7071068413435805
  outer loop
    vertex 2.2999998023113526 20.08613586502848 12.180000678537168
    vertex 4.869200435523093 22.32226238589818 14.749201395565045
    vertex 4.853896736563888 22.293432014947683 14.733897696090988
  endloop
endfacet
facet normal 0.7071067210294857 1.8247426968612829e-07 -0.7071068413435805
  outer loop
    vertex 2.2999998023113526 20.08613586502848 12.180000678537168
    vertex 4.853896736563888 22.293432014947683 14.733897696090988
    vertex 4.842040998730829 22.26646909750207 14.722041957854383
  endloop
endfacet
facet normal 0.7071067210294857 1.8247426968612829e-07 -0.7071068413435805
  outer loop
    vertex 2.2999998023113526 20.08613586502848 12.180000678537168
    vertex 4.842040998730829 22.26646909750207 14.722041957854383
    vertex 4.833638252682476 22.240889202805672 14.713639211513636
  endloop
endfacet
facet normal 0.7071067210294857 1.8247426968612829e-07 -0.7071068413435805
  outer loop
    vertex 2.2999998023113526 20.08613586502848 12.180000678537168
    vertex 4.833638252682476 22.240889202805672 14.713639211513636
    vertex 4.828693529077835 22.216207900103715 14.70869448772708
  endloop
endfacet
facet normal 0.7071067210294857 1.8247426968612829e-07 -0.7071068413435805
  outer loop
    vertex 2.2999998023113526 20.08613586502848 12.180000678537168
    vertex 4.828693529077835 22.216207900103715 14.70869448772708
    vertex 4.827211858575294 22.19194075864058 14.707212817153115
  endloop
endfacet
facet normal 0.7071067210294857 1.8247426968612829e-07 -0.7071068413435805
  outer loop
    vertex 2.2999998023113526 20.08613586502848 12.180000678537168
    vertex 4.827211858575294 22.19194075864058 14.707212817153115
    vertex 4.829198271833552 22.167603347661313 14.709199230450077
  endloop
endfacet
facet normal 0.7071067210294857 1.8247426968612829e-07 -0.7071068413435805
  outer loop
    vertex 2.2999998023113526 20.08613586502848 12.180000678537168
    vertex 4.829198271833552 22.167603347661313 14.709199230450077
    vertex 4.834657799511615 22.142711236410495 14.714658758276366
  endloop
endfacet
facet normal 0.7071067210294857 1.8247426968612829e-07 -0.7071068413435805
  outer loop
    vertex 2.2999998023113526 20.08613586502848 12.180000678537168
    vertex 4.834657799511615 22.142711236410495 14.714658758276366
    vertex 4.843595472267821 22.11677999413287 14.723596431290314
  endloop
endfacet
facet normal 0.7071067210294857 1.8247426968612829e-07 -0.7071068413435805
  outer loop
    vertex 2.2999998023113526 20.08613586502848 12.180000678537168
    vertex 4.843595472267821 22.11677999413287 14.723596431290314
    vertex 4.8560163207610945 22.08932519007327 14.736017280150344
  endloop
endfacet
facet normal 0.7071067210294857 1.8247426968612829e-07 -0.7071068413435805
  outer loop
    vertex 2.2999998023113526 20.08613586502848 12.180000678537168
    vertex 4.8560163207610945 22.08932519007327 14.736017280150344
    vertex 4.871925375650154 22.05986239347664 14.751926335514728
  endloop
endfacet
facet normal 0.7071067210294857 1.8247426968612829e-07 -0.7071068413435805
  outer loop
    vertex 2.2999998023113526 20.08613586502848 12.180000678537168
    vertex 4.871925375650154 22.05986239347664 14.751926335514728
    vertex 4.891327667593444 22.027907173587426 14.771328628041902
  endloop
endfacet
facet normal 0.7071067210294857 1.8247426968612829e-07 -0.7071068413435805
  outer loop
    vertex 2.2999998023113526 20.08613586502848 12.180000678537168
    vertex 4.891327667593444 22.027907173587426 14.771328628041902
    vertex 4.914228227249857 21.992975099650558 14.794229188390254
  endloop
endfacet
facet normal 0.7071067210294857 1.8247426968612829e-07 -0.7071068413435805
  outer loop
    vertex 2.2999998023113526 20.08613586502848 12.180000678537168
    vertex 4.914228227249857 21.992975099650558 14.794229188390254
    vertex 4.940632085278108 21.95458174091053 14.820633047218125
  endloop
endfacet
facet normal 0.7071067210294857 1.8247426968612829e-07 -0.7071068413435805
  outer loop
    vertex 2.2999998023113526 20.08613586502848 12.180000678537168
    vertex 4.940632085278108 21.95458174091053 14.820633047218125
    vertex 4.970525441939389 21.912229184688524 14.850507574378653
  endloop
endfacet
facet normal 0.7071067210294857 1.8247426968612829e-07 -0.7071068413435805
  outer loop
    vertex 2.2999998023113526 20.08613586502848 12.180000678537168
    vertex 4.970525441939389 21.912229184688524 14.850507574378653
    vertex 5.819410445847902 20.726445250999095 15.699411434453005
  endloop
endfacet
facet normal 0.7071067210294857 1.8247426968612829e-07 -0.7071068413435805
  outer loop
    vertex 2.2999998023113526 20.08613586502848 12.180000678537168
    vertex 5.819410445847902 20.726445250999095 15.699411434453005
    vertex 5.361007145746788 20.086135868597662 15.241008119154602
  endloop
endfacet
facet normal 0.8131227271677927 0.5820922869808329 -7.968772378943662e-07
  outer loop
    vertex 6.719410445842694 23.65977858479412 15.699411452194482
    vertex 7.574026909878334 22.46594701155338 1.0000003684961656
    vertex 6.719410679876191 23.659778575949964 1.0000003534666178
  endloop
endfacet
facet normal 0.8131227271677927 0.5820922869808329 -7.968772378943662e-07
  outer loop
    vertex 7.574026909878334 22.46594701155338 1.0000003684961656
    vertex 6.719410445842694 23.65977858479412 15.699411452194482
    vertex 7.574046074192283 22.465960897563416 14.844756465038182
  endloop
endfacet
facet normal -0.9805159654875445 0.19643940904011176 -1.5728733467561938e-08
  outer loop
    vertex 4.828693747337674 22.21620789189214 1.000000325080441
    vertex 4.833638252682476 22.240889202805672 14.713639211513636
    vertex 4.833638471021151 22.240889194591038 1.0000003251308425
  endloop
endfacet
facet normal -0.9805159654875445 0.19643940904011176 -1.5728733467561938e-08
  outer loop
    vertex 4.833638252682476 22.240889202805672 14.713639211513636
    vertex 4.828693747337674 22.21620789189214 1.000000325080441
    vertex 4.828693529077835 22.216207900103715 14.70869448772708
  endloop
endfacet
facet normal -0.879916073518305 -0.4751291440904553 -1.3724731816060952e-08
  outer loop
    vertex 4.871925594598234 22.059862385237437 1.00000032593198
    vertex 4.8560163207610945 22.08932519007327 14.736017280150344
    vertex 4.856016539456015 22.08932518184436 1.000000325649609
  endloop
endfacet
facet normal -0.879916073518305 -0.4751291440904553 -1.3724731816060952e-08
  outer loop
    vertex 4.8560163207610945 22.08932519007327 14.736017280150344
    vertex 4.871925594598234 22.059862385237437 1.00000032593198
    vertex 4.871925375650154 22.05986239347664 14.751926335514728
  endloop
endfacet
facet normal -1.638711929751539e-08 1.9415811166632385e-09 0.9999999999999998
  outer loop
    vertex 10.238821378752428 24.100420900845965 1.0000004108363942
    vertex 6.4577668962176284 24.008335638509525 1.0000003488502236
    vertex 10.23882137875254 20.086135862492853 1.0000004068007236
  endloop
endfacet
facet normal -1.638711929751539e-08 1.9415811166632385e-09 0.9999999999999998
  outer loop
    vertex 6.4577668962176284 24.008335638509525 1.0000003488502236
    vertex 10.238821378752428 24.100420900845965 1.0000004108363942
    vertex 6.430858865311696 24.032766422129242 1.0000003483916962
  endloop
endfacet
facet normal -1.638711929751539e-08 1.9415811166632385e-09 0.9999999999999998
  outer loop
    vertex 6.430858865311696 24.032766422129242 1.0000003483916962
    vertex 10.238821378752428 24.100420900845965 1.0000004108363942
    vertex 6.403950834405775 24.053438623653577 1.0000003479385196
  endloop
endfacet
facet normal -1.638711929751539e-08 1.9415811166632385e-09 0.9999999999999998
  outer loop
    vertex 6.403950834405775 24.053438623653577 1.0000003479385196
    vertex 10.238821378752428 24.100420900845965 1.0000004108363942
    vertex 6.377042803499842 24.070352243082596 1.0000003474906847
  endloop
endfacet
facet normal -1.638711929751539e-08 1.9415811166632385e-09 0.9999999999999998
  outer loop
    vertex 6.377042803499842 24.070352243082596 1.0000003474906847
    vertex 10.238821378752428 24.100420900845965 1.0000004108363942
    vertex 6.350134772593927 24.083507280416306 1.0000003470481966
  endloop
endfacet
facet normal -1.638711929751539e-08 1.9415811166632385e-09 0.9999999999999998
  outer loop
    vertex 6.350134772593927 24.083507280416306 1.0000003470481966
    vertex 10.238821378752428 24.100420900845965 1.0000004108363942
    vertex 6.3232267416880115 24.092903735654648 1.0000003466110523
  endloop
endfacet
facet normal -1.638711929751539e-08 1.9415811166632385e-09 0.9999999999999998
  outer loop
    vertex 6.3232267416880115 24.092903735654648 1.0000003466110523
    vertex 10.238821378752428 24.100420900845965 1.0000004108363942
    vertex 6.296318710782107 24.098541608797646 1.0000003461792555
  endloop
endfacet
facet normal -1.638711929751539e-08 1.9415811166632385e-09 0.9999999999999998
  outer loop
    vertex 6.296318710782107 24.098541608797646 1.0000003461792555
    vertex 10.238821378752428 24.100420900845965 1.0000004108363942
    vertex 6.269410679876181 24.100420899845318 1.000000345752804
  endloop
endfacet
facet normal -1.638711929751539e-08 1.9415811166632385e-09 0.9999999999999998
  outer loop
    vertex 10.23882137875254 20.086135862492853 1.0000004068007236
    vertex 6.4577668962176284 24.008335638509525 1.0000003488502236
    vertex 6.484674927123543 23.980146272794503 1.000000349314093
  endloop
endfacet
facet normal -1.638711929751539e-08 1.9415811166632385e-09 0.9999999999999998
  outer loop
    vertex 10.23882137875254 20.086135862492853 1.0000004068007236
    vertex 6.484674927123543 23.980146272794503 1.000000349314093
    vertex 6.511582958029476 23.94819832498412 1.0000003497833072
  endloop
endfacet
facet normal -1.638711929751539e-08 1.9415811166632385e-09 0.9999999999999998
  outer loop
    vertex 10.23882137875254 20.086135862492853 1.0000004068007236
    vertex 6.511582958029476 23.94819832498412 1.0000003497833072
    vertex 6.538490988935392 23.91249179507841 1.0000003502578716
  endloop
endfacet
facet normal -1.638711929751539e-08 1.9415811166632385e-09 0.9999999999999998
  outer loop
    vertex 10.23882137875254 20.086135862492853 1.0000004068007236
    vertex 6.538490988935392 23.91249179507841 1.0000003502578716
    vertex 6.719410679876191 23.659778575949964 1.0000003534666178
  endloop
endfacet
facet normal -1.638711929751539e-08 1.9415811166632385e-09 0.9999999999999998
  outer loop
    vertex 10.23882137875254 20.086135862492853 1.0000004068007236
    vertex 6.719410679876191 23.659778575949964 1.0000003534666178
    vertex 7.574026909878334 22.46594701155338 1.0000003684961656
  endloop
endfacet
facet normal -1.638711929751539e-08 1.9415811166632385e-09 0.9999999999999998
  outer loop
    vertex 10.23882137875254 20.086135862492853 1.0000004068007236
    vertex 7.574026909878334 22.46594701155338 1.0000003684961656
    vertex 7.603072147217517 22.424802519050285 1.0000003690075954
  endloop
endfacet
facet normal -1.638711929751539e-08 1.9415811166632385e-09 0.9999999999999998
  outer loop
    vertex 10.23882137875254 20.086135862492853 1.0000004068007236
    vertex 7.603072147217517 22.424802519050285 1.0000003690075954
    vertex 7.6286895460107464 22.387463203070666 1.0000003694598238
  endloop
endfacet
facet normal -1.638711929751539e-08 1.9415811166632385e-09 0.9999999999999998
  outer loop
    vertex 10.23882137875254 20.086135862492853 1.0000004068007236
    vertex 7.6286895460107464 22.387463203070666 1.0000003694598238
    vertex 7.650874075599327 22.353444632859276 1.0000003698533113
  endloop
endfacet
facet normal -1.638711929751539e-08 1.9415811166632385e-09 0.9999999999999998
  outer loop
    vertex 10.23882137875254 20.086135862492853 1.0000004068007236
    vertex 7.650874075599327 22.353444632859276 1.0000003698533113
    vertex 7.6696207053244345 22.322262377660838 1.0000003701885143
  endloop
endfacet
facet normal -1.638711929751539e-08 1.9415811166632385e-09 0.9999999999999998
  outer loop
    vertex 10.23882137875254 20.086135862492853 1.0000004068007236
    vertex 7.6696207053244345 22.322262377660838 1.0000003701885143
    vertex 7.684924404527286 22.293432006720174 1.0000003704658773
  endloop
endfacet
facet normal -1.638711929751539e-08 1.9415811166632385e-09 0.9999999999999998
  outer loop
    vertex 10.23882137875254 20.086135862492853 1.0000004068007236
    vertex 7.684924404527286 22.293432006720174 1.0000003704658773
    vertex 7.696780142549136 22.266469089282023 1.0000003706858598
  endloop
endfacet
facet normal -1.638711929751539e-08 1.9415811166632385e-09 0.9999999999999998
  outer loop
    vertex 10.23882137875254 20.086135862492853 1.0000004068007236
    vertex 7.696780142549136 22.266469089282023 1.0000003706858598
    vertex 7.705182888731199 22.240889194591123 1.0000003708489145
  endloop
endfacet
facet normal -1.638711929751539e-08 1.9415811166632385e-09 0.9999999999999998
  outer loop
    vertex 10.23882137875254 20.086135862492853 1.0000004068007236
    vertex 7.705182888731199 22.240889194591123 1.0000003708489145
    vertex 7.710127612414675 22.21620789189224 1.000000370955498
  endloop
endfacet
facet normal -1.638711929751539e-08 1.9415811166632385e-09 0.9999999999999998
  outer loop
    vertex 10.23882137875254 20.086135862492853 1.0000004068007236
    vertex 7.710127612414675 22.21620789189224 1.000000370955498
    vertex 7.711609282940792 22.19194075043008 1.0000003710060592
  endloop
endfacet
facet normal -1.638711929751539e-08 1.9415811166632385e-09 0.9999999999999998
  outer loop
    vertex 10.23882137875254 20.086135862492853 1.0000004068007236
    vertex 7.711609282940792 22.19194075043008 1.0000003710060592
    vertex 7.709622869650797 22.167603339449503 1.0000003710010585
  endloop
endfacet
facet normal -1.638711929751539e-08 1.9415811166632385e-09 0.9999999999999998
  outer loop
    vertex 10.23882137875254 20.086135862492853 1.0000004068007236
    vertex 7.709622869650797 22.167603339449503 1.0000003710010585
    vertex 7.704163341885919 22.142711228195182 1.0000003709409462
  endloop
endfacet
facet normal -1.638711929751539e-08 1.9415811166632385e-09 0.9999999999999998
  outer loop
    vertex 10.23882137875254 20.086135862492853 1.0000004068007236
    vertex 7.704163341885919 22.142711228195182 1.0000003709409462
    vertex 7.695225668987356 22.116779985911933 1.0000003708261815
  endloop
endfacet
facet normal -1.638711929751539e-08 1.9415811166632385e-09 0.9999999999999998
  outer loop
    vertex 10.23882137875254 20.086135862492853 1.0000004068007236
    vertex 7.695225668987356 22.116779985911933 1.0000003708261815
    vertex 7.682804820296335 22.08932518184443 1.000000370657212
  endloop
endfacet
facet normal -1.638711929751539e-08 1.9415811166632385e-09 0.9999999999999998
  outer loop
    vertex 10.23882137875254 20.086135862492853 1.0000004068007236
    vertex 7.682804820296335 22.08932518184443 1.000000370657212
    vertex 7.666895765154088 22.059862385237523 1.000000370434496
  endloop
endfacet
facet normal -1.638711929751539e-08 1.9415811166632385e-09 0.9999999999999998
  outer loop
    vertex 10.23882137875254 20.086135862492853 1.0000004068007236
    vertex 7.666895765154088 22.059862385237523 1.000000370434496
    vertex 7.647493472901842 22.02790716533593 1.0000003701584825
  endloop
endfacet
facet normal -1.638711929751539e-08 1.9415811166632385e-09 0.9999999999999998
  outer loop
    vertex 10.23882137875254 20.086135862492853 1.0000004068007236
    vertex 7.647493472901842 22.02790716533593 1.0000003701584825
    vertex 7.624592912880813 21.992975091384395 1.000000369829633
  endloop
endfacet
facet normal -1.638711929751539e-08 1.9415811166632385e-09 0.9999999999999998
  outer loop
    vertex 10.23882137875254 20.086135862492853 1.0000004068007236
    vertex 7.624592912880813 21.992975091384395 1.000000369829633
    vertex 7.598189054432246 21.954581732627698 1.0000003694483943
  endloop
endfacet
facet normal -1.638711929751539e-08 1.9415811166632385e-09 0.9999999999999998
  outer loop
    vertex 10.23882137875254 20.086135862492853 1.0000004068007236
    vertex 7.598189054432246 21.954581732627698 1.0000003694483943
    vertex 7.568276866897338 21.91224265831056 1.0000003690152284
  endloop
endfacet
facet normal -1.638711929751539e-08 1.9415811166632385e-09 0.9999999999999998
  outer loop
    vertex 10.23882137875254 20.086135862492853 1.0000004068007236
    vertex 7.568276866897338 21.91224265831056 1.0000003690152284
    vertex 6.719410679876253 20.726445242758857 1.0000003567051499
  endloop
endfacet
facet normal -1.638711929751539e-08 1.9415811166632385e-09 0.9999999999999998
  outer loop
    vertex 10.23882137875254 20.086135862492853 1.0000004068007236
    vertex 6.719410679876253 20.726445242758857 1.0000003567051499
    vertex 7.769410679876116 19.25977857588023 1.0000003751504782
  endloop
endfacet
facet normal -1.638711929751539e-08 1.9415811166632385e-09 0.9999999999999998
  outer loop
    vertex 10.23882137875254 20.086135862492853 1.0000004068007236
    vertex 7.769410679876116 19.25977857588023 1.0000003751504782
    vertex 9.52490963247875 19.259778577428275 1.0000004276863415
  endloop
endfacet
facet normal -0.9454194302430114 -0.32585595117931987 -1.4857083131481987e-08
  outer loop
    vertex 4.843595690764977 22.116779985911833 1.0000003254242373
    vertex 4.834657799511615 22.142711236410495 14.714658758276366
    vertex 4.83465801786643 22.14271122819511 1.0000003252552494
  endloop
endfacet
facet normal -0.9454194302430114 -0.32585595117931987 -1.4857083131481987e-08
  outer loop
    vertex 4.834657799511615 22.142711236410495 14.714658758276366
    vertex 4.843595690764977 22.116779985911833 1.0000003254242373
    vertex 4.843595472267821 22.11677999413287 14.723596431290314
  endloop
endfacet
facet normal 2.9367195553968024e-10 -1.0 4.977054898653461e-09
  outer loop
    vertex 5.986203858718845 24.1004209228106 15.866204856011343
    vertex 2.2999998023112846 24.10042090338162 12.180000682572862
    vertex 5.986203917532263 24.10042090446416 12.180000738632147
  endloop
endfacet
facet normal 0.8131086863075093 0.5821119001113756 1.263718984776862e-08
  outer loop
    vertex 6.719410445847878 20.726445250999017 15.699411449240351
    vertex 7.769410679876116 19.25977857588023 1.0000003751504782
    vertex 6.719410679876253 20.726445242758857 1.0000003567051499
  endloop
endfacet
facet normal 0.8131086863075093 0.5821119001113756 1.263718984776862e-08
  outer loop
    vertex 7.769410679876116 19.25977857588023 1.0000003751504782
    vertex 6.719410445847878 20.726445250999017 15.699411449240351
    vertex 7.769410473940089 19.259778582037185 13.935499730532344
  endloop
endfacet
facet normal 0.8131086863075093 0.5821119001113756 1.263718984776862e-08
  outer loop
    vertex 7.769410473940089 19.259778582037185 13.935499730532344
    vertex 6.719410445847878 20.726445250999017 15.699411449240351
    vertex 7.1778137603992445 20.086135868808388 15.241008148598748
  endloop
endfacet
facet normal -0.8376274335541896 0.5462419633801685 -1.366340924437481e-08
  outer loop
    vertex 4.887947284152995 22.353444632859205 1.0000003258594636
    vertex 4.910131594185082 22.387463211334172 14.790132555592097
    vertex 4.910131813741575 22.38746320307058 1.000000326170298
  endloop
endfacet
facet normal -0.8376274335541896 0.5462419633801685 -1.366340924437481e-08
  outer loop
    vertex 4.910131594185082 22.387463211334172 14.790132555592097
    vertex 4.887947284152995 22.353444632859205 1.0000003258594636
    vertex 4.8879470649496914 22.353444641108588 14.767948025618177
  endloop
endfacet
facet normal 0.2050708284278992 0.9787471355400714 2.687463398377084e-09
  outer loop
    vertex 6.296318532783025 24.098541615394414 12.180000744558784
    vertex 6.3232267416880115 24.092903735654648 1.0000003466110523
    vertex 6.296318710782107 24.098541608797646 1.0000003461792555
  endloop
endfacet
facet normal 0.2050708284278992 0.9787471355400714 2.687463398377084e-09
  outer loop
    vertex 6.3232267416880115 24.092903735654648 1.0000003466110523
    vertex 6.296318532783025 24.098541615394414 12.180000744558784
    vertex 6.323226563688946 24.092903742251433 12.18000074501602
  endloop
endfacet
facet normal -0.756714486820095 0.653745505098582 -1.2146499236666465e-08
  outer loop
    vertex 9.52490963247875 19.259778577428275 1.0000004276863415
    vertex 10.238821201485962 20.086135865028496 12.180000804694192
    vertex 10.23882137875254 20.086135862492853 1.0000004068007236
  endloop
endfacet
facet normal -0.756714486820095 0.653745505098582 -1.2146499236666465e-08
  outer loop
    vertex 10.238821201485962 20.086135865028496 12.180000804694192
    vertex 9.52490963247875 19.259778577428275 1.0000004276863415
    vertex 9.524909455212171 19.25977857996393 12.180000825579839
  endloop
endfacet
facet normal 0.32968283287942496 0.9440917485629228 4.691884865827301e-09
  outer loop
    vertex 6.323226563688946 24.092903742251433 12.18000074501602
    vertex 6.350134772593927 24.083507280416306 1.0000003470481966
    vertex 6.3232267416880115 24.092903735654648 1.0000003466110523
  endloop
endfacet
facet normal 0.32968283287942496 0.9440917485629228 4.691884865827301e-09
  outer loop
    vertex 6.350134772593927 24.083507280416306 1.0000003470481966
    vertex 6.323226563688946 24.092903742251433 12.18000074501602
    vertex 6.350134594594862 24.083507287013074 12.180000745502387
  endloop
endfacet
facet normal 0.9110977250923382 -0.4121904114988191 1.475276693161137e-08
  outer loop
    vertex 7.695225450490177 22.116779994132955 14.723596476976168
    vertex 7.682804820296335 22.08932518184443 1.000000370657212
    vertex 7.695225668987356 22.116779985911933 1.0000003708261815
  endloop
endfacet
facet normal 0.9110977250923382 -0.4121904114988191 1.475276693161137e-08
  outer loop
    vertex 7.682804820296335 22.08932518184443 1.000000370657212
    vertex 7.695225450490177 22.116779994132955 14.723596476976168
    vertex 7.682804601601397 22.08932519007339 14.736017325442994
  endloop
endfacet
facet normal -0.5630799595552995 0.8264024196160137 1.4546974230805335e-08
  outer loop
    vertex -2.97041614993887e-07 24.10041994008165 18.17999945159435
    vertex -8.145747374414684 18.550210233068 -5.0076318882804293e-08
    vertex -8.145747473040283 18.550210190446126 4.999999949923694
  endloop
endfacet
facet normal -0.5630799595552995 0.8264024196160137 1.4546974230805335e-08
  outer loop
    vertex -8.145747374414684 18.550210233068 -5.0076318882804293e-08
    vertex -2.97041614993887e-07 24.10041994008165 18.17999945159435
    vertex 1.6919798895287383e-14 24.100420466135976 6.288941339087712e-08
  endloop
endfacet
facet normal -0.5630799595552995 0.8264024196160137 1.4546974230805335e-08
  outer loop
    vertex 1.6919798895287383e-14 24.100420466135976 6.288941339087712e-08
    vertex -2.97041614993887e-07 24.10041994008165 18.17999945159435
    vertex -1.9768871379888252e-07 24.10042003966179 12.180000690428674
  endloop
endfacet
facet normal 0.9454194302421649 -0.3258559511817758 1.5247481206467936e-08
  outer loop
    vertex 7.704163123531098 22.14271123641049 14.714658804245138
    vertex 7.695225668987356 22.116779985911933 1.0000003708261815
    vertex 7.704163341885919 22.142711228195182 1.0000003709409462
  endloop
endfacet
facet normal 0.9454194302421649 -0.3258559511817758 1.5247481206467936e-08
  outer loop
    vertex 7.695225668987356 22.116779985911933 1.0000003708261815
    vertex 7.704163123531098 22.14271123641049 14.714658804245138
    vertex 7.695225450490177 22.116779994132955 14.723596476976168
  endloop
endfacet
facet normal -1.6497796485406983e-15 0.9999999999999998 8.524371551743539e-09
  outer loop
    vertex -8.145747473040283 18.550210190446126 4.999999949923694
    vertex -23.81421333769079 18.55021023306794 -3.3014331279572383e-07
    vertex -23.814213436316386 18.550210190446098 4.999999669856689
  endloop
endfacet
facet normal -1.6497796485406983e-15 0.9999999999999998 8.524371551743539e-09
  outer loop
    vertex -23.81421333769079 18.55021023306794 -3.3014331279572383e-07
    vertex -8.145747473040283 18.550210190446126 4.999999949923694
    vertex -8.145747374414684 18.550210233068 -5.0076318882804293e-08
  endloop
endfacet
facet normal -0.9999999999999999 1.721602874537969e-10 -1.643901260062775e-08
  outer loop
    vertex -1.9768871379888252e-07 24.10042003966179 12.180000690428674
    vertex -2.760183954508832e-07 29.900420212966107 16.979999371646347
    vertex -1.9799200119408055e-07 29.90042037589174 12.179999439630606
  endloop
endfacet
facet normal -0.9999999999999999 1.721602874537969e-10 -1.643901260062775e-08
  outer loop
    vertex -2.760183954508832e-07 29.900420212966107 16.979999371646347
    vertex -1.9768871379888252e-07 24.10042003966179 12.180000690428674
    vertex -2.97041614993887e-07 24.10041994008165 18.17999945159435
  endloop
endfacet
facet normal -0.9999999999999999 1.721602874537969e-10 -1.643901260062775e-08
  outer loop
    vertex -2.760183954508832e-07 29.900420212966107 16.979999371646347
    vertex -2.97041614993887e-07 24.10041994008165 18.17999945159435
    vertex -2.7856448114871313e-07 29.89015396267542 17.136630842026914
  endloop
endfacet
facet normal -0.9999999999999999 1.721602874537969e-10 -1.643901260062775e-08
  outer loop
    vertex -2.7856448114871313e-07 29.89015396267542 17.136630842026914
    vertex -2.97041614993887e-07 24.10041994008165 18.17999945159435
    vertex -2.8106704066388486e-07 29.85953112075785 17.290582327708982
  endloop
endfacet
facet normal -0.9999999999999999 1.721602874537969e-10 -1.643901260062775e-08
  outer loop
    vertex -2.8106704066388486e-07 29.85953112075785 17.290582327708982
    vertex -2.97041614993887e-07 24.10041994008165 18.17999945159435
    vertex -2.8348324998539454e-07 29.809075568626508 17.43921959322284
  endloop
endfacet
facet normal -0.9999999999999999 1.721602874537969e-10 -1.643901260062775e-08
  outer loop
    vertex -2.8348324998539454e-07 29.809075568626508 17.43921959322284
    vertex -2.97041614993887e-07 24.10041994008165 18.17999945159435
    vertex -2.857716922655129e-07 29.739650614577318 17.579999475292617
  endloop
endfacet
facet normal -0.9999999999999999 1.721602874537969e-10 -1.643901260062775e-08
  outer loop
    vertex -2.857716922655129e-07 29.739650614577318 17.579999475292617
    vertex -2.97041614993887e-07 24.10041994008165 18.17999945159435
    vertex -2.878932630290265e-07 29.652444138805595 17.71051319113813
  endloop
endfacet
facet normal -0.9999999999999999 1.721602874537969e-10 -1.643901260062775e-08
  outer loop
    vertex -2.878932630290265e-07 29.652444138805595 17.71051319113813
    vertex -2.97041614993887e-07 24.10041994008165 18.17999945159435
    vertex -2.8981161290797527e-07 29.54894826826927 17.828527614927076
  endloop
endfacet
facet normal -0.9999999999999999 1.721602874537969e-10 -1.643901260062775e-08
  outer loop
    vertex -2.8981161290797527e-07 29.54894826826927 17.828527614927076
    vertex -2.97041614993887e-07 24.10041994008165 18.17999945159435
    vertex -2.91493985171698e-07 29.43093384598306 17.932023487176966
  endloop
endfacet
facet normal -0.9999999999999999 1.721602874537969e-10 -1.643901260062775e-08
  outer loop
    vertex -2.91493985171698e-07 29.43093384598306 17.932023487176966
    vertex -2.97041614993887e-07 24.10041994008165 18.17999945159435
    vertex -2.9291157104260886e-07 29.300420131403676 18.01922996484367
  endloop
endfacet
facet normal -0.9999999999999999 1.721602874537969e-10 -1.643901260062775e-08
  outer loop
    vertex -2.9291157104260886e-07 29.300420131403676 18.01922996484367
    vertex -2.97041614993887e-07 24.10041994008165 18.17999945159435
    vertex -2.940401075290921e-07 29.159640250341976 18.08865492093701
  endloop
endfacet
facet normal -0.9999999999999999 1.721602874537969e-10 -1.643901260062775e-08
  outer loop
    vertex -2.940401075290921e-07 29.159640250341976 18.08865492093701
    vertex -2.97041614993887e-07 24.10041994008165 18.17999945159435
    vertex -2.9486027222080933e-07 29.011002985560726 18.139110475226516
  endloop
endfacet
facet normal -0.9999999999999999 1.721602874537969e-10 -1.643901260062775e-08
  outer loop
    vertex -2.9486027222080933e-07 29.011002985560726 18.139110475226516
    vertex -2.97041614993887e-07 24.10041994008165 18.17999945159435
    vertex -2.953581147435713e-07 28.857051561834925 18.169733319201416
  endloop
endfacet
facet normal -0.9999999999999999 1.721602874537969e-10 -1.643901260062775e-08
  outer loop
    vertex -2.953581147435713e-07 28.857051561834925 18.169733319201416
    vertex -2.97041614993887e-07 24.10041994008165 18.17999945159435
    vertex -2.995317581966361e-07 28.700420130671162 18.17999948759191
  endloop
endfacet
facet normal 0.8570405904858855 0.5152488973880528 1.3336469943872858e-08
  outer loop
    vertex 7.650873856396 22.353444641108673 14.767948069900156
    vertex 7.6696207053244345 22.322262377660838 1.0000003701885143
    vertex 7.650874075599327 22.353444632859276 1.0000003698533113
  endloop
endfacet
facet normal 0.8570405904858855 0.5152488973880528 1.3336469943872858e-08
  outer loop
    vertex 7.6696207053244345 22.322262377660838 1.0000003701885143
    vertex 7.650873856396 22.353444641108673 14.767948069900156
    vertex 7.669620486419663 22.322262385898277 14.749201440440398
  endloop
endfacet
facet normal 7.286498000306821e-09 1.552149703268438e-09 -1.0
  outer loop
    vertex 13.509294115484673 21.541382009278912 -2.1888844394364644e-07
    vertex 1.6919798895287383e-14 24.100420466135976 6.288941339087712e-08
    vertex 13.509293948622 24.10042095589858 1.9838488306831282e-07
  endloop
endfacet
facet normal 7.286498000306821e-09 1.552149703268438e-09 -1.0
  outer loop
    vertex 1.6919798895287383e-14 24.100420466135976 6.288941339087712e-08
    vertex 13.509294115484673 21.541382009278912 -2.1888844394364644e-07
    vertex -8.145747374414684 18.550210233068 -5.0076318882804293e-08
  endloop
endfacet
facet normal 7.286498000306821e-09 1.552149703268438e-09 -1.0
  outer loop
    vertex -8.145747374414684 18.550210233068 -5.0076318882804293e-08
    vertex 13.509294115484673 21.541382009278912 -2.1888844394364644e-07
    vertex 13.809294115484605 21.54138200377691 -2.3207996099271238e-07
  endloop
endfacet
facet normal 7.286498000306821e-09 1.552149703268438e-09 -1.0
  outer loop
    vertex -8.145747374414684 18.550210233068 -5.0076318882804293e-08
    vertex 13.809294115484605 21.54138200377691 -2.3207996099271238e-07
    vertex 15.3968438781171 18.72562782537928 -1.626664721624429e-07
  endloop
endfacet
facet normal 7.286498000306821e-09 1.552149703268438e-09 -1.0
  outer loop
    vertex -8.145747374414684 18.550210233068 -5.0076318882804293e-08
    vertex 15.3968438781171 18.72562782537928 -1.626664721624429e-07
    vertex 20.162768579598893 18.725627825379195 -8.70106252214174e-08
  endloop
endfacet
facet normal 7.286498000306821e-09 1.552149703268438e-09 -1.0
  outer loop
    vertex 23.01970775104042 17.94668782537967 -3.5741772887785426e-08
    vertex 20.162768579598893 18.725627825379195 -8.70106252214174e-08
    vertex 22.999380218117093 18.725627825379636 -4.198227180543221e-08
  endloop
endfacet
facet normal 7.286498000306821e-09 1.552149703268438e-09 -1.0
  outer loop
    vertex 20.162768579598893 18.725627825379195 -8.70106252214174e-08
    vertex 23.01970775104042 17.94668782537967 -3.5741772887785426e-08
    vertex -8.145747374414684 18.550210233068 -5.0076318882804293e-08
  endloop
endfacet
facet normal 7.286498000306821e-09 1.552149703268438e-09 -1.0
  outer loop
    vertex -8.145747374414684 18.550210233068 -5.0076318882804293e-08
    vertex 23.01970775104042 17.94668782537967 -3.5741772887785426e-08
    vertex -23.81421333769079 18.55021023306794 -3.3014331279572383e-07
  endloop
endfacet
facet normal 7.286498000306821e-09 1.552149703268438e-09 -1.0
  outer loop
    vertex -23.81421333769079 18.55021023306794 -3.3014331279572383e-07
    vertex 23.01970775104042 17.94668782537967 -3.5741772887785426e-08
    vertex 13.509294061176996 17.94668802374376 -1.1371230256993866e-07
  endloop
endfacet
facet normal 7.286498000306821e-09 1.552149703268438e-09 -1.0
  outer loop
    vertex 13.509294061176996 17.94668802374376 -1.1371230256993866e-07
    vertex 23.01970775104042 17.94668782537967 -3.5741772887785426e-08
    vertex 18.25378304955876 17.94668782537967 -1.1139646407546033e-07
  endloop
endfacet
facet normal 7.286498000306821e-09 1.552149703268438e-09 -1.0
  outer loop
    vertex 23.01970774117711 5.374792884934911 -3.034833626093418e-08
    vertex 20.16276857206878 6.15373288493448 -7.815949443475588e-08
    vertex 22.99938021058703 6.153732884934821 -3.313114101877238e-08
  endloop
endfacet
facet normal 7.286498000306821e-09 1.552149703268438e-09 -1.0
  outer loop
    vertex 20.16276857206878 6.15373288493448 -7.815949443475588e-08
    vertex 23.01970774117711 5.374792884934911 -3.034833626093418e-08
    vertex -8.145747374414668 5.550210233067957 -2.3406704979753871e-07
  endloop
endfacet
facet normal 7.286498000306821e-09 1.552149703268438e-09 -1.0
  outer loop
    vertex -8.145747374414668 5.550210233067957 -2.3406704979753871e-07
    vertex 23.01970774117711 5.374792884934911 -3.034833626093418e-08
    vertex 13.509294051313718 5.374793075563253 -1.1289853017841373e-07
  endloop
endfacet
facet normal 7.286498000306821e-09 1.552149703268438e-09 -1.0
  outer loop
    vertex 13.509294051313718 5.374793075563253 -1.1289853017841373e-07
    vertex 23.01970774117711 5.374792884934911 -3.034833626093418e-08
    vertex 18.25378303969549 5.374792884934951 -1.0600302744860824e-07
  endloop
endfacet
facet normal 7.286498000306821e-09 1.552149703268438e-09 -1.0
  outer loop
    vertex 13.509294051313718 5.374793075563253 -1.1289853017841373e-07
    vertex 2.8199664825478975e-15 0.0 0.0
    vertex -8.145747374414668 5.550210233067957 -2.3406704979753871e-07
  endloop
endfacet
facet normal 7.286498000306821e-09 1.552149703268438e-09 -1.0
  outer loop
    vertex 2.8199664825478975e-15 0.0 0.0
    vertex 13.509294051313718 5.374793075563253 -1.1289853017841373e-07
    vertex 13.509294390318804 4.880134619078546e-07 2.053703442948403e-07
  endloop
endfacet
facet normal 7.286498000306821e-09 1.552149703268438e-09 -1.0
  outer loop
    vertex 13.509294061176996 17.94668802374376 -1.1371230256993866e-07
    vertex -25.00000000000005 17.364423570758774 -3.7101886872241324e-07
    vertex -23.81421333769079 18.55021023306794 -3.3014331279572383e-07
  endloop
endfacet
facet normal 7.286498000306821e-09 1.552149703268438e-09 -1.0
  outer loop
    vertex -25.00000000000005 17.364423570758774 -3.7101886872241324e-07
    vertex 13.509294061176996 17.94668802374376 -1.1371230256993866e-07
    vertex 13.509294107954442 8.96948707285758 -2.1330316884813373e-07
  endloop
endfacet
facet normal 7.286498000306821e-09 1.552149703268438e-09 -1.0
  outer loop
    vertex -25.00000000000005 17.364423570758774 -3.7101886872241324e-07
    vertex 13.509294107954442 8.96948707285758 -2.1330316884813373e-07
    vertex -24.99999999999998 6.735996895377127 -5.683707172805929e-07
  endloop
endfacet
facet normal 7.286498000306821e-09 1.552149703268438e-09 -1.0
  outer loop
    vertex -24.99999999999998 6.735996895377127 -5.683707172805929e-07
    vertex 13.509294107954442 8.96948707285758 -2.1330316884813373e-07
    vertex 13.809294107954459 8.969487063331997 -2.2322883020605306e-07
  endloop
endfacet
facet normal 7.286498000306821e-09 1.552149703268438e-09 -1.0
  outer loop
    vertex -24.99999999999998 6.735996895377127 -5.683707172805929e-07
    vertex 13.809294107954459 8.969487063331997 -2.2322883020605306e-07
    vertex 15.396843870586892 6.153732884934531 -1.5381534137578153e-07
  endloop
endfacet
facet normal 7.286498000306821e-09 1.552149703268438e-09 -1.0
  outer loop
    vertex -24.99999999999998 6.735996895377127 -5.683707172805929e-07
    vertex 15.396843870586892 6.153732884934531 -1.5381534137578153e-07
    vertex -23.81421333769083 5.550210233067943 -5.447828524622363e-07
  endloop
endfacet
facet normal 7.286498000306821e-09 1.552149703268438e-09 -1.0
  outer loop
    vertex -23.81421333769083 5.550210233067943 -5.447828524622363e-07
    vertex 15.396843870586892 6.153732884934531 -1.5381534137578153e-07
    vertex 20.16276857206878 6.15373288493448 -7.815949443475588e-08
  endloop
endfacet
facet normal 7.286498000306821e-09 1.552149703268438e-09 -1.0
  outer loop
    vertex -23.81421333769083 5.550210233067943 -5.447828524622363e-07
    vertex 20.16276857206878 6.15373288493448 -7.815949443475588e-08
    vertex -8.145747374414668 5.550210233067957 -2.3406704979753871e-07
  endloop
endfacet
facet normal -0.7071067811865344 0.7071067811865609 -7.920122856632706e-09
  outer loop
    vertex -23.814213436316386 18.550210190446098 4.999999669856689
    vertex -25.00000000000005 17.364423570758774 -3.7101886872241324e-07
    vertex -25.000000098625648 17.36442352813688 4.999999628981141
  endloop
endfacet
facet normal -0.7071067811865344 0.7071067811865609 -7.920122856632706e-09
  outer loop
    vertex -25.00000000000005 17.364423570758774 -3.7101886872241324e-07
    vertex -23.814213436316386 18.550210190446098 4.999999669856689
    vertex -23.81421333769079 18.55021023306794 -3.3014331279572383e-07
  endloop
endfacet
facet normal 0.756714486820236 0.6537455050984184 1.1849952280248666e-08
  outer loop
    vertex 2.2999998023113526 20.08613586502848 12.180000678537168
    vertex 3.0139117258514 19.25977857742821 1.0000003039502718
    vertex 2.299999979577869 20.086135862492842 1.0000002806436832
  endloop
endfacet
facet normal 0.756714486820236 0.6537455050984184 1.1849952280248666e-08
  outer loop
    vertex 3.0139117258514 19.25977857742821 1.0000003039502718
    vertex 2.2999998023113526 20.08613586502848 12.180000678537168
    vertex 3.0139115485848724 19.2597785799639 12.180000701843777
  endloop
endfacet
facet normal 0.6635003808627772 -0.7481759449453999 8.85253449963283e-08
  outer loop
    vertex 13.829621634739754 2.5590386946768704 9.010413250407382
    vertex 14.452049891316806 3.111023109381505 9.866306000641957
    vertex 13.829621607945807 2.5590386985391866 9.243877672851363
  endloop
endfacet
facet normal 0.6635003808627772 -0.7481759449453999 8.85253449963283e-08
  outer loop
    vertex 14.452049891316806 3.111023109381505 9.866306000641957
    vertex 13.829621634739754 2.5590386946768704 9.010413250407382
    vertex 15.417171258143943 3.9669157948208165 9.010413290512183
  endloop
endfacet
facet normal -0.8547767315771927 -0.5189958951226988 -1.3298169738518347e-08
  outer loop
    vertex 4.89132788685048 22.02790716533586 1.0000003262719606
    vertex 4.871925375650154 22.05986239347664 14.751926335514728
    vertex 4.871925594598234 22.059862385237437 1.00000032593198
  endloop
endfacet
facet normal -0.8547767315771927 -0.5189958951226988 -1.3298169738518347e-08
  outer loop
    vertex 4.871925375650154 22.05986239347664 14.751926335514728
    vertex 4.89132788685048 22.02790716533586 1.0000003262719606
    vertex 4.891327667593444 22.027907173587426 14.771328628041902
  endloop
endfacet
facet normal -1.592050921721133e-08 1.104619005228863e-09 0.9999999999999998
  outer loop
    vertex 2.299999979577824 24.100420900846057 1.0000002846793534
    vertex 6.242502648970231 24.098541608797646 1.0000003451903736
    vertex 6.269410679876181 24.100420899845318 1.000000345752804
  endloop
endfacet
facet normal -1.592050921721133e-08 1.104619005228863e-09 0.9999999999999998
  outer loop
    vertex 6.242502648970231 24.098541608797646 1.0000003451903736
    vertex 2.299999979577824 24.100420900846057 1.0000002846793534
    vertex 6.215594618064332 24.092903735654648 1.0000003447678838
  endloop
endfacet
facet normal -1.592050921721133e-08 1.104619005228863e-09 0.9999999999999998
  outer loop
    vertex 6.215594618064332 24.092903735654648 1.0000003447678838
    vertex 2.299999979577824 24.100420900846057 1.0000002846793534
    vertex 6.188686587158401 24.083507280416306 1.0000003443507395
  endloop
endfacet
facet normal -1.592050921721133e-08 1.104619005228863e-09 0.9999999999999998
  outer loop
    vertex 6.188686587158401 24.083507280416306 1.0000003443507395
    vertex 2.299999979577824 24.100420900846057 1.0000002846793534
    vertex 6.1617785562524965 24.07035224308267 1.0000003439389378
  endloop
endfacet
facet normal -1.592050921721133e-08 1.104619005228863e-09 0.9999999999999998
  outer loop
    vertex 6.1617785562524965 24.07035224308267 1.0000003439389378
    vertex 2.299999979577824 24.100420900846057 1.0000002846793534
    vertex 6.134870525346564 24.053438623653655 1.0000003435324847
  endloop
endfacet
facet normal -1.592050921721133e-08 1.104619005228863e-09 0.9999999999999998
  outer loop
    vertex 6.134870525346564 24.053438623653655 1.0000003435324847
    vertex 2.299999979577824 24.100420900846057 1.0000002846793534
    vertex 6.107962494440637 24.032766422129317 1.000000343131376
  endloop
endfacet
facet normal -1.592050921721133e-08 1.104619005228863e-09 0.9999999999999998
  outer loop
    vertex 6.107962494440637 24.032766422129317 1.000000343131376
    vertex 2.299999979577824 24.100420900846057 1.0000002846793534
    vertex 6.08105446353471 24.0083356385096 1.0000003427356166
  endloop
endfacet
facet normal -1.592050921721133e-08 1.104619005228863e-09 0.9999999999999998
  outer loop
    vertex 6.08105446353471 24.0083356385096 1.0000003427356166
    vertex 2.299999979577824 24.100420900846057 1.0000002846793534
    vertex 2.299999979577869 20.086135862492842 1.0000002806436832
  endloop
endfacet
facet normal -1.592050921721133e-08 1.104619005228863e-09 0.9999999999999998
  outer loop
    vertex 6.08105446353471 24.0083356385096 1.0000003427356166
    vertex 2.299999979577869 20.086135862492842 1.0000002806436832
    vertex 6.054146432628789 23.980146272794578 1.0000003423452017
  endloop
endfacet
facet normal -1.592050921721133e-08 1.104619005228863e-09 0.9999999999999998
  outer loop
    vertex 6.054146432628789 23.980146272794578 1.0000003423452017
    vertex 2.299999979577869 20.086135862492842 1.0000002806436832
    vertex 6.027238401722874 23.948198324984194 1.0000003419601284
  endloop
endfacet
facet normal -1.592050921721133e-08 1.104619005228863e-09 0.9999999999999998
  outer loop
    vertex 6.027238401722874 23.948198324984194 1.0000003419601284
    vertex 2.299999979577869 20.086135862492842 1.0000002806436832
    vertex 6.0003303708169415 23.912491795078484 1.0000003415804009
  endloop
endfacet
facet normal -1.592050921721133e-08 1.104619005228863e-09 0.9999999999999998
  outer loop
    vertex 6.0003303708169415 23.912491795078484 1.0000003415804009
    vertex 2.299999979577869 20.086135862492842 1.0000002806436832
    vertex 4.964794449874004 22.465947011553357 1.0000003269420912
  endloop
endfacet
facet normal -1.592050921721133e-08 1.104619005228863e-09 0.9999999999999998
  outer loop
    vertex 4.964794449874004 22.465947011553357 1.0000003269420912
    vertex 2.299999979577869 20.086135862492842 1.0000002806436832
    vertex 4.935749212534816 22.424802519050207 1.000000326531377
  endloop
endfacet
facet normal -1.592050921721133e-08 1.104619005228863e-09 0.9999999999999998
  outer loop
    vertex 4.935749212534816 22.424802519050207 1.000000326531377
    vertex 2.299999979577869 20.086135862492842 1.0000002806436832
    vertex 4.910131813741575 22.38746320307058 1.000000326170298
  endloop
endfacet
facet normal -1.592050921721133e-08 1.104619005228863e-09 0.9999999999999998
  outer loop
    vertex 4.910131813741575 22.38746320307058 1.000000326170298
    vertex 2.299999979577869 20.086135862492842 1.0000002806436832
    vertex 4.887947284152995 22.353444632859205 1.0000003258594636
  endloop
endfacet
facet normal -1.592050921721133e-08 1.104619005228863e-09 0.9999999999999998
  outer loop
    vertex 4.887947284152995 22.353444632859205 1.0000003258594636
    vertex 2.299999979577869 20.086135862492842 1.0000002806436832
    vertex 4.869200654427899 22.322262377660756 1.000000325599488
  endloop
endfacet
facet normal -1.592050921721133e-08 1.104619005228863e-09 0.9999999999999998
  outer loop
    vertex 4.869200654427899 22.322262377660756 1.000000325599488
    vertex 2.299999979577869 20.086135862492842 1.0000002806436832
    vertex 4.853896955225036 22.29343200672009 1.0000003253909822
  endloop
endfacet
facet normal -1.592050921721133e-08 1.104619005228863e-09 0.9999999999999998
  outer loop
    vertex 4.853896955225036 22.29343200672009 1.0000003253909822
    vertex 2.299999979577869 20.086135862492842 1.0000002806436832
    vertex 4.842041217203186 22.26646908928195 1.0000003252345624
  endloop
endfacet
facet normal -1.592050921721133e-08 1.104619005228863e-09 0.9999999999999998
  outer loop
    vertex 4.842041217203186 22.26646908928195 1.0000003252345624
    vertex 2.299999979577869 20.086135862492842 1.0000002806436832
    vertex 4.833638471021151 22.240889194591038 1.0000003251308425
  endloop
endfacet
facet normal -1.592050921721133e-08 1.104619005228863e-09 0.9999999999999998
  outer loop
    vertex 4.833638471021151 22.240889194591038 1.0000003251308425
    vertex 2.299999979577869 20.086135862492842 1.0000002806436832
    vertex 4.828693747337674 22.21620789189214 1.000000325080441
  endloop
endfacet
facet normal -1.592050921721133e-08 1.104619005228863e-09 0.9999999999999998
  outer loop
    vertex 4.828693747337674 22.21620789189214 1.000000325080441
    vertex 2.299999979577869 20.086135862492842 1.0000002806436832
    vertex 4.827212076811524 22.19194075043001 1.0000003250839646
  endloop
endfacet
facet normal -1.592050921721133e-08 1.104619005228863e-09 0.9999999999999998
  outer loop
    vertex 4.827212076811524 22.19194075043001 1.0000003250839646
    vertex 2.299999979577869 20.086135862492842 1.0000002806436832
    vertex 4.829198490101518 22.167603339449418 1.0000003251420295
  endloop
endfacet
facet normal -1.592050921721133e-08 1.104619005228863e-09 0.9999999999999998
  outer loop
    vertex 4.829198490101518 22.167603339449418 1.0000003251420295
    vertex 2.299999979577869 20.086135862492842 1.0000002806436832
    vertex 4.83465801786643 22.14271122819511 1.0000003252552494
  endloop
endfacet
facet normal -1.592050921721133e-08 1.104619005228863e-09 0.9999999999999998
  outer loop
    vertex 4.83465801786643 22.14271122819511 1.0000003252552494
    vertex 2.299999979577869 20.086135862492842 1.0000002806436832
    vertex 4.843595690764977 22.116779985911833 1.0000003254242373
  endloop
endfacet
facet normal -1.592050921721133e-08 1.104619005228863e-09 0.9999999999999998
  outer loop
    vertex 4.843595690764977 22.116779985911833 1.0000003254242373
    vertex 2.299999979577869 20.086135862492842 1.0000002806436832
    vertex 4.856016539456015 22.08932518184436 1.000000325649609
  endloop
endfacet
facet normal -1.592050921721133e-08 1.104619005228863e-09 0.9999999999999998
  outer loop
    vertex 4.856016539456015 22.08932518184436 1.000000325649609
    vertex 2.299999979577869 20.086135862492842 1.0000002806436832
    vertex 4.871925594598234 22.059862385237437 1.00000032593198
  endloop
endfacet
facet normal -1.592050921721133e-08 1.104619005228863e-09 0.9999999999999998
  outer loop
    vertex 4.871925594598234 22.059862385237437 1.00000032593198
    vertex 2.299999979577869 20.086135862492842 1.0000002806436832
    vertex 4.89132788685048 22.02790716533586 1.0000003262719606
  endloop
endfacet
facet normal -1.592050921721133e-08 1.104619005228863e-09 0.9999999999999998
  outer loop
    vertex 4.89132788685048 22.02790716533586 1.0000003262719606
    vertex 2.299999979577869 20.086135862492842 1.0000002806436832
    vertex 4.914228446871508 21.992975091384324 1.0000003266701663
  endloop
endfacet
facet normal -1.592050921721133e-08 1.104619005228863e-09 0.9999999999999998
  outer loop
    vertex 4.914228446871508 21.992975091384324 1.0000003266701663
    vertex 2.299999979577869 20.086135862492842 1.0000002806436832
    vertex 4.9406323053200705 21.954581732627606 1.000000327127209
  endloop
endfacet
facet normal -1.592050921721133e-08 1.104619005228863e-09 0.9999999999999998
  outer loop
    vertex 4.9406323053200705 21.954581732627606 1.000000327127209
    vertex 2.299999979577869 20.086135862492842 1.0000002806436832
    vertex 4.970544492854995 21.912242658310497 1.0000003276437064
  endloop
endfacet
facet normal -1.592050921721133e-08 1.104619005228863e-09 0.9999999999999998
  outer loop
    vertex 4.970544492854995 21.912242658310497 1.0000003276437064
    vertex 2.299999979577869 20.086135862492842 1.0000002806436832
    vertex 5.819410679876266 20.726445242759002 1.0000003422837715
  endloop
endfacet
facet normal -1.592050921721133e-08 1.104619005228863e-09 0.9999999999999998
  outer loop
    vertex 5.819410679876266 20.726445242759002 1.0000003422837715
    vertex 2.299999979577869 20.086135862492842 1.0000002806436832
    vertex 4.769410679876116 19.259778575880144 1.0000003273932778
  endloop
endfacet
facet normal -1.592050921721133e-08 1.104619005228863e-09 0.9999999999999998
  outer loop
    vertex 4.769410679876116 19.259778575880144 1.0000003273932778
    vertex 2.299999979577869 20.086135862492842 1.0000002806436832
    vertex 3.0139117258514 19.25977857742821 1.0000003039502718
  endloop
endfacet
facet normal -0.8245918743430058 0.5657280625596437 -1.3467579505571715e-08
  outer loop
    vertex 4.910131813741575 22.38746320307058 1.000000326170298
    vertex 4.935748992570516 22.42480252733016 14.815749954828345
    vertex 4.935749212534816 22.424802519050207 1.000000326531377
  endloop
endfacet
facet normal -0.8245918743430058 0.5657280625596437 -1.3467579505571715e-08
  outer loop
    vertex 4.935748992570516 22.42480252733016 14.815749954828345
    vertex 4.910131813741575 22.38746320307058 1.000000326170298
    vertex 4.910131594185082 22.387463211334172 14.790132555592097
  endloop
endfacet
facet normal -0.883273516897533 0.46885807484511055 -1.4343730536527432e-08
  outer loop
    vertex 4.853896955225036 22.29343200672009 1.0000003253909822
    vertex 4.869200435523093 22.32226238589818 14.749201395565045
    vertex 4.869200654427899 22.322262377660756 1.000000325599488
  endloop
endfacet
facet normal -0.883273516897533 0.46885807484511055 -1.4343730536527432e-08
  outer loop
    vertex 4.869200435523093 22.32226238589818 14.749201395565045
    vertex 4.853896955225036 22.29343200672009 1.0000003253909822
    vertex 4.853896736563888 22.293432014947683 14.733897696090988
  endloop
endfacet
facet normal 0.8245918743432382 0.5657280625593054 1.2789528123771797e-08
  outer loop
    vertex 7.603071927253177 22.42480252733016 14.815749997597198
    vertex 7.6286895460107464 22.387463203070666 1.0000003694598238
    vertex 7.603072147217517 22.424802519050285 1.0000003690075954
  endloop
endfacet
facet normal 0.8245918743432382 0.5657280625593054 1.2789528123771797e-08
  outer loop
    vertex 7.6286895460107464 22.387463203070666 1.0000003694598238
    vertex 7.603071927253177 22.42480252733016 14.815749997597198
    vertex 7.628689326454292 22.387463211334232 14.79013259917182
  endloop
endfacet
facet normal -0.9966856589762836 -0.0813492298120351 -1.5819777420284487e-08
  outer loop
    vertex 4.829198490101518 22.167603339449418 1.0000003251420295
    vertex 4.827211858575294 22.19194075864058 14.707212817153115
    vertex 4.827212076811524 22.19194075043001 1.0000003250839646
  endloop
endfacet
facet normal -0.9966856589762836 -0.0813492298120351 -1.5819777420284487e-08
  outer loop
    vertex 4.827211858575294 22.19194075864058 14.707212817153115
    vertex 4.829198490101518 22.167603339449418 1.0000003251420295
    vertex 4.829198271833552 22.167603347661313 14.709199230450077
  endloop
endfacet
facet normal 0.7818794788729716 -0.4408312992072573 0.4408313125863133
  outer loop
    vertex 15.417171245658205 17.94668783681021 10.41829038357395
    vertex 14.452049846744236 15.682918001551105 9.866306043523606
    vertex 15.417171268007076 16.538810735265574 9.010413285118757
  endloop
endfacet
facet normal 0.7818794788729716 -0.4408312992072573 0.4408313125863133
  outer loop
    vertex 14.452049846744236 15.682918001551105 9.866306043523606
    vertex 15.417171245658205 17.94668783681021 10.41829038357395
    vertex 15.00403414383659 17.213928116084446 10.418290388521386
  endloop
endfacet
facet normal 0.532171545273042 0.8466365491766245 7.97325224028423e-09
  outer loop
    vertex 6.377042625500761 24.070352249679377 12.180000746017877
    vertex 6.403950834405775 24.053438623653577 1.0000003479385196
    vertex 6.377042803499842 24.070352243082596 1.0000003474906847
  endloop
endfacet
facet normal 0.532171545273042 0.8466365491766245 7.97325224028423e-09
  outer loop
    vertex 6.403950834405775 24.053438623653577 1.0000003479385196
    vertex 6.377042625500761 24.070352249679377 12.180000746017877
    vertex 6.403950656406693 24.053438630250376 12.180000746562465
  endloop
endfacet
facet normal -1.819255487739214e-08 -0.9999999999999998 2.52939988692031e-09
  outer loop
    vertex 13.50929451495069 15.130933627900623 4.244488527317545
    vertex 13.629621611422635 15.130933638983906 9.243877766531677
    vertex 13.50929430313082 15.130933650319383 9.123550456722556
  endloop
endfacet
facet normal -1.819255487739214e-08 -0.9999999999999998 2.52939988692031e-09
  outer loop
    vertex 13.629621611422635 15.130933638983906 9.243877766531677
    vertex 13.50929451495069 15.130933627900623 4.244488527317545
    vertex 13.82962177586399 15.130933630044774 4.244488543532356
  endloop
endfacet
facet normal -1.819255487739214e-08 -0.9999999999999998 2.52939988692031e-09
  outer loop
    vertex 13.629621611422635 15.130933638983906 9.243877766531677
    vertex 13.82962177586399 15.130933630044774 4.244488543532356
    vertex 13.829621617809018 15.130933638983842 9.243877769706486
  endloop
endfacet
facet normal -1.819255487739214e-08 -0.9999999999999998 2.52939988692031e-09
  outer loop
    vertex 13.829621617809018 15.130933638983842 9.243877769706486
    vertex 13.82962177586399 15.130933630044774 4.244488543532356
    vertex 13.829621644602964 15.130933635121492 9.01041324501395
  endloop
endfacet
facet normal -3.512263764181549e-11 0.9999999999999999 -3.6942851461542573e-10
  outer loop
    vertex 7.769410473940089 19.259778582037185 13.935499730532344
    vertex 9.52490963247875 19.259778577428275 1.0000004276863415
    vertex 7.769410679876116 19.25977857588023 1.0000003751504782
  endloop
endfacet
facet normal -3.512263764181549e-11 0.9999999999999999 -3.6942851461542573e-10
  outer loop
    vertex 9.52490963247875 19.259778577428275 1.0000004276863415
    vertex 7.769410473940089 19.259778582037185 13.935499730532344
    vertex 9.524909455212171 19.25977857996393 12.180000825579839
  endloop
endfacet
facet normal 0.9999999999999996 -1.763646363474311e-08 1.6948560204516483e-08
  outer loop
    vertex 6.552617827283593 24.100420922855 15.866204065901146
    vertex 6.552617886096989 23.89275874430498 12.180000750360907
    vertex 6.552617886097001 24.10042090446408 12.1800007477488
  endloop
endfacet
facet normal 0.9999999999999996 -1.763646363474311e-08 1.6948560204516483e-08
  outer loop
    vertex 6.552617886096989 23.89275874430498 12.180000750360907
    vertex 6.552617827283593 24.100420922855 15.866204065901146
    vertex 6.552617819958748 23.892758772538283 15.866204080342143
  endloop
endfacet
facet normal -0.8357060483788894 -0.38832677067144006 0.3883268209676383
  outer loop
    vertex -2.955249608804777e-07 1.2000005121436308 18.179999272385984
    vertex -8.145747473040267 5.5502101904460615 4.99999976593296
    vertex -2.760183672512184e-07 3.188008091292715e-07 16.979999276447057
  endloop
endfacet
facet normal -1.9188165007437084e-08 -1.614262335027012e-08 0.9999999999999997
  outer loop
    vertex -23.814213436316386 18.550210190446098 4.999999669856689
    vertex -8.145747473040267 5.5502101904460615 4.99999976593296
    vertex -8.145747473040283 18.550210190446126 4.999999949923694
  endloop
endfacet
facet normal -1.9188165007437084e-08 -1.614262335027012e-08 0.9999999999999997
  outer loop
    vertex -8.145747473040267 5.5502101904460615 4.99999976593296
    vertex -23.814213436316386 18.550210190446098 4.999999669856689
    vertex -25.000000098625648 17.36442352813688 4.999999628981141
  endloop
endfacet
facet normal -1.9188165007437084e-08 -1.614262335027012e-08 0.9999999999999997
  outer loop
    vertex -8.145747473040267 5.5502101904460615 4.99999976593296
    vertex -25.000000098625648 17.36442352813688 4.999999628981141
    vertex -25.000000098625577 6.735996852755266 4.9999994316292895
  endloop
endfacet
facet normal -1.9188165007437084e-08 -1.614262335027012e-08 0.9999999999999997
  outer loop
    vertex -8.145747473040267 5.5502101904460615 4.99999976593296
    vertex -25.000000098625577 6.735996852755266 4.9999994316292895
    vertex -23.81421343631643 5.550210190446053 4.999999455217149
  endloop
endfacet
facet normal 7.449708478851175e-16 -0.9999999999999998 -8.524373717477842e-09
  outer loop
    vertex -23.81421333769083 5.550210233067943 -5.447828524622363e-07
    vertex -8.145747473040267 5.5502101904460615 4.99999976593296
    vertex -23.81421343631643 5.550210190446053 4.999999455217149
  endloop
endfacet
facet normal 7.449708478851175e-16 -0.9999999999999998 -8.524373717477842e-09
  outer loop
    vertex -8.145747473040267 5.5502101904460615 4.99999976593296
    vertex -23.81421333769083 5.550210233067943 -5.447828524622363e-07
    vertex -8.145747374414668 5.550210233067957 -2.3406704979753871e-07
  endloop
endfacet
facet normal -0.8506490905308663 -4.967516813946025e-09 0.525733891602025
  outer loop
    vertex -8.145747473040267 5.5502101904460615 4.99999976593296
    vertex -2.97041614993887e-07 24.10041994008165 18.17999945159435
    vertex -8.145747473040283 18.550210190446126 4.999999949923694
  endloop
endfacet
facet normal -0.8506490905308663 -4.967516813946025e-09 0.525733891602025
  outer loop
    vertex -2.97041614993887e-07 24.10041994008165 18.17999945159435
    vertex -8.145747473040267 5.5502101904460615 4.99999976593296
    vertex -2.955249608804777e-07 1.2000005121436308 18.179999272385984
  endloop
endfacet
facet normal -0.9999999999999999 9.194563795373519e-11 -1.6301910715058786e-08
  outer loop
    vertex -2.7856447832874663e-07 0.01026666491622401 17.13663070904885
    vertex -2.955249608804777e-07 1.2000005121436308 18.179999272385984
    vertex -2.760183672512184e-07 3.188008091292715e-07 16.979999276447057
  endloop
endfacet
facet normal -0.9999999999999999 9.194563795373519e-11 -1.6301910715058786e-08
  outer loop
    vertex -2.955249608804777e-07 1.2000005121436308 18.179999272385984
    vertex -2.7856447832874663e-07 0.01026666491622401 17.13663070904885
    vertex -2.810669983643876e-07 0.0408895089467455 17.29058213169977
  endloop
endfacet
facet normal -0.9999999999999999 9.194563795373519e-11 -1.6301910715058786e-08
  outer loop
    vertex -2.955249608804777e-07 1.2000005121436308 18.179999272385984
    vertex -2.810669983643876e-07 0.0408895089467455 17.29058213169977
    vertex -2.834832217857297e-07 0.09134506329578253 17.43921939634862
  endloop
endfacet
facet normal -0.9999999999999999 9.194563795373519e-11 -1.6301910715058786e-08
  outer loop
    vertex -2.955249608804777e-07 1.2000005121436308 18.179999272385984
    vertex -2.834832217857297e-07 0.09134506329578253 17.43921939634862
    vertex -2.8577166688581457e-07 0.1607700194526707 17.57999927726058
  endloop
endfacet
facet normal -0.9999999999999999 9.194563795373519e-11 -1.6301910715058786e-08
  outer loop
    vertex -2.955249608804777e-07 1.2000005121436308 18.179999272385984
    vertex -2.8577166688581457e-07 0.1607700194526707 17.57999927726058
    vertex -2.878932320093952e-07 0.24797649718301162 17.710512991669564
  endloop
endfacet
facet normal -0.9999999999999999 9.194563795373519e-11 -1.6301910715058786e-08
  outer loop
    vertex -2.955249608804777e-07 1.2000005121436308 18.179999272385984
    vertex -2.878932320093952e-07 0.24797649718301162 17.710512991669564
    vertex -2.898116100880088e-07 0.35147236949205696 17.82852741376262
  endloop
endfacet
facet normal -0.9999999999999999 9.194563795373519e-11 -1.6301910715058786e-08
  outer loop
    vertex -2.955249608804777e-07 1.2000005121436308 18.179999272385984
    vertex -2.898116100880088e-07 0.35147236949205696 17.82852741376262
    vertex -2.914939964515639e-07 0.4694867933304858 17.932023284081435
  endloop
endfacet
facet normal -0.9999999999999999 9.194563795373519e-11 -1.6301910715058786e-08
  outer loop
    vertex -2.955249608804777e-07 1.2000005121436308 18.179999272385984
    vertex -2.914939964515639e-07 0.4694867933304858 17.932023284081435
    vertex -2.929115287431116e-07 0.6000005092101506 18.019229759610802
  endloop
endfacet
facet normal -0.9999999999999999 9.194563795373519e-11 -1.6301910715058786e-08
  outer loop
    vertex -2.955249608804777e-07 1.2000005121436308 18.179999272385984
    vertex -2.929115287431116e-07 0.6000005092101506 18.019229759610802
    vertex -2.940401075290921e-07 0.7407803912928463 18.088654713393563
  endloop
endfacet
facet normal -0.9999999999999999 9.194563795373519e-11 -1.6301910715058786e-08
  outer loop
    vertex -2.955249608804777e-07 1.2000005121436308 18.179999272385984
    vertex -2.940401075290921e-07 0.7407803912928463 18.088654713393563
    vertex -2.9486030042047415e-07 0.8894176567926244 18.139110265236
  endloop
endfacet
facet normal -0.9999999999999999 9.194563795373519e-11 -1.6301910715058786e-08
  outer loop
    vertex -2.955249608804777e-07 1.2000005121436308 18.179999272385984
    vertex -2.9486030042047415e-07 0.8894176567926244 18.139110265236
    vertex -2.95186559262639e-07 1.043369080913064 18.169733106682326
  endloop
endfacet
facet normal -7.3531982078844706e-09 -7.984452823428039e-09 0.9999999999999998
  outer loop
    vertex -2.995317581966361e-07 28.700420130671162 18.17999948759191
    vertex 21.544680920015082 1.2000005066492985 18.179999426438417
    vertex 21.54468092305121 28.700420599181765 18.179999650384076
  endloop
endfacet
facet normal -7.3531982078844706e-09 -7.984452823428039e-09 0.9999999999999998
  outer loop
    vertex 21.544680920015082 1.2000005066492985 18.179999426438417
    vertex -2.995317581966361e-07 28.700420130671162 18.17999948759191
    vertex -2.97041614993887e-07 24.10041994008165 18.17999945159435
  endloop
endfacet
facet normal -7.3531982078844706e-09 -7.984452823428039e-09 0.9999999999999998
  outer loop
    vertex 21.544680920015082 1.2000005066492985 18.179999426438417
    vertex -2.97041614993887e-07 24.10041994008165 18.17999945159435
    vertex -2.955249608804777e-07 1.2000005121436308 18.179999272385984
  endloop
endfacet
facet normal -0.563079959842663 -0.8264024194202149 4.848960767031783e-09
  outer loop
    vertex -8.145747374414668 5.550210233067957 -2.3406704979753871e-07
    vertex -2.760183672512184e-07 3.188008091292715e-07 16.979999276447057
    vertex -8.145747473040267 5.5502101904460615 4.99999976593296
  endloop
endfacet
facet normal -0.563079959842663 -0.8264024194202149 4.848960767031783e-09
  outer loop
    vertex -2.760183672512184e-07 3.188008091292715e-07 16.979999276447057
    vertex -8.145747374414668 5.550210233067957 -2.3406704979753871e-07
    vertex 2.8199664825478975e-15 0.0 0.0
  endloop
endfacet
facet normal -0.9999999999999999 -3.7090999134752655e-15 -1.9725119238955837e-08
  outer loop
    vertex -25.000000098625577 6.735996852755266 4.9999994316292895
    vertex -25.00000000000005 17.364423570758774 -3.7101886872241324e-07
    vertex -24.99999999999998 6.735996895377127 -5.683707172805929e-07
  endloop
endfacet
facet normal -0.9999999999999999 -3.7090999134752655e-15 -1.9725119238955837e-08
  outer loop
    vertex -25.00000000000005 17.364423570758774 -3.7101886872241324e-07
    vertex -25.000000098625577 6.735996852755266 4.9999994316292895
    vertex -25.000000098625648 17.36442352813688 4.999999628981141
  endloop
endfacet
facet normal -0.7071067811865496 -0.707106781186545 -1.9975407009657323e-08
  outer loop
    vertex -23.81421333769083 5.550210233067943 -5.447828524622363e-07
    vertex -25.000000098625577 6.735996852755266 4.9999994316292895
    vertex -24.99999999999998 6.735996895377127 -5.683707172805929e-07
  endloop
endfacet
facet normal -0.7071067811865496 -0.707106781186545 -1.9975407009657323e-08
  outer loop
    vertex -25.000000098625577 6.735996852755266 4.9999994316292895
    vertex -23.81421333769083 5.550210233067943 -5.447828524622363e-07
    vertex -23.81421343631643 5.550210190446053 4.999999455217149
  endloop
endfacet
facet normal -1.4914908137470895e-08 0.8314696028103487 0.5555702472256779
  outer loop
    vertex 14.797414882823034 60.352864158801 17.710513565655766
    vertex 1.6094124109575687 60.440070722544625 17.57999937059528
    vertex 1.6094124077898466 60.3528642445779 17.71051308484619
  endloop
endfacet
facet normal -1.4914908137470895e-08 0.8314696028103487 0.5555702472256779
  outer loop
    vertex 1.6094124109575687 60.440070722544625 17.57999937059528
    vertex 14.797414882823034 60.352864158801 17.710513565655766
    vertex 14.79741488685668 60.44007063825649 17.57999985239952
  endloop
endfacet
facet normal -0.7313537113844973 -0.6819983495904666 -3.078011536651318e-08
  outer loop
    vertex 17.533341021488322 56.83516373224497 5.2091463015035915
    vertex 16.854398470007606 57.56324067281814 1.407878138771288
    vertex 18.212283706258653 56.10708699185575 1.4078781242357454
  endloop
endfacet
facet normal -3.185597290055732e-08 0.3214394527185075 0.9469301337670195
  outer loop
    vertex 1.6094123973888093 59.711423084191516 18.139110357250246
    vertex 14.797414871137741 59.860060259692695 18.088655280865645
    vertex 1.609412398613312 59.86006034978269 18.088654805677137
  endloop
endfacet
facet normal -3.185597290055732e-08 0.3214394527185075 0.9469301337670195
  outer loop
    vertex 14.797414871137741 59.860060259692695 18.088655280865645
    vertex 1.6094123973888093 59.711423084191516 18.139110357250246
    vertex 14.797414869578558 59.71142299352606 18.139110830743338
  endloop
endfacet
facet normal -2.9362526373901625e-08 0.44228867761804846 0.89687274774679
  outer loop
    vertex 1.609412398613312 59.86006034978269 18.088654805677137
    vertex 14.797414873282737 60.00084014269322 18.019230328943816
    vertex 1.6094124002979373 60.0008402319913 18.01922985214955
  endloop
endfacet
facet normal -2.9362526373901625e-08 0.44228867761804846 0.89687274774679
  outer loop
    vertex 14.797414873282737 60.00084014269322 18.019230328943816
    vertex 1.609412398613312 59.86006034978269 18.088654805677137
    vertex 14.797414871137741 59.860060259692695 18.088655280865645
  endloop
endfacet
facet normal -0.01935875101906673 -0.5543622656669526 -0.8320503092743761
  outer loop
    vertex 18.212283706258653 56.10708699185575 1.4078781242357454
    vertex 16.618406446867557 58.2758493692585 1.0533981268429517e-06
    vertex 21.38142787341036 58.109520927654884 1.1325247151183088e-06
  endloop
endfacet
facet normal 0.19611328249356214 0.6970005262184861 0.6897317209471765
  outer loop
    vertex 22.788447318096257 39.0408757441227 6.173802538122538
    vertex 21.328041770971907 41.10298019513787 4.5052074497652645
    vertex 21.377175914691495 39.695960698937355 5.91308451493858
  endloop
endfacet
facet normal -0.8509021969708316 -0.5253241391657264 -2.8750605028189204e-08
  outer loop
    vertex 12.376503230086875 58.42397978816653 6.173802784409325
    vertex 12.37650331364388 58.423979913659295 1.407878082927657
    vertex 13.709821384413898 56.26431642183695 4.50520766943735
  endloop
endfacet
facet normal 0.19306857573583883 -0.697374904986117 -0.6902121173660596
  outer loop
    vertex 22.788447257600943 58.060386593536755 4.244489894417712
    vertex 21.307726436207076 55.99899158404586 5.913084895659684
    vertex 21.356860683245944 57.40601107972361 4.505207833569695
  endloop
endfacet
facet normal 0.5625418848604328 0.5945256020981079 0.574531057670126
  outer loop
    vertex 22.78844720025157 39.04087566979547 9.010414176640985
    vertex 21.352608684910393 40.39947034743361 9.010414152351842
    vertex 21.401742828629693 38.99245085123309 10.41829121752517
  endloop
endfacet
facet normal -0.225898610222266 -0.8547341641740893 0.4673321372356813
  outer loop
    vertex 21.332293493081607 56.702501231792844 9.010414534614755
    vertex 18.546544040820148 58.208517012444865 10.418291625428798
    vertex 18.261417795324476 57.51410625027853 9.010414502145721
  endloop
endfacet
facet normal -0.24946483981918413 -0.9439019025540449 -0.21637119043172817
  outer loop
    vertex 13.758955582086251 57.67133584337263 5.9130848073472695
    vertex 16.805264114362174 56.1562210140273 9.010414440861245
    vertex 13.734388416605105 56.96782603251303 9.010414408392224
  endloop
endfacet
facet normal -0.24946483981918413 -0.9439019025540449 -0.21637119043172817
  outer loop
    vertex 16.805264114362174 56.1562210140273 9.010414440861245
    vertex 13.758955582086251 57.67133584337263 5.9130848073472695
    vertex 17.533341021488322 56.83516373224497 5.2091463015035915
  endloop
endfacet
facet normal 0.6819983600624935 0.7313537016191733 4.749675109211099e-08
  outer loop
    vertex 16.82557962985547 53.51764570789757 1.4078779669116699
    vertex 17.61273449302345 52.783611696030164 4.900700686599866
    vertex 18.281733291374884 52.15976045079612 1.4078779918262478
  endloop
endfacet
facet normal 0.6819983600624935 0.7313537016191733 4.749675109211099e-08
  outer loop
    vertex 17.61273449302345 52.783611696030164 4.900700686599866
    vertex 16.82557962985547 53.51764570789757 1.4078779669116699
    vertex 17.55365630269389 52.83870297974284 5.209146149368881
  endloop
endfacet
facet normal -0.0246776684998186 -0.7066760118685113 -0.707106800226832
  outer loop
    vertex 21.307726436207076 55.99899158404586 5.913084895659684
    vertex 17.533341021488322 56.83516373224497 5.2091463015035915
    vertex 21.356860683245944 57.40601107972361 4.505207833569695
  endloop
endfacet
facet normal -0.024677700154502047 0.7066760123126425 0.7071067986782382
  outer loop
    vertex 13.803837748354386 51.29902103797386 10.418291223240988
    vertex 16.638721399705148 51.398017356498556 10.418291343607935
    vertex 13.754703604634933 52.70604053417447 9.010414158067634
  endloop
endfacet
facet normal -0.24946484740619232 -0.943901913948663 0.21637113197618563
  outer loop
    vertex 21.307726436207076 55.99899158404586 5.913084895659684
    vertex 17.592419194385045 56.890255015071936 5.5175917677697965
    vertex 17.533341021488322 56.83516373224497 5.2091463015035915
  endloop
endfacet
facet normal -0.24946484740619232 -0.943901913948663 0.21637113197618563
  outer loop
    vertex 17.592419194385045 56.890255015071936 5.5175917677697965
    vertex 21.307726436207076 55.99899158404586 5.913084895659684
    vertex 18.261417795324476 57.51410625027853 9.010414502145721
  endloop
endfacet
facet normal -0.24946484740619232 -0.943901913948663 0.21637113197618563
  outer loop
    vertex 18.261417795324476 57.51410625027853 9.010414502145721
    vertex 21.307726436207076 55.99899158404586 5.913084895659684
    vertex 21.332293493081607 56.702501231792844 9.010414534614755
  endloop
endfacet
facet normal 0.18301385985494528 -0.9590044093950902 0.2163711391608613
  outer loop
    vertex 18.212283706258653 56.10708699185575 1.4078781242357454
    vertex 21.356860683245944 57.40601107972361 4.505207833569695
    vertex 17.533341021488322 56.83516373224497 5.2091463015035915
  endloop
endfacet
facet normal 0.18301385985494528 -0.9590044093950902 0.2163711391608613
  outer loop
    vertex 21.356860683245944 57.40601107972361 4.505207833569695
    vertex 18.212283706258653 56.10708699185575 1.4078781242357454
    vertex 21.33229362637154 56.702501431976756 1.4078781946147458
  endloop
endfacet
facet normal 0.13420850341438695 -0.7032610979274272 -0.6981489137377357
  outer loop
    vertex 21.38142787341036 58.109520927654884 1.1325247151183088e-06
    vertex 21.33229362637154 56.702501431976756 1.4078781946147458
    vertex 18.212283706258653 56.10708699185575 1.4078781242357454
  endloop
endfacet
facet normal 0.6819983495905312 -0.731353711384438 -7.300417624556292e-09
  outer loop
    vertex 17.533341021488322 56.83516373224497 5.2091463015035915
    vertex 18.261417795324476 57.51410625027853 9.010414502145721
    vertex 16.805264114362174 56.1562210140273 9.010414440861245
  endloop
endfacet
facet normal 0.6819983495905312 -0.731353711384438 -7.300417624556292e-09
  outer loop
    vertex 18.261417795324476 57.51410625027853 9.010414502145721
    vertex 17.533341021488322 56.83516373224497 5.2091463015035915
    vertex 17.592419194385045 56.890255015071936 5.5175917677697965
  endloop
endfacet
facet normal -0.7220886561362374 -0.6733585444618917 -0.15867023438416333
  outer loop
    vertex 13.709821384413898 56.26431642183695 4.50520766943735
    vertex 12.37650331364388 58.423979913659295 1.407878082927657
    vertex 13.734388549895142 56.96782623269704 1.4078780683922163
  endloop
endfacet
facet normal -1.908053103510534e-08 0.7518397967138377 0.6593458273753577
  outer loop
    vertex 14.797414879176264 60.249368284932025 17.82852798638078
    vertex 1.6094124077898466 60.3528642445779 17.71051308484619
    vertex 1.609412404926086 60.24936837205499 17.828527506751794
  endloop
endfacet
facet normal -1.908053103510534e-08 0.7518397967138377 0.6593458273753577
  outer loop
    vertex 1.6094124077898466 60.3528642445779 17.71051308484619
    vertex 14.797414879176264 60.249368284932025 17.82852798638078
    vertex 14.797414882823034 60.352864158801 17.710513565655766
  endloop
endfacet
facet normal 0.7068998929757218 -0.01778494803140222 0.7070899779620933
  outer loop
    vertex 21.38142769075366 45.537625774659155 10.418291344206269
    vertex 22.809628147053537 46.330374488958334 9.010414290299197
    vertex 21.414052646131935 46.83437413556236 10.41829137919929
  endloop
endfacet
facet normal 0.7068998929757218 -0.01778494803140222 0.7070899779620933
  outer loop
    vertex 22.809628147053537 46.330374488958334 9.010414290299197
    vertex 21.38142769075366 45.537625774659155 10.418291344206269
    vertex 22.78844717404383 45.48849158937477 9.0104142675808
  endloop
endfacet
facet normal 0.034800873787046986 0.9965647939223298 -0.07514992147835307
  outer loop
    vertex 20.434459041031246 60.22805934886026 11.418291897915177
    vertex 9.75941252455836 60.60084084998251 11.418291543334496
    vertex 17.060111603943188 60.600841102696926 14.799146161238163
  endloop
endfacet
facet normal 0.6819983495905622 -0.7313537113844091 -7.300331467022469e-09
  outer loop
    vertex 22.78844730733355 45.48849178955873 1.407877927580838
    vertex 22.788447257600914 45.48849171486741 4.244489566099272
    vertex 21.332293626371445 44.1306065533076 1.4078778662963047
  endloop
endfacet
facet normal -0.019358792236175947 0.5543622660509733 0.8320503080595468
  outer loop
    vertex 16.638721399705148 51.398017356498556 10.418291343607935
    vertex 21.40174282862962 51.56434572990242 10.418291545843621
    vertex 18.232598773323105 53.56677971089843 9.010414366652938
  endloop
endfacet
facet normal -0.024677668499599535 -0.7066760118685077 -0.7071068002268434
  outer loop
    vertex 13.734388549895142 56.96782623269704 1.4078780683922163
    vertex 13.783522796934026 58.37484572837486 1.0063021851613327e-06
    vertex 16.618406446867557 58.2758493692585 1.0533981268429517e-06
  endloop
endfacet
facet normal 0.9996836612986859 -0.02515109008480273 1.686449755836082e-08
  outer loop
    vertex 22.840869689387056 60.144025931914896 1.4078783121266785
    vertex 22.788447257600943 58.060386593536755 4.244489894417712
    vertex 22.78844730733365 58.060386668228155 1.4078782558992649
  endloop
endfacet
facet normal 0.9996836612986859 -0.02515109008480273 1.686449755836082e-08
  outer loop
    vertex 22.788447257600943 58.060386593536755 4.244489894417712
    vertex 22.840869689387056 60.144025931914896 1.4078783121266785
    vertex 22.840869556096987 60.14402573173096 9.010414652126672
  endloop
endfacet
facet normal 0.9996836612986859 -0.02515109008480273 1.686449755836082e-08
  outer loop
    vertex 22.788447257600943 58.060386593536755 4.244489894417712
    vertex 22.840869556096987 60.14402573173096 9.010414652126672
    vertex 22.788447174043718 58.06038646804408 9.010414595899258
  endloop
endfacet
facet normal -0.7138797045381867 -0.6657035728897769 -0.21728902524116805
  outer loop
    vertex 16.854398470007606 57.56324067281814 1.407878138771288
    vertex 16.618406446867557 58.2758493692585 1.0533981268429517e-06
    vertex 18.212283706258653 56.10708699185575 1.4078781242357454
  endloop
endfacet
facet normal -0.24946483908632094 0.9439019061538093 0.21637117557299815
  outer loop
    vertex 13.779270892905329 39.43063604389929 4.50520709233584
    vertex 16.8255796298555 40.9457508292281 1.4078776385932426
    vertex 13.754703920477434 40.13414585471312 1.4078774897492143
  endloop
endfacet
facet normal -0.24946483908632094 0.9439019061538093 0.21637117557299815
  outer loop
    vertex 16.8255796298555 40.9457508292281 1.4078776385932426
    vertex 13.779270892905329 39.43063604389929 4.50520709233584
    vertex 17.553656302693817 40.266808101073444 5.2091458210504245
  endloop
endfacet
facet normal 0.03489955129751068 0.9993908251125938 3.3378515264436227e-08
  outer loop
    vertex 9.75941252455836 60.60084084998251 11.418291543334496
    vertex 21.433850255463653 60.19316019134172 1.1887521287838203e-06
    vertex 9.759412311320611 60.600841237148664 1.2407848472696811e-06
  endloop
endfacet
facet normal 0.03489955129751068 0.9993908251125938 3.3378515264436227e-08
  outer loop
    vertex 21.433850255463653 60.19316019134172 1.1887521287838203e-06
    vertex 9.75941252455836 60.60084084998251 11.418291543334496
    vertex 20.434459041031246 60.22805934886026 11.418291897915177
  endloop
endfacet
facet normal 0.03489955129751068 0.9993908251125938 3.3378515264436227e-08
  outer loop
    vertex 21.433850255463653 60.19316019134172 1.1887521287838203e-06
    vertex 20.434459041031246 60.22805934886026 11.418291897915177
    vertex 22.840869556096987 60.14402573173096 9.010414652126672
  endloop
endfacet
facet normal 0.03489955129751068 0.9993908251125938 3.3378515264436227e-08
  outer loop
    vertex 21.433850255463653 60.19316019134172 1.1887521287838203e-06
    vertex 22.840869556096987 60.14402573173096 9.010414652126672
    vertex 22.840869689387056 60.144025931914896 1.4078783121266785
  endloop
endfacet
facet normal -2.2919688509755078e-08 0.6593458033956597 0.7518398177434684
  outer loop
    vertex 1.6094124024145253 60.13135394802896 17.93202337685665
    vertex 14.797414879176264 60.249368284932025 17.82852798638078
    vertex 1.609412404926086 60.24936837205499 17.828527506751794
  endloop
endfacet
facet normal -2.2919688509755078e-08 0.6593458033956597 0.7518398177434684
  outer loop
    vertex 14.797414879176264 60.249368284932025 17.82852798638078
    vertex 1.6094124024145253 60.13135394802896 17.93202337685665
    vertex 14.7974148759781 60.1313538597256 17.932023855139647
  endloop
endfacet
facet normal -0.7313537113844428 -0.6819983495905253 -3.0780112481526694e-08
  outer loop
    vertex 17.5333410214884 44.26326885357563 5.209145973185157
    vertex 16.85439847000755 44.99134579414881 1.4078778104528469
    vertex 18.212283706258756 43.535192113186504 1.4078777959173052
  endloop
endfacet
facet normal -0.731353701619163 0.6819983600625066 -1.2513363899543725e-08
  outer loop
    vertex 18.232598773323105 53.56677971089843 9.010414366652938
    vertex 17.55365630269389 52.83870297974284 5.209146149368881
    vertex 16.87471351622175 52.11062604937918 9.010414272084907
  endloop
endfacet
facet normal 0.12984213765543787 0.9915346788131343 2.638841356766715e-08
  outer loop
    vertex 17.454846438534194 47.56010275032013 10.418292303530226
    vertex 20.513633992890554 47.15955272594309 8.51164879364917e-07
    vertex 17.454846401950146 47.560103032380205 8.727502762588142e-07
  endloop
endfacet
facet normal 0.12984213765543787 0.9915346788131343 2.638841356766715e-08
  outer loop
    vertex 20.513633992890554 47.15955272594309 8.51164879364917e-07
    vertex 17.454846438534194 47.56010275032013 10.418292303530226
    vertex 20.513634029474662 47.15955244388301 10.418292281944815
  endloop
endfacet
facet normal 1.2800968707891246e-09 0.9978588115150259 0.06540483378023502
  outer loop
    vertex 14.797414900557724 60.590573998650456 17.13663128522103
    vertex 1.609412425518866 60.600840424283945 16.979999370073077
    vertex 1.6094124217174834 60.590574077884696 17.136630802656327
  endloop
endfacet
facet normal 1.2800968707891246e-09 0.9978588115150259 0.06540483378023502
  outer loop
    vertex 1.609412425518866 60.600840424283945 16.979999370073077
    vertex 14.797414900557724 60.590573998650456 17.13663128522103
    vertex 14.797414922172068 60.595475900450126 17.06184274568779
  endloop
endfacet
facet normal 1.2800968707891246e-09 0.9978588115150259 0.06540483378023502
  outer loop
    vertex 1.609412425518866 60.600840424283945 16.979999370073077
    vertex 14.797414922172068 60.595475900450126 17.06184274568779
    vertex 14.87925783665924 60.600840517404805 16.9799998534404
  endloop
endfacet
facet normal -0.18293856253724156 0.69218611216025 -0.6981488870357708
  outer loop
    vertex 13.8038381811761 38.72712643229334 3.549226952521008e-07
    vertex 13.754703920477434 40.13414585471312 1.4078774897492143
    vertex 16.8255796298555 40.9457508292281 1.4078776385932426
  endloop
endfacet
facet normal -0.034899508640376116 0.9993908266022157 2.4816333598240662e-08
  outer loop
    vertex 11.736593649666073 51.226831252440995 10.418291123972697
    vertex 12.396818347533635 51.24988687265538 9.010414063499736
    vertex 11.736594082487676 51.226831525430015 5.839725985345312e-07
  endloop
endfacet
facet normal -0.034899508640376116 0.9993908266022157 2.4816333598240662e-08
  outer loop
    vertex 12.396818347533635 51.24988687265538 9.010414063499736
    vertex 11.736593649666073 51.226831252440995 10.418291123972697
    vertex 13.803837748354386 51.29902103797386 10.418291223240988
  endloop
endfacet
facet normal -0.034899508640376116 0.9993908266022157 2.4816333598240662e-08
  outer loop
    vertex 11.736594082487676 51.226831525430015 5.839725985345312e-07
    vertex 12.396818663376148 51.24988707186336 1.4078777234997715
    vertex 13.803838181176033 51.299021310962715 6.832411362586589e-07
  endloop
endfacet
facet normal -0.034899508640376116 0.9993908266022157 2.4816333598240662e-08
  outer loop
    vertex 12.396818663376148 51.24988707186336 1.4078777234997715
    vertex 11.736594082487676 51.226831525430015 5.839725985345312e-07
    vertex 12.396818347533635 51.24988687265538 9.010414063499736
  endloop
endfacet
facet normal -0.034899508640376116 0.9993908266022157 2.4816333598240662e-08
  outer loop
    vertex 12.396818663376148 51.24988707186336 1.4078777234997715
    vertex 12.396818347533635 51.24988687265538 9.010414063499736
    vertex 12.3968185455318 51.249886997536024 4.2444893620180695
  endloop
endfacet
facet normal -0.5971478208065436 0.5568493140611686 0.5773502589724905
  outer loop
    vertex 13.803837748354386 51.29902103797386 10.418291223240988
    vertex 13.754703604634933 52.70604053417447 9.010414158067634
    vertex 12.396818347533635 51.24988687265538 9.010414063499736
  endloop
endfacet
facet normal -0.019358792236179093 0.5543622660509823 0.8320503080595405
  outer loop
    vertex 16.638721399705283 38.82612247782919 10.41829101528948
    vertex 21.401742828629693 38.99245085123309 10.41829121752517
    vertex 18.232598773323193 40.99488483222904 9.010414038334496
  endloop
endfacet
facet normal -0.5971478149164271 -0.5568493358413868 0.5773502440577497
  outer loop
    vertex 13.783522614277246 45.80295057537931 10.41829121798358
    vertex 12.376503180353879 45.85208483480588 9.010414094609164
    vertex 13.73438841660519 44.39593115384371 9.01041408007375
  endloop
endfacet
facet normal 0.7068999177786415 -0.01778491049351465 -0.7070899541100037
  outer loop
    vertex 22.840869689387056 60.144025931914896 1.4078783121266785
    vertex 21.38142787341036 58.109520927654884 1.1325247151183088e-06
    vertex 21.433850255463653 60.19316019134172 1.1887521287838203e-06
  endloop
endfacet
facet normal 0.7068999177786415 -0.01778491049351465 -0.7070899541100037
  outer loop
    vertex 21.38142787341036 58.109520927654884 1.1325247151183088e-06
    vertex 22.840869689387056 60.144025931914896 1.4078783121266785
    vertex 22.78844730733365 58.060386668228155 1.4078782558992649
  endloop
endfacet
facet normal -0.024677700154676328 0.7066760123126535 0.7071067986782212
  outer loop
    vertex 21.377175914691495 39.695960698937355 5.91308451493858
    vertex 21.328041770971907 41.10298019513787 4.5052074497652645
    vertex 17.553656302693817 40.266808101073444 5.2091458210504245
  endloop
endfacet
facet normal -2.636668130541694e-08 0.5555702207066545 0.8314696205297933
  outer loop
    vertex 1.6094124002979373 60.0008402319913 18.01922985214955
    vertex 14.7974148759781 60.1313538597256 17.932023855139647
    vertex 1.6094124024145253 60.13135394802896 17.93202337685665
  endloop
endfacet
facet normal -2.636668130541694e-08 0.5555702207066545 0.8314696205297933
  outer loop
    vertex 14.7974148759781 60.1313538597256 17.932023855139647
    vertex 1.6094124002979373 60.0008402319913 18.01922985214955
    vertex 14.797414873282737 60.00084014269322 18.019230328943816
  endloop
endfacet
facet normal 0.6819983600624234 0.7313537016192387 4.749677490104333e-08
  outer loop
    vertex 16.8255796298555 40.9457508292281 1.4078776385932426
    vertex 17.61273449302338 40.21171681736088 4.900700358281453
    vertex 18.281733291374962 39.58786557212693 1.407877663507806
  endloop
endfacet
facet normal 0.6819983600624234 0.7313537016192387 4.749677490104333e-08
  outer loop
    vertex 17.61273449302338 40.21171681736088 4.900700358281453
    vertex 16.8255796298555 40.9457508292281 1.4078776385932426
    vertex 17.553656302693817 40.266808101073444 5.2091458210504245
  endloop
endfacet
facet normal 0.6872983801688054 0.7263752037462002 4.758627474107092e-08
  outer loop
    vertex 22.788447318096267 51.612770622791864 6.173802866440978
    vertex 21.35260868491032 52.971365226103146 9.010414480670285
    vertex 22.788447200251664 51.61277054846476 9.010414504959424
  endloop
endfacet
facet normal 0.999683661298683 -0.025151090084923354 1.6864465336704987e-08
  outer loop
    vertex 22.809628280343336 46.33037468914235 1.4078779502992025
    vertex 22.788447257600914 45.48849171486741 4.244489566099272
    vertex 22.78844730733355 45.48849178955873 1.407877927580838
  endloop
endfacet
facet normal 0.999683661298683 -0.025151090084923354 1.6864465336704987e-08
  outer loop
    vertex 22.788447257600914 45.48849171486741 4.244489566099272
    vertex 22.809628280343336 46.33037468914235 1.4078779502992025
    vertex 22.809628147053537 46.330374488958334 9.010414290299197
  endloop
endfacet
facet normal 0.999683661298683 -0.025151090084923354 1.6864465336704987e-08
  outer loop
    vertex 22.788447257600914 45.48849171486741 4.244489566099272
    vertex 22.809628147053537 46.330374488958334 9.010414290299197
    vertex 22.78844717404383 45.48849158937477 9.0104142675808
  endloop
endfacet
facet normal 0.43696070244018564 -0.8778817236273203 0.1959311711905603
  outer loop
    vertex 22.788447257600914 45.48849171486741 4.244489566099272
    vertex 21.356860683245955 44.83411620105444 4.505207505251254
    vertex 21.332293626371445 44.1306065533076 1.4078778662963047
  endloop
endfacet
facet normal -3.517375998082949e-08 0.06540311743470645 0.9978589240117165
  outer loop
    vertex 1.609412396396009 59.40084022876642 18.179999363837307
    vertex 14.797414868631812 59.557471568997826 18.169733670139564
    vertex 1.6094123964737415 59.55747166001564 18.16973319841754
  endloop
endfacet
facet normal -3.517375998082949e-08 0.06540311743470645 0.9978589240117165
  outer loop
    vertex 14.797414868631812 59.557471568997826 18.169733670139564
    vertex 1.609412396396009 59.40084022876642 18.179999363837307
    vertex 14.797414868314656 59.40084013763447 18.17999983378792
  endloop
endfacet
facet normal -5.893705521005211e-09 0.9469301235150125 0.32143948291994767
  outer loop
    vertex 14.797414891206884 60.50949559627428 17.439219972405265
    vertex 1.6094124179813944 60.55995123357506 17.290582225251683
    vertex 1.6094124143740285 60.509495678956704 17.439219489809147
  endloop
endfacet
facet normal -5.893705521005211e-09 0.9469301235150125 0.32143948291994767
  outer loop
    vertex 1.6094124179813944 60.55995123357506 17.290582225251683
    vertex 14.797414891206884 60.50949559627428 17.439219972405265
    vertex 14.797414895800147 60.55995115258804 17.290582708423344
  endloop
endfacet
facet normal -0.24946482110825988 0.9439019174929062 -0.21637114683487443
  outer loop
    vertex 21.328041770971907 41.10298019513787 4.5052074497652645
    vertex 17.61273449302338 40.21171681736088 4.900700358281453
    vertex 17.553656302693817 40.266808101073444 5.2091458210504245
  endloop
endfacet
facet normal -0.24946482110825988 0.9439019174929062 -0.21637114683487443
  outer loop
    vertex 17.61273449302338 40.21171681736088 4.900700358281453
    vertex 21.328041770971907 41.10298019513787 4.5052074497652645
    vertex 18.281733291374962 39.58786557212693 1.407877663507806
  endloop
endfacet
facet normal -0.24946482110825988 0.9439019174929062 -0.21637114683487443
  outer loop
    vertex 18.281733291374962 39.58786557212693 1.407877663507806
    vertex 21.328041770971907 41.10298019513787 4.5052074497652645
    vertex 21.352609000752935 40.39947054664179 1.4078778123518205
  endloop
endfacet
facet normal 0.8160714566296897 0.5779510166738128 4.904721874100819e-08
  outer loop
    vertex 22.788447318096257 39.0408757441227 6.173802538122538
    vertex 22.788447516094095 39.04087586900348 1.407877836640992
    vertex 21.328041770971907 41.10298019513787 4.5052074497652645
  endloop
endfacet
facet normal 0.8160714566296903 0.577951016673812 4.904723920945944e-08
  outer loop
    vertex 22.788447318096267 51.612770622791864 6.173802866440978
    vertex 22.788447516093992 51.61277074767296 1.4078781649594332
    vertex 21.32804177097179 53.67487507380728 4.505207778083698
  endloop
endfacet
facet normal -0.597147772835157 0.5568493443175547 -0.5773502794068098
  outer loop
    vertex 13.754703920477452 52.70604073338245 1.4078778180676548
    vertex 13.803838181176033 51.299021310962715 6.832411362586589e-07
    vertex 12.396818663376148 51.24988707186336 1.4078777234997715
  endloop
endfacet
facet normal 0.6733585458580573 -0.7220886630960568 0.1586701967858872
  outer loop
    vertex 22.788447174043718 58.06038646804408 9.010414595899258
    vertex 21.332293493081607 56.702501231792844 9.010414534614755
    vertex 21.307726436207076 55.99899158404586 5.913084895659684
  endloop
endfacet
facet normal 0.1830138674419925 -0.9590043980004409 -0.21637118324706897
  outer loop
    vertex 13.734388549895248 44.39593135402765 1.4078777400737887
    vertex 17.5333410214884 44.26326885357563 5.209145973185157
    vertex 13.70982138441396 43.69242154316777 4.505207341118925
  endloop
endfacet
facet normal 0.1830138674419925 -0.9590043980004409 -0.21637118324706897
  outer loop
    vertex 17.5333410214884 44.26326885357563 5.209145973185157
    vertex 13.734388549895248 44.39593135402765 1.4078777400737887
    vertex 16.85439847000755 44.99134579414881 1.4078778104528469
  endloop
endfacet
facet normal 0.5568493307613545 -0.5971477895917625 -0.5773502751504529
  outer loop
    vertex 22.78844730733365 58.060386668228155 1.4078782558992649
    vertex 21.33229362637154 56.702501431976756 1.4078781946147458
    vertex 21.38142787341036 58.109520927654884 1.1325247151183088e-06
  endloop
endfacet
facet normal -0.24946483981920375 -0.943901902554036 -0.21637119043174421
  outer loop
    vertex 13.758955582086287 45.09944096470343 5.9130844790288295
    vertex 16.80526411436231 43.58432613535794 9.010414112542756
    vertex 13.73438841660519 44.39593115384371 9.01041408007375
  endloop
endfacet
facet normal -0.24946483981920375 -0.943901902554036 -0.21637119043174421
  outer loop
    vertex 16.80526411436231 43.58432613535794 9.010414112542756
    vertex 13.758955582086287 45.09944096470343 5.9130844790288295
    vertex 17.5333410214884 44.26326885357563 5.209145973185157
  endloop
endfacet
facet normal -0.7220886558684945 0.6733585548214779 0.1586701916390154
  outer loop
    vertex 13.754703604634749 40.13414565550513 9.010413829749194
    vertex 13.730136632206904 40.83765546631912 5.913084227162453
    vertex 12.396818347533783 38.67799199398593 9.010413735181263
  endloop
endfacet
facet normal -0.019358780194450153 -0.5543623094847668 0.8320502794014907
  outer loop
    vertex 16.80526411436231 43.58432613535794 9.010414112542756
    vertex 18.546544040820194 45.636622133775575 10.41829129711034
    vertex 13.783522614277246 45.80295057537931 10.41829121798358
  endloop
endfacet
facet normal 0.9999999999999095 -4.2332750906209867e-07 4.0242656434134853e-08
  outer loop
    vertex 5.359412837600361 49.272116238328906 8.405979009615132e-07
    vertex 5.3594119047251505 47.828921470756946 10.418290778182858
    vertex 5.359412226679861 47.829009626219474 7.865858457455787e-07
  endloop
endfacet
facet normal 0.9999999999999095 -4.2332750906209867e-07 4.0242656434134853e-08
  outer loop
    vertex 5.3594119047251505 47.828921470756946 10.418290778182858
    vertex 5.359412837600361 49.272116238328906 8.405979009615132e-07
    vertex 5.359412515645679 49.272116111760994 10.418290964090783
  endloop
endfacet
facet normal 0.9999999999999095 -4.2332750906209867e-07 4.0242656434134853e-08
  outer loop
    vertex 5.3594119047251505 47.828921470756946 10.418290778182858
    vertex 5.359412515645679 49.272116111760994 10.418290964090783
    vertex 5.359411918760288 48.550474977583576 11.139932206084932
  endloop
endfacet
facet normal 0.034899630252506884 -0.9993908223554167 4.967952315704367e-08
  outer loop
    vertex 9.759412754632512 49.272116238329104 9.615039142693449e-07
    vertex 17.459876481662693 49.541023905290345 10.418298065768374
    vertex 9.759412528898661 49.27211625726951 10.418291100063216
  endloop
endfacet
facet normal 0.034899630252506884 -0.9993908223554167 4.967952315704367e-08
  outer loop
    vertex 17.459876481662693 49.541023905290345 10.418298065768374
    vertex 9.759412754632512 49.272116238329104 9.615039142693449e-07
    vertex 17.45987662158198 49.5410229012173 9.493822129946082e-07
  endloop
endfacet
facet normal -0.7313537016191249 0.6819983600625473 -1.2513342985799439e-08
  outer loop
    vertex 18.232598773323193 40.99488483222904 9.010414038334496
    vertex 17.553656302693817 40.266808101073444 5.2091458210504245
    vertex 16.874713516221778 39.53873117070984 9.010413943766483
  endloop
endfacet
facet normal -1.1852907858758774e-09 0.9807852765076417 0.19509034160057423
  outer loop
    vertex 14.797414895800147 60.55995115258804 17.290582708423344
    vertex 1.6094124217174834 60.590574077884696 17.136630802656327
    vertex 1.6094124179813944 60.55995123357506 17.290582225251683
  endloop
endfacet
facet normal -1.1852907858758774e-09 0.9807852765076417 0.19509034160057423
  outer loop
    vertex 1.6094124217174834 60.590574077884696 17.136630802656327
    vertex 14.797414895800147 60.55995115258804 17.290582708423344
    vertex 14.797414900557724 60.590573998650456 17.13663128522103
  endloop
endfacet
facet normal 0.002114119029407499 -0.8402772745061509 -0.5421527759305896
  outer loop
    vertex 17.06011160024334 59.01537120198337 14.799146126912504
    vertex 16.288176486193567 58.515371119306295 15.571081202394366
    vertex 9.759412297740775 59.01537256866359 14.770675008808844
  endloop
endfacet
facet normal 2.919186467419021e-05 0.9999999995559145 6.000503336293418e-06
  outer loop
    vertex 7.154872216368366 47.82883449201929 10.41829011208375
    vertex 5.359412226679861 47.829009626219474 7.865858457455787e-07
    vertex 5.3594119047251505 47.828921470756946 10.418290778182858
  endloop
endfacet
facet normal 2.919186467419021e-05 0.9999999995559145 6.000503336293418e-06
  outer loop
    vertex 5.359412226679861 47.829009626219474 7.865858457455787e-07
    vertex 7.154872216368366 47.82883449201929 10.41829011208375
    vertex 9.75941319782396 47.82883389764102 9.070486631947301e-07
  endloop
endfacet
facet normal 2.919186467419021e-05 0.9999999995559145 6.000503336293418e-06
  outer loop
    vertex 9.75941319782396 47.82883389764102 9.070486631947301e-07
    vertex 7.154872216368366 47.82883449201929 10.41829011208375
    vertex 9.7594128745354 47.82883358737096 10.418290914153026
  endloop
endfacet
facet normal -0.03489952961366818 -0.9993908258698113 -2.867230763802028e-08
  outer loop
    vertex 9.759412385361369 58.51537088537858 7.323496514721069e-07
    vertex 12.37650331364388 58.423979913659295 1.407878082927657
    vertex 9.75941255784009 58.51537089384234 10.618291077697084
  endloop
endfacet
facet normal -0.03489952961366818 -0.9993908258698113 -2.867230763802028e-08
  outer loop
    vertex 12.37650331364388 58.423979913659295 1.407878082927657
    vertex 9.759412385361369 58.51537088537858 7.323496514721069e-07
    vertex 13.783522796934026 58.37484572837486 1.0063021851613327e-06
  endloop
endfacet
facet normal -0.03489952961366818 -0.9993908258698113 -2.867230763802028e-08
  outer loop
    vertex 9.75941255784009 58.51537089384234 10.618291077697084
    vertex 12.37650331364388 58.423979913659295 1.407878082927657
    vertex 12.376503180353968 58.423979713475276 9.010414422927623
  endloop
endfacet
facet normal -0.03489952961366818 -0.9993908258698113 -2.867230763802028e-08
  outer loop
    vertex 12.376503180353968 58.423979713475276 9.010414422927623
    vertex 12.37650331364388 58.423979913659295 1.407878082927657
    vertex 12.376503230086875 58.42397978816653 6.173802784409325
  endloop
endfacet
facet normal -0.03489952961366818 -0.9993908258698113 -2.867230763802028e-08
  outer loop
    vertex 9.75941255784009 58.51537089384234 10.618291077697084
    vertex 13.783522614277212 58.37484545404865 10.418291546302033
    vertex 21.151561225326198 58.117547635033006 10.648298239496578
  endloop
endfacet
facet normal -0.03489952961366818 -0.9993908258698113 -2.867230763802028e-08
  outer loop
    vertex 13.783522614277212 58.37484545404865 10.418291546302033
    vertex 9.75941255784009 58.51537089384234 10.618291077697084
    vertex 12.376503180353968 58.423979713475276 9.010414422927623
  endloop
endfacet
facet normal -0.03489952961366818 -0.9993908258698113 -2.867230763802028e-08
  outer loop
    vertex 21.151561225326198 58.117547635033006 10.648298239496578
    vertex 13.783522614277212 58.37484545404865 10.418291546302033
    vertex 13.80383780459644 58.37413560771115 10.41829119062601
  endloop
endfacet
facet normal -0.03489952961366818 -0.9993908258698113 -2.867230763802028e-08
  outer loop
    vertex 21.151561225326198 58.117547635033006 10.648298239496578
    vertex 13.80383780459644 58.37413560771115 10.41829119062601
    vertex 16.63872145594741 58.27513928918645 10.418291305822297
  endloop
endfacet
facet normal -0.03489952961366818 -0.9993908258698113 -2.867230763802028e-08
  outer loop
    vertex 21.151561225326198 58.117547635033006 10.648298239496578
    vertex 16.63872145594741 58.27513928918645 10.418291305822297
    vertex 18.546544040820148 58.208517012444865 10.418291625428798
  endloop
endfacet
facet normal -0.03489952961366818 -0.9993908258698113 -2.867230763802028e-08
  outer loop
    vertex 21.151561225326198 58.117547635033006 10.648298239496578
    vertex 18.546544040820148 58.208517012444865 10.418291625428798
    vertex 21.381427690753537 58.10952065332851 10.418291672524722
  endloop
endfacet
facet normal 0.03489954804320337 0.9993908252262372 2.8890302468169066e-08
  outer loop
    vertex 17.454846438534194 47.56010275032013 10.418292303530226
    vertex 9.75941319782396 47.82883389764102 9.070486631947301e-07
    vertex 9.7594128745354 47.82883358737096 10.418290914153026
  endloop
endfacet
facet normal 0.03489954804320337 0.9993908252262372 2.8890302468169066e-08
  outer loop
    vertex 9.75941319782396 47.82883389764102 9.070486631947301e-07
    vertex 17.454846438534194 47.56010275032013 10.418292303530226
    vertex 17.454846401950146 47.560103032380205 8.727502762588142e-07
  endloop
endfacet
facet normal 0.3396692393333847 -0.9405449525943343 2.77097300435457e-08
  outer loop
    vertex 21.439398404656124 50.26746094183142 9.81347079019799e-07
    vertex 20.51866407260336 49.9349469541637 10.418298068883592
    vertex 20.51866421252264 49.93494595009078 9.524974195904017e-07
  endloop
endfacet
facet normal 0.3396692393333847 -0.9405449525943343 2.77097300435457e-08
  outer loop
    vertex 20.51866407260336 49.9349469541637 10.418298068883592
    vertex 21.439398404656124 50.26746094183142 9.81347079019799e-07
    vertex 21.43939822112338 50.26746070682347 10.418291521347074
  endloop
endfacet
facet normal 0.3396692393333847 -0.9405449525943343 2.77097300435457e-08
  outer loop
    vertex 21.43939822112338 50.26746070682347 10.418291521347074
    vertex 21.439398404656124 50.26746094183142 9.81347079019799e-07
    vertex 22.83497372204501 50.771460426961646 9.010414458771157
  endloop
endfacet
facet normal 0.3396692393333847 -0.9405449525943343 2.77097300435457e-08
  outer loop
    vertex 22.83497372204501 50.771460426961646 9.010414458771157
    vertex 21.439398404656124 50.26746094183142 9.81347079019799e-07
    vertex 22.834973855334656 50.77146062386214 1.4078781187711655
  endloop
endfacet
facet normal 0.3396694588091333 0.9405448733326389 2.942657417621284e-08
  outer loop
    vertex 20.513634029474662 47.15955244388301 10.418292281944815
    vertex 21.41405282966462 46.83437444470726 8.391992986537682e-07
    vertex 20.513633992890554 47.15955272594309 8.51164879364917e-07
  endloop
endfacet
facet normal 0.3396694588091333 0.9405448733326389 2.942657417621284e-08
  outer loop
    vertex 21.41405282966462 46.83437444470726 8.391992986537682e-07
    vertex 20.513634029474662 47.15955244388301 10.418292281944815
    vertex 21.414052646131935 46.83437413556236 10.41829137919929
  endloop
endfacet
facet normal 0.3396694588091333 0.9405448733326389 2.942657417621284e-08
  outer loop
    vertex 21.41405282966462 46.83437444470726 8.391992986537682e-07
    vertex 21.414052646131935 46.83437413556236 10.41829137919929
    vertex 22.809628147053537 46.330374488958334 9.010414290299197
  endloop
endfacet
facet normal 0.3396694588091333 0.9405448733326389 2.942657417621284e-08
  outer loop
    vertex 21.41405282966462 46.83437444470726 8.391992986537682e-07
    vertex 22.809628147053537 46.330374488958334 9.010414290299197
    vertex 22.809628280343336 46.33037468914235 1.4078779502992025
  endloop
endfacet
facet normal 0.7119358276655695 0.020671227864404132 0.7019402236834121
  outer loop
    vertex 21.40174282862962 51.56434572990242 10.418291545843621
    vertex 21.43939822112338 50.26746070682347 10.418291521347074
    vertex 22.788447200251664 51.61277054846476 9.010414504959424
  endloop
endfacet
facet normal 0.7193848425035926 -0.6946117249014025 -2.3621729337577023e-06
  outer loop
    vertex 6.75941739222949 45.738834579427014 10.418283345134647
    vertex 5.359408485867643 44.28895371074577 3.709999513296521e-07
    vertex 6.759416750612234 45.73895371074569 2.2320155370951578e-07
  endloop
endfacet
facet normal 0.7193848425035926 -0.6946117249014025 -2.3621729337577023e-06
  outer loop
    vertex 5.359408485867643 44.28895371074577 3.709999513296521e-07
    vertex 6.75941739222949 45.738834579427014 10.418283345134647
    vertex 5.3594072271686555 44.28895433909604 10.418277952677519
  endloop
endfacet
facet normal 0.7193848425035926 -0.6946117249014025 -2.3621729337577023e-06
  outer loop
    vertex 5.3594072271686555 44.28895433909604 10.418277952677519
    vertex 6.75941739222949 45.738834579427014 10.418283345134647
    vertex 6.05929789910602 45.013836831467486 11.14328054171906
  endloop
endfacet
facet normal 0.9984743232014173 0.05521798536229758 3.105911989178419e-08
  outer loop
    vertex 22.788447516093992 51.61277074767296 1.4078781649594332
    vertex 22.83497372204501 50.771460426961646 9.010414458771157
    vertex 22.834973855334656 50.77146062386214 1.4078781187711655
  endloop
endfacet
facet normal 0.9984743232014173 0.05521798536229758 3.105911989178419e-08
  outer loop
    vertex 22.83497372204501 50.771460426961646 9.010414458771157
    vertex 22.788447516093992 51.61277074767296 1.4078781649594332
    vertex 22.788447318096267 51.612770622791864 6.173802866440978
  endloop
endfacet
facet normal 0.9984743232014173 0.05521798536229758 3.105911989178419e-08
  outer loop
    vertex 22.83497372204501 50.771460426961646 9.010414458771157
    vertex 22.788447318096267 51.612770622791864 6.173802866440978
    vertex 22.788447200251664 51.61277054846476 9.010414504959424
  endloop
endfacet
facet normal 0.18301386839108688 0.9590043954077206 0.21637119393579748
  outer loop
    vertex 13.754703604634749 40.13414565550513 9.010413829749194
    vertex 17.553656302693817 40.266808101073444 5.2091458210504245
    vertex 13.730136632206904 40.83765546631912 5.913084227162453
  endloop
endfacet
facet normal 0.18301386839108688 0.9590043954077206 0.21637119393579748
  outer loop
    vertex 17.553656302693817 40.266808101073444 5.2091458210504245
    vertex 13.754703604634749 40.13414565550513 9.010413829749194
    vertex 16.874713516221778 39.53873117070984 9.010413943766483
  endloop
endfacet
facet normal 2.9030503485281036e-09 -0.9999999999999997 2.6144266364719183e-08
  outer loop
    vertex 5.359412837600361 49.272116238328906 8.405979009615132e-07
    vertex 7.154871870731514 49.27211716191787 10.418290297993973
    vertex 5.359412515645679 49.272116111760994 10.418290964090783
  endloop
endfacet
facet normal 2.9030503485281036e-09 -0.9999999999999997 2.6144266364719183e-08
  outer loop
    vertex 7.154871870731514 49.27211716191787 10.418290297993973
    vertex 5.359412837600361 49.272116238328906 8.405979009615132e-07
    vertex 9.759412754632512 49.272116238329104 9.615039142693449e-07
  endloop
endfacet
facet normal 2.9030503485281036e-09 -0.9999999999999997 2.6144266364719183e-08
  outer loop
    vertex 7.154871870731514 49.27211716191787 10.418290297993973
    vertex 9.759412754632512 49.272116238329104 9.615039142693449e-07
    vertex 9.759412528898661 49.27211625726951 10.418291100063216
  endloop
endfacet
facet normal 2.853697496997744e-07 -0.7071063799923626 -0.7071071823804473
  outer loop
    vertex 7.98889512622924 52.087115552414765 11.143290244168677
    vertex 5.359407660004883 52.81211662934389 10.41828890392959
    vertex 7.154878784666597 52.81212176950039 10.418285202790623
  endloop
endfacet
facet normal 2.853697496997744e-07 -0.7071063799923626 -0.7071071823804473
  outer loop
    vertex 5.359407660004883 52.81211662934389 10.41828890392959
    vertex 7.98889512622924 52.087115552414765 11.143290244168677
    vertex 6.05940861115057 52.08711528420928 11.143290398472923
  endloop
endfacet
facet normal 0.7120211758886934 0.017913743247979813 0.7019294429562902
  outer loop
    vertex 22.78844720025157 39.04087566979547 9.010414176640985
    vertex 21.45416517800141 36.908811067784235 10.418291168032248
    vertex 22.83080912236542 37.35710935108686 9.010414136646311
  endloop
endfacet
facet normal 0.7120211758886934 0.017913743247979813 0.7019294429562902
  outer loop
    vertex 21.45416517800141 36.908811067784235 10.418291168032248
    vertex 22.78844720025157 39.04087566979547 9.010414176640985
    vertex 21.401742828629693 38.99245085123309 10.41829121752517
  endloop
endfacet
facet normal 1.461738866001991e-07 -0.9999999999999892 1.3484437121453303e-09
  outer loop
    vertex 7.959407952470939 58.51537227090282 12.20052501961331
    vertex 9.759412268543795 58.515372536402836 13.970268773481758
    vertex 7.959407641203039 58.515372273289216 13.970268521470626
  endloop
endfacet
facet normal 1.461738866001991e-07 -0.9999999999999892 1.3484437121453303e-09
  outer loop
    vertex 9.759412268543795 58.515372536402836 13.970268773481758
    vertex 7.959407952470939 58.51537227090282 12.20052501961331
    vertex 9.759412579811526 58.515372534016535 12.200525271624445
  endloop
endfacet
facet normal 5.947331121526267e-08 0.7071072607408108 -0.7071063016319563
  outer loop
    vertex 7.476649167802302 58.015372247674634 16.760000213956605
    vertex 13.875000292301127 57.515371976989506 16.259999798588748
    vertex 6.9938914714293094 57.515372664548565 16.26000016366133
  endloop
endfacet
facet normal 5.947331121526267e-08 0.7071072607408108 -0.7071063016319563
  outer loop
    vertex 13.875000292301127 57.515371976989506 16.259999798588748
    vertex 7.476649167802302 58.015372247674634 16.760000213956605
    vertex 14.616427139620551 58.015371178438265 16.759999992215963
  endloop
endfacet
facet normal 2.149168917819326e-05 0.7071248798201019 -0.7070886817631248
  outer loop
    vertex 6.05929789910602 45.013836831467486 11.14328054171906
    vertex 7.154874587860481 44.288836369900984 10.418278486899
    vertex 5.3594072271686555 44.28895433909604 10.418277952677519
  endloop
endfacet
facet normal 2.149168917819326e-05 0.7071248798201019 -0.7070886817631248
  outer loop
    vertex 7.154874587860481 44.288836369900984 10.418278486899
    vertex 6.05929789910602 45.013836831467486 11.14328054171906
    vertex 7.988888042708767 45.013837333894564 11.143280200594084
  endloop
endfacet
facet normal 0.7068999177786629 -0.0177849104935144 -0.7070899541099824
  outer loop
    vertex 22.809628280343336 46.33037468914235 1.4078779502992025
    vertex 21.38142787341032 45.53762604898547 8.042062741117499e-07
    vertex 21.41405282966462 46.83437444470726 8.391992986537682e-07
  endloop
endfacet
facet normal 0.7068999177786629 -0.0177849104935144 -0.7070899541099824
  outer loop
    vertex 21.38142787341032 45.53762604898547 8.042062741117499e-07
    vertex 22.809628280343336 46.33037468914235 1.4078779502992025
    vertex 22.78844730733355 45.48849178955873 1.407877927580838
  endloop
endfacet
facet normal -1.0176214281994275e-07 -0.84811899039198 -0.5298057928491137
  outer loop
    vertex 8.442165903167234 59.01537240176632 14.770674805230207
    vertex 16.288176486193567 58.515371119306295 15.571081202394366
    vertex 7.959407699596948 58.51537233781057 15.571080966009555
  endloop
endfacet
facet normal -1.0176214281994275e-07 -0.84811899039198 -0.5298057928491137
  outer loop
    vertex 16.288176486193567 58.515371119306295 15.571081202394366
    vertex 8.442165903167234 59.01537240176632 14.770674805230207
    vertex 9.759412297740775 59.01537256866359 14.770675008808844
  endloop
endfacet
facet normal 0.7132959253729634 -1.6838378011020557e-08 0.7008629843602298
  outer loop
    vertex 17.060111603943188 60.600841102696926 14.799146161238163
    vertex 19.613437693947247 58.230247639408866 12.200525351312043
    vertex 19.976008483826927 58.44466051679651 11.83152275131607
  endloop
endfacet
facet normal 0.7132959253729634 -1.6838378011020557e-08 0.7008629843602298
  outer loop
    vertex 19.613437693947247 58.230247639408866 12.200525351312043
    vertex 17.060111603943188 60.600841102696926 14.799146161238163
    vertex 17.874541352660135 58.42442586081632 13.97026880450354
  endloop
endfacet
facet normal 0.7132959253729634 -1.6838378011020557e-08 0.7008629843602298
  outer loop
    vertex 17.874541352660135 58.42442586081632 13.97026880450354
    vertex 17.060111603943188 60.600841102696926 14.799146161238163
    vertex 17.06011160024334 59.01537120198337 14.799146126912504
  endloop
endfacet
facet normal 0.13420847223982874 0.7032610960954557 0.6981489215759554
  outer loop
    vertex 21.401742828629693 38.99245085123309 10.41829121752517
    vertex 21.352608684910393 40.39947034743361 9.010414152351842
    vertex 18.232598773323193 40.99488483222904 9.010414038334496
  endloop
endfacet
facet normal 0.5625419327294988 0.5945256321455888 -0.5745309797067933
  outer loop
    vertex 22.788447516093992 51.61277074767296 1.4078781649594332
    vertex 21.40174326145156 51.56434600289121 1.0058435981511892e-06
    vertex 21.35260900075306 52.97136542531114 1.4078781406702616
  endloop
endfacet
facet normal 0.12772918867738697 -0.99180908160785 9.730193518455184e-08
  outer loop
    vertex 20.51866421252264 49.93494595009078 9.524974195904017e-07
    vertex 17.459876481662693 49.541023905290345 10.418298065768374
    vertex 17.45987662158198 49.5410229012173 9.493822129946082e-07
  endloop
endfacet
facet normal 0.12772918867738697 -0.99180908160785 9.730193518455184e-08
  outer loop
    vertex 17.459876481662693 49.541023905290345 10.418298065768374
    vertex 20.51866421252264 49.93494595009078 9.524974195904017e-07
    vertex 20.51866407260336 49.9349469541637 10.418298068883592
  endloop
endfacet
facet normal 3.535063465208269e-08 -0.7071066223168943 -0.707106940056164
  outer loop
    vertex 7.154876009775276 45.738834528391955 10.418283099584631
    vertex 6.05929789910602 45.013836831467486 11.14328054171906
    vertex 6.75941739222949 45.738834579427014 10.418283345134647
  endloop
endfacet
facet normal 3.535063465208269e-08 -0.7071066223168943 -0.707106940056164
  outer loop
    vertex 6.05929789910602 45.013836831467486 11.14328054171906
    vertex 7.154876009775276 45.738834528391955 10.418283099584631
    vertex 7.988888042708767 45.013837333894564 11.143280200594084
  endloop
endfacet
facet normal 0.7026762736058018 0.03885968955754765 0.7104477313912374
  outer loop
    vertex 21.43939822112338 50.26746070682347 10.418291521347074
    vertex 22.83497372204501 50.771460426961646 9.010414458771157
    vertex 22.788447200251664 51.61277054846476 9.010414504959424
  endloop
endfacet
facet normal 0.9999999999988541 1.4815852029849143e-06 3.110196091781462e-07
  outer loop
    vertex 12.014491715885569 57.06537407950677 14.64268412672478
    vertex 12.014502571606444 52.812119179521375 1.1767643276391782e-06
    vertex 12.014495104231717 57.06537382657079 1.0025448383578648e-06
  endloop
endfacet
facet normal 0.9999999999988541 1.4815852029849143e-06 3.110196091781462e-07
  outer loop
    vertex 12.014502571606444 52.812119179521375 1.1767643276391782e-06
    vertex 12.014491715885569 57.06537407950677 14.64268412672478
    vertex 12.01449685162764 52.8121194602149 14.642688527119171
  endloop
endfacet
facet normal -1.849219671055887e-05 -0.9999999998087287 -6.37032898246262e-06
  outer loop
    vertex 9.759417057897913 45.73883389582011 8.633569092501444e-07
    vertex 6.75941739222949 45.738834579427014 10.418283345134647
    vertex 6.759416750612234 45.73895371074569 2.2320155370951578e-07
  endloop
endfacet
facet normal -1.849219671055887e-05 -0.9999999998087287 -6.37032898246262e-06
  outer loop
    vertex 6.75941739222949 45.738834579427014 10.418283345134647
    vertex 9.759417057897913 45.73883389582011 8.633569092501444e-07
    vertex 7.154876009775276 45.738834528391955 10.418283099584631
  endloop
endfacet
facet normal -1.849219671055887e-05 -0.9999999998087287 -6.37032898246262e-06
  outer loop
    vertex 7.154876009775276 45.738834528391955 10.418283099584631
    vertex 9.759417057897913 45.73883389582011 8.633569092501444e-07
    vertex 9.759416667942446 45.738833623743574 10.418283901653902
  endloop
endfacet
facet normal 1.224037556488093e-07 0.9999999999999923 -1.035732563065047e-08
  outer loop
    vertex 7.154865663712297 51.36211657830906 10.418288638006473
    vertex 6.759408313725787 51.3621162383291 5.848226347928022e-07
    vertex 6.7594070461664595 51.36211662934403 10.418288883556436
  endloop
endfacet
facet normal 1.224037556488093e-07 0.9999999999999923 -1.035732563065047e-08
  outer loop
    vertex 6.759408313725787 51.3621162383291 5.848226347928022e-07
    vertex 7.154865663712297 51.36211657830906 10.418288638006473
    vertex 9.75942038397057 51.36211623832902 1.2285370136317242e-06
  endloop
endfacet
facet normal 1.224037556488093e-07 0.9999999999999923 -1.035732563065047e-08
  outer loop
    vertex 9.75942038397057 51.36211623832902 1.2285370136317242e-06
    vertex 7.154865663712297 51.36211657830906 10.418288638006473
    vertex 9.759416291789497 51.362115966252574 10.418291156989877
  endloop
endfacet
facet normal -0.002258290466928355 -0.8152942813818259 0.57904242924872
  outer loop
    vertex 17.874541352660135 58.42442586081632 13.97026880450354
    vertex 17.06011160024334 59.01537120198337 14.799146126912504
    vertex 9.759412297740775 59.01537256866359 14.770675008808844
  endloop
endfacet
facet normal -0.011206348515304861 -0.9999372069049903 -6.226948751432433e-10
  outer loop
    vertex 17.874541352660135 58.42442586081632 13.97026880450354
    vertex 9.759412268543795 58.515372536402836 13.970268773481758
    vertex 9.759412579811526 58.515372534016535 12.200525271624445
  endloop
endfacet
facet normal -3.2985739108455726e-07 1.5032516493124905e-06 0.9999999999988157
  outer loop
    vertex 7.154871870731514 49.27211716191787 10.418290297993973
    vertex 9.759416291789497 51.362115966252574 10.418291156989877
    vertex 7.154865663712297 51.36211657830906 10.418288638006473
  endloop
endfacet
facet normal -3.2985739108455726e-07 1.5032516493124905e-06 0.9999999999988157
  outer loop
    vertex 9.759416291789497 51.362115966252574 10.418291156989877
    vertex 7.154871870731514 49.27211716191787 10.418290297993973
    vertex 11.736593649666073 51.226831252440995 10.418291123972697
  endloop
endfacet
facet normal -3.2985739108455726e-07 1.5032516493124905e-06 0.9999999999988157
  outer loop
    vertex 11.736593649666073 51.226831252440995 10.418291123972697
    vertex 7.154871870731514 49.27211716191787 10.418290297993973
    vertex 21.43939822112338 50.26746070682347 10.418291521347074
  endloop
endfacet
facet normal -3.2985739108455726e-07 1.5032516493124905e-06 0.9999999999988157
  outer loop
    vertex 21.43939822112338 50.26746070682347 10.418291521347074
    vertex 7.154871870731514 49.27211716191787 10.418290297993973
    vertex 20.51866407260336 49.9349469541637 10.418298068883592
  endloop
endfacet
facet normal -3.2985739108455726e-07 1.5032516493124905e-06 0.9999999999988157
  outer loop
    vertex 20.51866407260336 49.9349469541637 10.418298068883592
    vertex 7.154871870731514 49.27211716191787 10.418290297993973
    vertex 17.459876481662693 49.541023905290345 10.418298065768374
  endloop
endfacet
facet normal -3.2985739108455726e-07 1.5032516493124905e-06 0.9999999999988157
  outer loop
    vertex 17.459876481662693 49.541023905290345 10.418298065768374
    vertex 7.154871870731514 49.27211716191787 10.418290297993973
    vertex 9.759412528898661 49.27211625726951 10.418291100063216
  endloop
endfacet
facet normal -3.2985739108455726e-07 1.5032516493124905e-06 0.9999999999988157
  outer loop
    vertex 16.638721399705148 51.398017356498556 10.418291343607935
    vertex 21.43939822112338 50.26746070682347 10.418291521347074
    vertex 21.40174282862962 51.56434572990242 10.418291545843621
  endloop
endfacet
facet normal -3.2985739108455726e-07 1.5032516493124905e-06 0.9999999999988157
  outer loop
    vertex 21.43939822112338 50.26746070682347 10.418291521347074
    vertex 16.638721399705148 51.398017356498556 10.418291343607935
    vertex 13.803837748354386 51.29902103797386 10.418291223240988
  endloop
endfacet
facet normal -3.2985739108455726e-07 1.5032516493124905e-06 0.9999999999988157
  outer loop
    vertex 21.43939822112338 50.26746070682347 10.418291521347074
    vertex 13.803837748354386 51.29902103797386 10.418291223240988
    vertex 11.736593649666073 51.226831252440995 10.418291123972697
  endloop
endfacet
facet normal 7.263160567379622e-08 -0.7071067516636043 -0.707106810709486
  outer loop
    vertex 7.985034227820307 48.55047523474486 11.13993208210271
    vertex 5.359412515645679 49.272116111760994 10.418290964090783
    vertex 7.154871870731514 49.27211716191787 10.418290297993973
  endloop
endfacet
facet normal 7.263160567379622e-08 -0.7071067516636043 -0.707106810709486
  outer loop
    vertex 5.359412515645679 49.272116111760994 10.418290964090783
    vertex 7.985034227820307 48.55047523474486 11.13993208210271
    vertex 5.359411918760288 48.550474977583576 11.139932206084932
  endloop
endfacet
facet normal 0.7120212407431755 0.017913770814662333 -0.7019293764658584
  outer loop
    vertex 21.401743261451333 38.99245112422191 6.775251571446297e-07
    vertex 22.83080939388824 37.35710954855753 1.4078777966463196
    vertex 21.454165610823317 36.908811340772964 6.280322674149672e-07
  endloop
endfacet
facet normal 0.7120212407431755 0.017913770814662333 -0.7019293764658584
  outer loop
    vertex 22.83080939388824 37.35710954855753 1.4078777966463196
    vertex 21.401743261451333 38.99245112422191 6.775251571446297e-07
    vertex 22.788447516094095 39.04087586900348 1.407877836640992
  endloop
endfacet
facet normal -3.8748102364044074e-07 -1.5423977025778742e-06 0.9999999999987355
  outer loop
    vertex 7.154876009775276 45.738834528391955 10.418283099584631
    vertex 9.7594128745354 47.82883358737096 10.418290914153026
    vertex 7.154872216368366 47.82883449201929 10.41829011208375
  endloop
endfacet
facet normal -3.8748102364044074e-07 -1.5423977025778742e-06 0.9999999999987355
  outer loop
    vertex 9.7594128745354 47.82883358737096 10.418290914153026
    vertex 7.154876009775276 45.738834528391955 10.418283099584631
    vertex 17.454846438534194 47.56010275032013 10.418292303530226
  endloop
endfacet
facet normal -3.8748102364044074e-07 -1.5423977025778742e-06 0.9999999999987355
  outer loop
    vertex 17.454846438534194 47.56010275032013 10.418292303530226
    vertex 7.154876009775276 45.738834528391955 10.418283099584631
    vertex 20.513634029474662 47.15955244388301 10.418292281944815
  endloop
endfacet
facet normal -3.8748102364044074e-07 -1.5423977025778742e-06 0.9999999999987355
  outer loop
    vertex 20.513634029474662 47.15955244388301 10.418292281944815
    vertex 7.154876009775276 45.738834528391955 10.418283099584631
    vertex 21.414052646131935 46.83437413556236 10.41829137919929
  endloop
endfacet
facet normal -3.8748102364044074e-07 -1.5423977025778742e-06 0.9999999999987355
  outer loop
    vertex 21.414052646131935 46.83437413556236 10.41829137919929
    vertex 7.154876009775276 45.738834528391955 10.418283099584631
    vertex 11.716278514468508 45.87514032882888 10.418291167479737
  endloop
endfacet
facet normal -3.8748102364044074e-07 -1.5423977025778742e-06 0.9999999999987355
  outer loop
    vertex 11.716278514468508 45.87514032882888 10.418291167479737
    vertex 7.154876009775276 45.738834528391955 10.418283099584631
    vertex 9.759416667942446 45.738833623743574 10.418283901653902
  endloop
endfacet
facet normal -3.8748102364044074e-07 -1.5423977025778742e-06 0.9999999999987355
  outer loop
    vertex 21.414052646131935 46.83437413556236 10.41829137919929
    vertex 13.783522614277246 45.80295057537931 10.41829121798358
    vertex 21.38142769075366 45.537625774659155 10.418291344206269
  endloop
endfacet
facet normal -3.8748102364044074e-07 -1.5423977025778742e-06 0.9999999999987355
  outer loop
    vertex 13.783522614277246 45.80295057537931 10.41829121798358
    vertex 21.414052646131935 46.83437413556236 10.41829137919929
    vertex 11.716278514468508 45.87514032882888 10.418291167479737
  endloop
endfacet
facet normal -3.8748102364044074e-07 -1.5423977025778742e-06 0.9999999999987355
  outer loop
    vertex 21.38142769075366 45.537625774659155 10.418291344206269
    vertex 13.783522614277246 45.80295057537931 10.41829121798358
    vertex 18.546544040820194 45.636622133775575 10.41829129711034
  endloop
endfacet
facet normal -1.381533452768428e-06 -0.9999999999990457 2.0845237625043398e-08
  outer loop
    vertex 7.95940831372587 58.51537315926761 8.205947750787186e-07
    vertex 9.75941255784009 58.51537089384234 10.618291077697084
    vertex 7.959408085240815 58.515373593485485 10.618291389567124
  endloop
endfacet
facet normal -1.381533452768428e-06 -0.9999999999990457 2.0845237625043398e-08
  outer loop
    vertex 9.75941255784009 58.51537089384234 10.618291077697084
    vertex 7.95940831372587 58.51537315926761 8.205947750787186e-07
    vertex 9.759412385361369 58.51537088537858 7.323496514721069e-07
  endloop
endfacet
facet normal -0.00950448865446734 -0.848080871316338 0.5297815591380448
  outer loop
    vertex 17.874541352660135 58.42442586081632 13.97026880450354
    vertex 9.759412297740775 59.01537256866359 14.770675008808844
    vertex 9.759412268543795 58.515372536402836 13.970268773481758
  endloop
endfacet
facet normal 0.7071067790070669 1.0867742932555085e-08 0.7071067833660283
  outer loop
    vertex 17.060111603943188 60.600841102696926 14.799146161238163
    vertex 16.288176486193567 58.515371119306295 15.571081202394366
    vertex 17.06011160024334 59.01537120198337 14.799146126912504
  endloop
endfacet
facet normal 0.7071067790070669 1.0867742932555085e-08 0.7071067833660283
  outer loop
    vertex 16.288176486193567 58.515371119306295 15.571081202394366
    vertex 17.060111603943188 60.600841102696926 14.799146161238163
    vertex 14.87925783665924 60.600840517404805 16.9799998534404
  endloop
endfacet
facet normal 0.7071067790070669 1.0867742932555085e-08 0.7071067833660283
  outer loop
    vertex 16.288176486193567 58.515371119306295 15.571081202394366
    vertex 14.87925783665924 60.600840517404805 16.9799998534404
    vertex 14.797414880379758 58.51537259768102 17.061842918025533
  endloop
endfacet
facet normal 0.7071067790070669 1.0867742932555085e-08 0.7071067833660283
  outer loop
    vertex 14.797414880379758 58.51537259768102 17.061842918025533
    vertex 14.87925783665924 60.600840517404805 16.9799998534404
    vertex 14.797414922172068 60.595475900450126 17.06184274568779
  endloop
endfacet
facet normal 0.9996836621679424 0.02515105553431272 3.930447898959068e-08
  outer loop
    vertex 22.788447516094095 39.04087586900348 1.407877836640992
    vertex 22.83080912236542 37.35710935108686 9.010414136646311
    vertex 22.83080939388824 37.35710954855753 1.4078777966463196
  endloop
endfacet
facet normal 0.9996836621679424 0.02515105553431272 3.930447898959068e-08
  outer loop
    vertex 22.83080912236542 37.35710935108686 9.010414136646311
    vertex 22.788447516094095 39.04087586900348 1.407877836640992
    vertex 22.788447318096257 39.0408757441227 6.173802538122538
  endloop
endfacet
facet normal 0.9996836621679424 0.02515105553431272 3.930447898959068e-08
  outer loop
    vertex 22.83080912236542 37.35710935108686 9.010414136646311
    vertex 22.788447318096257 39.0408757441227 6.173802538122538
    vertex 22.78844720025157 39.04087566979547 9.010414176640985
  endloop
endfacet
facet normal 1.558187066148389e-05 0.9999999998772223 1.661506091990412e-06
  outer loop
    vertex 7.154874587860481 44.288836369900984 10.418278486899
    vertex 5.359408485867643 44.28895371074577 3.709999513296521e-07
    vertex 5.3594072271686555 44.28895433909604 10.418277952677519
  endloop
endfacet
facet normal 1.558187066148389e-05 0.9999999998772223 1.661506091990412e-06
  outer loop
    vertex 5.359408485867643 44.28895371074577 3.709999513296521e-07
    vertex 7.154874587860481 44.288836369900984 10.418278486899
    vertex 12.014512757677952 44.28883289371268 8.299146226284234e-07
  endloop
endfacet
facet normal 1.558187066148389e-05 0.9999999998772223 1.661506091990412e-06
  outer loop
    vertex 12.014512757677952 44.28883289371268 8.299146226284234e-07
    vertex 7.154874587860481 44.288836369900984 10.418278486899
    vertex 12.014508904608409 44.288833411740896 14.642699059372884
  endloop
endfacet
facet normal -1.6261803688122098e-07 0.7071081278409374 -0.7071054345295745
  outer loop
    vertex 7.98889512622924 52.087115552414765 11.143290244168677
    vertex 6.7594070461664595 51.36211662934403 10.418288883556436
    vertex 6.05940861115057 52.08711528420928 11.143290398472923
  endloop
endfacet
facet normal -1.6261803688122098e-07 0.7071081278409374 -0.7071054345295745
  outer loop
    vertex 6.7594070461664595 51.36211662934403 10.418288883556436
    vertex 7.98889512622924 52.087115552414765 11.143290244168677
    vertex 7.154865663712297 51.36211657830906 10.418288638006473
  endloop
endfacet
facet normal 1.0761112727392324e-05 0.7071255248203787 -0.7070880369739702
  outer loop
    vertex 5.359411918760288 48.550474977583576 11.139932206084932
    vertex 7.154872216368366 47.82883449201929 10.41829011208375
    vertex 5.3594119047251505 47.828921470756946 10.418290778182858
  endloop
endfacet
facet normal 1.0761112727392324e-05 0.7071255248203787 -0.7070880369739702
  outer loop
    vertex 7.154872216368366 47.82883449201929 10.41829011208375
    vertex 5.359411918760288 48.550474977583576 11.139932206084932
    vertex 7.985034227820307 48.55047523474486 11.13993208210271
  endloop
endfacet
facet normal 0.06948739743526709 -0.9975828294420831 -2.425027806903451e-08
  outer loop
    vertex 9.759417057897913 45.73883389582011 8.633569092501444e-07
    vertex 11.716278514468508 45.87514032882888 10.418291167479737
    vertex 9.759416667942446 45.738833623743574 10.418283901653902
  endloop
endfacet
facet normal 0.06948739743526709 -0.9975828294420831 -2.425027806903451e-08
  outer loop
    vertex 11.716278514468508 45.87514032882888 10.418291167479737
    vertex 9.759417057897913 45.73883389582011 8.633569092501444e-07
    vertex 11.71627869712543 45.87514060315513 6.274796297850875e-07
  endloop
endfacet
facet normal -1.902622547423493e-07 0.999999999999982 3.1452275257438053e-09
  outer loop
    vertex 6.55940890806185 57.06537268593128 9.900653578104556
    vertex 12.014495104231717 57.06537382657079 1.0025448383578648e-06
    vertex 6.5594089275643155 57.06537315926756 7.652336118019617e-07
  endloop
endfacet
facet normal -1.902622547423493e-07 0.999999999999982 3.1452275257438053e-09
  outer loop
    vertex 12.014495104231717 57.06537382657079 1.0025448383578648e-06
    vertex 6.55940890806185 57.06537268593128 9.900653578104556
    vertex 12.014491715885569 57.06537407950677 14.64268412672478
  endloop
endfacet
facet normal 2.9050903917207917e-07 -0.9999999999999512 1.1414616781075763e-07
  outer loop
    vertex 5.359408927564357 52.812116238329054 6.051957547163353e-07
    vertex 7.154878784666597 52.81212176950039 10.418285202790623
    vertex 5.359407660004883 52.81211662934389 10.41828890392959
  endloop
endfacet
facet normal 2.9050903917207917e-07 -0.9999999999999512 1.1414616781075763e-07
  outer loop
    vertex 7.154878784666597 52.81212176950039 10.418285202790623
    vertex 5.359408927564357 52.812116238329054 6.051957547163353e-07
    vertex 12.014502571606444 52.812119179521375 1.1767643276391782e-06
  endloop
endfacet
facet normal 2.9050903917207917e-07 -0.9999999999999512 1.1414616781075763e-07
  outer loop
    vertex 7.154878784666597 52.81212176950039 10.418285202790623
    vertex 12.014502571606444 52.812119179521375 1.1767643276391782e-06
    vertex 12.01449685162764 52.8121194602149 14.642688527119171
  endloop
endfacet
facet normal 0.30964138771220034 -0.9508534119493198 -1.2602904468626864e-08
  outer loop
    vertex 21.454165610823317 36.908811340772964 6.280322674149672e-07
    vertex 22.83080912236542 37.35710935108686 9.010414136646311
    vertex 21.45416517800141 36.908811067784235 10.418291168032248
  endloop
endfacet
facet normal 0.30964138771220034 -0.9508534119493198 -1.2602904468626864e-08
  outer loop
    vertex 22.83080912236542 37.35710935108686 9.010414136646311
    vertex 21.454165610823317 36.908811340772964 6.280322674149672e-07
    vertex 22.83080939388824 37.35710954855753 1.4078777966463196
  endloop
endfacet
facet normal 0.06826360905684442 0.9976673191392672 4.0922599736233695e-08
  outer loop
    vertex 11.736593649666073 51.226831252440995 10.418291123972697
    vertex 9.75942038397057 51.36211623832902 1.2285370136317242e-06
    vertex 9.759416291789497 51.362115966252574 10.418291156989877
  endloop
endfacet
facet normal 0.06826360905684442 0.9976673191392672 4.0922599736233695e-08
  outer loop
    vertex 9.75942038397057 51.36211623832902 1.2285370136317242e-06
    vertex 11.736593649666073 51.226831252440995 10.418291123972697
    vertex 11.736594082487676 51.226831525430015 5.839725985345312e-07
  endloop
endfacet
facet normal -0.03489966969788421 0.9993908209779487 9.137690525925936e-09
  outer loop
    vertex 9.759412492903476 38.58589129218854 10.418290723199396
    vertex 12.396818347533783 38.67799199398593 9.010413735181263
    vertex 9.759412827058195 38.585891124745906 2.234970176153018e-07
  endloop
endfacet
facet normal -0.03489966969788421 0.9993908209779487 9.137690525925936e-09
  outer loop
    vertex 12.396818347533783 38.67799199398593 9.010413735181263
    vertex 9.759412492903476 38.58589129218854 10.418290723199396
    vertex 13.803837748354415 38.7271261593045 10.41829089492253
  endloop
endfacet
facet normal -0.03489966969788421 0.9993908209779487 9.137690525925936e-09
  outer loop
    vertex 9.759412827058195 38.585891124745906 2.234970176153018e-07
    vertex 12.396818663376266 38.67799219319405 1.4078773951813306
    vertex 13.8038381811761 38.72712643229334 3.549226952521008e-07
  endloop
endfacet
facet normal -0.03489966969788421 0.9993908209779487 9.137690525925936e-09
  outer loop
    vertex 12.396818663376266 38.67799219319405 1.4078773951813306
    vertex 9.759412827058195 38.585891124745906 2.234970176153018e-07
    vertex 12.396818347533783 38.67799199398593 9.010413735181263
  endloop
endfacet
facet normal -0.03489966969788421 0.9993908209779487 9.137690525925936e-09
  outer loop
    vertex 12.396818663376266 38.67799219319405 1.4078773951813306
    vertex 12.396818347533783 38.67799199398593 9.010413735181263
    vertex 12.396818545531689 38.67799211886683 4.244489033699629
  endloop
endfacet
facet normal 0.7194016127982783 0.6945943560836296 6.092715826592718e-08
  outer loop
    vertex 5.359408927564357 52.812116238329054 6.051957547163353e-07
    vertex 6.7594070461664595 51.36211662934403 10.418288883556436
    vertex 6.759408313725787 51.3621162383291 5.848226347928022e-07
  endloop
endfacet
facet normal 0.7194016127982783 0.6945943560836296 6.092715826592718e-08
  outer loop
    vertex 6.7594070461664595 51.36211662934403 10.418288883556436
    vertex 5.359408927564357 52.812116238329054 6.051957547163353e-07
    vertex 5.359407660004883 52.81211662934389 10.41828890392959
  endloop
endfacet
facet normal 0.7194016127982783 0.6945943560836296 6.092715826592718e-08
  outer loop
    vertex 6.7594070461664595 51.36211662934403 10.418288883556436
    vertex 5.359407660004883 52.81211662934389 10.41828890392959
    vertex 6.05940861115057 52.08711528420928 11.143290398472923
  endloop
endfacet
facet normal 1.9703088454148986e-07 -0.8198717727900423 -0.5725471824942239
  outer loop
    vertex 8.507093197458046 59.082618932626026 11.38824364622871
    vertex 9.759412579811526 58.515372534016535 12.200525271624445
    vertex 7.959407952470939 58.51537227090282 12.20052501961331
  endloop
endfacet
facet normal 1.9703088454148986e-07 -0.8198717727900423 -0.5725471824942239
  outer loop
    vertex 9.759412579811526 58.515372534016535 12.200525271624445
    vertex 8.507093197458046 59.082618932626026 11.38824364622871
    vertex 9.759412477804112 59.082619086583115 11.388243843293566
  endloop
endfacet
facet normal -0.029663991958242146 -0.804744191704198 0.5928801173082621
  outer loop
    vertex 21.151561225326198 58.117547635033006 10.648298239496578
    vertex 9.759412477804112 59.082619086583115 11.388243843293566
    vertex 9.75941255784009 58.51537089384234 10.618291077697084
  endloop
endfacet
facet normal -1.8539118981138175e-07 -0.9999999999995254 9.56423351680976e-07
  outer loop
    vertex 7.959407699596948 58.51537233781057 15.571080966009555
    vertex 13.87500029230018 58.5153675212266 16.259998527136414
    vertex 7.95940759913157 58.51537229851414 16.260000204151005
  endloop
endfacet
facet normal -1.8539118981138175e-07 -0.9999999999995254 9.56423351680976e-07
  outer loop
    vertex 13.87500029230018 58.5153675212266 16.259998527136414
    vertex 7.959407699596948 58.51537233781057 15.571080966009555
    vertex 16.288176486193567 58.515371119306295 15.571081202394366
  endloop
endfacet
facet normal -1.8539118981138175e-07 -0.9999999999995254 9.56423351680976e-07
  outer loop
    vertex 13.87500029230018 58.5153675212266 16.259998527136414
    vertex 16.288176486193567 58.515371119306295 15.571081202394366
    vertex 14.797414889707762 58.51537260039717 16.76000064963243
  endloop
endfacet
facet normal -1.8539118981138175e-07 -0.9999999999995254 9.56423351680976e-07
  outer loop
    vertex 16.288176486193567 58.515371119306295 15.571081202394366
    vertex 14.797414880379758 58.51537259768102 17.061842918025533
    vertex 14.797414889707762 58.51537260039717 16.76000064963243
  endloop
endfacet
facet normal 0.9999999999999996 -1.9227296693588097e-09 3.340758028807582e-08
  outer loop
    vertex 14.797414880379758 58.51537259768102 17.061842918025533
    vertex 14.797414933800114 57.51537084254603 17.061842685434378
    vertex 14.797414889707762 58.51537260039717 16.76000064963243
  endloop
endfacet
facet normal 0.9999999999999996 -1.9227296693588097e-09 3.340758028807582e-08
  outer loop
    vertex 14.797414933800114 57.51537084254603 17.061842685434378
    vertex 14.797414880379758 58.51537259768102 17.061842918025533
    vertex 14.797414880379893 38.58589046037902 17.061842397561737
  endloop
endfacet
facet normal 0.9999999999999996 -1.9227296693588097e-09 3.340758028807582e-08
  outer loop
    vertex 14.797414900557724 60.590573998650456 17.13663128522103
    vertex 14.797414880379758 58.51537259768102 17.061842918025533
    vertex 14.797414922172068 60.595475900450126 17.06184274568779
  endloop
endfacet
facet normal 0.9999999999999996 -1.9227296693588097e-09 3.340758028807582e-08
  outer loop
    vertex 14.797414880379893 38.58589046037902 17.061842397561737
    vertex 14.797414844729781 30.710687148141837 17.136631401491314
    vertex 14.797414847034563 30.705785207790633 17.06184223860609
  endloop
endfacet
facet normal 0.9999999999999996 -1.9227296693588097e-09 3.340758028807582e-08
  outer loop
    vertex 14.797414844729781 30.710687148141837 17.136631401491314
    vertex 14.797414880379893 38.58589046037902 17.061842397561737
    vertex 14.797414880379758 58.51537259768102 17.061842918025533
  endloop
endfacet
facet normal 0.9999999999999996 -1.9227296693588097e-09 3.340758028807582e-08
  outer loop
    vertex 14.797414844729781 30.710687148141837 17.136631401491314
    vertex 14.797414880379758 58.51537259768102 17.061842918025533
    vertex 14.797414900557724 60.590573998650456 17.13663128522103
  endloop
endfacet
facet normal 0.9999999999999996 -1.9227296693588097e-09 3.340758028807582e-08
  outer loop
    vertex 14.797414844729781 30.710687148141837 17.136631401491314
    vertex 14.797414900557724 60.590573998650456 17.13663128522103
    vertex 14.797414895800147 60.55995115258804 17.290582708423344
  endloop
endfacet
facet normal 0.9999999999999996 -1.9227296693588097e-09 3.340758028807582e-08
  outer loop
    vertex 14.797414844729781 30.710687148141837 17.136631401491314
    vertex 14.797414895800147 60.55995115258804 17.290582708423344
    vertex 14.797414839972255 30.741309989473503 17.290582825847604
  endloop
endfacet
facet normal 0.9999999999999996 -1.9227296693588097e-09 3.340758028807582e-08
  outer loop
    vertex 14.797414839972255 30.741309989473503 17.290582825847604
    vertex 14.797414895800147 60.55995115258804 17.290582708423344
    vertex 14.797414891206884 60.50949559627428 17.439219972405265
  endloop
endfacet
facet normal 0.9999999999999996 -1.9227296693588097e-09 3.340758028807582e-08
  outer loop
    vertex 14.797414839972255 30.741309989473503 17.290582825847604
    vertex 14.797414891206884 60.50949559627428 17.439219972405265
    vertex 14.79741483537879 30.79176554120243 17.439220091606497
  endloop
endfacet
facet normal 0.9999999999999996 -1.9227296693588097e-09 3.340758028807582e-08
  outer loop
    vertex 14.79741483537879 30.79176554120243 17.439220091606497
    vertex 14.797414891206884 60.50949559627428 17.439219972405265
    vertex 14.79741488685668 60.44007063825649 17.57999985239952
  endloop
endfacet
facet normal 0.9999999999999996 -1.9227296693588097e-09 3.340758028807582e-08
  outer loop
    vertex 14.79741483537879 30.79176554120243 17.439220091606497
    vertex 14.79741488685668 60.44007063825649 17.57999985239952
    vertex 14.797414831028348 30.86119049486361 17.57999997398218
  endloop
endfacet
facet normal 0.9999999999999996 -1.9227296693588097e-09 3.340758028807582e-08
  outer loop
    vertex 14.797414831028348 30.86119049486361 17.57999997398218
    vertex 14.79741488685668 60.44007063825649 17.57999985239952
    vertex 14.797414882823034 60.352864158801 17.710513565655766
  endloop
endfacet
facet normal 0.9999999999999996 -1.9227296693588097e-09 3.340758028807582e-08
  outer loop
    vertex 14.797414831028348 30.86119049486361 17.57999997398218
    vertex 14.797414882823034 60.352864158801 17.710513565655766
    vertex 14.797414826995023 30.948396970270863 17.710513690194645
  endloop
endfacet
facet normal 0.9999999999999996 -1.9227296693588097e-09 3.340758028807582e-08
  outer loop
    vertex 14.797414826995023 30.948396970270863 17.710513690194645
    vertex 14.797414882823034 60.352864158801 17.710513565655766
    vertex 14.797414879176264 60.249368284932025 17.82852798638078
  endloop
endfacet
facet normal 0.9999999999999996 -1.9227296693588097e-09 3.340758028807582e-08
  outer loop
    vertex 14.797414826995023 30.948396970270863 17.710513690194645
    vertex 14.797414879176264 60.249368284932025 17.82852798638078
    vertex 14.79741482334817 31.051892840476118 17.828528114410563
  endloop
endfacet
facet normal 0.9999999999999996 -1.9227296693588097e-09 3.340758028807582e-08
  outer loop
    vertex 14.79741482334817 31.051892840476118 17.828528114410563
    vertex 14.797414879176264 60.249368284932025 17.82852798638078
    vertex 14.7974148759781 60.1313538597256 17.932023855139647
  endloop
endfacet
facet normal 0.9999999999999996 -1.9227296693588097e-09 3.340758028807582e-08
  outer loop
    vertex 14.79741482334817 31.051892840476118 17.828528114410563
    vertex 14.7974148759781 60.1313538597256 17.932023855139647
    vertex 14.797414820149864 31.16990726247432 17.93202398714452
  endloop
endfacet
facet normal 0.9999999999999996 -1.9227296693588097e-09 3.340758028807582e-08
  outer loop
    vertex 14.797414820149864 31.16990726247432 17.93202398714452
    vertex 14.7974148759781 60.1313538597256 17.932023855139647
    vertex 14.797414873282737 60.00084014269322 18.019230328943816
  endloop
endfacet
facet normal 0.9999999999999996 -1.9227296693588097e-09 3.340758028807582e-08
  outer loop
    vertex 14.797414820149864 31.16990726247432 17.93202398714452
    vertex 14.797414873282737 60.00084014269322 18.019230328943816
    vertex 14.797414817454845 31.30042097681838 18.019230465348343
  endloop
endfacet
facet normal 0.9999999999999996 -1.9227296693588097e-09 3.340758028807582e-08
  outer loop
    vertex 14.797414817454845 31.30042097681838 18.019230465348343
    vertex 14.797414873282737 60.00084014269322 18.019230328943816
    vertex 14.797414871137741 59.860060259692695 18.088655280865645
  endloop
endfacet
facet normal 0.9999999999999996 -1.9227296693588097e-09 3.340758028807582e-08
  outer loop
    vertex 14.797414817454845 31.30042097681838 18.019230465348343
    vertex 14.797414871137741 59.860060259692695 18.088655280865645
    vertex 14.797414815309647 31.441200857706423 18.088655422025983
  endloop
endfacet
facet normal 0.9999999999999996 -1.9227296693588097e-09 3.340758028807582e-08
  outer loop
    vertex 14.797414815309647 31.441200857706423 18.088655422025983
    vertex 14.797414871137741 59.860060259692695 18.088655280865645
    vertex 14.797414869578558 59.71142299352606 18.139110830743338
  endloop
endfacet
facet normal 0.9999999999999996 -1.9227296693588097e-09 3.340758028807582e-08
  outer loop
    vertex 14.797414815309647 31.441200857706423 18.088655422025983
    vertex 14.797414869578558 59.71142299352606 18.139110830743338
    vertex 14.797414813750391 31.589838122384254 18.13911097693966
  endloop
endfacet
facet normal 0.9999999999999996 -1.9227296693588097e-09 3.340758028807582e-08
  outer loop
    vertex 14.797414813750391 31.589838122384254 18.13911097693966
    vertex 14.797414869578558 59.71142299352606 18.139110830743338
    vertex 14.797414868631812 59.557471568997826 18.169733670139564
  endloop
endfacet
facet normal 0.9999999999999996 -1.9227296693588097e-09 3.340758028807582e-08
  outer loop
    vertex 14.797414813750391 31.589838122384254 18.13911097693966
    vertex 14.797414868631812 59.557471568997826 18.169733670139564
    vertex 14.797414812803842 31.743789546084436 18.169733821569924
  endloop
endfacet
facet normal 0.9999999999999996 -1.9227296693588097e-09 3.340758028807582e-08
  outer loop
    vertex 14.797414812803842 31.743789546084436 18.169733821569924
    vertex 14.797414868631812 59.557471568997826 18.169733670139564
    vertex 14.797414868314656 59.40084013763447 18.17999983378792
  endloop
endfacet
facet normal 0.9999999999999996 -1.9227296693588097e-09 3.340758028807582e-08
  outer loop
    vertex 14.797414812803842 31.743789546084436 18.169733821569924
    vertex 14.797414868314656 59.40084013763447 18.17999983378792
    vertex 14.797414812486505 31.900420977306716 18.179999990563463
  endloop
endfacet
facet normal 0.7066947762639906 -0.01777978741975127 0.707295109809545
  outer loop
    vertex 19.976008483826927 58.44466051679651 11.83152275131607
    vertex 20.434459041031246 60.22805934886026 11.418291897915177
    vertex 17.060111603943188 60.600841102696926 14.799146161238163
  endloop
endfacet
facet normal 0.7066947762639906 -0.01777978741975127 0.707295109809545
  outer loop
    vertex 20.434459041031246 60.22805934886026 11.418291897915177
    vertex 19.976008483826927 58.44466051679651 11.83152275131607
    vertex 20.395618248606954 58.6842492851764 11.41829185601388
  endloop
endfacet
facet normal 4.1350148233201264e-08 -0.8481191697898685 0.5298055056668841
  outer loop
    vertex 9.759412268543795 58.515372536402836 13.970268773481758
    vertex 8.442165903167234 59.01537240176632 14.770674805230207
    vertex 7.959407641203039 58.515372273289216 13.970268521470626
  endloop
endfacet
facet normal 4.1350148233201264e-08 -0.8481191697898685 0.5298055056668841
  outer loop
    vertex 8.442165903167234 59.01537240176632 14.770674805230207
    vertex 9.759412268543795 58.515372536402836 13.970268773481758
    vertex 9.759412297740775 59.01537256866359 14.770675008808844
  endloop
endfacet
facet normal -3.8985057487512763e-07 -0.7071086281061881 -0.7071049342619755
  outer loop
    vertex 7.95940759913157 58.51537229851414 16.260000204151005
    vertex 14.616427139620551 58.015371178438265 16.759999992215963
    vertex 7.476649167802302 58.015372247674634 16.760000213956605
  endloop
endfacet
facet normal -3.8985057487512763e-07 -0.7071086281061881 -0.7071049342619755
  outer loop
    vertex 14.616427139620551 58.015371178438265 16.759999992215963
    vertex 7.95940759913157 58.51537229851414 16.260000204151005
    vertex 13.87500029230018 58.5153675212266 16.259998527136414
  endloop
endfacet
facet normal 0.7119358907664224 0.020671118759334126 -0.7019401628969938
  outer loop
    vertex 22.788447516093992 51.61277074767296 1.4078781649594332
    vertex 21.439398404656124 50.26746094183142 9.81347079019799e-07
    vertex 21.40174326145156 51.56434600289121 1.0058435981511892e-06
  endloop
endfacet
facet normal -0.030391553836609173 -0.8509925936809005 -0.5242975862577
  outer loop
    vertex 9.759412477804112 59.082619086583115 11.388243843293566
    vertex 19.976008483826927 58.44466051679651 11.83152275131607
    vertex 19.613437693947247 58.230247639408866 12.200525351312043
  endloop
endfacet
facet normal -0.030391553836609173 -0.8509925936809005 -0.5242975862577
  outer loop
    vertex 19.976008483826927 58.44466051679651 11.83152275131607
    vertex 9.759412477804112 59.082619086583115 11.388243843293566
    vertex 20.395618248606954 58.6842492851764 11.41829185601388
  endloop
endfacet
facet normal -7.425584054408958e-07 -0.8050989850954919 0.5931404759394335
  outer loop
    vertex 9.75941255784009 58.51537089384234 10.618291077697084
    vertex 8.507093197458046 59.082618932626026 11.38824364622871
    vertex 7.959408085240815 58.515373593485485 10.618291389567124
  endloop
endfacet
facet normal -7.425584054408958e-07 -0.8050989850954919 0.5931404759394335
  outer loop
    vertex 8.507093197458046 59.082618932626026 11.38824364622871
    vertex 9.75941255784009 58.51537089384234 10.618291077697084
    vertex 9.759412477804112 59.082619086583115 11.388243843293566
  endloop
endfacet
facet normal 0.7194017292170081 -0.6945942355070178 -1.6691339870014327e-08
  outer loop
    vertex 7.95940831372587 58.51537315926761 8.205947750787186e-07
    vertex 6.55940890806185 57.06537268593128 9.900653578104556
    vertex 6.5594089275643155 57.06537315926756 7.652336118019617e-07
  endloop
endfacet
facet normal 0.7194017292170081 -0.6945942355070178 -1.6691339870014327e-08
  outer loop
    vertex 6.55940890806185 57.06537268593128 9.900653578104556
    vertex 7.95940831372587 58.51537315926761 8.205947750787186e-07
    vertex 7.959408085240815 58.515373593485485 10.618291389567124
  endloop
endfacet
facet normal 0.7194017292170081 -0.6945942355070178 -1.6691339870014327e-08
  outer loop
    vertex 6.55940890806185 57.06537268593128 9.900653578104556
    vertex 7.959408085240815 58.515373593485485 10.618291389567124
    vertex 6.99389168392371 57.51537288683064 10.278343236793475
  endloop
endfacet
facet normal 0.7194017292170081 -0.6945942355070178 -1.6691339870014327e-08
  outer loop
    vertex 6.99389168392371 57.51537288683064 10.278343236793475
    vertex 7.959408085240815 58.515373593485485 10.618291389567124
    vertex 6.9938914714293094 57.515372664548565 16.26000016366133
  endloop
endfacet
facet normal 0.7194017292170081 -0.6945942355070178 -1.6691339870014327e-08
  outer loop
    vertex 6.9938914714293094 57.515372664548565 16.26000016366133
    vertex 7.959408085240815 58.515373593485485 10.618291389567124
    vertex 7.959407952470939 58.51537227090282 12.20052501961331
  endloop
endfacet
facet normal 0.7194017292170081 -0.6945942355070178 -1.6691339870014327e-08
  outer loop
    vertex 7.959407952470939 58.51537227090282 12.20052501961331
    vertex 7.959408085240815 58.515373593485485 10.618291389567124
    vertex 8.507093197458046 59.082618932626026 11.38824364622871
  endloop
endfacet
facet normal 0.7194017292170081 -0.6945942355070178 -1.6691339870014327e-08
  outer loop
    vertex 6.9938914714293094 57.515372664548565 16.26000016366133
    vertex 7.959407952470939 58.51537227090282 12.20052501961331
    vertex 7.959407641203039 58.515372273289216 13.970268521470626
  endloop
endfacet
facet normal 0.7194017292170081 -0.6945942355070178 -1.6691339870014327e-08
  outer loop
    vertex 6.9938914714293094 57.515372664548565 16.26000016366133
    vertex 7.959407641203039 58.515372273289216 13.970268521470626
    vertex 8.442165903167234 59.01537240176632 14.770674805230207
  endloop
endfacet
facet normal 0.7194017292170081 -0.6945942355070178 -1.6691339870014327e-08
  outer loop
    vertex 6.9938914714293094 57.515372664548565 16.26000016366133
    vertex 8.442165903167234 59.01537240176632 14.770674805230207
    vertex 7.959407699596948 58.51537233781057 15.571080966009555
  endloop
endfacet
facet normal 0.7194017292170081 -0.6945942355070178 -1.6691339870014327e-08
  outer loop
    vertex 6.9938914714293094 57.515372664548565 16.26000016366133
    vertex 7.959407699596948 58.51537233781057 15.571080966009555
    vertex 7.95940759913157 58.51537229851414 16.260000204151005
  endloop
endfacet
facet normal 0.7194017292170081 -0.6945942355070178 -1.6691339870014327e-08
  outer loop
    vertex 6.9938914714293094 57.515372664548565 16.26000016366133
    vertex 7.95940759913157 58.51537229851414 16.260000204151005
    vertex 7.476649167802302 58.015372247674634 16.760000213956605
  endloop
endfacet
facet normal -0.023716202764522822 -0.8196411736939715 -0.5723861354994555
  outer loop
    vertex 19.613437693947247 58.230247639408866 12.200525351312043
    vertex 9.759412579811526 58.515372534016535 12.200525271624445
    vertex 9.759412477804112 59.082619086583115 11.388243843293566
  endloop
endfacet
facet normal -0.032321795137886446 -0.8198510538302428 0.5716638444859925
  outer loop
    vertex 21.151561225326198 58.117547635033006 10.648298239496578
    vertex 20.395618248606954 58.6842492851764 11.41829185601388
    vertex 9.759412477804112 59.082619086583115 11.388243843293566
  endloop
endfacet
facet normal 9.991981065866318e-08 0.9999999999999942 3.716062072509432e-08
  outer loop
    vertex 13.875000292301127 57.515371976989506 16.259999798588748
    vertex 6.99389168392371 57.51537288683064 10.278343236793475
    vertex 6.9938914714293094 57.515372664548565 16.26000016366133
  endloop
endfacet
facet normal 2.392504377093265e-08 -0.9999999999999983 5.637117848096634e-08
  outer loop
    vertex 1.6094125420081198 30.700420375891845 12.179999479069764
    vertex 14.879257316914202 30.70042098177613 16.979999771279527
    vertex 1.609412425518928 30.70042053011859 16.979999411085558
  endloop
endfacet
facet normal 2.392504377093265e-08 -0.9999999999999983 5.637117848096634e-08
  outer loop
    vertex 14.879257316914202 30.70042098177613 16.979999771279527
    vertex 1.6094125420081198 30.700420375891845 12.179999479069764
    vertex 19.679257182130506 30.7004207096798 12.180000071424068
  endloop
endfacet
facet normal -3.433465694908791e-08 0.9999999999999988 3.244743342644105e-08
  outer loop
    vertex 1.609412425518866 60.600840424283945 16.979999370073077
    vertex 9.75941252455836 60.60084084998251 11.418291543334496
    vertex 1.6094128376002832 60.60084077385669 9.362604841160844e-08
  endloop
endfacet
facet normal -3.433465694908791e-08 0.9999999999999988 3.244743342644105e-08
  outer loop
    vertex 9.75941252455836 60.60084084998251 11.418291543334496
    vertex 1.609412425518866 60.600840424283945 16.979999370073077
    vertex 14.87925783665924 60.600840517404805 16.9799998534404
  endloop
endfacet
facet normal -3.433465694908791e-08 0.9999999999999988 3.244743342644105e-08
  outer loop
    vertex 1.6094128376002832 60.60084077385669 9.362604841160844e-08
    vertex 9.75941252455836 60.60084084998251 11.418291543334496
    vertex 9.759412311320611 60.600841237148664 1.2407848472696811e-06
  endloop
endfacet
facet normal -3.433465694908791e-08 0.9999999999999988 3.244743342644105e-08
  outer loop
    vertex 9.75941252455836 60.60084084998251 11.418291543334496
    vertex 14.87925783665924 60.600840517404805 16.9799998534404
    vertex 17.060111603943188 60.600841102696926 14.799146161238163
  endloop
endfacet
facet normal -2.0262073561925935e-08 -9.061226513587488e-10 0.9999999999999999
  outer loop
    vertex -23.39058724370701 53.86484387874324 4.999999735503091
    vertex -6.536334618121509 55.05063054105241 5.000000056478329
    vertex -22.204800581397976 55.05063054105247 4.999999759584823
  endloop
endfacet
facet normal -2.0262073561925935e-08 -9.061226513587488e-10 0.9999999999999999
  outer loop
    vertex -6.536334618121509 55.05063054105241 5.000000056478329
    vertex -23.39058724370701 53.86484387874324 4.999999735503091
    vertex -6.536334618121342 42.05063054105252 5.000000070562101
  endloop
endfacet
facet normal -2.0262073561925935e-08 -9.061226513587488e-10 0.9999999999999999
  outer loop
    vertex -6.536334618121342 42.05063054105252 5.000000070562101
    vertex -23.39058724370701 53.86484387874324 4.999999735503091
    vertex -23.390587243706925 43.236417203361746 4.999999700091264
  endloop
endfacet
facet normal -2.0262073561925935e-08 -9.061226513587488e-10 0.9999999999999999
  outer loop
    vertex -6.536334618121342 42.05063054105252 5.000000070562101
    vertex -23.390587243706925 43.236417203361746 4.999999700091264
    vertex -22.204800581397784 42.050630541052485 4.9999997430198055
  endloop
endfacet
facet normal -6.595288097023489e-08 -0.9999999999999961 5.956201756281519e-08
  outer loop
    vertex 1.6094128376003425 36.50042030772077 1.1283960533663237e-07
    vertex 2.581438367057576 36.50042227987524 12.180000705047618
    vertex 1.6094125420080239 36.500421364440534 12.180000743623127
  endloop
endfacet
facet normal -6.595288097023489e-08 -0.9999999999999961 5.956201756281519e-08
  outer loop
    vertex 2.581438367057576 36.50042227987524 12.180000705047618
    vertex 1.6094128376003425 36.50042030772077 1.1283960533663237e-07
    vertex 9.759412753017578 36.50042077297579 6.23006955394233e-07
  endloop
endfacet
facet normal -6.595288097023489e-08 -0.9999999999999961 5.956201756281519e-08
  outer loop
    vertex 2.581438367057576 36.50042227987524 12.180000705047618
    vertex 9.759412753017578 36.50042077297579 6.23006955394233e-07
    vertex 7.154883301737784 36.50042063887911 10.418290588249404
  endloop
endfacet
facet normal -6.595288097023489e-08 -0.9999999999999961 5.956201756281519e-08
  outer loop
    vertex 7.154883301737784 36.50042063887911 10.418290588249404
    vertex 9.759412753017578 36.50042077297579 6.23006955394233e-07
    vertex 9.759412496999545 36.50042074938708 10.418290879722083
  endloop
endfacet
facet normal -6.595288097023489e-08 -0.9999999999999961 5.956201756281519e-08
  outer loop
    vertex 9.18149788355423 36.5004207125475 12.179999875661231
    vertex 2.581438367057576 36.50042227987524 12.180000705047618
    vertex 7.154883301737784 36.50042063887911 10.418290588249404
  endloop
endfacet
facet normal -0.5630799617756954 0.8264024181031187 2.346996370356971e-09
  outer loop
    vertex 1.609412425518866 60.600840424283945 16.979999370073077
    vertex -6.53633453681439 55.050630540788724 5.6478320417483475e-08
    vertex -6.536334618121509 55.05063054105241 5.000000056478329
  endloop
endfacet
facet normal -0.5630799617756954 0.8264024181031187 2.346996370356971e-09
  outer loop
    vertex -6.53633453681439 55.050630540788724 5.6478320417483475e-08
    vertex 1.609412425518866 60.600840424283945 16.979999370073077
    vertex 1.6094128376002832 60.60084077385669 9.362604841160844e-08
  endloop
endfacet
facet normal 2.792728468054195e-08 2.193843498010386e-08 -0.9999999999999996
  outer loop
    vertex 21.433850255463653 60.19316019134172 1.1887521287838203e-06
    vertex 9.759412385361369 58.51537088537858 7.323496514721069e-07
    vertex 7.95940831372587 58.51537315926761 8.205947750787186e-07
  endloop
endfacet
facet normal 2.792728468054195e-08 2.193843498010386e-08 -0.9999999999999996
  outer loop
    vertex 9.759412385361369 58.51537088537858 7.323496514721069e-07
    vertex 21.433850255463653 60.19316019134172 1.1887521287838203e-06
    vertex 21.38142787341036 58.109520927654884 1.1325247151183088e-06
  endloop
endfacet
facet normal 2.792728468054195e-08 2.193843498010386e-08 -0.9999999999999996
  outer loop
    vertex 9.759412385361369 58.51537088537858 7.323496514721069e-07
    vertex 21.38142787341036 58.109520927654884 1.1325247151183088e-06
    vertex 16.618406446867557 58.2758493692585 1.0533981268429517e-06
  endloop
endfacet
facet normal 2.792728468054195e-08 2.193843498010386e-08 -0.9999999999999996
  outer loop
    vertex 9.759412385361369 58.51537088537858 7.323496514721069e-07
    vertex 16.618406446867557 58.2758493692585 1.0533981268429517e-06
    vertex 13.783522796934026 58.37484572837486 1.0063021851613327e-06
  endloop
endfacet
facet normal 2.792728468054195e-08 2.193843498010386e-08 -0.9999999999999996
  outer loop
    vertex 21.439398404656124 50.26746094183142 9.81347079019799e-07
    vertex 18.56685961010054 51.46534968436645 8.854766505385511e-07
    vertex 21.40174326145156 51.56434600289121 1.0058435981511892e-06
  endloop
endfacet
facet normal 2.792728468054195e-08 2.193843498010386e-08 -0.9999999999999996
  outer loop
    vertex 18.56685961010054 51.46534968436645 8.854766505385511e-07
    vertex 21.439398404656124 50.26746094183142 9.81347079019799e-07
    vertex 13.803838181176033 51.299021310962715 6.832411362586589e-07
  endloop
endfacet
facet normal 2.792728468054195e-08 2.193843498010386e-08 -0.9999999999999996
  outer loop
    vertex 13.803838181176033 51.299021310962715 6.832411362586589e-07
    vertex 21.439398404656124 50.26746094183142 9.81347079019799e-07
    vertex 11.736594082487676 51.226831525430015 5.839725985345312e-07
  endloop
endfacet
facet normal 2.792728468054195e-08 2.193843498010386e-08 -0.9999999999999996
  outer loop
    vertex 21.41405282966462 46.83437444470726 8.391992986537682e-07
    vertex 13.783522796934195 45.80295084970552 6.779837441547734e-07
    vertex 11.71627869712543 45.87514060315513 6.274796297850875e-07
  endloop
endfacet
facet normal 2.792728468054195e-08 2.193843498010386e-08 -0.9999999999999996
  outer loop
    vertex 13.783522796934195 45.80295084970552 6.779837441547734e-07
    vertex 21.41405282966462 46.83437444470726 8.391992986537682e-07
    vertex 16.618406446867535 45.703954490589126 7.250796858363921e-07
  endloop
endfacet
facet normal 2.792728468054195e-08 2.193843498010386e-08 -0.9999999999999996
  outer loop
    vertex 16.618406446867535 45.703954490589126 7.250796858363921e-07
    vertex 21.41405282966462 46.83437444470726 8.391992986537682e-07
    vertex 21.38142787341032 45.53762604898547 8.042062741117499e-07
  endloop
endfacet
facet normal 2.792728468054195e-08 2.193843498010386e-08 -0.9999999999999996
  outer loop
    vertex 9.759417057897913 45.73883389582011 8.633569092501444e-07
    vertex 6.759416750612234 45.73895371074569 2.2320155370951578e-07
    vertex 11.71627869712543 45.87514060315513 6.274796297850875e-07
  endloop
endfacet
facet normal 2.792728468054195e-08 2.193843498010386e-08 -0.9999999999999996
  outer loop
    vertex -23.39058716239962 53.86484387847955 -2.6449690982073504e-07
    vertex -22.20480050009051 55.0506305407888 -2.404151865527807e-07
    vertex -6.53633453681439 55.050630540788724 5.6478320417483475e-08
  endloop
endfacet
facet normal 2.792728468054195e-08 2.193843498010386e-08 -0.9999999999999996
  outer loop
    vertex 21.433850255463653 60.19316019134172 1.1887521287838203e-06
    vertex 1.6094128376002832 60.60084077385669 9.362604841160844e-08
    vertex 9.759412311320611 60.600841237148664 1.2407848472696811e-06
  endloop
endfacet
facet normal 2.792728468054195e-08 2.193843498010386e-08 -0.9999999999999996
  outer loop
    vertex 1.6094128376002832 60.60084077385669 9.362604841160844e-08
    vertex 21.433850255463653 60.19316019134172 1.1887521287838203e-06
    vertex 7.95940831372587 58.51537315926761 8.205947750787186e-07
  endloop
endfacet
facet normal 2.792728468054195e-08 2.193843498010386e-08 -0.9999999999999996
  outer loop
    vertex 1.6094128376002832 60.60084077385669 9.362604841160844e-08
    vertex 7.95940831372587 58.51537315926761 8.205947750787186e-07
    vertex -6.53633453681439 55.050630540788724 5.6478320417483475e-08
  endloop
endfacet
facet normal 2.792728468054195e-08 2.193843498010386e-08 -0.9999999999999996
  outer loop
    vertex -6.53633453681439 55.050630540788724 5.6478320417483475e-08
    vertex 7.95940831372587 58.51537315926761 8.205947750787186e-07
    vertex 6.5594089275643155 57.06537315926756 7.652336118019617e-07
  endloop
endfacet
facet normal 2.792728468054195e-08 2.193843498010386e-08 -0.9999999999999996
  outer loop
    vertex 12.014502571606444 52.812119179521375 1.1767643276391782e-06
    vertex 6.5594089275643155 57.06537315926756 7.652336118019617e-07
    vertex 12.014495104231717 57.06537382657079 1.0025448383578648e-06
  endloop
endfacet
facet normal 2.792728468054195e-08 2.193843498010386e-08 -0.9999999999999996
  outer loop
    vertex 6.5594089275643155 57.06537315926756 7.652336118019617e-07
    vertex 12.014502571606444 52.812119179521375 1.1767643276391782e-06
    vertex -6.53633453681439 55.050630540788724 5.6478320417483475e-08
  endloop
endfacet
facet normal 2.792728468054195e-08 2.193843498010386e-08 -0.9999999999999996
  outer loop
    vertex -6.53633453681439 55.050630540788724 5.6478320417483475e-08
    vertex 12.014502571606444 52.812119179521375 1.1767643276391782e-06
    vertex -23.39058716239962 53.86484387847955 -2.6449690982073504e-07
  endloop
endfacet
facet normal 2.792728468054195e-08 2.193843498010386e-08 -0.9999999999999996
  outer loop
    vertex -23.39058716239962 53.86484387847955 -2.6449690982073504e-07
    vertex 12.014502571606444 52.812119179521375 1.1767643276391782e-06
    vertex 5.359408927564357 52.812116238329054 6.051957547163353e-07
  endloop
endfacet
facet normal 2.792728468054195e-08 2.193843498010386e-08 -0.9999999999999996
  outer loop
    vertex -23.39058716239962 53.86484387847955 -2.6449690982073504e-07
    vertex 5.359408927564357 52.812116238329054 6.051957547163353e-07
    vertex -23.390587162399655 43.23641720309792 -2.9990874405368107e-07
  endloop
endfacet
facet normal 2.792728468054195e-08 2.193843498010386e-08 -0.9999999999999996
  outer loop
    vertex -23.390587162399655 43.23641720309792 -2.9990874405368107e-07
    vertex 5.359408927564357 52.812116238329054 6.051957547163353e-07
    vertex 6.759408313725787 51.3621162383291 5.848226347928022e-07
  endloop
endfacet
facet normal 2.792728468054195e-08 2.193843498010386e-08 -0.9999999999999996
  outer loop
    vertex -23.390587162399655 43.23641720309792 -2.9990874405368107e-07
    vertex 6.759408313725787 51.3621162383291 5.848226347928022e-07
    vertex 9.75942038397057 51.36211623832902 1.2285370136317242e-06
  endloop
endfacet
facet normal 2.792728468054195e-08 2.193843498010386e-08 -0.9999999999999996
  outer loop
    vertex -23.390587162399655 43.23641720309792 -2.9990874405368107e-07
    vertex 9.75942038397057 51.36211623832902 1.2285370136317242e-06
    vertex 11.736594082487676 51.226831525430015 5.839725985345312e-07
  endloop
endfacet
facet normal 2.792728468054195e-08 2.193843498010386e-08 -0.9999999999999996
  outer loop
    vertex -23.390587162399655 43.23641720309792 -2.9990874405368107e-07
    vertex 11.736594082487676 51.226831525430015 5.839725985345312e-07
    vertex 5.359412837600361 49.272116238328906 8.405979009615132e-07
  endloop
endfacet
facet normal 2.792728468054195e-08 2.193843498010386e-08 -0.9999999999999996
  outer loop
    vertex 5.359412837600361 49.272116238328906 8.405979009615132e-07
    vertex 11.736594082487676 51.226831525430015 5.839725985345312e-07
    vertex 21.439398404656124 50.26746094183142 9.81347079019799e-07
  endloop
endfacet
facet normal 2.792728468054195e-08 2.193843498010386e-08 -0.9999999999999996
  outer loop
    vertex 5.359412837600361 49.272116238328906 8.405979009615132e-07
    vertex 21.439398404656124 50.26746094183142 9.81347079019799e-07
    vertex 20.51866421252264 49.93494595009078 9.524974195904017e-07
  endloop
endfacet
facet normal 2.792728468054195e-08 2.193843498010386e-08 -0.9999999999999996
  outer loop
    vertex 5.359412837600361 49.272116238328906 8.405979009615132e-07
    vertex 20.51866421252264 49.93494595009078 9.524974195904017e-07
    vertex 17.45987662158198 49.5410229012173 9.493822129946082e-07
  endloop
endfacet
facet normal 2.792728468054195e-08 2.193843498010386e-08 -0.9999999999999996
  outer loop
    vertex 5.359412837600361 49.272116238328906 8.405979009615132e-07
    vertex 17.45987662158198 49.5410229012173 9.493822129946082e-07
    vertex 9.759412754632512 49.272116238329104 9.615039142693449e-07
  endloop
endfacet
facet normal 2.792728468054195e-08 2.193843498010386e-08 -0.9999999999999996
  outer loop
    vertex -23.390587162399655 43.23641720309792 -2.9990874405368107e-07
    vertex 5.359412837600361 49.272116238328906 8.405979009615132e-07
    vertex 5.359412226679861 47.829009626219474 7.865858457455787e-07
  endloop
endfacet
facet normal 2.792728468054195e-08 2.193843498010386e-08 -0.9999999999999996
  outer loop
    vertex -23.390587162399655 43.23641720309792 -2.9990874405368107e-07
    vertex 5.359412226679861 47.829009626219474 7.865858457455787e-07
    vertex 9.75941319782396 47.82883389764102 9.070486631947301e-07
  endloop
endfacet
facet normal 2.792728468054195e-08 2.193843498010386e-08 -0.9999999999999996
  outer loop
    vertex -23.390587162399655 43.23641720309792 -2.9990874405368107e-07
    vertex 9.75941319782396 47.82883389764102 9.070486631947301e-07
    vertex 17.454846401950146 47.560103032380205 8.727502762588142e-07
  endloop
endfacet
facet normal 2.792728468054195e-08 2.193843498010386e-08 -0.9999999999999996
  outer loop
    vertex -23.390587162399655 43.23641720309792 -2.9990874405368107e-07
    vertex 17.454846401950146 47.560103032380205 8.727502762588142e-07
    vertex 20.513633992890554 47.15955272594309 8.51164879364917e-07
  endloop
endfacet
facet normal 2.792728468054195e-08 2.193843498010386e-08 -0.9999999999999996
  outer loop
    vertex -23.390587162399655 43.23641720309792 -2.9990874405368107e-07
    vertex 20.513633992890554 47.15955272594309 8.51164879364917e-07
    vertex 6.759416750612234 45.73895371074569 2.2320155370951578e-07
  endloop
endfacet
facet normal 2.792728468054195e-08 2.193843498010386e-08 -0.9999999999999996
  outer loop
    vertex 6.759416750612234 45.73895371074569 2.2320155370951578e-07
    vertex 20.513633992890554 47.15955272594309 8.51164879364917e-07
    vertex 21.41405282966462 46.83437444470726 8.391992986537682e-07
  endloop
endfacet
facet normal 2.792728468054195e-08 2.193843498010386e-08 -0.9999999999999996
  outer loop
    vertex 6.759416750612234 45.73895371074569 2.2320155370951578e-07
    vertex 21.41405282966462 46.83437444470726 8.391992986537682e-07
    vertex 11.71627869712543 45.87514060315513 6.274796297850875e-07
  endloop
endfacet
facet normal 2.792728468054195e-08 2.193843498010386e-08 -0.9999999999999996
  outer loop
    vertex -23.390587162399655 43.23641720309792 -2.9990874405368107e-07
    vertex 6.759416750612234 45.73895371074569 2.2320155370951578e-07
    vertex 5.359408485867643 44.28895371074577 3.709999513296521e-07
  endloop
endfacet
facet normal 2.792728468054195e-08 2.193843498010386e-08 -0.9999999999999996
  outer loop
    vertex -23.390587162399655 43.23641720309792 -2.9990874405368107e-07
    vertex 5.359408485867643 44.28895371074577 3.709999513296521e-07
    vertex 12.014512757677952 44.28883289371268 8.299146226284234e-07
  endloop
endfacet
facet normal 2.792728468054195e-08 2.193843498010386e-08 -0.9999999999999996
  outer loop
    vertex -23.390587162399655 43.23641720309792 -2.9990874405368107e-07
    vertex 12.014512757677952 44.28883289371268 8.299146226284234e-07
    vertex -6.536334536814334 42.050630540788816 7.056210473936695e-08
  endloop
endfacet
facet normal 2.792728468054195e-08 2.193843498010386e-08 -0.9999999999999996
  outer loop
    vertex -6.536334536814334 42.050630540788816 7.056210473936695e-08
    vertex 12.014512757677952 44.28883289371268 8.299146226284234e-07
    vertex 12.014510242137039 40.03589012263831 4.001674539188411e-07
  endloop
endfacet
facet normal 2.792728468054195e-08 2.193843498010386e-08 -0.9999999999999996
  outer loop
    vertex -6.536334536814334 42.050630540788816 7.056210473936695e-08
    vertex 12.014510242137039 40.03589012263831 4.001674539188411e-07
    vertex 6.559408927564299 40.03589078994163 3.205040667501478e-07
  endloop
endfacet
facet normal 2.792728468054195e-08 2.193843498010386e-08 -0.9999999999999996
  outer loop
    vertex 21.454165610823317 36.908811340772964 6.280322674149672e-07
    vertex 18.566859610100494 38.893454805697104 5.571582095319921e-07
    vertex 21.401743261451333 38.99245112422191 6.775251571446297e-07
  endloop
endfacet
facet normal 2.792728468054195e-08 2.193843498010386e-08 -0.9999999999999996
  outer loop
    vertex 18.566859610100494 38.893454805697104 5.571582095319921e-07
    vertex 21.454165610823317 36.908811340772964 6.280322674149672e-07
    vertex 13.8038381811761 38.72712643229334 3.549226952521008e-07
  endloop
endfacet
facet normal 2.792728468054195e-08 2.193843498010386e-08 -0.9999999999999996
  outer loop
    vertex 13.8038381811761 38.72712643229334 3.549226952521008e-07
    vertex 21.454165610823317 36.908811340772964 6.280322674149672e-07
    vertex 9.759412827058195 38.585891124745906 2.234970176153018e-07
  endloop
endfacet
facet normal 2.792728468054195e-08 2.193843498010386e-08 -0.9999999999999996
  outer loop
    vertex 9.759412827058195 38.585891124745906 2.234970176153018e-07
    vertex 21.454165610823317 36.908811340772964 6.280322674149672e-07
    vertex 7.959408313726022 38.58589078994168 3.001309468266141e-07
  endloop
endfacet
facet normal 2.792728468054195e-08 2.193843498010386e-08 -0.9999999999999996
  outer loop
    vertex 6.559408927564299 40.03589078994163 3.205040667501478e-07
    vertex 1.6094128376003425 36.50042030772077 1.1283960533663237e-07
    vertex -6.536334536814334 42.050630540788816 7.056210473936695e-08
  endloop
endfacet
facet normal 2.792728468054195e-08 2.193843498010386e-08 -0.9999999999999996
  outer loop
    vertex 1.6094128376003425 36.50042030772077 1.1283960533663237e-07
    vertex 6.559408927564299 40.03589078994163 3.205040667501478e-07
    vertex 7.959408313726022 38.58589078994168 3.001309468266141e-07
  endloop
endfacet
facet normal 2.792728468054195e-08 2.193843498010386e-08 -0.9999999999999996
  outer loop
    vertex 1.6094128376003425 36.50042030772077 1.1283960533663237e-07
    vertex 7.959408313726022 38.58589078994168 3.001309468266141e-07
    vertex 21.454165610823317 36.908811340772964 6.280322674149672e-07
  endloop
endfacet
facet normal 2.792728468054195e-08 2.193843498010386e-08 -0.9999999999999996
  outer loop
    vertex 1.6094128376003425 36.50042030772077 1.1283960533663237e-07
    vertex 21.454165610823317 36.908811340772964 6.280322674149672e-07
    vertex 9.759412753017578 36.50042077297579 6.23006955394233e-07
  endloop
endfacet
facet normal 2.792728468054195e-08 2.193843498010386e-08 -0.9999999999999996
  outer loop
    vertex -22.20480050009044 42.05063054078873 -2.569801948618248e-07
    vertex -23.390587162399655 43.23641720309792 -2.9990874405368107e-07
    vertex -6.536334536814334 42.050630540788816 7.056210473936695e-08
  endloop
endfacet
facet normal -0.707106781186557 -0.707106781186538 -1.1461285433699554e-08
  outer loop
    vertex -22.20480050009044 42.05063054078873 -2.569801948618248e-07
    vertex -23.390587243706925 43.236417203361746 4.999999700091264
    vertex -23.390587162399655 43.23641720309792 -2.9990874405368107e-07
  endloop
endfacet
facet normal -0.707106781186557 -0.707106781186538 -1.1461285433699554e-08
  outer loop
    vertex -23.390587243706925 43.236417203361746 4.999999700091264
    vertex -22.20480050009044 42.05063054078873 -2.569801948618248e-07
    vertex -22.204800581397784 42.050630541052485 4.9999997430198055
  endloop
endfacet
facet normal -0.9999999999999999 2.0875495426562618e-10 -2.4097851392806666e-08
  outer loop
    vertex 1.609412425518928 30.70042053011859 16.979999411085558
    vertex 1.6094125420080239 36.500421364440534 12.180000743623127
    vertex 1.6094125420081198 30.700420375891845 12.179999479069764
  endloop
endfacet
facet normal -0.9999999999999999 2.0875495426562618e-10 -2.4097851392806666e-08
  outer loop
    vertex 1.6094125420080239 36.500421364440534 12.180000743623127
    vertex 1.609412425518928 30.70042053011859 16.979999411085558
    vertex 1.6094123980645239 36.500421453147055 18.179999501544536
  endloop
endfacet
facet normal -0.9999999999999999 2.0875495426562618e-10 -2.4097851392806666e-08
  outer loop
    vertex 1.6094123980645239 36.500421453147055 18.179999501544536
    vertex 1.609412425518928 30.70042053011859 16.979999411085558
    vertex 1.6094124217173396 30.710686780125524 17.136630881484766
  endloop
endfacet
facet normal -0.9999999999999999 2.0875495426562618e-10 -2.4097851392806666e-08
  outer loop
    vertex 1.6094123980645239 36.500421453147055 18.179999501544536
    vertex 1.6094124217173396 30.710686780125524 17.136630881484766
    vertex 1.6094124179813663 30.7413096217639 17.290582367222264
  endloop
endfacet
facet normal -0.9999999999999999 2.0875495426562618e-10 -2.4097851392806666e-08
  outer loop
    vertex 1.6094123980645239 36.500421453147055 18.179999501544536
    vertex 1.6094124179813663 30.7413096217639 17.290582367222264
    vertex 1.609412414373834 30.791765173626096 17.439219632827545
  endloop
endfacet
facet normal -0.9999999999999999 2.0875495426562618e-10 -2.4097851392806666e-08
  outer loop
    vertex 1.6094123980645239 36.500421453147055 18.179999501544536
    vertex 1.609412414373834 30.791765173626096 17.439219632827545
    vertex 1.6094124109575687 30.861190127420045 17.579999515023108
  endloop
endfacet
facet normal -0.9999999999999999 2.0875495426562618e-10 -2.4097851392806666e-08
  outer loop
    vertex 1.6094123980645239 36.500421453147055 18.179999501544536
    vertex 1.6094124109575687 30.861190127420045 17.579999515023108
    vertex 1.6094124077897902 30.948396602955334 17.71051323102668
  endloop
endfacet
facet normal -0.9999999999999999 2.0875495426562618e-10 -2.4097851392806666e-08
  outer loop
    vertex 1.6094123980645239 36.500421453147055 18.179999501544536
    vertex 1.6094124077897902 30.948396602955334 17.71051323102668
    vertex 1.6094124049260834 31.051892473277736 17.82852765500326
  endloop
endfacet
facet normal -0.9999999999999999 2.0875495426562618e-10 -2.4097851392806666e-08
  outer loop
    vertex 1.6094123980645239 36.500421453147055 18.179999501544536
    vertex 1.6094124049260834 31.051892473277736 17.82852765500326
    vertex 1.6094124024142968 31.169906895376403 17.932023527466917
  endloop
endfacet
facet normal -0.9999999999999999 2.0875495426562618e-10 -2.4097851392806666e-08
  outer loop
    vertex 1.6094123980645239 36.500421453147055 18.179999501544536
    vertex 1.6094124024142968 31.169906895376403 17.932023527466917
    vertex 1.6094124002978838 31.300420609797772 18.01923000537024
  endloop
endfacet
facet normal -0.9999999999999999 2.0875495426562618e-10 -2.4097851392806666e-08
  outer loop
    vertex 1.6094123980645239 36.500421453147055 18.179999501544536
    vertex 1.6094124002978838 31.300420609797772 18.01923000537024
    vertex 1.6094123986130835 31.441200490733593 18.08865496171865
  endloop
endfacet
facet normal -0.9999999999999999 2.0875495426562618e-10 -2.4097851392806666e-08
  outer loop
    vertex 1.6094123980645239 36.500421453147055 18.179999501544536
    vertex 1.6094123986130835 31.441200490733593 18.08865496171865
    vertex 1.6094123973887189 31.589837755423343 18.13911051627752
  endloop
endfacet
facet normal -0.9999999999999999 2.0875495426562618e-10 -2.4097851392806666e-08
  outer loop
    vertex 1.6094123980645239 36.500421453147055 18.179999501544536
    vertex 1.6094123973887189 31.589837755423343 18.13911051627752
    vertex 1.6094123966453024 31.74378917909367 18.16973336053143
  endloop
endfacet
facet normal -0.9999999999999999 2.0875495426562618e-10 -2.4097851392806666e-08
  outer loop
    vertex 1.6094123980645239 36.500421453147055 18.179999501544536
    vertex 1.6094123966453024 31.74378917909367 18.16973336053143
    vertex 1.6094124004029022 31.900420610238815 18.17999952920573
  endloop
endfacet
facet normal -0.9999999999999999 9.218831315743944e-11 -2.4222148724730116e-08
  outer loop
    vertex 1.609412396396009 59.40084022876642 18.179999363837307
    vertex 1.6094124217174834 60.590574077884696 17.136630802656327
    vertex 1.609412425518866 60.600840424283945 16.979999370073077
  endloop
endfacet
facet normal -0.9999999999999999 9.218831315743944e-11 -2.4222148724730116e-08
  outer loop
    vertex 1.6094124217174834 60.590574077884696 17.136630802656327
    vertex 1.609412396396009 59.40084022876642 18.179999363837307
    vertex 1.6094124179813944 60.55995123357506 17.290582225251683
  endloop
endfacet
facet normal -0.9999999999999999 9.218831315743944e-11 -2.4222148724730116e-08
  outer loop
    vertex 1.6094124179813944 60.55995123357506 17.290582225251683
    vertex 1.609412396396009 59.40084022876642 18.179999363837307
    vertex 1.6094124143740285 60.509495678956704 17.439219489809147
  endloop
endfacet
facet normal -0.9999999999999999 9.218831315743944e-11 -2.4222148724730116e-08
  outer loop
    vertex 1.6094124143740285 60.509495678956704 17.439219489809147
    vertex 1.609412396396009 59.40084022876642 18.179999363837307
    vertex 1.6094124109575687 60.440070722544625 17.57999937059528
  endloop
endfacet
facet normal -0.9999999999999999 9.218831315743944e-11 -2.4222148724730116e-08
  outer loop
    vertex 1.6094124109575687 60.440070722544625 17.57999937059528
    vertex 1.609412396396009 59.40084022876642 18.179999363837307
    vertex 1.6094124077898466 60.3528642445779 17.71051308484619
  endloop
endfacet
facet normal -0.9999999999999999 9.218831315743944e-11 -2.4222148724730116e-08
  outer loop
    vertex 1.6094124077898466 60.3528642445779 17.71051308484619
    vertex 1.609412396396009 59.40084022876642 18.179999363837307
    vertex 1.609412404926086 60.24936837205499 17.828527506751794
  endloop
endfacet
facet normal -0.9999999999999999 9.218831315743944e-11 -2.4222148724730116e-08
  outer loop
    vertex 1.609412404926086 60.24936837205499 17.828527506751794
    vertex 1.609412396396009 59.40084022876642 18.179999363837307
    vertex 1.6094124024145253 60.13135394802896 17.93202337685665
  endloop
endfacet
facet normal -0.9999999999999999 9.218831315743944e-11 -2.4222148724730116e-08
  outer loop
    vertex 1.6094124024145253 60.13135394802896 17.93202337685665
    vertex 1.609412396396009 59.40084022876642 18.179999363837307
    vertex 1.6094124002979373 60.0008402319913 18.01922985214955
  endloop
endfacet
facet normal -0.9999999999999999 9.218831315743944e-11 -2.4222148724730116e-08
  outer loop
    vertex 1.6094124002979373 60.0008402319913 18.01922985214955
    vertex 1.609412396396009 59.40084022876642 18.179999363837307
    vertex 1.609412398613312 59.86006034978269 18.088654805677137
  endloop
endfacet
facet normal -0.9999999999999999 9.218831315743944e-11 -2.4222148724730116e-08
  outer loop
    vertex 1.609412398613312 59.86006034978269 18.088654805677137
    vertex 1.609412396396009 59.40084022876642 18.179999363837307
    vertex 1.6094123973888093 59.711423084191516 18.139110357250246
  endloop
endfacet
facet normal -0.9999999999999999 9.218831315743944e-11 -2.4222148724730116e-08
  outer loop
    vertex 1.6094123973888093 59.711423084191516 18.139110357250246
    vertex 1.609412396396009 59.40084022876642 18.179999363837307
    vertex 1.6094123964737415 59.55747166001564 18.16973319841754
  endloop
endfacet
facet normal -5.279620454243753e-09 8.7790624222455e-08 -0.9999999999999962
  outer loop
    vertex 9.18149788355423 36.5004207125475 12.179999875661231
    vertex 1.6094125420080239 36.500421364440534 12.180000743623127
    vertex 2.581438367057576 36.50042227987524 12.180000705047618
  endloop
endfacet
facet normal -5.279620454243753e-09 8.7790624222455e-08 -0.9999999999999962
  outer loop
    vertex 1.6094125420080239 36.500421364440534 12.180000743623127
    vertex 9.18149788355423 36.5004207125475 12.179999875661231
    vertex 1.6094125420081198 30.700420375891845 12.179999479069764
  endloop
endfacet
facet normal -5.279620454243753e-09 8.7790624222455e-08 -0.9999999999999962
  outer loop
    vertex 1.6094125420081198 30.700420375891845 12.179999479069764
    vertex 9.18149788355423 36.5004207125475 12.179999875661231
    vertex 9.181497883554403 36.100420673778295 12.17999983151362
  endloop
endfacet
facet normal -5.279620454243753e-09 8.7790624222455e-08 -0.9999999999999962
  outer loop
    vertex 1.6094125420081198 30.700420375891845 12.179999479069764
    vertex 9.181497883554403 36.100420673778295 12.17999983151362
    vertex 19.67925720187418 36.10042061620518 12.180000145295999
  endloop
endfacet
facet normal -5.279620454243753e-09 8.7790624222455e-08 -0.9999999999999962
  outer loop
    vertex 1.6094125420081198 30.700420375891845 12.179999479069764
    vertex 19.67925720187418 36.10042061620518 12.180000145295999
    vertex 19.679257182130506 30.7004207096798 12.180000071424068
  endloop
endfacet
facet normal -0.5630799479157217 -0.8264024275467893 3.7892489836150036e-08
  outer loop
    vertex -6.536334536814334 42.050630540788816 7.056210473936695e-08
    vertex 1.6094123980645239 36.500421453147055 18.179999501544536
    vertex -6.536334618121342 42.05063054105252 5.000000070562101
  endloop
endfacet
facet normal -0.5630799479157217 -0.8264024275467893 3.7892489836150036e-08
  outer loop
    vertex 1.6094123980645239 36.500421453147055 18.179999501544536
    vertex -6.536334536814334 42.050630540788816 7.056210473936695e-08
    vertex 1.6094125420080239 36.500421364440534 12.180000743623127
  endloop
endfacet
facet normal -0.5630799479157217 -0.8264024275467893 3.7892489836150036e-08
  outer loop
    vertex 1.6094125420080239 36.500421364440534 12.180000743623127
    vertex -6.536334536814334 42.050630540788816 7.056210473936695e-08
    vertex 1.6094128376003425 36.50042030772077 1.1283960533663237e-07
  endloop
endfacet
facet normal 0.6657035978602529 0.7138797045093674 -0.2172889488343403
  outer loop
    vertex 18.56685961010054 51.46534968436645 8.854766505385511e-07
    vertex 16.82557962985547 53.51764570789757 1.4078779669116699
    vertex 18.281733291374884 52.15976045079612 1.4078779918262478
  endloop
endfacet
facet normal 0.8121846657573428 -0.5834004359859812 -1.1222771313717074e-09
  outer loop
    vertex 22.78844717404383 45.48849158937477 9.0104142675808
    vertex 21.307726436207087 43.42709670537653 5.913084567341258
    vertex 22.788447257600914 45.48849171486741 4.244489566099272
  endloop
endfacet
facet normal -0.18293861369274175 -0.6921861096304495 0.698148876139496
  outer loop
    vertex 16.80526411436231 43.58432613535794 9.010414112542756
    vertex 13.783522614277246 45.80295057537931 10.41829121798358
    vertex 13.73438841660519 44.39593115384371 9.01041408007375
  endloop
endfacet
facet normal -0.22589861022228888 -0.8547341641740747 0.4673321372356973
  outer loop
    vertex 21.332293493081675 44.13060635312345 9.010414206296328
    vertex 18.546544040820194 45.636622133775575 10.41829129711034
    vertex 18.261417795324764 44.94221137160914 9.010414173827307
  endloop
endfacet
facet normal -0.5971477946718883 -0.5568493054366941 -0.5773502943215422
  outer loop
    vertex 12.37650331364388 58.423979913659295 1.407878082927657
    vertex 13.783522796934026 58.37484572837486 1.0063021851613327e-06
    vertex 13.734388549895142 56.96782623269704 1.4078780683922163
  endloop
endfacet
facet normal 2.416392295420098e-08 -0.6560590102131907 -0.7547095965456435
  outer loop
    vertex 12.01450792934353 40.03589048347114 11.10585395481452
    vertex 10.531400861487676 37.450323681313016 13.353452721289253
    vertex 7.945833772546187 40.03589048347115 11.105853829081001
  endloop
endfacet
facet normal 2.416392295420098e-08 -0.6560590102131907 -0.7547095965456435
  outer loop
    vertex 10.531400861487676 37.450323681313016 13.353452721289253
    vertex 12.01450792934353 40.03589048347114 11.10585395481452
    vertex 12.014507859886368 37.450323688292016 13.353452775149877
  endloop
endfacet
facet normal -0.2412447054719604 -0.6822083819728912 0.6902120801954114
  outer loop
    vertex 13.70982138441396 43.69242154316777 4.505207341118925
    vertex 13.758955582086287 45.09944096470343 5.9130844790288295
    vertex 12.37650323008691 45.852084909497215 6.1738024560908915
  endloop
endfacet
facet normal -0.7220886558683843 0.6733585548215856 0.15867019163906007
  outer loop
    vertex 13.754703604634933 52.70604053417447 9.010414158067634
    vertex 13.73013663220694 53.40955034498844 5.913084555480896
    vertex 12.396818347533635 51.24988687265538 9.010414063499736
  endloop
endfacet
facet normal -0.7071067811866002 0.7071067811864946 -1.1535896531921679e-08
  outer loop
    vertex -23.39058716239962 53.86484387847955 -2.6449690982073504e-07
    vertex -22.204800581397976 55.05063054105247 4.999999759584823
    vertex -22.20480050009051 55.0506305407888 -2.404151865527807e-07
  endloop
endfacet
facet normal -0.7071067811866002 0.7071067811864946 -1.1535896531921679e-08
  outer loop
    vertex -22.204800581397976 55.05063054105247 4.999999759584823
    vertex -23.39058716239962 53.86484387847955 -2.6449690982073504e-07
    vertex -23.39058724370701 53.86484387874324 4.999999735503091
  endloop
endfacet
facet normal -0.5971477728351638 0.5568493443175276 -0.5773502794068288
  outer loop
    vertex 13.754703920477434 40.13414585471312 1.4078774897492143
    vertex 13.8038381811761 38.72712643229334 3.549226952521008e-07
    vertex 12.396818663376266 38.67799219319405 1.4078773951813306
  endloop
endfacet
facet normal -0.7138797078429059 0.6657035831395158 0.21728898298196644
  outer loop
    vertex 16.638721399705148 51.398017356498556 10.418291343607935
    vertex 18.232598773323105 53.56677971089843 9.010414366652938
    vertex 16.87471351622175 52.11062604937918 9.010414272084907
  endloop
endfacet
facet normal -0.01935878554961464 -0.5543623042157041 0.8320502827874643
  outer loop
    vertex 16.805264114362174 56.1562210140273 9.010414440861245
    vertex 13.80383780459644 58.37413560771115 10.41829119062601
    vertex 13.783522614277212 58.37484545404865 10.418291546302033
  endloop
endfacet
facet normal -0.01935878554961464 -0.5543623042157041 0.8320502827874643
  outer loop
    vertex 13.80383780459644 58.37413560771115 10.41829119062601
    vertex 16.805264114362174 56.1562210140273 9.010414440861245
    vertex 16.63872145594741 58.27513928918645 10.418291305822297
  endloop
endfacet
facet normal -0.01935878554961464 -0.5543623042157041 0.8320502827874643
  outer loop
    vertex 16.63872145594741 58.27513928918645 10.418291305822297
    vertex 16.805264114362174 56.1562210140273 9.010414440861245
    vertex 18.546544040820148 58.208517012444865 10.418291625428798
  endloop
endfacet
facet normal -7.842332284084001e-09 -0.6593458229096735 0.7518398006301377
  outer loop
    vertex 1.6094124024142968 31.169906895376403 17.932023527466917
    vertex 14.79741482334817 31.051892840476118 17.828528114410563
    vertex 14.797414820149864 31.16990726247432 17.93202398714452
  endloop
endfacet
facet normal -7.842332284084001e-09 -0.6593458229096735 0.7518398006301377
  outer loop
    vertex 14.79741482334817 31.051892840476118 17.828528114410563
    vertex 1.6094124024142968 31.169906895376403 17.932023527466917
    vertex 1.6094124049260834 31.051892473277736 17.82852765500326
  endloop
endfacet
facet normal -0.02467769329432401 -0.7066760491064229 0.7071067621462886
  outer loop
    vertex 21.332293493081675 44.13060635312345 9.010414206296328
    vertex 21.38142769075366 45.537625774659155 10.418291344206269
    vertex 18.546544040820194 45.636622133775575 10.41829129711034
  endloop
endfacet
facet normal 0.16572506728943112 -0.8684099447752303 -0.46733218366317836
  outer loop
    vertex 16.854398470007606 57.56324067281814 1.407878138771288
    vertex 13.734388549895142 56.96782623269704 1.4078780683922163
    vertex 16.618406446867557 58.2758493692585 1.0533981268429517e-06
  endloop
endfacet
facet normal -0.9999999999999999 -2.3231144294754304e-15 -1.6261466936384744e-08
  outer loop
    vertex -23.390587162399655 43.23641720309792 -2.9990874405368107e-07
    vertex -23.39058724370701 53.86484387874324 4.999999735503091
    vertex -23.39058716239962 53.86484387847955 -2.6449690982073504e-07
  endloop
endfacet
facet normal -0.9999999999999999 -2.3231144294754304e-15 -1.6261466936384744e-08
  outer loop
    vertex -23.39058724370701 53.86484387874324 4.999999735503091
    vertex -23.390587162399655 43.23641720309792 -2.9990874405368107e-07
    vertex -23.390587243706925 43.236417203361746 4.999999700091264
  endloop
endfacet
facet normal -3.527527434424969e-08 5.867812227475814e-09 0.9999999999999993
  outer loop
    vertex 1.6094123980645239 36.500421453147055 18.179999501544536
    vertex 14.797414868314656 59.40084013763447 18.17999983378792
    vertex 1.609412396396009 59.40084022876642 18.179999363837307
  endloop
endfacet
facet normal -3.527527434424969e-08 5.867812227475814e-09 0.9999999999999993
  outer loop
    vertex 14.797414868314656 59.40084013763447 18.17999983378792
    vertex 1.6094123980645239 36.500421453147055 18.179999501544536
    vertex 14.797414812486505 31.900420977306716 18.179999990563463
  endloop
endfacet
facet normal -3.527527434424969e-08 5.867812227475814e-09 0.9999999999999993
  outer loop
    vertex 14.797414812486505 31.900420977306716 18.179999990563463
    vertex 1.6094123980645239 36.500421453147055 18.179999501544536
    vertex 1.6094124004029022 31.900420610238815 18.17999952920573
  endloop
endfacet
facet normal 0.43696070244025287 -0.8778817236272851 0.1959311711905681
  outer loop
    vertex 22.788447257600943 58.060386593536755 4.244489894417712
    vertex 21.356860683245944 57.40601107972361 4.505207833569695
    vertex 21.33229362637154 56.702501431976756 1.4078781946147458
  endloop
endfacet
facet normal 2.7633470793999904e-15 -0.9999999999999999 5.2742848311055724e-11
  outer loop
    vertex -22.20480050009044 42.05063054078873 -2.569801948618248e-07
    vertex -6.536334618121342 42.05063054105252 5.000000070562101
    vertex -22.204800581397784 42.050630541052485 4.9999997430198055
  endloop
endfacet
facet normal 2.7633470793999904e-15 -0.9999999999999999 5.2742848311055724e-11
  outer loop
    vertex -6.536334618121342 42.05063054105252 5.000000070562101
    vertex -22.20480050009044 42.05063054078873 -2.569801948618248e-07
    vertex -6.536334536814334 42.050630540788816 7.056210473936695e-08
  endloop
endfacet
facet normal -0.8357060498305203 0.38832677175417946 0.388326816760889
  outer loop
    vertex 1.609412396396009 59.40084022876642 18.179999363837307
    vertex 1.609412425518866 60.600840424283945 16.979999370073077
    vertex -6.536334618121509 55.05063054105241 5.000000056478329
  endloop
endfacet
facet normal -0.5971477946718665 -0.5568493054366871 -0.5773502943215718
  outer loop
    vertex 12.37650331364397 45.85208503498991 1.4078777546092298
    vertex 13.783522796934195 45.80295084970552 6.779837441547734e-07
    vertex 13.734388549895248 44.39593135402765 1.4078777400737887
  endloop
endfacet
facet normal 0.5625418848604364 0.5945256020980699 0.574531057670162
  outer loop
    vertex 22.788447200251664 51.61277054846476 9.010414504959424
    vertex 21.35260868491032 52.971365226103146 9.010414480670285
    vertex 21.40174282862962 51.56434572990242 10.418291545843621
  endloop
endfacet
facet normal 0.16572506728945846 -0.8684099447752417 -0.4673321836631475
  outer loop
    vertex 16.85439847000755 44.99134579414881 1.4078778104528469
    vertex 13.734388549895248 44.39593135402765 1.4078777400737887
    vertex 16.618406446867535 45.703954490589126 7.250796858363921e-07
  endloop
endfacet
facet normal -3.380377160251799e-08 0.19509030977444286 0.9807852828382525
  outer loop
    vertex 1.6094123964737415 59.55747166001564 18.16973319841754
    vertex 14.797414869578558 59.71142299352606 18.139110830743338
    vertex 1.6094123973888093 59.711423084191516 18.139110357250246
  endloop
endfacet
facet normal -3.380377160251799e-08 0.19509030977444286 0.9807852828382525
  outer loop
    vertex 14.797414869578558 59.71142299352606 18.139110830743338
    vertex 1.6094123964737415 59.55747166001564 18.16973319841754
    vertex 14.797414868631812 59.557471568997826 18.169733670139564
  endloop
endfacet
facet normal 0.656059050858509 8.296437430656087e-08 -0.7547095612132029
  outer loop
    vertex 9.181497883554403 36.100420673778295 12.17999983151362
    vertex 9.18149788355423 36.5004207125475 12.179999875661231
    vertex 10.531400861487676 37.450323681313016 13.353452721289253
  endloop
endfacet
facet normal 0.656059050858509 8.296437430656087e-08 -0.7547095612132029
  outer loop
    vertex 7.945833772546187 40.03589048347115 11.105853829081001
    vertex 6.993891683923749 39.585890525535106 10.278342768560183
    vertex 6.559408908061737 40.0358907461614 9.900653133375013
  endloop
endfacet
facet normal 0.656059050858509 8.296437430656087e-08 -0.7547095612132029
  outer loop
    vertex 6.993891683923749 39.585890525535106 10.278342768560183
    vertex 7.945833772546187 40.03589048347115 11.105853829081001
    vertex 10.531400861487676 37.450323681313016 13.353452721289253
  endloop
endfacet
facet normal 0.656059050858509 8.296437430656087e-08 -0.7547095612132029
  outer loop
    vertex 6.993891683923749 39.585890525535106 10.278342768560183
    vertex 10.531400861487676 37.450323681313016 13.353452721289253
    vertex 7.154883301737728 38.58589048274073 10.418290642712007
  endloop
endfacet
facet normal 0.656059050858509 8.296437430656087e-08 -0.7547095612132029
  outer loop
    vertex 7.154883301737728 38.58589048274073 10.418290642712007
    vertex 10.531400861487676 37.450323681313016 13.353452721289253
    vertex 7.154883301737784 36.50042063887911 10.418290588249404
  endloop
endfacet
facet normal 0.656059050858509 8.296437430656087e-08 -0.7547095612132029
  outer loop
    vertex 7.154883301737784 36.50042063887911 10.418290588249404
    vertex 10.531400861487676 37.450323681313016 13.353452721289253
    vertex 9.18149788355423 36.5004207125475 12.179999875661231
  endloop
endfacet
facet normal -0.850649092833896 2.482850335485911e-09 0.5257338878756722
  outer loop
    vertex -6.536334618121342 42.05063054105252 5.000000070562101
    vertex 1.609412396396009 59.40084022876642 18.179999363837307
    vertex -6.536334618121509 55.05063054105241 5.000000056478329
  endloop
endfacet
facet normal -0.850649092833896 2.482850335485911e-09 0.5257338878756722
  outer loop
    vertex 1.609412396396009 59.40084022876642 18.179999363837307
    vertex -6.536334618121342 42.05063054105252 5.000000070562101
    vertex 1.6094123980645239 36.500421453147055 18.179999501544536
  endloop
endfacet
facet normal -0.49713424484502344 0.8452623924653391 0.1959311881404788
  outer loop
    vertex 13.779270892905345 52.002530922568546 4.505207420654281
    vertex 13.754703920477452 52.70604073338245 1.4078778180676548
    vertex 12.3968185455318 51.249886997536024 4.2444893620180695
  endloop
endfacet
facet normal -0.850902189448923 0.5253241513494586 -2.1585371166009164e-08
  outer loop
    vertex 12.396818347533635 51.24988687265538 9.010414063499736
    vertex 13.73013663220694 53.40955034498844 5.913084555480896
    vertex 12.3968185455318 51.249886997536024 4.2444893620180695
  endloop
endfacet
facet normal -2.025399876548172e-09 -0.751839813675902 0.6593458080338304
  outer loop
    vertex 1.6094124077897902 30.948396602955334 17.71051323102668
    vertex 14.79741482334817 31.051892840476118 17.828528114410563
    vertex 1.6094124049260834 31.051892473277736 17.82852765500326
  endloop
endfacet
facet normal -2.025399876548172e-09 -0.751839813675902 0.6593458080338304
  outer loop
    vertex 14.79741482334817 31.051892840476118 17.828528114410563
    vertex 1.6094124077897902 30.948396602955334 17.71051323102668
    vertex 14.797414826995023 30.948396970270863 17.710513690194645
  endloop
endfacet
facet normal 9.603961070843986e-09 -0.8968727448149484 0.44228868356323603
  outer loop
    vertex 1.609412414373834 30.791765173626096 17.439219632827545
    vertex 14.797414831028348 30.86119049486361 17.57999997398218
    vertex 1.6094124109575687 30.861190127420045 17.579999515023108
  endloop
endfacet
facet normal 9.603961070843986e-09 -0.8968727448149484 0.44228868356323603
  outer loop
    vertex 14.797414831028348 30.86119049486361 17.57999997398218
    vertex 1.609412414373834 30.791765173626096 17.439219632827545
    vertex 14.79741483537879 30.79176554120243 17.439220091606497
  endloop
endfacet
facet normal 5.0691569150396705e-15 0.9999999999999999 -5.273418537390879e-11
  outer loop
    vertex -6.536334618121509 55.05063054105241 5.000000056478329
    vertex -22.20480050009051 55.0506305407888 -2.404151865527807e-07
    vertex -22.204800581397976 55.05063054105247 4.999999759584823
  endloop
endfacet
facet normal 5.0691569150396705e-15 0.9999999999999999 -5.273418537390879e-11
  outer loop
    vertex -22.20480050009051 55.0506305407888 -2.404151865527807e-07
    vertex -6.536334618121509 55.05063054105241 5.000000056478329
    vertex -6.53633453681439 55.050630540788724 5.6478320417483475e-08
  endloop
endfacet
facet normal -2.884453296154087e-08 -0.19509033608292223 0.9807852776051705
  outer loop
    vertex 1.6094123966453024 31.74378917909367 18.16973336053143
    vertex 14.797414813750391 31.589838122384254 18.13911097693966
    vertex 14.797414812803842 31.743789546084436 18.169733821569924
  endloop
endfacet
facet normal -2.884453296154087e-08 -0.19509033608292223 0.9807852776051705
  outer loop
    vertex 14.797414813750391 31.589838122384254 18.13911097693966
    vertex 1.6094123966453024 31.74378917909367 18.16973336053143
    vertex 1.6094123973887189 31.589837755423343 18.13911051627752
  endloop
endfacet
facet normal 1.5217407611646356e-08 -0.946930131562283 0.32143945921345324
  outer loop
    vertex 1.6094124179813663 30.7413096217639 17.290582367222264
    vertex 14.79741483537879 30.79176554120243 17.439220091606497
    vertex 1.609412414373834 30.791765173626096 17.439219632827545
  endloop
endfacet
facet normal 1.5217407611646356e-08 -0.946930131562283 0.32143945921345324
  outer loop
    vertex 14.79741483537879 30.79176554120243 17.439220091606497
    vertex 1.6094124179813663 30.7413096217639 17.290582367222264
    vertex 14.797414839972255 30.741309989473503 17.290582825847604
  endloop
endfacet
facet normal 2.011933094237354e-08 -0.980785288814131 0.19509027973167034
  outer loop
    vertex 1.6094124217173396 30.710686780125524 17.136630881484766
    vertex 14.797414839972255 30.741309989473503 17.290582825847604
    vertex 1.6094124179813663 30.7413096217639 17.290582367222264
  endloop
endfacet
facet normal 2.011933094237354e-08 -0.980785288814131 0.19509027973167034
  outer loop
    vertex 14.797414839972255 30.741309989473503 17.290582825847604
    vertex 1.6094124217173396 30.710686780125524 17.136630881484766
    vertex 14.797414844729781 30.710687148141837 17.136631401491314
  endloop
endfacet
facet normal 0.7071067702888805 -1.673122539104605e-08 0.707106792084214
  outer loop
    vertex 17.52127315966617 38.58289730091366 14.337984211964141
    vertex 19.679257182130506 30.7004207096798 12.180000071424068
    vertex 19.67925720187418 36.10042061620518 12.180000145295999
  endloop
endfacet
facet normal 0.7071067702888805 -1.673122539104605e-08 0.707106792084214
  outer loop
    vertex 19.679257182130506 30.7004207096798 12.180000071424068
    vertex 17.52127315966617 38.58289730091366 14.337984211964141
    vertex 14.879257316914202 30.70042098177613 16.979999771279527
  endloop
endfacet
facet normal 0.7071067702888805 -1.673122539104605e-08 0.707106792084214
  outer loop
    vertex 14.879257316914202 30.70042098177613 16.979999771279527
    vertex 17.52127315966617 38.58289730091366 14.337984211964141
    vertex 14.797414880379893 38.58589046037902 17.061842397561737
  endloop
endfacet
facet normal 0.7071067702888805 -1.673122539104605e-08 0.707106792084214
  outer loop
    vertex 14.879257316914202 30.70042098177613 16.979999771279527
    vertex 14.797414880379893 38.58589046037902 17.061842397561737
    vertex 14.797414847034563 30.705785207790633 17.06184223860609
  endloop
endfacet
facet normal 0.4696142127786281 -0.16998721702093522 -0.8663526055860784
  outer loop
    vertex 14.616427139620551 58.015371178438265 16.759999992215963
    vertex 13.87500029230018 58.5153675212266 16.259998527136414
    vertex 14.797414889707762 58.51537260039717 16.76000064963243
  endloop
endfacet
facet normal 0.7026763208675646 0.03885961760131951 -0.7104476885822789
  outer loop
    vertex 21.439398404656124 50.26746094183142 9.81347079019799e-07
    vertex 22.788447516093992 51.61277074767296 1.4078781649594332
    vertex 22.834973855334656 50.77146062386214 1.4078781187711655
  endloop
endfacet
facet normal -3.8844728401253636e-08 9.626944291326414e-09 0.9999999999999992
  outer loop
    vertex 16.638721399705283 38.82612247782919 10.41829101528948
    vertex 21.45416517800141 36.908811067784235 10.418291168032248
    vertex 21.401742828629693 38.99245085123309 10.41829121752517
  endloop
endfacet
facet normal -3.8844728401253636e-08 9.626944291326414e-09 0.9999999999999992
  outer loop
    vertex 21.45416517800141 36.908811067784235 10.418291168032248
    vertex 16.638721399705283 38.82612247782919 10.41829101528948
    vertex 13.803837748354415 38.7271261593045 10.41829089492253
  endloop
endfacet
facet normal -3.8844728401253636e-08 9.626944291326414e-09 0.9999999999999992
  outer loop
    vertex 21.45416517800141 36.908811067784235 10.418291168032248
    vertex 13.803837748354415 38.7271261593045 10.41829089492253
    vertex 9.759412492903476 38.58589129218854 10.418290723199396
  endloop
endfacet
facet normal -3.8844728401253636e-08 9.626944291326414e-09 0.9999999999999992
  outer loop
    vertex 21.45416517800141 36.908811067784235 10.418291168032248
    vertex 9.759412492903476 38.58589129218854 10.418290723199396
    vertex 7.959408089544654 38.58589055596898 10.418290667574102
  endloop
endfacet
facet normal -3.8844728401253636e-08 9.626944291326414e-09 0.9999999999999992
  outer loop
    vertex 21.45416517800141 36.908811067784235 10.418291168032248
    vertex 7.959408089544654 38.58589055596898 10.418290667574102
    vertex 7.154883301737728 38.58589048274073 10.418290642712007
  endloop
endfacet
facet normal -3.8844728401253636e-08 9.626944291326414e-09 0.9999999999999992
  outer loop
    vertex 21.45416517800141 36.908811067784235 10.418291168032248
    vertex 7.154883301737728 38.58589048274073 10.418290642712007
    vertex 7.154883301737784 36.50042063887911 10.418290588249404
  endloop
endfacet
facet normal -3.8844728401253636e-08 9.626944291326414e-09 0.9999999999999992
  outer loop
    vertex 21.45416517800141 36.908811067784235 10.418291168032248
    vertex 7.154883301737784 36.50042063887911 10.418290588249404
    vertex 9.759412496999545 36.50042074938708 10.418290879722083
  endloop
endfacet
facet normal 0.6409868453849092 -0.21311851523759348 -0.7373712514781319
  outer loop
    vertex 14.797414933800114 57.51537084254603 17.061842685434378
    vertex 13.875000292301127 57.515371976989506 16.259999798588748
    vertex 14.616427139620551 58.015371178438265 16.759999992215963
  endloop
endfacet
facet normal -4.321977459738874e-08 0.13859720129482286 0.9903488354076259
  outer loop
    vertex 7.154883301737728 38.58589048274073 10.418290642712007
    vertex 7.959408089544654 38.58589055596898 10.418290667574102
    vertex 6.993891683923749 39.585890525535106 10.278342768560183
  endloop
endfacet
facet normal -0.7138797078428509 0.6657035831395413 0.21728898298206886
  outer loop
    vertex 16.638721399705283 38.82612247782919 10.41829101528948
    vertex 18.232598773323193 40.99488483222904 9.010414038334496
    vertex 16.874713516221778 39.53873117070984 9.010413943766483
  endloop
endfacet
facet normal -1.8984752474004215e-08 -0.4422887013088378 0.8968727360637857
  outer loop
    vertex 1.6094123986130835 31.441200490733593 18.08865496171865
    vertex 14.797414817454845 31.30042097681838 18.019230465348343
    vertex 14.797414815309647 31.441200857706423 18.088655422025983
  endloop
endfacet
facet normal -1.8984752474004215e-08 -0.4422887013088378 0.8968727360637857
  outer loop
    vertex 14.797414817454845 31.30042097681838 18.019230465348343
    vertex 1.6094123986130835 31.441200490733593 18.08865496171865
    vertex 1.6094124002978838 31.300420609797772 18.01923000537024
  endloop
endfacet
facet normal -0.22589857037518807 0.8547341673486182 -0.4673321506908235
  outer loop
    vertex 21.352609000752935 40.39947054664179 1.4078778123518205
    vertex 18.566859610100494 38.893454805697104 5.571582095319921e-07
    vertex 18.281733291374962 39.58786557212693 1.407877663507806
  endloop
endfacet
facet normal -0.7313537016191388 0.6819983600625326 -1.2513093464780922e-08
  outer loop
    vertex 12.3968185455318 51.249886997536024 4.2444893620180695
    vertex 13.754703920477452 52.70604073338245 1.4078778180676548
    vertex 12.396818663376148 51.24988707186336 1.4078777234997715
  endloop
endfacet
facet normal 2.86024333929445e-08 -0.9978589086539913 0.06540335174793666
  outer loop
    vertex 1.609412425518928 30.70042053011859 16.979999411085558
    vertex 14.797414844729781 30.710687148141837 17.136631401491314
    vertex 1.6094124217173396 30.710686780125524 17.136630881484766
  endloop
endfacet
facet normal 2.86024333929445e-08 -0.9978589086539913 0.06540335174793666
  outer loop
    vertex 14.797414844729781 30.710687148141837 17.136631401491314
    vertex 1.609412425518928 30.70042053011859 16.979999411085558
    vertex 14.797414847034563 30.705785207790633 17.06184223860609
  endloop
endfacet
facet normal 2.86024333929445e-08 -0.9978589086539913 0.06540335174793666
  outer loop
    vertex 14.797414847034563 30.705785207790633 17.06184223860609
    vertex 1.609412425518928 30.70042053011859 16.979999411085558
    vertex 14.879257316914202 30.70042098177613 16.979999771279527
  endloop
endfacet
facet normal 0.7194016644274287 0.6945943026105561 1.4723317005341205e-08
  outer loop
    vertex 6.559408927564299 40.03589078994163 3.205040667501478e-07
    vertex 7.959408089544654 38.58589055596898 10.418290667574102
    vertex 7.959408313726022 38.58589078994168 3.001309468266141e-07
  endloop
endfacet
facet normal 0.7194016644274287 0.6945943026105561 1.4723317005341205e-08
  outer loop
    vertex 7.959408089544654 38.58589055596898 10.418290667574102
    vertex 6.559408927564299 40.03589078994163 3.205040667501478e-07
    vertex 6.559408908061737 40.0358907461614 9.900653133375013
  endloop
endfacet
facet normal 0.7194016644274287 0.6945943026105561 1.4723317005341205e-08
  outer loop
    vertex 7.959408089544654 38.58589055596898 10.418290667574102
    vertex 6.559408908061737 40.0358907461614 9.900653133375013
    vertex 6.993891683923749 39.585890525535106 10.278342768560183
  endloop
endfacet
facet normal 0.6787157032468454 0.7173045499899536 -0.15754103189280683
  outer loop
    vertex 22.788447516093992 51.61277074767296 1.4078781649594332
    vertex 21.35260900075306 52.97136542531114 1.4078781406702616
    vertex 21.32804177097179 53.67487507380728 4.505207778083698
  endloop
endfacet
facet normal 0.6560588574974484 3.652747742212547e-08 -0.7547097292993787
  outer loop
    vertex 13.875000292301127 57.515371976989506 16.259999798588748
    vertex 6.55940890806185 57.06537268593128 9.900653578104556
    vertex 6.99389168392371 57.51537288683064 10.278343236793475
  endloop
endfacet
facet normal 0.6560588574974484 3.652747742212547e-08 -0.7547097292993787
  outer loop
    vertex 6.55940890806185 57.06537268593128 9.900653578104556
    vertex 13.875000292301127 57.515371976989506 16.259999798588748
    vertex 14.797414933800114 57.51537084254603 17.061842685434378
  endloop
endfacet
facet normal 0.6560588574974484 3.652747742212547e-08 -0.7547097292993787
  outer loop
    vertex 6.55940890806185 57.06537268593128 9.900653578104556
    vertex 14.797414933800114 57.51537084254603 17.061842685434378
    vertex 12.014491715885569 57.06537407950677 14.64268412672478
  endloop
endfacet
facet normal 0.6560588574974484 3.652747742212547e-08 -0.7547097292993787
  outer loop
    vertex 14.797414880379893 38.58589046037902 17.061842397561737
    vertex 12.014491715885569 57.06537407950677 14.64268412672478
    vertex 14.797414933800114 57.51537084254603 17.061842685434378
  endloop
endfacet
facet normal 0.6560588574974484 3.652747742212547e-08 -0.7547097292993787
  outer loop
    vertex 12.014491715885569 57.06537407950677 14.64268412672478
    vertex 14.797414880379893 38.58589046037902 17.061842397561737
    vertex 12.01449685162764 52.8121194602149 14.642688527119171
  endloop
endfacet
facet normal 0.6560588574974484 3.652747742212547e-08 -0.7547097292993787
  outer loop
    vertex 12.01449685162764 52.8121194602149 14.642688527119171
    vertex 14.797414880379893 38.58589046037902 17.061842397561737
    vertex 12.014508904608409 44.288833411740896 14.642699059372884
  endloop
endfacet
facet normal 0.6560588574974484 3.652747742212547e-08 -0.7547097292993787
  outer loop
    vertex 12.01449685162764 52.8121194602149 14.642688527119171
    vertex 12.014508904608409 44.288833411740896 14.642699059372884
    vertex 7.98889512622924 52.087115552414765 11.143290244168677
  endloop
endfacet
facet normal 0.6560588574974484 3.652747742212547e-08 -0.7547097292993787
  outer loop
    vertex 7.98889512622924 52.087115552414765 11.143290244168677
    vertex 12.014508904608409 44.288833411740896 14.642699059372884
    vertex 7.154865663712297 51.36211657830906 10.418288638006473
  endloop
endfacet
facet normal 0.6560588574974484 3.652747742212547e-08 -0.7547097292993787
  outer loop
    vertex 7.154865663712297 51.36211657830906 10.418288638006473
    vertex 12.014508904608409 44.288833411740896 14.642699059372884
    vertex 7.985034227820307 48.55047523474486 11.13993208210271
  endloop
endfacet
facet normal 0.6560588574974484 3.652747742212547e-08 -0.7547097292993787
  outer loop
    vertex 7.154865663712297 51.36211657830906 10.418288638006473
    vertex 7.985034227820307 48.55047523474486 11.13993208210271
    vertex 7.154871870731514 49.27211716191787 10.418290297993973
  endloop
endfacet
facet normal 0.6560588574974484 3.652747742212547e-08 -0.7547097292993787
  outer loop
    vertex 7.985034227820307 48.55047523474486 11.13993208210271
    vertex 12.014508904608409 44.288833411740896 14.642699059372884
    vertex 7.154872216368366 47.82883449201929 10.41829011208375
  endloop
endfacet
facet normal 0.6560588574974484 3.652747742212547e-08 -0.7547097292993787
  outer loop
    vertex 7.154872216368366 47.82883449201929 10.41829011208375
    vertex 12.014508904608409 44.288833411740896 14.642699059372884
    vertex 7.154876009775276 45.738834528391955 10.418283099584631
  endloop
endfacet
facet normal 0.6560588574974484 3.652747742212547e-08 -0.7547097292993787
  outer loop
    vertex 7.154876009775276 45.738834528391955 10.418283099584631
    vertex 12.014508904608409 44.288833411740896 14.642699059372884
    vertex 7.988888042708767 45.013837333894564 11.143280200594084
  endloop
endfacet
facet normal 0.6560588574974484 3.652747742212547e-08 -0.7547097292993787
  outer loop
    vertex 7.988888042708767 45.013837333894564 11.143280200594084
    vertex 12.014508904608409 44.288833411740896 14.642699059372884
    vertex 7.154874587860481 44.288836369900984 10.418278486899
  endloop
endfacet
facet normal 0.6560588574974484 3.652747742212547e-08 -0.7547097292993787
  outer loop
    vertex 12.014508904608409 44.288833411740896 14.642699059372884
    vertex 14.797414880379893 38.58589046037902 17.061842397561737
    vertex 12.014507325684162 38.58323214076978 14.642697608570332
  endloop
endfacet
facet normal 0.6560588574974484 3.652747742212547e-08 -0.7547097292993787
  outer loop
    vertex 7.98889512622924 52.087115552414765 11.143290244168677
    vertex 7.154878784666597 52.81212176950039 10.418285202790623
    vertex 12.01449685162764 52.8121194602149 14.642688527119171
  endloop
endfacet
facet normal 0.03489955451789003 -0.9993908250001361 -1.3071078484976061e-08
  outer loop
    vertex 9.759412753017578 36.50042077297579 6.23006955394233e-07
    vertex 21.45416517800141 36.908811067784235 10.418291168032248
    vertex 9.759412496999545 36.50042074938708 10.418290879722083
  endloop
endfacet
facet normal 0.03489955451789003 -0.9993908250001361 -1.3071078484976061e-08
  outer loop
    vertex 21.45416517800141 36.908811067784235 10.418291168032248
    vertex 9.759412753017578 36.50042077297579 6.23006955394233e-07
    vertex 21.454165610823317 36.908811340772964 6.280322674149672e-07
  endloop
endfacet
facet normal 3.8233910568716295e-09 -0.8314696169746311 0.5555702260273313
  outer loop
    vertex 1.6094124109575687 30.861190127420045 17.579999515023108
    vertex 14.797414826995023 30.948396970270863 17.710513690194645
    vertex 1.6094124077897902 30.948396602955334 17.71051323102668
  endloop
endfacet
facet normal 3.8233910568716295e-09 -0.8314696169746311 0.5555702260273313
  outer loop
    vertex 14.797414826995023 30.948396970270863 17.710513690194645
    vertex 1.6094124109575687 30.861190127420045 17.579999515023108
    vertex 14.797414831028348 30.86119049486361 17.57999997398218
  endloop
endfacet
facet normal -0.028827748642052543 -0.9962979663342274 0.08098964863804174
  outer loop
    vertex 19.613437693947247 58.230247639408866 12.200525351312043
    vertex 17.874541352660135 58.42442586081632 13.97026880450354
    vertex 9.759412579811526 58.515372534016535 12.200525271624445
  endloop
endfacet
facet normal -0.2494648211082909 0.9439019174928918 -0.21637114683490233
  outer loop
    vertex 21.32804177097179 53.67487507380728 4.505207778083698
    vertex 17.61273449302345 52.783611696030164 4.900700686599866
    vertex 17.55365630269389 52.83870297974284 5.209146149368881
  endloop
endfacet
facet normal -0.2494648211082909 0.9439019174928918 -0.21637114683490233
  outer loop
    vertex 17.61273449302345 52.783611696030164 4.900700686599866
    vertex 21.32804177097179 53.67487507380728 4.505207778083698
    vertex 18.281733291374884 52.15976045079612 1.4078779918262478
  endloop
endfacet
facet normal -0.2494648211082909 0.9439019174928918 -0.21637114683490233
  outer loop
    vertex 18.281733291374884 52.15976045079612 1.4078779918262478
    vertex 21.32804177097179 53.67487507380728 4.505207778083698
    vertex 21.35260900075306 52.97136542531114 1.4078781406702616
  endloop
endfacet
facet normal -3.307595602159247e-08 -0.06540314476178943 0.997858922220605
  outer loop
    vertex 1.6094124004029022 31.900420610238815 18.17999952920573
    vertex 14.797414812803842 31.743789546084436 18.169733821569924
    vertex 14.797414812486505 31.900420977306716 18.179999990563463
  endloop
endfacet
facet normal -3.307595602159247e-08 -0.06540314476178943 0.997858922220605
  outer loop
    vertex 14.797414812803842 31.743789546084436 18.169733821569924
    vertex 1.6094124004029022 31.900420610238815 18.17999952920573
    vertex 1.6094123966453024 31.74378917909367 18.16973336053143
  endloop
endfacet
facet normal -7.88063498974308e-08 -0.9999999999999969 7.416444855872269e-09
  outer loop
    vertex 12.014510242137039 40.03589012263831 4.001674539188411e-07
    vertex 6.559408908061737 40.0358907461614 9.900653133375013
    vertex 6.559408927564299 40.03589078994163 3.205040667501478e-07
  endloop
endfacet
facet normal -7.88063498974308e-08 -0.9999999999999969 7.416444855872269e-09
  outer loop
    vertex 6.559408908061737 40.0358907461614 9.900653133375013
    vertex 12.014510242137039 40.03589012263831 4.001674539188411e-07
    vertex 7.945833772546187 40.03589048347115 11.105853829081001
  endloop
endfacet
facet normal -7.88063498974308e-08 -0.9999999999999969 7.416444855872269e-09
  outer loop
    vertex 7.945833772546187 40.03589048347115 11.105853829081001
    vertex 12.014510242137039 40.03589012263831 4.001674539188411e-07
    vertex 12.01450792934353 40.03589048347114 11.10585395481452
  endloop
endfacet
facet normal 0.6238870609353764 -0.22583020496690334 -0.7481748817769978
  outer loop
    vertex 14.797414933800114 57.51537084254603 17.061842685434378
    vertex 14.616427139620551 58.015371178438265 16.759999992215963
    vertex 14.797414889707762 58.51537260039717 16.76000064963243
  endloop
endfacet
facet normal 2.528804226543389e-08 0.6560590451859125 -0.7547095661443205
  outer loop
    vertex 19.67925720187418 36.10042061620518 12.180000145295999
    vertex 12.01450747347517 38.58289730091283 14.337984041789515
    vertex 17.52127315966617 38.58289730091366 14.337984211964141
  endloop
endfacet
facet normal 2.528804226543389e-08 0.6560590451859125 -0.7547095661443205
  outer loop
    vertex 12.01450747347517 38.58289730091283 14.337984041789515
    vertex 19.67925720187418 36.10042061620518 12.180000145295999
    vertex 12.014507859886368 37.450323688292016 13.353452775149877
  endloop
endfacet
facet normal 2.528804226543389e-08 0.6560590451859125 -0.7547095661443205
  outer loop
    vertex 12.014507859886368 37.450323688292016 13.353452775149877
    vertex 19.67925720187418 36.10042061620518 12.180000145295999
    vertex 10.531400861487676 37.450323681313016 13.353452721289253
  endloop
endfacet
facet normal 2.528804226543389e-08 0.6560590451859125 -0.7547095661443205
  outer loop
    vertex 10.531400861487676 37.450323681313016 13.353452721289253
    vertex 19.67925720187418 36.10042061620518 12.180000145295999
    vertex 9.181497883554403 36.100420673778295 12.17999983151362
  endloop
endfacet
facet normal -2.9750586598092456e-07 0.9999999999999558 3.1929376124487617e-09
  outer loop
    vertex 9.759412492903476 38.58589129218854 10.418290723199396
    vertex 7.959408313726022 38.58589078994168 3.001309468266141e-07
    vertex 7.959408089544654 38.58589055596898 10.418290667574102
  endloop
endfacet
facet normal -2.9750586598092456e-07 0.9999999999999558 3.1929376124487617e-09
  outer loop
    vertex 7.959408313726022 38.58589078994168 3.001309468266141e-07
    vertex 9.759412492903476 38.58589129218854 10.418290723199396
    vertex 9.759412827058195 38.585891124745906 2.234970176153018e-07
  endloop
endfacet
facet normal -2.4119591110881658e-08 -0.3214394779481142 0.9469301252027224
  outer loop
    vertex 1.6094123973887189 31.589837755423343 18.13911051627752
    vertex 14.797414815309647 31.441200857706423 18.088655422025983
    vertex 14.797414813750391 31.589838122384254 18.13911097693966
  endloop
endfacet
facet normal -2.4119591110881658e-08 -0.3214394779481142 0.9469301252027224
  outer loop
    vertex 14.797414815309647 31.441200857706423 18.088655422025983
    vertex 1.6094123973887189 31.589837755423343 18.13911051627752
    vertex 1.6094123986130835 31.441200490733593 18.08865496171865
  endloop
endfacet
facet normal -1.3527877485520385e-08 -0.5555702424781063 0.8314696059825747
  outer loop
    vertex 1.6094124002978838 31.300420609797772 18.01923000537024
    vertex 14.797414820149864 31.16990726247432 17.93202398714452
    vertex 14.797414817454845 31.30042097681838 18.019230465348343
  endloop
endfacet
facet normal -1.3527877485520385e-08 -0.5555702424781063 0.8314696059825747
  outer loop
    vertex 14.797414820149864 31.16990726247432 17.93202398714452
    vertex 1.6094124002978838 31.300420609797772 18.01923000537024
    vertex 1.6094124024142968 31.169906895376403 17.932023527466917
  endloop
endfacet
facet normal 0.9999999999999293 -3.1509450381253046e-07 2.0528082566596316e-07
  outer loop
    vertex 12.014512757677952 44.28883289371268 8.299146226284234e-07
    vertex 12.01450792934353 40.03589048347114 11.10585395481452
    vertex 12.014510242137039 40.03589012263831 4.001674539188411e-07
  endloop
endfacet
facet normal 0.9999999999999293 -3.1509450381253046e-07 2.0528082566596316e-07
  outer loop
    vertex 12.01450792934353 40.03589048347114 11.10585395481452
    vertex 12.014512757677952 44.28883289371268 8.299146226284234e-07
    vertex 12.014508904608409 44.288833411740896 14.642699059372884
  endloop
endfacet
facet normal 0.9999999999999293 -3.1509450381253046e-07 2.0528082566596316e-07
  outer loop
    vertex 12.01450792934353 40.03589048347114 11.10585395481452
    vertex 12.014508904608409 44.288833411740896 14.642699059372884
    vertex 12.014507859886368 37.450323688292016 13.353452775149877
  endloop
endfacet
facet normal 0.9999999999999293 -3.1509450381253046e-07 2.0528082566596316e-07
  outer loop
    vertex 12.014507859886368 37.450323688292016 13.353452775149877
    vertex 12.014508904608409 44.288833411740896 14.642699059372884
    vertex 12.01450747347517 38.58289730091283 14.337984041789515
  endloop
endfacet
facet normal 0.9999999999999293 -3.1509450381253046e-07 2.0528082566596316e-07
  outer loop
    vertex 12.01450747347517 38.58289730091283 14.337984041789515
    vertex 12.014508904608409 44.288833411740896 14.642699059372884
    vertex 12.014507325684162 38.58323214076978 14.642697608570332
  endloop
endfacet
facet normal 3.438981930151251e-11 0.9999993962456 -0.0010988668870172574
  outer loop
    vertex 14.797414880379893 38.58589046037902 17.061842397561737
    vertex 12.01450747347517 38.58289730091283 14.337984041789515
    vertex 12.014507325684162 38.58323214076978 14.642697608570332
  endloop
endfacet
facet normal 3.438981930151251e-11 0.9999993962456 -0.0010988668870172574
  outer loop
    vertex 12.01450747347517 38.58289730091283 14.337984041789515
    vertex 14.797414880379893 38.58589046037902 17.061842397561737
    vertex 17.52127315966617 38.58289730091366 14.337984211964141
  endloop
endfacet
facet normal 0.7068998928845744 -0.01778494807933681 0.7070899780520106
  outer loop
    vertex 20.395618248606954 58.6842492851764 11.41829185601388
    vertex 22.840869556096987 60.14402573173096 9.010414652126672
    vertex 20.434459041031246 60.22805934886026 11.418291897915177
  endloop
endfacet
facet normal 0.7068998928845744 -0.01778494807933681 0.7070899780520106
  outer loop
    vertex 22.840869556096987 60.14402573173096 9.010414652126672
    vertex 20.395618248606954 58.6842492851764 11.41829185601388
    vertex 22.788447174043718 58.06038646804408 9.010414595899258
  endloop
endfacet
facet normal 0.7068998928845744 -0.01778494807933681 0.7070899780520106
  outer loop
    vertex 22.788447174043718 58.06038646804408 9.010414595899258
    vertex 20.395618248606954 58.6842492851764 11.41829185601388
    vertex 21.381427690753537 58.10952065332851 10.418291672524722
  endloop
endfacet
facet normal 0.7068998928845744 -0.01778494807933681 0.7070899780520106
  outer loop
    vertex 21.381427690753537 58.10952065332851 10.418291672524722
    vertex 20.395618248606954 58.6842492851764 11.41829185601388
    vertex 21.151561225326198 58.117547635033006 10.648298239496578
  endloop
endfacet
facet normal 0.6872983801687799 0.7263752037462244 4.758632204542714e-08
  outer loop
    vertex 22.788447318096257 39.0408757441227 6.173802538122538
    vertex 21.352608684910393 40.39947034743361 9.010414152351842
    vertex 22.78844720025157 39.04087566979547 9.010414176640985
  endloop
endfacet
facet normal -0.024677641402035374 0.7066760493690274 -0.7071067636948586
  outer loop
    vertex 13.779270892905345 52.002530922568546 4.505207420654281
    vertex 13.73013663220694 53.40955034498844 5.913084555480896
    vertex 17.55365630269389 52.83870297974284 5.209146149368881
  endloop
endfacet
facet normal 0.6657035748016957 -0.7138797140691989 0.21728898807054614
  outer loop
    vertex 18.546544040820194 45.636622133775575 10.41829129711034
    vertex 16.80526411436231 43.58432613535794 9.010414112542756
    vertex 18.261417795324764 44.94221137160914 9.010414173827307
  endloop
endfacet
facet normal -0.731353711384444 -0.681998349590524 -3.0780258486501305e-08
  outer loop
    vertex 12.376503180353968 58.423979713475276 9.010414422927623
    vertex 12.376503230086875 58.42397978816653 6.173802784409325
    vertex 13.734388416605105 56.96782603251303 9.010414408392224
  endloop
endfacet
facet normal 0.18301385985498186 -0.9590044093950865 0.21637113916084613
  outer loop
    vertex 18.212283706258756 43.535192113186504 1.4078777959173052
    vertex 21.356860683245955 44.83411620105444 4.505207505251254
    vertex 17.5333410214884 44.26326885357563 5.209145973185157
  endloop
endfacet
facet normal 0.18301385985498186 -0.9590044093950865 0.21637113916084613
  outer loop
    vertex 21.356860683245955 44.83411620105444 4.505207505251254
    vertex 18.212283706258756 43.535192113186504 1.4078777959173052
    vertex 21.332293626371445 44.1306065533076 1.4078778662963047
  endloop
endfacet
facet normal 0.1830138863691185 0.9590044067467974 -0.21637112847210987
  outer loop
    vertex 18.232598773323193 40.99488483222904 9.010414038334496
    vertex 21.377175914691495 39.695960698937355 5.91308451493858
    vertex 17.553656302693817 40.266808101073444 5.2091458210504245
  endloop
endfacet
facet normal 0.1830138863691185 0.9590044067467974 -0.21637112847210987
  outer loop
    vertex 21.377175914691495 39.695960698937355 5.91308451493858
    vertex 18.232598773323193 40.99488483222904 9.010414038334496
    vertex 21.352608684910393 40.39947034743361 9.010414152351842
  endloop
endfacet
facet normal -0.024677700154675904 0.7066760123126364 0.7071067986782382
  outer loop
    vertex 21.377175914691467 52.267855577606696 5.913084843257023
    vertex 21.32804177097179 53.67487507380728 4.505207778083698
    vertex 17.55365630269389 52.83870297974284 5.209146149368881
  endloop
endfacet
facet normal -0.241244654928322 0.6822083853385902 -0.690212094534882
  outer loop
    vertex 12.3968185455318 51.249886997536024 4.2444893620180695
    vertex 13.73013663220694 53.40955034498844 5.913084555480896
    vertex 13.779270892905345 52.002530922568546 4.505207420654281
  endloop
endfacet
facet normal -0.019358723101935787 0.5543623096551379 -0.832050280616312
  outer loop
    vertex 13.803838181176033 51.299021310962715 6.832411362586589e-07
    vertex 16.82557962985547 53.51764570789757 1.4078779669116699
    vertex 18.56685961010054 51.46534968436645 8.854766505385511e-07
  endloop
endfacet
facet normal -0.18293856253727725 0.6921861121602617 -0.69814888703575
  outer loop
    vertex 13.803838181176033 51.299021310962715 6.832411362586589e-07
    vertex 13.754703920477452 52.70604073338245 1.4078778180676548
    vertex 16.82557962985547 53.51764570789757 1.4078779669116699
  endloop
endfacet
facet normal 0.4423794599064037 0.8753041006716464 -0.19530270044297637
  outer loop
    vertex 22.788447318096257 39.0408757441227 6.173802538122538
    vertex 21.377175914691495 39.695960698937355 5.91308451493858
    vertex 21.352608684910393 40.39947034743361 9.010414152351842
  endloop
endfacet
facet normal -0.024677700154509524 0.7066760123126278 0.7071067986782525
  outer loop
    vertex 13.803837748354415 38.7271261593045 10.41829089492253
    vertex 16.638721399705283 38.82612247782919 10.41829101528948
    vertex 13.754703604634749 40.13414565550513 9.010413829749194
  endloop
endfacet
facet normal 0.16572505211539812 0.8684099424622456 0.46733219334223897
  outer loop
    vertex 16.874713516221778 39.53873117070984 9.010413943766483
    vertex 13.754703604634749 40.13414565550513 9.010413829749194
    vertex 16.638721399705283 38.82612247782919 10.41829101528948
  endloop
endfacet
facet normal -0.8509021894489215 0.5253241513494612 -2.158529293717133e-08
  outer loop
    vertex 12.396818347533783 38.67799199398593 9.010413735181263
    vertex 13.730136632206904 40.83765546631912 5.913084227162453
    vertex 12.396818545531689 38.67799211886683 4.244489033699629
  endloop
endfacet
facet normal 0.6657035978601599 0.7138797045094057 -0.21728894883450098
  outer loop
    vertex 18.566859610100494 38.893454805697104 5.571582095319921e-07
    vertex 16.8255796298555 40.9457508292281 1.4078776385932426
    vertex 18.281733291374962 39.58786557212693 1.407877663507806
  endloop
endfacet
facet normal 0.16572505211542152 0.868409942462248 0.46733219334222603
  outer loop
    vertex 16.87471351622175 52.11062604937918 9.010414272084907
    vertex 13.754703604634933 52.70604053417447 9.010414158067634
    vertex 16.638721399705148 51.398017356498556 10.418291343607935
  endloop
endfacet
facet normal 0.6657035748017692 -0.7138797140691878 0.2172889880703578
  outer loop
    vertex 18.546544040820148 58.208517012444865 10.418291625428798
    vertex 16.805264114362174 56.1562210140273 9.010414440861245
    vertex 18.261417795324476 57.51410625027853 9.010414502145721
  endloop
endfacet
facet normal 0.1830138683910835 0.9590043954077206 0.21637119393579862
  outer loop
    vertex 13.754703604634933 52.70604053417447 9.010414158067634
    vertex 17.55365630269389 52.83870297974284 5.209146149368881
    vertex 13.73013663220694 53.40955034498844 5.913084555480896
  endloop
endfacet
facet normal 0.1830138683910835 0.9590043954077206 0.21637119393579862
  outer loop
    vertex 17.55365630269389 52.83870297974284 5.209146149368881
    vertex 13.754703604634933 52.70604053417447 9.010414158067634
    vertex 16.87471351622175 52.11062604937918 9.010414272084907
  endloop
endfacet
facet normal -0.02467766849980291 -0.7066760118684717 -0.7071068002268721
  outer loop
    vertex 21.307726436207087 43.42709670537653 5.913084567341258
    vertex 17.5333410214884 44.26326885357563 5.209145973185157
    vertex 21.356860683245955 44.83411620105444 4.505207505251254
  endloop
endfacet
facet normal -0.22589857037521224 0.8547341673486295 -0.46733215069079137
  outer loop
    vertex 21.35260900075306 52.97136542531114 1.4078781406702616
    vertex 18.56685961010054 51.46534968436645 8.854766505385511e-07
    vertex 18.281733291374884 52.15976045079612 1.4078779918262478
  endloop
endfacet
facet normal 0.13420850341442087 -0.7032610979274891 -0.6981489137376669
  outer loop
    vertex 21.38142787341032 45.53762604898547 8.042062741117499e-07
    vertex 21.332293626371445 44.1306065533076 1.4078778662963047
    vertex 18.212283706258756 43.535192113186504 1.4078777959173052
  endloop
endfacet
facet normal -0.0246776414021689 0.7066760493690358 -0.7071067636948457
  outer loop
    vertex 18.566859610100494 38.893454805697104 5.571582095319921e-07
    vertex 21.352609000752935 40.39947054664179 1.4078778123518205
    vertex 21.401743261451333 38.99245112422191 6.775251571446297e-07
  endloop
endfacet
facet normal -0.02467764140202107 0.7066760493690354 -0.7071067636948513
  outer loop
    vertex 13.779270892905329 39.43063604389929 4.50520709233584
    vertex 13.730136632206904 40.83765546631912 5.913084227162453
    vertex 17.553656302693817 40.266808101073444 5.2091458210504245
  endloop
endfacet
facet normal -0.7313537016191591 0.6819983600625104 -1.2513184256956977e-08
  outer loop
    vertex 12.396818545531689 38.67799211886683 4.244489033699629
    vertex 13.754703920477434 40.13414585471312 1.4078774897492143
    vertex 12.396818663376266 38.67799219319405 1.4078773951813306
  endloop
endfacet
facet normal -0.019358723101944177 0.5543623096551604 -0.8320502806162969
  outer loop
    vertex 13.8038381811761 38.72712643229334 3.549226952521008e-07
    vertex 16.8255796298555 40.9457508292281 1.4078776385932426
    vertex 18.566859610100494 38.893454805697104 5.571582095319921e-07
  endloop
endfacet
facet normal 0.6787157032468274 0.7173045499899628 -0.15754103189284258
  outer loop
    vertex 22.788447516094095 39.04087586900348 1.407877836640992
    vertex 21.352609000752935 40.39947054664179 1.4078778123518205
    vertex 21.328041770971907 41.10298019513787 4.5052074497652645
  endloop
endfacet
facet normal -0.497134245372917 -0.8452623853219882 -0.1959312176180281
  outer loop
    vertex 13.758955582086287 45.09944096470343 5.9130844790288295
    vertex 13.73438841660519 44.39593115384371 9.01041408007375
    vertex 12.37650323008691 45.852084909497215 6.1738024560908915
  endloop
endfacet
facet normal -0.024677693294145386 -0.7066760491064231 0.7071067621462946
  outer loop
    vertex 13.709821384413898 56.26431642183695 4.50520766943735
    vertex 17.533341021488322 56.83516373224497 5.2091463015035915
    vertex 13.758955582086251 57.67133584337263 5.9130848073472695
  endloop
endfacet
facet normal -0.5971478208066313 0.5568493140610672 0.5773502589724981
  outer loop
    vertex 13.803837748354415 38.7271261593045 10.41829089492253
    vertex 13.754703604634749 40.13414565550513 9.010413829749194
    vertex 12.396818347533783 38.67799199398593 9.010413735181263
  endloop
endfacet
facet normal 0.1830138863691096 0.9590044067467935 -0.21637112847213397
  outer loop
    vertex 18.232598773323105 53.56677971089843 9.010414366652938
    vertex 21.377175914691467 52.267855577606696 5.913084843257023
    vertex 17.55365630269389 52.83870297974284 5.209146149368881
  endloop
endfacet
facet normal 0.1830138863691096 0.9590044067467935 -0.21637112847213397
  outer loop
    vertex 21.377175914691467 52.267855577606696 5.913084843257023
    vertex 18.232598773323105 53.56677971089843 9.010414366652938
    vertex 21.35260868491032 52.971365226103146 9.010414480670285
  endloop
endfacet
facet normal 0.5625419327294753 0.5945256321455875 -0.5745309797068178
  outer loop
    vertex 22.788447516094095 39.04087586900348 1.407877836640992
    vertex 21.401743261451333 38.99245112422191 6.775251571446297e-07
    vertex 21.352609000752935 40.39947054664179 1.4078778123518205
  endloop
endfacet
facet normal -1.0494086629153689e-08 0.8968727336397649 0.44228870622426575
  outer loop
    vertex 14.79741488685668 60.44007063825649 17.57999985239952
    vertex 1.6094124143740285 60.509495678956704 17.439219489809147
    vertex 1.6094124109575687 60.440070722544625 17.57999937059528
  endloop
endfacet
facet normal -1.0494086629153689e-08 0.8968727336397649 0.44228870622426575
  outer loop
    vertex 1.6094124143740285 60.509495678956704 17.439219489809147
    vertex 14.79741488685668 60.44007063825649 17.57999985239952
    vertex 14.797414891206884 60.50949559627428 17.439219972405265
  endloop
endfacet
facet normal -0.24946483908635184 0.9439019061537951 0.21637117557302413
  outer loop
    vertex 13.779270892905345 52.002530922568546 4.505207420654281
    vertex 16.82557962985547 53.51764570789757 1.4078779669116699
    vertex 13.754703920477452 52.70604073338245 1.4078778180676548
  endloop
endfacet
facet normal -0.24946483908635184 0.9439019061537951 0.21637117557302413
  outer loop
    vertex 16.82557962985547 53.51764570789757 1.4078779669116699
    vertex 13.779270892905345 52.002530922568546 4.505207420654281
    vertex 17.55365630269389 52.83870297974284 5.209146149368881
  endloop
endfacet
facet normal -0.02467764140215974 0.7066760493690223 -0.7071067636948594
  outer loop
    vertex 18.56685961010054 51.46534968436645 8.854766505385511e-07
    vertex 21.35260900075306 52.97136542531114 1.4078781406702616
    vertex 21.40174326145156 51.56434600289121 1.0058435981511892e-06
  endloop
endfacet
facet normal -0.019358751019072758 -0.5543622656669815 -0.8320503092743567
  outer loop
    vertex 18.212283706258756 43.535192113186504 1.4078777959173052
    vertex 16.618406446867535 45.703954490589126 7.250796858363921e-07
    vertex 21.38142787341032 45.53762604898547 8.042062741117499e-07
  endloop
endfacet
facet normal -0.024677693294311204 -0.706676049106448 0.707106762146264
  outer loop
    vertex 21.332293493081607 56.702501231792844 9.010414534614755
    vertex 21.381427690753537 58.10952065332851 10.418291672524722
    vertex 18.546544040820148 58.208517012444865 10.418291625428798
  endloop
endfacet
facet normal -0.24124465492826982 0.6822083853386072 -0.6902120945348833
  outer loop
    vertex 12.396818545531689 38.67799211886683 4.244489033699629
    vertex 13.730136632206904 40.83765546631912 5.913084227162453
    vertex 13.779270892905329 39.43063604389929 4.50520709233584
  endloop
endfacet
facet normal -0.5971478149164857 -0.5568493358413357 0.5773502440577383
  outer loop
    vertex 13.783522614277212 58.37484545404865 10.418291546302033
    vertex 12.376503180353968 58.423979713475276 9.010414422927623
    vertex 13.734388416605105 56.96782603251303 9.010414408392224
  endloop
endfacet
facet normal -0.03489949907456392 -0.9993908269362611 -2.684771882892739e-08
  outer loop
    vertex 11.71627869712543 45.87514060315513 6.274796297850875e-07
    vertex 12.37650331364397 45.85208503498991 1.4078777546092298
    vertex 12.376503180353879 45.85208483480588 9.010414094609164
  endloop
endfacet
facet normal -0.03489949907456392 -0.9993908269362611 -2.684771882892739e-08
  outer loop
    vertex 12.37650331364397 45.85208503498991 1.4078777546092298
    vertex 11.71627869712543 45.87514060315513 6.274796297850875e-07
    vertex 13.783522796934195 45.80295084970552 6.779837441547734e-07
  endloop
endfacet
facet normal -0.03489949907456392 -0.9993908269362611 -2.684771882892739e-08
  outer loop
    vertex 12.376503180353879 45.85208483480588 9.010414094609164
    vertex 12.37650331364397 45.85208503498991 1.4078777546092298
    vertex 12.37650323008691 45.852084909497215 6.1738024560908915
  endloop
endfacet
facet normal -0.03489949907456392 -0.9993908269362611 -2.684771882892739e-08
  outer loop
    vertex 11.716278514468508 45.87514032882888 10.418291167479737
    vertex 12.376503180353879 45.85208483480588 9.010414094609164
    vertex 13.783522614277246 45.80295057537931 10.41829121798358
  endloop
endfacet
facet normal -0.03489949907456392 -0.9993908269362611 -2.684771882892739e-08
  outer loop
    vertex 12.376503180353879 45.85208483480588 9.010414094609164
    vertex 11.716278514468508 45.87514032882888 10.418291167479737
    vertex 11.71627869712543 45.87514060315513 6.274796297850875e-07
  endloop
endfacet
facet normal 0.1342084722397907 0.7032610960954097 0.698148921576009
  outer loop
    vertex 21.40174282862962 51.56434572990242 10.418291545843621
    vertex 21.35260868491032 52.971365226103146 9.010414480670285
    vertex 18.232598773323105 53.56677971089843 9.010414366652938
  endloop
endfacet
facet normal 0.6819983495904909 -0.7313537113844756 -7.300443931015706e-09
  outer loop
    vertex 17.5333410214884 44.26326885357563 5.209145973185157
    vertex 18.261417795324764 44.94221137160914 9.010414173827307
    vertex 16.80526411436231 43.58432613535794 9.010414112542756
  endloop
endfacet
facet normal 0.6819983495904909 -0.7313537113844756 -7.300443931015706e-09
  outer loop
    vertex 18.261417795324764 44.94221137160914 9.010414173827307
    vertex 17.5333410214884 44.26326885357563 5.209145973185157
    vertex 17.592419194385094 44.31836013640255 5.517591439451364
  endloop
endfacet
facet normal -0.02467766849961175 -0.7066760118684985 -0.707106800226852
  outer loop
    vertex 13.734388549895248 44.39593135402765 1.4078777400737887
    vertex 13.783522796934195 45.80295084970552 6.779837441547734e-07
    vertex 16.618406446867535 45.703954490589126 7.250796858363921e-07
  endloop
endfacet
facet normal 0.8121846657573458 -0.5834004359859774 -1.1222516575938115e-09
  outer loop
    vertex 22.788447174043718 58.06038646804408 9.010414595899258
    vertex 21.307726436207076 55.99899158404586 5.913084895659684
    vertex 22.788447257600943 58.060386593536755 4.244489894417712
  endloop
endfacet
facet normal 0.5568493105167641 -0.5971478199964414 0.5773502632289192
  outer loop
    vertex 22.78844717404383 45.48849158937477 9.0104142675808
    vertex 21.38142769075366 45.537625774659155 10.418291344206269
    vertex 21.332293493081675 44.13060635312345 9.010414206296328
  endloop
endfacet
facet normal -0.18293861369273903 -0.692186109630438 0.6981488761395079
  outer loop
    vertex 16.805264114362174 56.1562210140273 9.010414440861245
    vertex 13.783522614277212 58.37484545404865 10.418291546302033
    vertex 13.734388416605105 56.96782603251303 9.010414408392224
  endloop
endfacet
facet normal 0.1930685757357457 -0.697374904986091 -0.6902121173661118
  outer loop
    vertex 22.788447257600914 45.48849171486741 4.244489566099272
    vertex 21.307726436207087 43.42709670537653 5.913084567341258
    vertex 21.356860683245955 44.83411620105444 4.505207505251254
  endloop
endfacet
facet normal 0.6819983495906218 -0.7313537113843536 -7.300332927485476e-09
  outer loop
    vertex 22.78844730733365 58.060386668228155 1.4078782558992649
    vertex 22.788447257600943 58.060386593536755 4.244489894417712
    vertex 21.33229362637154 56.702501431976756 1.4078781946147458
  endloop
endfacet
facet normal -0.7138797045381298 -0.6657035728898306 -0.21728902524119026
  outer loop
    vertex 16.85439847000755 44.99134579414881 1.4078778104528469
    vertex 16.618406446867535 45.703954490589126 7.250796858363921e-07
    vertex 18.212283706258756 43.535192113186504 1.4078777959173052
  endloop
endfacet
facet normal 0.1830138674420064 -0.959004398000434 -0.2163711832470884
  outer loop
    vertex 13.734388549895142 56.96782623269704 1.4078780683922163
    vertex 17.533341021488322 56.83516373224497 5.2091463015035915
    vertex 13.709821384413898 56.26431642183695 4.50520766943735
  endloop
endfacet
facet normal 0.1830138674420064 -0.959004398000434 -0.2163711832470884
  outer loop
    vertex 17.533341021488322 56.83516373224497 5.2091463015035915
    vertex 13.734388549895142 56.96782623269704 1.4078780683922163
    vertex 16.854398470007606 57.56324067281814 1.407878138771288
  endloop
endfacet
facet normal -0.7220886561362324 -0.6733585444619032 -0.15867023438413555
  outer loop
    vertex 13.70982138441396 43.69242154316777 4.505207341118925
    vertex 12.37650331364397 45.85208503498991 1.4078777546092298
    vertex 13.734388549895248 44.39593135402765 1.4078777400737887
  endloop
endfacet
facet normal -0.49713424537295337 -0.8452623853219734 -0.19593121761799895
  outer loop
    vertex 13.758955582086251 57.67133584337263 5.9130848073472695
    vertex 13.734388416605105 56.96782603251303 9.010414408392224
    vertex 12.376503230086875 58.42397978816653 6.173802784409325
  endloop
endfacet
facet normal 0.44237945990648914 0.8753041006715956 -0.19530270044301085
  outer loop
    vertex 22.788447318096267 51.612770622791864 6.173802866440978
    vertex 21.377175914691467 52.267855577606696 5.913084843257023
    vertex 21.35260868491032 52.971365226103146 9.010414480670285
  endloop
endfacet
facet normal 0.556849330761336 -0.5971477895918342 -0.5773502751503967
  outer loop
    vertex 22.78844730733355 45.48849178955873 1.407877927580838
    vertex 21.332293626371445 44.1306065533076 1.4078778662963047
    vertex 21.38142787341032 45.53762604898547 8.042062741117499e-07
  endloop
endfacet
facet normal 0.19611328249364202 0.6970005262184664 0.6897317209471737
  outer loop
    vertex 22.788447318096267 51.612770622791864 6.173802866440978
    vertex 21.32804177097179 53.67487507380728 4.505207778083698
    vertex 21.377175914691467 52.267855577606696 5.913084843257023
  endloop
endfacet
facet normal -0.24124470547199936 -0.6822083819728797 0.6902120801954091
  outer loop
    vertex 13.709821384413898 56.26431642183695 4.50520766943735
    vertex 13.758955582086251 57.67133584337263 5.9130848073472695
    vertex 12.376503230086875 58.42397978816653 6.173802784409325
  endloop
endfacet
facet normal -0.24946484740620237 -0.9439019139486595 0.21637113197618876
  outer loop
    vertex 21.307726436207087 43.42709670537653 5.913084567341258
    vertex 17.592419194385094 44.31836013640255 5.517591439451364
    vertex 17.5333410214884 44.26326885357563 5.209145973185157
  endloop
endfacet
facet normal -0.24946484740620237 -0.9439019139486595 0.21637113197618876
  outer loop
    vertex 17.592419194385094 44.31836013640255 5.517591439451364
    vertex 21.307726436207087 43.42709670537653 5.913084567341258
    vertex 18.261417795324764 44.94221137160914 9.010414173827307
  endloop
endfacet
facet normal -0.24946484740620237 -0.9439019139486595 0.21637113197618876
  outer loop
    vertex 18.261417795324764 44.94221137160914 9.010414173827307
    vertex 21.307726436207087 43.42709670537653 5.913084567341258
    vertex 21.332293493081675 44.13060635312345 9.010414206296328
  endloop
endfacet
facet normal -0.8509021969708148 -0.5253241391657537 -2.8750604184447522e-08
  outer loop
    vertex 12.37650323008691 45.852084909497215 6.1738024560908915
    vertex 12.37650331364397 45.85208503498991 1.4078777546092298
    vertex 13.70982138441396 43.69242154316777 4.505207341118925
  endloop
endfacet
facet normal 0.5568493105167515 -0.5971478199964618 0.5773502632289104
  outer loop
    vertex 22.788447174043718 58.06038646804408 9.010414595899258
    vertex 21.381427690753537 58.10952065332851 10.418291672524722
    vertex 21.332293493081607 56.702501231792844 9.010414534614755
  endloop
endfacet
facet normal -0.02467769329417267 -0.7066760491064242 0.7071067621462926
  outer loop
    vertex 13.70982138441396 43.69242154316777 4.505207341118925
    vertex 17.5333410214884 44.26326885357563 5.209145973185157
    vertex 13.758955582086287 45.09944096470343 5.9130844790288295
  endloop
endfacet
facet normal -0.49713424484495566 0.8452623924653824 0.19593118814046365
  outer loop
    vertex 13.779270892905329 39.43063604389929 4.50520709233584
    vertex 13.754703920477434 40.13414585471312 1.4078774897492143
    vertex 12.396818545531689 38.67799211886683 4.244489033699629
  endloop
endfacet
facet normal -0.7313537113843833 -0.6819983495905891 -3.0780315870564065e-08
  outer loop
    vertex 12.376503180353879 45.85208483480588 9.010414094609164
    vertex 12.37650323008691 45.852084909497215 6.1738024560908915
    vertex 13.73438841660519 44.39593115384371 9.01041408007375
  endloop
endfacet
facet normal 0.6733585458580762 -0.7220886630960472 0.1586701967858492
  outer loop
    vertex 22.78844717404383 45.48849158937477 9.0104142675808
    vertex 21.332293493081675 44.13060635312345 9.010414206296328
    vertex 21.307726436207087 43.42709670537653 5.913084567341258
  endloop
endfacet
facet normal 0.9809589009129043 -0.19421543378358685 -6.310887241768099e-30
  outer loop
    vertex -7.74147419981189 21.9509852725169 -3.7101876935569913e-07
    vertex -7.77526518444775 21.78031105521399 3.9999996289812305
    vertex -7.77526518444775 21.78031105521399 -3.7101876935569913e-07
  endloop
endfacet
facet normal 0.9809589009129043 -0.19421543378358685 -6.310887241768099e-30
  outer loop
    vertex -7.77526518444775 21.78031105521399 3.9999996289812305
    vertex -7.74147419981189 21.9509852725169 -3.7101876935569913e-07
    vertex -7.74147419981189 21.9509852725169 3.9999996289812296
  endloop
endfacet
facet normal 0.9474069291729794 -0.3200314211995831 -3.155443620884049e-30
  outer loop
    vertex -7.77526518444775 21.78031105521399 -3.7101876935569913e-07
    vertex -7.830946530806646 21.615474448957134 3.9999996289812296
    vertex -7.830946530806646 21.615474448957134 -3.7101876935569913e-07
  endloop
endfacet
facet normal 0.9474069291729794 -0.3200314211995831 -3.155443620884049e-30
  outer loop
    vertex -7.830946530806646 21.615474448957134 3.9999996289812296
    vertex -7.77526518444775 21.78031105521399 -3.7101876935569913e-07
    vertex -7.77526518444775 21.78031105521399 3.9999996289812305
  endloop
endfacet
facet normal 0.07222518355034033 -0.9973883510755075 0.0
  outer loop
    vertex -8.883253786508346 20.80102920307146 -3.7101876935569913e-07
    vertex -9.056786516583399 20.788462951151487 3.9999996289812305
    vertex -9.056786516583399 20.788462951151487 -3.7101876935569913e-07
  endloop
endfacet
facet normal 0.07222518355034033 -0.9973883510755075 0.0
  outer loop
    vertex -9.056786516583399 20.788462951151487 3.9999996289812305
    vertex -8.883253786508346 20.80102920307146 -3.7101876935569913e-07
    vertex -8.883253786508346 20.80102920307146 3.9999996289812296
  endloop
endfacet
facet normal 0.6622468291426111 -0.7492857514263549 1.972152263052531e-30
  outer loop
    vertex -8.118138014919191 21.183162256099724 3.9999996289812296
    vertex -8.248504087383493 21.06793983534381 -3.7101876935569913e-07
    vertex -8.118138014919191 21.183162256099724 -3.7101876935569913e-07
  endloop
endfacet
facet normal 0.6622468291426111 -0.7492857514263549 1.972152263052531e-30
  outer loop
    vertex -8.248504087383493 21.06793983534381 -3.7101876935569913e-07
    vertex -8.118138014919191 21.183162256099724 3.9999996289812296
    vertex -8.248504087383493 21.06793983534381 3.9999996289812296
  endloop
endfacet
facet normal 0.7539921605889474 -0.6568834156609611 -1.1832913578315186e-30
  outer loop
    vertex -8.003848759046345 21.31434718315556 -3.7101876935569913e-07
    vertex -8.118138014919191 21.183162256099724 3.9999996289812296
    vertex -8.118138014919191 21.183162256099724 -3.7101876935569913e-07
  endloop
endfacet
facet normal 0.7539921605889474 -0.6568834156609611 -1.1832913578315186e-30
  outer loop
    vertex -8.118138014919191 21.183162256099724 3.9999996289812296
    vertex -8.003848759046345 21.31434718315556 -3.7101876935569913e-07
    vertex -8.003848759046345 21.31434718315556 3.9999996289812296
  endloop
endfacet
facet normal 0.2012101548377667 -0.9795480966191308 -1.5642248057808667e-19
  outer loop
    vertex -8.712825030986135 20.83603717910223 3.999999628981229
    vertex -8.883253786508346 20.80102920307146 -3.7101876935569913e-07
    vertex -8.712825030986135 20.83603717910223 -3.7101876980689373e-07
  endloop
endfacet
facet normal 0.2012101548377667 -0.9795480966191308 -1.5642248057808667e-19
  outer loop
    vertex -8.883253786508346 20.80102920307146 -3.7101876935569913e-07
    vertex -8.712825030986135 20.83603717910223 3.999999628981229
    vertex -8.883253786508346 20.80102920307146 3.9999996289812296
  endloop
endfacet
facet normal 0.9890737237958672 -0.14742173820904625 0.0
  outer loop
    vertex -7.730146516475376 22.026984335312786 -3.7101876935569913e-07
    vertex -7.74147419981189 21.9509852725169 3.9999996289812296
    vertex -7.74147419981189 21.9509852725169 -3.7101876935569913e-07
  endloop
endfacet
facet normal 0.9890737237958672 -0.14742173820904625 0.0
  outer loop
    vertex -7.74147419981189 21.9509852725169 3.9999996289812296
    vertex -7.730146516475376 22.026984335312786 -3.7101876935569913e-07
    vertex -7.730146516475376 22.026984335312786 3.9999996289812305
  endloop
endfacet
facet normal 0.44681615648892403 -0.8946258001535978 2.6685245156598878e-21
  outer loop
    vertex -8.39273656786044 20.970633562832322 -3.7101876935569913e-07
    vertex -8.548389937311605 20.892893305094635 3.999999628981229
    vertex -8.548389937311605 20.892893305094635 -3.7101876980689373e-07
  endloop
endfacet
facet normal 0.44681615648892403 -0.8946258001535978 2.6685245156598878e-21
  outer loop
    vertex -8.548389937311605 20.892893305094635 3.999999628981229
    vertex -8.39273656786044 20.970633562832322 -3.7101876935569913e-07
    vertex -8.39273656786044 20.970633562832322 3.9999996289812305
  endloop
endfacet
facet normal 0.8329532552427512 -0.5533433604738599 -4.733165431326073e-30
  outer loop
    vertex -7.907574139527887 21.459270323927473 -3.7101876935569913e-07
    vertex -8.003848759046345 21.31434718315556 3.9999996289812296
    vertex -8.003848759046345 21.31434718315556 -3.7101876935569913e-07
  endloop
endfacet
facet normal 0.8329532552427512 -0.5533433604738599 -4.733165431326073e-30
  outer loop
    vertex -8.003848759046345 21.31434718315556 3.9999996289812296
    vertex -7.907574139527887 21.459270323927473 -3.7101876935569913e-07
    vertex -7.907574139527887 21.459270323927473 3.9999996289812305
  endloop
endfacet
facet normal 0.3267835279694931 -0.9450992148170536 -3.1554436208840486e-30
  outer loop
    vertex -8.548389937311605 20.892893305094635 -3.7101876980689373e-07
    vertex -8.712825030986135 20.83603717910223 3.999999628981229
    vertex -8.712825030986135 20.83603717910223 -3.7101876980689373e-07
  endloop
endfacet
facet normal 0.3267835279694931 -0.9450992148170536 -3.1554436208840486e-30
  outer loop
    vertex -8.712825030986135 20.83603717910223 3.999999628981229
    vertex -8.548389937311605 20.892893305094635 -3.7101876980689373e-07
    vertex -8.548389937311605 20.892893305094635 3.999999628981229
  endloop
endfacet
facet normal 0.8977912963574195 -0.44042114865758203 3.1554436208840486e-30
  outer loop
    vertex -7.830946530806646 21.615474448957134 -3.7101876935569913e-07
    vertex -7.907574139527887 21.459270323927473 3.9999996289812305
    vertex -7.907574139527887 21.459270323927473 -3.7101876935569913e-07
  endloop
endfacet
facet normal 0.8977912963574195 -0.44042114865758203 3.1554436208840486e-30
  outer loop
    vertex -7.907574139527887 21.459270323927473 3.9999996289812305
    vertex -7.830946530806646 21.615474448957134 -3.7101876935569913e-07
    vertex -7.830946530806646 21.615474448957134 3.9999996289812296
  endloop
endfacet
facet normal 0.5592728394670581 -0.8289836494373422 1.5777218104420247e-30
  outer loop
    vertex -8.248504087383493 21.06793983534381 -3.7101876935569913e-07
    vertex -8.39273656786044 20.970633562832322 3.9999996289812305
    vertex -8.39273656786044 20.970633562832322 -3.7101876935569913e-07
  endloop
endfacet
facet normal 0.5592728394670581 -0.8289836494373422 1.5777218104420247e-30
  outer loop
    vertex -8.39273656786044 20.970633562832322 3.9999996289812305
    vertex -8.248504087383493 21.06793983534381 -3.7101876935569913e-07
    vertex -8.248504087383493 21.06793983534381 3.9999996289812296
  endloop
endfacet
facet normal 1.0 1.8279766350290434e-20 -7.286290400791086e-23
  outer loop
    vertex -7.730146516475381 22.557090036566585 -3.7101876935569913e-07
    vertex -7.730146516475376 22.026984335312786 3.9999996289812305
    vertex -7.730146516475376 22.026984335312786 -3.7101876935569913e-07
  endloop
endfacet
facet normal 1.0 1.8279766350290434e-20 -7.286290400791086e-23
  outer loop
    vertex -7.730146516475376 22.026984335312786 3.9999996289812305
    vertex -7.730146516475381 22.557090036566585 -3.7101876935569913e-07
    vertex -7.730146516475381 22.557090036566585 3.9999996289812305
  endloop
endfacet
facet normal 0.20121015483776167 0.9795480966191318 5.64183003028782e-19
  outer loop
    vertex -8.883253786508345 23.783045168807913 -3.7101876935569913e-07
    vertex -8.712825030986135 23.748037192777144 3.999999628981229
    vertex -8.712825030986135 23.748037192777144 -3.7101876980689373e-07
  endloop
endfacet
facet normal 0.20121015483776167 0.9795480966191318 5.64183003028782e-19
  outer loop
    vertex -8.712825030986135 23.748037192777144 3.999999628981229
    vertex -8.883253786508345 23.783045168807913 -3.7101876935569913e-07
    vertex -8.883253786508345 23.783045168807913 3.9999996289812305
  endloop
endfacet
facet normal 0.5592728394670564 0.8289836494373433 3.1554436208840486e-30
  outer loop
    vertex -8.39273656786044 23.613440809047056 3.9999996289812305
    vertex -8.24850408738349 23.516134536535567 -3.7101876935569913e-07
    vertex -8.39273656786044 23.613440809047056 -3.7101876935569913e-07
  endloop
endfacet
facet normal 0.5592728394670564 0.8289836494373433 3.1554436208840486e-30
  outer loop
    vertex -8.24850408738349 23.516134536535567 -3.7101876935569913e-07
    vertex -8.39273656786044 23.613440809047056 3.9999996289812305
    vertex -8.24850408738349 23.516134536535567 3.9999996289812305
  endloop
endfacet
facet normal 0.7539921605889496 0.6568834156609586 -3.155443620884049e-30
  outer loop
    vertex -8.118138014919195 23.400912115779654 -3.7101876935569913e-07
    vertex -8.003848759046349 23.26972718872382 3.9999996289812305
    vertex -8.003848759046349 23.26972718872382 -3.7101876935569913e-07
  endloop
endfacet
facet normal 0.7539921605889496 0.6568834156609586 -3.155443620884049e-30
  outer loop
    vertex -8.003848759046349 23.26972718872382 3.9999996289812305
    vertex -8.118138014919195 23.400912115779654 -3.7101876935569913e-07
    vertex -8.118138014919195 23.400912115779654 3.9999996289812296
  endloop
endfacet
facet normal 0.8329532552427512 0.5533433604738599 3.1554436208840486e-30
  outer loop
    vertex -8.003848759046349 23.26972718872382 -3.7101876935569913e-07
    vertex -7.90757413952789 23.12480404795191 3.9999996289812305
    vertex -7.90757413952789 23.12480404795191 -3.7101876935569913e-07
  endloop
endfacet
facet normal 0.8329532552427512 0.5533433604738599 3.1554436208840486e-30
  outer loop
    vertex -7.90757413952789 23.12480404795191 3.9999996289812305
    vertex -8.003848759046349 23.26972718872382 -3.7101876935569913e-07
    vertex -8.003848759046349 23.26972718872382 3.9999996289812305
  endloop
endfacet
facet normal 0.8977912963574195 0.440421148657582 0.0
  outer loop
    vertex -7.90757413952789 23.12480404795191 -3.7101876935569913e-07
    vertex -7.830946530806646 22.968599922922245 3.9999996289812296
    vertex -7.830946530806646 22.968599922922245 -3.7101876935569913e-07
  endloop
endfacet
facet normal 0.8977912963574195 0.440421148657582 0.0
  outer loop
    vertex -7.830946530806646 22.968599922922245 3.9999996289812296
    vertex -7.90757413952789 23.12480404795191 -3.7101876935569913e-07
    vertex -7.90757413952789 23.12480404795191 3.9999996289812305
  endloop
endfacet
facet normal 0.07222518355034031 0.9973883510755075 0.0
  outer loop
    vertex -9.056786516583399 23.795611420727887 3.9999996289812296
    vertex -8.883253786508345 23.783045168807913 -3.7101876935569913e-07
    vertex -9.056786516583399 23.795611420727887 -3.7101876935569913e-07
  endloop
endfacet
facet normal 0.07222518355034031 0.9973883510755075 0.0
  outer loop
    vertex -8.883253786508345 23.783045168807913 -3.7101876935569913e-07
    vertex -9.056786516583399 23.795611420727887 3.9999996289812296
    vertex -8.883253786508345 23.783045168807913 3.9999996289812305
  endloop
endfacet
facet normal 0.9474069291729779 0.3200314211995879 6.310887241768097e-30
  outer loop
    vertex -7.830946530806646 22.968599922922245 -3.7101876935569913e-07
    vertex -7.775265184447758 22.803763316665382 3.9999996289812296
    vertex -7.775265184447758 22.803763316665382 -3.7101876935569913e-07
  endloop
endfacet
facet normal 0.9474069291729779 0.3200314211995879 6.310887241768097e-30
  outer loop
    vertex -7.775265184447758 22.803763316665382 3.9999996289812296
    vertex -7.830946530806646 22.968599922922245 -3.7101876935569913e-07
    vertex -7.830946530806646 22.968599922922245 3.9999996289812296
  endloop
endfacet
facet normal 0.9809589009129045 0.1942154337835853 -3.1554436208840486e-30
  outer loop
    vertex -7.775265184447758 22.803763316665382 -3.7101876935569913e-07
    vertex -7.741474199811899 22.633089099362476 3.9999996289812305
    vertex -7.741474199811899 22.633089099362476 -3.7101876935569913e-07
  endloop
endfacet
facet normal 0.9809589009129045 0.1942154337835853 -3.1554436208840486e-30
  outer loop
    vertex -7.741474199811899 22.633089099362476 3.9999996289812305
    vertex -7.775265184447758 22.803763316665382 -3.7101876935569913e-07
    vertex -7.775265184447758 22.803763316665382 3.9999996289812296
  endloop
endfacet
facet normal 0.9890737237958668 0.1474217382090488 -6.310887241768099e-30
  outer loop
    vertex -7.741474199811899 22.633089099362476 -3.7101876935569913e-07
    vertex -7.730146516475381 22.557090036566585 3.9999996289812305
    vertex -7.730146516475381 22.557090036566585 -3.7101876935569913e-07
  endloop
endfacet
facet normal 0.9890737237958668 0.1474217382090488 -6.310887241768099e-30
  outer loop
    vertex -7.730146516475381 22.557090036566585 3.9999996289812305
    vertex -7.741474199811899 22.633089099362476 -3.7101876935569913e-07
    vertex -7.741474199811899 22.633089099362476 3.9999996289812305
  endloop
endfacet
facet normal 0.4468161564889219 0.894625800153599 1.7790163437732587e-21
  outer loop
    vertex -8.548389937311605 23.69118106678474 3.9999996289812305
    vertex -8.39273656786044 23.613440809047056 -3.7101876935569913e-07
    vertex -8.548389937311605 23.69118106678474 -3.7101876980689373e-07
  endloop
endfacet
facet normal 0.4468161564889219 0.894625800153599 1.7790163437732587e-21
  outer loop
    vertex -8.39273656786044 23.613440809047056 -3.7101876935569913e-07
    vertex -8.548389937311605 23.69118106678474 3.9999996289812305
    vertex -8.39273656786044 23.613440809047056 3.9999996289812305
  endloop
endfacet
facet normal 0.32678352796949933 0.9450992148170516 -3.155443620884049e-30
  outer loop
    vertex -8.712825030986135 23.748037192777144 3.999999628981229
    vertex -8.548389937311605 23.69118106678474 -3.7101876980689373e-07
    vertex -8.712825030986135 23.748037192777144 -3.7101876980689373e-07
  endloop
endfacet
facet normal 0.32678352796949933 0.9450992148170516 -3.155443620884049e-30
  outer loop
    vertex -8.548389937311605 23.69118106678474 -3.7101876980689373e-07
    vertex -8.712825030986135 23.748037192777144 3.999999628981229
    vertex -8.548389937311605 23.69118106678474 3.9999996289812305
  endloop
endfacet
facet normal 0.6622468291426096 0.7492857514263561 0.0
  outer loop
    vertex -8.24850408738349 23.516134536535567 -3.7101876935569913e-07
    vertex -8.118138014919195 23.400912115779654 3.9999996289812296
    vertex -8.118138014919195 23.400912115779654 -3.7101876935569913e-07
  endloop
endfacet
facet normal 0.6622468291426096 0.7492857514263561 0.0
  outer loop
    vertex -8.118138014919195 23.400912115779654 3.9999996289812296
    vertex -8.24850408738349 23.516134536535567 -3.7101876935569913e-07
    vertex -8.24850408738349 23.516134536535567 3.9999996289812305
  endloop
endfacet
facet normal 2.2189177084126387e-08 -0.9999999999999997 -1.590442192538712e-33
  outer loop
    vertex -9.056786516583399 20.788462951151487 3.9999996289812305
    vertex -15.74092049987032 20.788462802836055 -3.7101876889548056e-07
    vertex -9.056786516583399 20.788462951151487 -3.7101876935569913e-07
  endloop
endfacet
facet normal 2.2189177084126387e-08 -0.9999999999999997 -1.590442192538712e-33
  outer loop
    vertex -15.74092049987032 20.788462802836055 -3.7101876889548056e-07
    vertex -9.056786516583399 20.788462951151487 3.9999996289812305
    vertex -15.74092049987032 20.788462802836055 3.9999996289812296
  endloop
endfacet
facet normal 2.2189177050375214e-08 0.9999999999999997 2.5056950168064353e-24
  outer loop
    vertex -15.74092049987032 23.79561156904332 -3.7101876889548056e-07
    vertex -9.056786516583399 23.795611420727887 3.9999996289812296
    vertex -9.056786516583399 23.795611420727887 -3.7101876935569913e-07
  endloop
endfacet
facet normal 2.2189177050375214e-08 0.9999999999999997 2.5056950168064353e-24
  outer loop
    vertex -9.056786516583399 23.795611420727887 3.9999996289812296
    vertex -15.74092049987032 23.79561156904332 -3.7101876889548056e-07
    vertex -15.74092049987032 23.79561156904332 3.9999996289812305
  endloop
endfacet
facet normal -3.666313477705263e-15 1.883258158469315e-14 -1.0
  outer loop
    vertex -22.46800564558199 23.595329371759917 -3.710188583449366e-07
    vertex -22.468005645581986 23.515476945652647 -3.710188660152454e-07
    vertex -22.470083682406045 23.554610527273184 -3.71018862856883e-07
  endloop
endfacet
facet normal -3.666313477705263e-15 1.883258158469315e-14 -1.0
  outer loop
    vertex -22.468005645581986 23.515476945652647 -3.710188660152454e-07
    vertex -22.46800564558199 23.595329371759917 -3.710188583449366e-07
    vertex -22.461771535109808 23.637633479112864 -3.710188538329902e-07
  endloop
endfacet
facet normal -3.666313477705263e-15 1.883258158469315e-14 -1.0
  outer loop
    vertex -22.468005645581986 23.515476945652647 -3.710188660152454e-07
    vertex -22.461771535109808 23.637633479112864 -3.710188538329902e-07
    vertex -22.461771535109808 23.47792862689838 -3.7101887097838645e-07
  endloop
endfacet
facet normal -3.666313477705263e-15 1.883258158469315e-14 -1.0
  outer loop
    vertex -22.461771535109808 23.47792862689838 -3.7101887097838645e-07
    vertex -22.461771535109808 23.637633479112864 -3.710188538329902e-07
    vertex -22.451381350989504 23.681522849332048 -3.7101884841865456e-07
  endloop
endfacet
facet normal -3.666313477705263e-15 1.883258158469315e-14 -1.0
  outer loop
    vertex -22.461771535109808 23.47792862689838 -3.7101887097838645e-07
    vertex -22.451381350989504 23.681522849332048 -3.7101884841865456e-07
    vertex -22.451381350989504 23.44196557101033 -3.7101887503913815e-07
  endloop
endfacet
facet normal -3.666313477705263e-15 1.883258158469315e-14 -1.0
  outer loop
    vertex -22.451381350989504 23.44196557101033 -3.7101887503913815e-07
    vertex -22.451381350989504 23.681522849332048 -3.7101884841865456e-07
    vertex -22.43683509322108 23.726997482417506 -3.710188425531243e-07
  endloop
endfacet
facet normal -3.666313477705263e-15 1.883258158469315e-14 -1.0
  outer loop
    vertex -22.451381350989504 23.44196557101033 -3.7101887503913815e-07
    vertex -22.43683509322108 23.726997482417506 -3.710188425531243e-07
    vertex -22.436835093221074 23.407587777988528 -3.710188781975006e-07
  endloop
endfacet
facet normal -3.666313477705263e-15 1.883258158469315e-14 -1.0
  outer loop
    vertex -22.436835093221074 23.407587777988528 -3.710188781975006e-07
    vertex -22.43683509322108 23.726997482417506 -3.710188425531243e-07
    vertex -22.418132761804532 23.77405737836916 -3.7101883623639933e-07
  endloop
endfacet
facet normal -3.666313477705263e-15 1.883258158469315e-14 -1.0
  outer loop
    vertex -22.436835093221074 23.407587777988528 -3.710188781975006e-07
    vertex -22.418132761804532 23.77405737836916 -3.7101883623639933e-07
    vertex -22.418132761804532 23.37479524783292 -3.710188804534738e-07
  endloop
endfacet
facet normal -3.666313477705263e-15 1.883258158469315e-14 -1.0
  outer loop
    vertex -22.418132761804532 23.37479524783292 -3.710188804534738e-07
    vertex -22.418132761804532 23.77405737836916 -3.7101883623639933e-07
    vertex -22.39527435673987 23.822702537186967 -3.710188299196744e-07
  endloop
endfacet
facet normal -3.666313477705263e-15 1.883258158469315e-14 -1.0
  outer loop
    vertex -22.418132761804532 23.37479524783292 -3.710188804534738e-07
    vertex -22.39527435673987 23.822702537186967 -3.710188299196744e-07
    vertex -22.39527435673987 23.343587980543532 -3.7101888225825237e-07
  endloop
endfacet
facet normal -3.666313477705263e-15 1.883258158469315e-14 -1.0
  outer loop
    vertex -22.39527435673987 23.343587980543532 -3.7101888225825237e-07
    vertex -22.39527435673987 23.822702537186967 -3.710188299196744e-07
    vertex -22.368259878027082 23.872932958871104 -3.710188236029495e-07
  endloop
endfacet
facet normal -3.666313477705263e-15 1.883258158469315e-14 -1.0
  outer loop
    vertex -22.39527435673987 23.343587980543532 -3.7101888225825237e-07
    vertex -22.368259878027082 23.872932958871104 -3.710188236029495e-07
    vertex -22.368259878027082 23.313965976120418 -3.710188845142255e-07
  endloop
endfacet
facet normal -3.666313477705263e-15 1.883258158469315e-14 -1.0
  outer loop
    vertex -22.368259878027082 23.313965976120418 -3.710188845142255e-07
    vertex -22.368259878027082 23.872932958871104 -3.710188236029495e-07
    vertex -22.337089325666177 23.924748643421413 -3.7101881638383535e-07
  endloop
endfacet
facet normal -3.666313477705263e-15 1.883258158469315e-14 -1.0
  outer loop
    vertex -22.368259878027082 23.313965976120418 -3.710188845142255e-07
    vertex -22.337089325666177 23.924748643421413 -3.7101881638383535e-07
    vertex -22.337089325666177 23.285929234563476 -3.710188863190041e-07
  endloop
endfacet
facet normal -3.666313477705263e-15 1.883258158469315e-14 -1.0
  outer loop
    vertex -22.337089325666177 23.285929234563476 -3.710188863190041e-07
    vertex -22.337089325666177 23.924748643421413 -3.7101881638383535e-07
    vertex -22.301762699657154 23.978149590837955 -3.7101880916472114e-07
  endloop
endfacet
facet normal -3.666313477705263e-15 1.883258158469315e-14 -1.0
  outer loop
    vertex -22.337089325666177 23.285929234563476 -3.710188863190041e-07
    vertex -22.301762699657154 23.978149590837955 -3.7101880916472114e-07
    vertex -22.301762699657154 23.259477755872787 -3.7101888812378263e-07
  endloop
endfacet
facet normal -3.666313477705263e-15 1.883258158469315e-14 -1.0
  outer loop
    vertex -22.301762699657154 23.259477755872787 -3.7101888812378263e-07
    vertex -22.301762699657154 23.978149590837955 -3.7101880916472114e-07
    vertex -22.26228 24.03313580112072 -3.710188019456069e-07
  endloop
endfacet
facet normal -3.666313477705263e-15 1.883258158469315e-14 -1.0
  outer loop
    vertex -22.301762699657154 23.259477755872787 -3.7101888812378263e-07
    vertex -22.26228 24.03313580112072 -3.710188019456069e-07
    vertex -22.26228 23.234611540048327 -3.710188890261719e-07
  endloop
endfacet
facet normal -3.666313477705263e-15 1.883258158469315e-14 -1.0
  outer loop
    vertex -22.26228 23.234611540048327 -3.710188890261719e-07
    vertex -22.26228 24.03313580112072 -3.710188019456069e-07
    vertex -22.19923136805156 24.10491462517988 -3.7101885202821166e-07
  endloop
endfacet
facet normal -3.666313477705263e-15 1.883258158469315e-14 -1.0
  outer loop
    vertex -22.26228 23.234611540048327 -3.710188890261719e-07
    vertex -22.19923136805156 24.10491462517988 -3.7101885202821166e-07
    vertex -21.814763249978526 22.98889366291742 -3.7101764824091956e-07
  endloop
endfacet
facet normal -3.666313477705263e-15 1.883258158469315e-14 -1.0
  outer loop
    vertex -21.814763249978526 22.98889366291742 -3.7101764824091956e-07
    vertex -22.19923136805156 24.10491462517988 -3.7101885202821166e-07
    vertex -22.12477299007315 24.184402554902974 -3.710188497722385e-07
  endloop
endfacet
facet normal -3.666313477705263e-15 1.883258158469315e-14 -1.0
  outer loop
    vertex -21.814763249978526 22.98889366291742 -3.7101764824091956e-07
    vertex -22.12477299007315 24.184402554902974 -3.710188497722385e-07
    vertex -22.04729264366859 24.26205037733669 -3.710188452602921e-07
  endloop
endfacet
facet normal -3.666313477705263e-15 1.883258158469315e-14 -1.0
  outer loop
    vertex -21.814763249978526 22.98889366291742 -3.7101764824091956e-07
    vertex -22.04729264366859 24.26205037733669 -3.710188452602921e-07
    vertex -21.966790328838048 24.337858092481156 -3.7101884435790285e-07
  endloop
endfacet
facet normal -3.666313477705263e-15 1.883258158469315e-14 -1.0
  outer loop
    vertex -21.814763249978526 22.98889366291742 -3.7101764824091956e-07
    vertex -21.966790328838048 24.337858092481156 -3.7101884435790285e-07
    vertex -21.883266045581323 24.411825700336234 -3.7101884119954034e-07
  endloop
endfacet
facet normal -3.666313477705263e-15 1.883258158469315e-14 -1.0
  outer loop
    vertex -21.814763249978526 22.98889366291742 -3.7101764824091956e-07
    vertex -21.883266045581323 24.411825700336234 -3.7101884119954034e-07
    vertex -21.79671979389853 24.48395320090197 -3.7101883849237254e-07
  endloop
endfacet
facet normal -3.666313477705263e-15 1.883258158469315e-14 -1.0
  outer loop
    vertex -21.814763249978526 22.98889366291742 -3.7101764824091956e-07
    vertex -21.79671979389853 24.48395320090197 -3.7101883849237254e-07
    vertex -21.788733875904832 22.975450365304425 -3.7101966102019616e-07
  endloop
endfacet
facet normal -3.666313477705263e-15 1.883258158469315e-14 -1.0
  outer loop
    vertex -21.788733875904832 22.975450365304425 -3.7101966102019616e-07
    vertex -21.79671979389853 24.48395320090197 -3.7101883849237254e-07
    vertex -21.707151573789407 24.554240594178303 -3.710188353340101e-07
  endloop
endfacet
facet normal -3.666313477705263e-15 1.883258158469315e-14 -1.0
  outer loop
    vertex -21.788733875904832 22.975450365304425 -3.7101966102019616e-07
    vertex -21.707151573789407 24.554240594178303 -3.710188353340101e-07
    vertex -21.768525830785414 22.966622366992848 -3.7101865936810157e-07
  endloop
endfacet
facet normal -3.666313477705263e-15 1.883258158469315e-14 -1.0
  outer loop
    vertex -21.768525830785414 22.966622366992848 -3.7101865936810157e-07
    vertex -21.707151573789407 24.554240594178303 -3.710188353340101e-07
    vertex -21.74839092637581 22.95941319974285 -3.7101900092244193e-07
  endloop
endfacet
facet normal -3.666313477705263e-15 1.883258158469315e-14 -1.0
  outer loop
    vertex -21.74839092637581 22.95941319974285 -3.7101900092244193e-07
    vertex -21.707151573789407 24.554240594178303 -3.710188353340101e-07
    vertex -21.701274862376373 22.94442109184885 -3.710207799828964e-07
  endloop
endfacet
facet normal -3.666313477705263e-15 1.883258158469315e-14 -1.0
  outer loop
    vertex -21.701274862376373 22.94442109184885 -3.710207799828964e-07
    vertex -21.707151573789407 24.554240594178303 -3.710188353340101e-07
    vertex -21.614561385254508 24.622687880165362 -3.7101883262684223e-07
  endloop
endfacet
facet normal -3.666313477705263e-15 1.883258158469315e-14 -1.0
  outer loop
    vertex -21.701274862376373 22.94442109184885 -3.710207799828964e-07
    vertex -21.614561385254508 24.622687880165362 -3.7101883262684223e-07
    vertex -21.67835251680227 22.93852381927772 -3.7102031254525233e-07
  endloop
endfacet
facet normal -3.666313477705263e-15 1.883258158469315e-14 -1.0
  outer loop
    vertex -21.67835251680227 22.93852381927772 -3.7102031254525233e-07
    vertex -21.614561385254508 24.622687880165362 -3.7101883262684223e-07
    vertex -21.656142592362038 22.93473022014994 -3.7101974449120406e-07
  endloop
endfacet
facet normal -3.666313477705263e-15 1.883258158469315e-14 -1.0
  outer loop
    vertex -21.656142592362038 22.93473022014994 -3.7101974449120406e-07
    vertex -21.614561385254508 24.622687880165362 -3.7101883262684223e-07
    vertex -21.6336359547676 22.932707447514 -3.710188529306009e-07
  endloop
endfacet
facet normal -3.666313477705263e-15 1.883258158469315e-14 -1.0
  outer loop
    vertex -21.6336359547676 22.932707447514 -3.710188529306009e-07
    vertex -21.614561385254508 24.622687880165362 -3.7101883262684223e-07
    vertex -21.61081593776132 22.93239075758005 -3.7102026697459395e-07
  endloop
endfacet
facet normal -3.666313477705263e-15 1.883258158469315e-14 -1.0
  outer loop
    vertex -21.61081593776132 22.93239075758005 -3.7102026697459395e-07
    vertex -21.614561385254508 24.622687880165362 -3.7101883262684223e-07
    vertex -21.51894922829351 24.689295058863234 -3.710188294684798e-07
  endloop
endfacet
facet normal -3.666313477705263e-15 1.883258158469315e-14 -1.0
  outer loop
    vertex -21.61081593776132 22.93239075758005 -3.7102026697459395e-07
    vertex -21.51894922829351 24.689295058863234 -3.710188294684798e-07
    vertex -21.587690895055005 22.933725304541955 -3.7101942504540094e-07
  endloop
endfacet
facet normal -3.666313477705263e-15 1.883258158469315e-14 -1.0
  outer loop
    vertex -21.587690895055005 22.933725304541955 -3.7101942504540094e-07
    vertex -21.51894922829351 24.689295058863234 -3.710188294684798e-07
    vertex -21.56429271542961 22.936658391500664 -3.7101892557293755e-07
  endloop
endfacet
facet normal -3.666313477705263e-15 1.883258158469315e-14 -1.0
  outer loop
    vertex -21.56429271542961 22.936658391500664 -3.7101892557293755e-07
    vertex -21.51894922829351 24.689295058863234 -3.710188294684798e-07
    vertex -21.54067304544963 22.94113373606784 -3.7101829570522397e-07
  endloop
endfacet
facet normal -3.666313477705263e-15 1.883258158469315e-14 -1.0
  outer loop
    vertex -21.54067304544963 22.94113373606784 -3.7101829570522397e-07
    vertex -21.51894922829351 24.689295058863234 -3.710188294684798e-07
    vertex -21.516898590073726 22.947087958175757 -3.710192193006463e-07
  endloop
endfacet
facet normal -3.666313477705263e-15 1.883258158469315e-14 -1.0
  outer loop
    vertex -21.516898590073726 22.947087958175757 -3.710192193006463e-07
    vertex -21.51894922829351 24.689295058863234 -3.710188294684798e-07
    vertex -21.420315102906226 24.754062130271517 -3.7101882676131197e-07
  endloop
endfacet
facet normal -3.666313477705263e-15 1.883258158469315e-14 -1.0
  outer loop
    vertex -21.516898590073726 22.947087958175757 -3.710192193006463e-07
    vertex -21.420315102906226 24.754062130271517 -3.7101882676131197e-07
    vertex -21.49304650500952 22.954448970209764 -3.710177953303713e-07
  endloop
endfacet
facet normal -3.666313477705263e-15 1.883258158469315e-14 -1.0
  outer loop
    vertex -21.49304650500952 22.954448970209764 -3.710177953303713e-07
    vertex -21.420315102906226 24.754062130271517 -3.7101882676131197e-07
    vertex -21.469200455588645 22.963135734072573 -3.7101909431973185e-07
  endloop
endfacet
facet normal -3.666313477705263e-15 1.883258158469315e-14 -1.0
  outer loop
    vertex -21.469200455588645 22.963135734072573 -3.7101909431973185e-07
    vertex -21.420315102906226 24.754062130271517 -3.7101882676131197e-07
    vertex -21.445447556856468 22.973058853198882 -3.7101595987058714e-07
  endloop
endfacet
facet normal -3.666313477705263e-15 1.883258158469315e-14 -1.0
  outer loop
    vertex -21.445447556856468 22.973058853198882 -3.7101595987058714e-07
    vertex -21.420315102906226 24.754062130271517 -3.7101882676131197e-07
    vertex -21.421876180020725 22.98412157682762 -3.710175737938045e-07
  endloop
endfacet
facet normal -3.666313477705263e-15 1.883258158469315e-14 -1.0
  outer loop
    vertex -21.421876180020725 22.98412157682762 -3.710175737938045e-07
    vertex -21.420315102906226 24.754062130271517 -3.7101882676131197e-07
    vertex -21.39857449697175 22.996220927171105 -3.710152614212888e-07
  endloop
endfacet
facet normal -3.666313477705263e-15 1.883258158469315e-14 -1.0
  outer loop
    vertex -21.39857449697175 22.996220927171105 -3.710152614212888e-07
    vertex -21.420315102906226 24.754062130271517 -3.7101882676131197e-07
    vertex -21.31865900909296 24.816989094390745 -3.710188236029495e-07
  endloop
endfacet
facet normal -3.666313477705263e-15 1.883258158469315e-14 -1.0
  outer loop
    vertex -21.39857449697175 22.996220927171105 -3.710152614212888e-07
    vertex -21.31865900909296 24.816989094390745 -3.710188236029495e-07
    vertex -21.375629600032337 23.009248775210093 -3.7101530654075247e-07
  endloop
endfacet
facet normal -3.666313477705263e-15 1.883258158469315e-14 -1.0
  outer loop
    vertex -21.375629600032337 23.009248775210093 -3.7101530654075247e-07
    vertex -21.31865900909296 24.816989094390745 -3.710188236029495e-07
    vertex -21.35312704299347 23.023092773957444 -3.71013991308385e-07
  endloop
endfacet
facet normal -3.666313477705263e-15 1.883258158469315e-14 -1.0
  outer loop
    vertex -21.35312704299347 23.023092773957444 -3.71013991308385e-07
    vertex -21.31865900909296 24.816989094390745 -3.710188236029495e-07
    vertex -21.331150677004274 23.03763711048187 -3.7101294769518914e-07
  endloop
endfacet
facet normal -3.666313477705263e-15 1.883258158469315e-14 -1.0
  outer loop
    vertex -21.331150677004274 23.03763711048187 -3.7101294769518914e-07
    vertex -21.31865900909296 24.816989094390745 -3.710188236029495e-07
    vertex -21.30978268659303 23.05276306647598 -3.710096823995997e-07
  endloop
endfacet
facet normal -3.666313477705263e-15 1.883258158469315e-14 -1.0
  outer loop
    vertex -21.30978268659303 23.05276306647598 -3.710096823995997e-07
    vertex -21.31865900909296 24.816989094390745 -3.710188236029495e-07
    vertex -21.213980946853557 24.878075951220605 -3.7101882044458706e-07
  endloop
endfacet
facet normal -3.666313477705263e-15 1.883258158469315e-14 -1.0
  outer loop
    vertex -21.30978268659303 23.05276306647598 -3.710096823995997e-07
    vertex -21.213980946853557 24.878075951220605 -3.7101882044458706e-07
    vertex -21.28910376030395 23.068349388718516 -3.7100976722419145e-07
  endloop
endfacet
facet normal -3.666313477705263e-15 1.883258158469315e-14 -1.0
  outer loop
    vertex -21.28910376030395 23.068349388718516 -3.7100976722419145e-07
    vertex -21.213980946853557 24.878075951220605 -3.7101882044458706e-07
    vertex -21.27007970288783 23.083563625636497 -3.710423660367297e-07
  endloop
endfacet
facet normal -3.666313477705263e-15 1.883258158469315e-14 -1.0
  outer loop
    vertex -21.27007970288783 23.083563625636497 -3.710423660367297e-07
    vertex -21.213980946853557 24.878075951220605 -3.7101882044458706e-07
    vertex -20.43752274960109 23.835815971933968 -3.7101878615379465e-07
  endloop
endfacet
facet normal -3.666313477705263e-15 1.883258158469315e-14 -1.0
  outer loop
    vertex -20.43752274960109 23.835815971933968 -3.7101878615379465e-07
    vertex -21.213980946853557 24.878075951220605 -3.7101882044458706e-07
    vertex -21.1062809161881 24.93732270076102 -3.7101881773741925e-07
  endloop
endfacet
facet normal -3.666313477705263e-15 1.883258158469315e-14 -1.0
  outer loop
    vertex -20.43752274960109 23.835815971933968 -3.7101878615379465e-07
    vertex -21.1062809161881 24.93732270076102 -3.7101881773741925e-07
    vertex -20.995558917096496 24.99472934301211 -3.710188145790568e-07
  endloop
endfacet
facet normal -3.666313477705263e-15 1.883258158469315e-14 -1.0
  outer loop
    vertex -20.43752274960109 23.835815971933968 -3.7101878615379465e-07
    vertex -20.995558917096496 24.99472934301211 -3.710188145790568e-07
    vertex -20.795489705626398 25.049016123626533 -3.710188109694997e-07
  endloop
endfacet
facet normal -3.666313477705263e-15 1.883258158469315e-14 -1.0
  outer loop
    vertex -20.43752274960109 23.835815971933968 -3.7101878615379465e-07
    vertex -20.795489705626398 25.049016123626533 -3.710188109694997e-07
    vertex -20.53764344229163 25.092594063748923 -3.710188051039694e-07
  endloop
endfacet
facet normal -3.666313477705263e-15 1.883258158469315e-14 -1.0
  outer loop
    vertex -20.43752274960109 23.835815971933968 -3.7101878615379465e-07
    vertex -20.53764344229163 25.092594063748923 -3.710188051039694e-07
    vertex -20.427777158261367 25.101052321246602 -3.710188037503855e-07
  endloop
endfacet
facet normal -3.666313477705263e-15 1.883258158469315e-14 -1.0
  outer loop
    vertex -20.43752274960109 23.835815971933968 -3.7101878615379465e-07
    vertex -20.427777158261367 25.101052321246602 -3.710188037503855e-07
    vertex -18.816909075482936 22.933822871038586 -3.710186855373905e-07
  endloop
endfacet
facet normal -3.666313477705263e-15 1.883258158469315e-14 -1.0
  outer loop
    vertex -18.816909075482936 22.933822871038586 -3.710186855373905e-07
    vertex -20.427777158261367 25.101052321246602 -3.710188037503855e-07
    vertex -20.285645227327933 25.111994608783608 -3.71018800592023e-07
  endloop
endfacet
facet normal -3.666313477705263e-15 1.883258158469315e-14 -1.0
  outer loop
    vertex -18.816909075482936 22.933822871038586 -3.710186855373905e-07
    vertex -20.285645227327933 25.111994608783608 -3.71018800592023e-07
    vertex -20.03698099793877 25.110414078719995 -3.710187951776874e-07
  endloop
endfacet
facet normal -3.666313477705263e-15 1.883258158469315e-14 -1.0
  outer loop
    vertex -18.816909075482936 22.933822871038586 -3.710186855373905e-07
    vertex -20.03698099793877 25.110414078719995 -3.710187951776874e-07
    vertex -19.799025849627263 25.09028745854781 -3.710187920193249e-07
  endloop
endfacet
facet normal -3.666313477705263e-15 1.883258158469315e-14 -1.0
  outer loop
    vertex -18.816909075482936 22.933822871038586 -3.710186855373905e-07
    vertex -19.799025849627263 25.09028745854781 -3.710187920193249e-07
    vertex -19.572562105697312 25.05455728992336 -3.710187884097678e-07
  endloop
endfacet
facet normal -3.666313477705263e-15 1.883258158469315e-14 -1.0
  outer loop
    vertex -18.816909075482936 22.933822871038586 -3.710186855373905e-07
    vertex -19.572562105697312 25.05455728992336 -3.710187884097678e-07
    vertex -19.360020282502152 25.006039225336167 -3.710187857026e-07
  endloop
endfacet
facet normal -3.666313477705263e-15 1.883258158469315e-14 -1.0
  outer loop
    vertex -18.816909075482936 22.933822871038586 -3.710186855373905e-07
    vertex -19.360020282502152 25.006039225336167 -3.710187857026e-07
    vertex -19.163830896395186 24.94754891727585 -3.7101878299543214e-07
  endloop
endfacet
facet normal -3.666313477705263e-15 1.883258158469315e-14 -1.0
  outer loop
    vertex -18.816909075482936 22.933822871038586 -3.710186855373905e-07
    vertex -19.163830896395186 24.94754891727585 -3.7101878299543214e-07
    vertex -18.98642446372994 24.88190201823204 -3.7101878028826433e-07
  endloop
endfacet
facet normal -3.666313477705263e-15 1.883258158469315e-14 -1.0
  outer loop
    vertex -18.816909075482936 22.933822871038586 -3.710186855373905e-07
    vertex -18.98642446372994 24.88190201823204 -3.7101878028826433e-07
    vertex -18.830231500859753 24.811914180694334 -3.710187798370697e-07
  endloop
endfacet
facet normal -3.666313477705263e-15 1.883258158469315e-14 -1.0
  outer loop
    vertex -18.816909075482936 22.933822871038586 -3.710186855373905e-07
    vertex -18.830231500859753 24.811914180694334 -3.710187798370697e-07
    vertex -18.697682524138024 24.740401057152248 -3.710187784834858e-07
  endloop
endfacet
facet normal -3.666313477705263e-15 1.883258158469315e-14 -1.0
  outer loop
    vertex -18.816909075482936 22.933822871038586 -3.710186855373905e-07
    vertex -18.697682524138024 24.740401057152248 -3.710187784834858e-07
    vertex -18.694875923632043 22.947726792427623 -3.710186823790281e-07
  endloop
endfacet
facet normal -3.666313477705263e-15 1.883258158469315e-14 -1.0
  outer loop
    vertex -18.694875923632043 22.947726792427623 -3.710186823790281e-07
    vertex -18.697682524138024 24.740401057152248 -3.710187784834858e-07
    vertex -18.591208049918585 24.670178300095593 -3.7101877758109653e-07
  endloop
endfacet
facet normal -3.666313477705263e-15 1.883258158469315e-14 -1.0
  outer loop
    vertex -18.694875923632043 22.947726792427623 -3.710186823790281e-07
    vertex -18.591208049918585 24.670178300095593 -3.7101877758109653e-07
    vertex -18.59692796354195 23.016395432025465 -3.7101867967186026e-07
  endloop
endfacet
facet normal -3.666313477705263e-15 1.883258158469315e-14 -1.0
  outer loop
    vertex -18.59692796354195 23.016395432025465 -3.7101867967186026e-07
    vertex -18.591208049918585 24.670178300095593 -3.7101877758109653e-07
    vertex -18.409859923649403 23.098685389357563 -3.710186692943836e-07
  endloop
endfacet
facet normal -3.666313477705263e-15 1.883258158469315e-14 -1.0
  outer loop
    vertex -18.409859923649403 23.098685389357563 -3.710186692943836e-07
    vertex -18.591208049918585 24.670178300095593 -3.7101877758109653e-07
    vertex -18.51323859470277 24.60406156349771 -3.7101877758109653e-07
  endloop
endfacet
facet normal -3.666313477705263e-15 1.883258158469315e-14 -1.0
  outer loop
    vertex -18.409859923649403 23.098685389357563 -3.710186692943836e-07
    vertex -18.51323859470277 24.60406156349771 -3.7101877758109653e-07
    vertex -18.367623096777887 24.63383069534539 -3.710187739715394e-07
  endloop
endfacet
facet normal -3.666313477705263e-15 1.883258158469315e-14 -1.0
  outer loop
    vertex -18.409859923649403 23.098685389357563 -3.710186692943836e-07
    vertex -18.367623096777887 24.63383069534539 -3.710187739715394e-07
    vertex -18.210302412114448 23.142763595046617 -3.710186620752694e-07
  endloop
endfacet
facet normal -3.666313477705263e-15 1.883258158469315e-14 -1.0
  outer loop
    vertex -18.210302412114448 23.142763595046617 -3.710186620752694e-07
    vertex -18.367623096777887 24.63383069534539 -3.710187739715394e-07
    vertex -18.297221764387473 24.648223301737353 -3.710187730691502e-07
  endloop
endfacet
facet normal -3.666313477705263e-15 1.883258158469315e-14 -1.0
  outer loop
    vertex -18.210302412114448 23.142763595046617 -3.710186620752694e-07
    vertex -18.297221764387473 24.648223301737353 -3.710187730691502e-07
    vertex -18.089352399922 24.683481435980898 -3.710187681060091e-07
  endloop
endfacet
facet normal -3.666313477705263e-15 1.883258158469315e-14 -1.0
  outer loop
    vertex -18.210302412114448 23.142763595046617 -3.710186620752694e-07
    vertex -18.089352399922 24.683481435980898 -3.710187681060091e-07
    vertex -18.005977240269598 23.14692445762887 -3.710187044875653e-07
  endloop
endfacet
facet normal -3.666313477705263e-15 1.883258158469315e-14 -1.0
  outer loop
    vertex -18.005977240269598 23.14692445762887 -3.710187044875653e-07
    vertex -18.089352399922 24.683481435980898 -3.710187681060091e-07
    vertex -17.88963050130643 24.70983596622847 -3.7101876359406275e-07
  endloop
endfacet
facet normal -3.666313477705263e-15 1.883258158469315e-14 -1.0
  outer loop
    vertex -18.005977240269598 23.14692445762887 -3.710187044875653e-07
    vertex -17.88963050130643 24.70983596622847 -3.7101876359406275e-07
    vertex -17.804790702473117 23.111006973914733 -3.7101861515102714e-07
  endloop
endfacet
facet normal -3.666313477705263e-15 1.883258158469315e-14 -1.0
  outer loop
    vertex -17.804790702473117 23.111006973914733 -3.7101861515102714e-07
    vertex -17.88963050130643 24.70983596622847 -3.7101876359406275e-07
    vertex -17.698056068540733 24.727286892479945 -3.7101875953331105e-07
  endloop
endfacet
facet normal -3.666313477705263e-15 1.883258158469315e-14 -1.0
  outer loop
    vertex -17.804790702473117 23.111006973914733 -3.7101861515102714e-07
    vertex -17.698056068540733 24.727286892479945 -3.7101875953331105e-07
    vertex -17.614527644686117 23.036400958953983 -3.7101868869575297e-07
  endloop
endfacet
facet normal -3.666313477705263e-15 1.883258158469315e-14 -1.0
  outer loop
    vertex -17.614527644686117 23.036400958953983 -3.7101868869575297e-07
    vertex -17.698056068540733 24.727286892479945 -3.7101875953331105e-07
    vertex -17.514629101624823 24.735834214735302 -3.710187563749486e-07
  endloop
endfacet
facet normal -3.666313477705263e-15 1.883258158469315e-14 -1.0
  outer loop
    vertex -17.614527644686117 23.036400958953983 -3.7101868869575297e-07
    vertex -17.514629101624823 24.735834214735302 -3.710187563749486e-07
    vertex -17.408232254213353 22.903961486221135 -3.71018647637041e-07
  endloop
endfacet
facet normal -3.666313477705263e-15 1.883258158469315e-14 -1.0
  outer loop
    vertex -17.408232254213353 22.903961486221135 -3.71018647637041e-07
    vertex -17.514629101624823 24.735834214735302 -3.710187563749486e-07
    vertex -17.339349600558805 24.73547793299474 -3.7101875366778074e-07
  endloop
endfacet
facet normal -3.666313477705263e-15 1.883258158469315e-14 -1.0
  outer loop
    vertex -17.408232254213353 22.903961486221135 -3.71018647637041e-07
    vertex -17.339349600558805 24.73547793299474 -3.7101875366778074e-07
    vertex -17.093561376393968 22.292037185939776 -3.710186656848265e-07
  endloop
endfacet
facet normal -3.666313477705263e-15 1.883258158469315e-14 -1.0
  outer loop
    vertex -17.093561376393968 22.292037185939776 -3.710186656848265e-07
    vertex -17.339349600558805 24.73547793299474 -3.7101875366778074e-07
    vertex -17.17221756534263 24.726218047258175 -3.7101875096061293e-07
  endloop
endfacet
facet normal -3.666313477705263e-15 1.883258158469315e-14 -1.0
  outer loop
    vertex -17.093561376393968 22.292037185939776 -3.710186656848265e-07
    vertex -17.17221756534263 24.726218047258175 -3.7101875096061293e-07
    vertex -17.01323299597643 24.708054557525557 -3.7101874825344513e-07
  endloop
endfacet
facet normal -3.666313477705263e-15 1.883258158469315e-14 -1.0
  outer loop
    vertex -22.46800564558204 21.068597426226837 -3.710189165490448e-07
    vertex -22.46800564558204 20.9887450001196 -3.710189106835145e-07
    vertex -22.4700836824061 21.029463844606312 -3.7101891293948767e-07
  endloop
endfacet
facet normal -3.666313477705263e-15 1.883258158469315e-14 -1.0
  outer loop
    vertex -22.46800564558204 20.9887450001196 -3.710189106835145e-07
    vertex -22.46800564558204 21.068597426226837 -3.710189165490448e-07
    vertex -22.46177153510986 21.10614574498109 -3.7101891925621264e-07
  endloop
endfacet
facet normal -3.666313477705263e-15 1.883258158469315e-14 -1.0
  outer loop
    vertex -22.46800564558204 20.9887450001196 -3.710189106835145e-07
    vertex -22.46177153510986 21.10614574498109 -3.7101891925621264e-07
    vertex -22.461771535109854 20.94644089276664 -3.7101890662276276e-07
  endloop
endfacet
facet normal -3.666313477705263e-15 1.883258158469315e-14 -1.0
  outer loop
    vertex -22.461771535109854 20.94644089276664 -3.7101890662276276e-07
    vertex -22.46177153510986 21.10614574498109 -3.7101891925621264e-07
    vertex -22.451381350989557 21.1421088008692 -3.7101892196338044e-07
  endloop
endfacet
facet normal -3.666313477705263e-15 1.883258158469315e-14 -1.0
  outer loop
    vertex -22.461771535109854 20.94644089276664 -3.7101890662276276e-07
    vertex -22.451381350989557 21.1421088008692 -3.7101892196338044e-07
    vertex -22.451381350989553 20.90255152254745 -3.7101890301320565e-07
  endloop
endfacet
facet normal -3.666313477705263e-15 1.883258158469315e-14 -1.0
  outer loop
    vertex -22.451381350989553 20.90255152254745 -3.7101890301320565e-07
    vertex -22.451381350989557 21.1421088008692 -3.7101892196338044e-07
    vertex -22.43683509322114 21.17648659389104 -3.710189228657697e-07
  endloop
endfacet
facet normal -3.666313477705263e-15 1.883258158469315e-14 -1.0
  outer loop
    vertex -22.451381350989553 20.90255152254745 -3.7101890301320565e-07
    vertex -22.43683509322114 21.17648659389104 -3.710189228657697e-07
    vertex -22.436835093221152 20.857076889462014 -3.7101889895245395e-07
  endloop
endfacet
facet normal -3.666313477705263e-15 1.883258158469315e-14 -1.0
  outer loop
    vertex -22.436835093221152 20.857076889462014 -3.7101889895245395e-07
    vertex -22.43683509322114 21.17648659389104 -3.710189228657697e-07
    vertex -22.418132761804582 20.8100169935104 -3.7101889534289684e-07
  endloop
endfacet
facet normal -3.666313477705263e-15 1.883258158469315e-14 -1.0
  outer loop
    vertex -22.418132761804582 20.8100169935104 -3.7101889534289684e-07
    vertex -22.43683509322114 21.17648659389104 -3.710189228657697e-07
    vertex -22.418132761804582 21.20927912404664 -3.71018923768159e-07
  endloop
endfacet
facet normal -3.666313477705263e-15 1.883258158469315e-14 -1.0
  outer loop
    vertex -22.418132761804582 20.8100169935104 -3.7101889534289684e-07
    vertex -22.418132761804582 21.20927912404664 -3.71018923768159e-07
    vertex -22.395274356739908 21.240486391335953 -3.7101892602413215e-07
  endloop
endfacet
facet normal -3.666313477705263e-15 1.883258158469315e-14 -1.0
  outer loop
    vertex -22.418132761804582 20.8100169935104 -3.7101889534289684e-07
    vertex -22.395274356739908 21.240486391335953 -3.7101892602413215e-07
    vertex -22.395274356739918 20.761371834692532 -3.710188912821451e-07
  endloop
endfacet
facet normal -3.666313477705263e-15 1.883258158469315e-14 -1.0
  outer loop
    vertex -22.395274356739918 20.761371834692532 -3.710188912821451e-07
    vertex -22.395274356739908 21.240486391335953 -3.7101892602413215e-07
    vertex -22.36825987802713 20.711141413008438 -3.7101888496542017e-07
  endloop
endfacet
facet normal -3.666313477705263e-15 1.883258158469315e-14 -1.0
  outer loop
    vertex -22.36825987802713 20.711141413008438 -3.7101888496542017e-07
    vertex -22.395274356739908 21.240486391335953 -3.7101892602413215e-07
    vertex -22.36825987802713 21.270108395759127 -3.7101892692652145e-07
  endloop
endfacet
facet normal -3.666313477705263e-15 1.883258158469315e-14 -1.0
  outer loop
    vertex -22.36825987802713 20.711141413008438 -3.7101888496542017e-07
    vertex -22.36825987802713 21.270108395759127 -3.7101892692652145e-07
    vertex -22.337089325666227 21.298145137316016 -3.7101892557293755e-07
  endloop
endfacet
facet normal -3.666313477705263e-15 1.883258158469315e-14 -1.0
  outer loop
    vertex -22.36825987802713 20.711141413008438 -3.7101888496542017e-07
    vertex -22.337089325666227 21.298145137316016 -3.7101892557293755e-07
    vertex -22.337089325666227 20.659325728458114 -3.710188804534738e-07
  endloop
endfacet
facet normal -3.666313477705263e-15 1.883258158469315e-14 -1.0
  outer loop
    vertex -22.337089325666227 20.659325728458114 -3.710188804534738e-07
    vertex -22.337089325666227 21.298145137316016 -3.7101892557293755e-07
    vertex -22.3017626996572 21.324596616006705 -3.7101892918249465e-07
  endloop
endfacet
facet normal -3.666313477705263e-15 1.883258158469315e-14 -1.0
  outer loop
    vertex -22.337089325666227 20.659325728458114 -3.710188804534738e-07
    vertex -22.3017626996572 21.324596616006705 -3.7101892918249465e-07
    vertex -22.3017626996572 20.605924781041505 -3.7101887503913815e-07
  endloop
endfacet
facet normal -3.666313477705263e-15 1.883258158469315e-14 -1.0
  outer loop
    vertex -22.3017626996572 20.605924781041505 -3.7101887503913815e-07
    vertex -22.3017626996572 21.324596616006705 -3.7101892918249465e-07
    vertex -22.26228000000005 21.34946283183119 -3.710189287313e-07
  endloop
endfacet
facet normal -3.666313477705263e-15 1.883258158469315e-14 -1.0
  outer loop
    vertex -22.3017626996572 20.605924781041505 -3.7101887503913815e-07
    vertex -22.26228000000005 21.34946283183119 -3.710189287313e-07
    vertex -22.26228000000005 20.550938570758774 -3.7101886872241324e-07
  endloop
endfacet
facet normal -3.666313477705263e-15 1.883258158469315e-14 -1.0
  outer loop
    vertex -22.26228000000005 20.550938570758774 -3.7101886872241324e-07
    vertex -22.26228000000005 21.34946283183119 -3.710189287313e-07
    vertex -21.814763249978526 21.595180708962086 -3.710186954636726e-07
  endloop
endfacet
facet normal -3.666313477705263e-15 1.883258158469315e-14 -1.0
  outer loop
    vertex -22.26228000000005 20.550938570758774 -3.7101886872241324e-07
    vertex -21.814763249978526 21.595180708962086 -3.710186954636726e-07
    vertex -22.199231368051585 20.479159746699548 -3.7101891835382333e-07
  endloop
endfacet
facet normal -3.666313477705263e-15 1.883258158469315e-14 -1.0
  outer loop
    vertex -22.199231368051585 20.479159746699548 -3.7101891835382333e-07
    vertex -21.814763249978526 21.595180708962086 -3.710186954636726e-07
    vertex -22.124772990073133 20.399671816976518 -3.7101891835382333e-07
  endloop
endfacet
facet normal -3.666313477705263e-15 1.883258158469315e-14 -1.0
  outer loop
    vertex -22.124772990073133 20.399671816976518 -3.7101891835382333e-07
    vertex -21.814763249978526 21.595180708962086 -3.710186954636726e-07
    vertex -22.047292643668655 20.32202399454276 -3.710189165490448e-07
  endloop
endfacet
facet normal -3.666313477705263e-15 1.883258158469315e-14 -1.0
  outer loop
    vertex -22.047292643668655 20.32202399454276 -3.710189165490448e-07
    vertex -21.814763249978526 21.595180708962086 -3.710186954636726e-07
    vertex -21.966790328838034 20.246216279398364 -3.710189179026287e-07
  endloop
endfacet
facet normal -3.666313477705263e-15 1.883258158469315e-14 -1.0
  outer loop
    vertex -21.966790328838034 20.246216279398364 -3.710189179026287e-07
    vertex -21.814763249978526 21.595180708962086 -3.710186954636726e-07
    vertex -21.88326604558133 20.1722486715433 -3.7101891835382333e-07
  endloop
endfacet
facet normal -3.666313477705263e-15 1.883258158469315e-14 -1.0
  outer loop
    vertex -21.88326604558133 20.1722486715433 -3.7101891835382333e-07
    vertex -21.814763249978526 21.595180708962086 -3.710186954636726e-07
    vertex -21.7967197938985 20.10012117097751 -3.7101891835382333e-07
  endloop
endfacet
facet normal -3.666313477705263e-15 1.883258158469315e-14 -1.0
  outer loop
    vertex -21.7967197938985 20.10012117097751 -3.7101891835382333e-07
    vertex -21.814763249978526 21.595180708962086 -3.710186954636726e-07
    vertex -21.78873387590486 21.608624006575102 -3.7101900814155614e-07
  endloop
endfacet
facet normal -3.666313477705263e-15 1.883258158469315e-14 -1.0
  outer loop
    vertex -21.7967197938985 20.10012117097751 -3.7101891835382333e-07
    vertex -21.78873387590486 21.608624006575102 -3.7101900814155614e-07
    vertex -21.707151573789613 20.02983377770113 -3.710189179026287e-07
  endloop
endfacet
facet normal -3.666313477705263e-15 1.883258158469315e-14 -1.0
  outer loop
    vertex -21.707151573789613 20.02983377770113 -3.710189179026287e-07
    vertex -21.78873387590486 21.608624006575102 -3.7101900814155614e-07
    vertex -21.76852583078543 21.61745200488668 -3.7101862643089306e-07
  endloop
endfacet
facet normal -3.666313477705263e-15 1.883258158469315e-14 -1.0
  outer loop
    vertex -21.707151573789613 20.02983377770113 -3.710189179026287e-07
    vertex -21.76852583078543 21.61745200488668 -3.7101862643089306e-07
    vertex -21.74839092637581 21.62466117213662 -3.7101999219705985e-07
  endloop
endfacet
facet normal -3.666313477705263e-15 1.883258158469315e-14 -1.0
  outer loop
    vertex -21.707151573789613 20.02983377770113 -3.710189179026287e-07
    vertex -21.74839092637581 21.62466117213662 -3.7101999219705985e-07
    vertex -21.701274862376444 21.63965328003063 -3.710216304847876e-07
  endloop
endfacet
facet normal -3.666313477705263e-15 1.883258158469315e-14 -1.0
  outer loop
    vertex -21.707151573789613 20.02983377770113 -3.710189179026287e-07
    vertex -21.701274862376444 21.63965328003063 -3.710216304847876e-07
    vertex -21.614561385254436 19.96138649171398 -3.710189174514341e-07
  endloop
endfacet
facet normal -3.666313477705263e-15 1.883258158469315e-14 -1.0
  outer loop
    vertex -21.614561385254436 19.96138649171398 -3.710189174514341e-07
    vertex -21.701274862376444 21.63965328003063 -3.710216304847876e-07
    vertex -21.678352516802185 21.64555055260169 -3.7101913492724917e-07
  endloop
endfacet
facet normal -3.666313477705263e-15 1.883258158469315e-14 -1.0
  outer loop
    vertex -21.614561385254436 19.96138649171398 -3.710189174514341e-07
    vertex -21.678352516802185 21.64555055260169 -3.7101913492724917e-07
    vertex -21.656142592362116 21.649344151729572 -3.710200752168731e-07
  endloop
endfacet
facet normal -3.666313477705263e-15 1.883258158469315e-14 -1.0
  outer loop
    vertex -21.614561385254436 19.96138649171398 -3.710189174514341e-07
    vertex -21.656142592362116 21.649344151729572 -3.710200752168731e-07
    vertex -21.633635954767605 21.651366924365504 -3.7101964703316244e-07
  endloop
endfacet
facet normal -3.666313477705263e-15 1.883258158469315e-14 -1.0
  outer loop
    vertex -21.614561385254436 19.96138649171398 -3.710189174514341e-07
    vertex -21.633635954767605 21.651366924365504 -3.7101964703316244e-07
    vertex -21.610815937761405 21.651683614299465 -3.71019484603093e-07
  endloop
endfacet
facet normal -3.666313477705263e-15 1.883258158469315e-14 -1.0
  outer loop
    vertex -21.614561385254436 19.96138649171398 -3.710189174514341e-07
    vertex -21.610815937761405 21.651683614299465 -3.71019484603093e-07
    vertex -21.518949228293526 19.89477931301626 -3.710189165490448e-07
  endloop
endfacet
facet normal -3.666313477705263e-15 1.883258158469315e-14 -1.0
  outer loop
    vertex -21.518949228293526 19.89477931301626 -3.710189165490448e-07
    vertex -21.610815937761405 21.651683614299465 -3.71019484603093e-07
    vertex -21.58769089505505 21.65034906733753 -3.710192964549293e-07
  endloop
endfacet
facet normal -3.666313477705263e-15 1.883258158469315e-14 -1.0
  outer loop
    vertex -21.518949228293526 19.89477931301626 -3.710189165490448e-07
    vertex -21.58769089505505 21.65034906733753 -3.710192964549293e-07
    vertex -21.56429271542958 21.647415980378845 -3.710191759859612e-07
  endloop
endfacet
facet normal -3.666313477705263e-15 1.883258158469315e-14 -1.0
  outer loop
    vertex -21.518949228293526 19.89477931301626 -3.710189165490448e-07
    vertex -21.56429271542958 21.647415980378845 -3.710191759859612e-07
    vertex -21.540673045449626 21.642940635811637 -3.7101932623377536e-07
  endloop
endfacet
facet normal -3.666313477705263e-15 1.883258158469315e-14 -1.0
  outer loop
    vertex -21.518949228293526 19.89477931301626 -3.710189165490448e-07
    vertex -21.540673045449626 21.642940635811637 -3.7101932623377536e-07
    vertex -21.516898590073733 21.636986413703802 -3.710179640771656e-07
  endloop
endfacet
facet normal -3.666313477705263e-15 1.883258158469315e-14 -1.0
  outer loop
    vertex -21.518949228293526 19.89477931301626 -3.710189165490448e-07
    vertex -21.516898590073733 21.636986413703802 -3.710179640771656e-07
    vertex -21.4203151029064 19.830012241607847 -3.7101891564665553e-07
  endloop
endfacet
facet normal -3.666313477705263e-15 1.883258158469315e-14 -1.0
  outer loop
    vertex -21.4203151029064 19.830012241607847 -3.7101891564665553e-07
    vertex -21.516898590073733 21.636986413703802 -3.710179640771656e-07
    vertex -21.493046505009765 21.629625401669735 -3.7101865079540345e-07
  endloop
endfacet
facet normal -3.666313477705263e-15 1.883258158469315e-14 -1.0
  outer loop
    vertex -21.4203151029064 19.830012241607847 -3.7101891564665553e-07
    vertex -21.493046505009765 21.629625401669735 -3.7101865079540345e-07
    vertex -21.469200455588595 21.62093863780687 -3.7101794557818554e-07
  endloop
endfacet
facet normal -3.666313477705263e-15 1.883258158469315e-14 -1.0
  outer loop
    vertex -21.4203151029064 19.830012241607847 -3.7101891564665553e-07
    vertex -21.469200455588595 21.62093863780687 -3.7101794557818554e-07
    vertex -21.44544755685642 21.611015518680567 -3.710174555808095e-07
  endloop
endfacet
facet normal -3.666313477705263e-15 1.883258158469315e-14 -1.0
  outer loop
    vertex -21.4203151029064 19.830012241607847 -3.7101891564665553e-07
    vertex -21.44544755685642 21.611015518680567 -3.710174555808095e-07
    vertex -21.421876180020682 21.59995279505186 -3.710168577479152e-07
  endloop
endfacet
facet normal -3.666313477705263e-15 1.883258158469315e-14 -1.0
  outer loop
    vertex -21.4203151029064 19.830012241607847 -3.7101891564665553e-07
    vertex -21.421876180020682 21.59995279505186 -3.710168577479152e-07
    vertex -21.398574496971616 21.587853444708337 -3.710154910793591e-07
  endloop
endfacet
facet normal -3.666313477705263e-15 1.883258158469315e-14 -1.0
  outer loop
    vertex -21.4203151029064 19.830012241607847 -3.7101891564665553e-07
    vertex -21.398574496971616 21.587853444708337 -3.710154910793591e-07
    vertex -21.31865900909303 19.767085277488775 -3.7101891564665553e-07
  endloop
endfacet
facet normal -3.666313477705263e-15 1.883258158469315e-14 -1.0
  outer loop
    vertex -21.31865900909303 19.767085277488775 -3.7101891564665553e-07
    vertex -21.398574496971616 21.587853444708337 -3.710154910793591e-07
    vertex -21.375629600032063 21.57482559666938 -3.7101568734902625e-07
  endloop
endfacet
facet normal -3.666313477705263e-15 1.883258158469315e-14 -1.0
  outer loop
    vertex -21.31865900909303 19.767085277488775 -3.7101891564665553e-07
    vertex -21.375629600032063 21.57482559666938 -3.7101568734902625e-07
    vertex -21.3531270429933 21.560981597922027 -3.7101194694548385e-07
  endloop
endfacet
facet normal -3.666313477705263e-15 1.883258158469315e-14 -1.0
  outer loop
    vertex -21.31865900909303 19.767085277488775 -3.7101891564665553e-07
    vertex -21.3531270429933 21.560981597922027 -3.7101194694548385e-07
    vertex -21.33115067700409 21.546437261397703 -3.710140770353661e-07
  endloop
endfacet
facet normal -3.666313477705263e-15 1.883258158469315e-14 -1.0
  outer loop
    vertex -21.31865900909303 19.767085277488775 -3.7101891564665553e-07
    vertex -21.33115067700409 21.546437261397703 -3.710140770353661e-07
    vertex -21.309782686593277 21.531311305403804 -3.710108221172533e-07
  endloop
endfacet
facet normal -3.666313477705263e-15 1.883258158469315e-14 -1.0
  outer loop
    vertex -21.31865900909303 19.767085277488775 -3.7101891564665553e-07
    vertex -21.309782686593277 21.531311305403804 -3.710108221172533e-07
    vertex -21.21398094685356 19.705998420658947 -3.710189147442662e-07
  endloop
endfacet
facet normal -3.666313477705263e-15 1.883258158469315e-14 -1.0
  outer loop
    vertex -21.21398094685356 19.705998420658947 -3.710189147442662e-07
    vertex -21.309782686593277 21.531311305403804 -3.710108221172533e-07
    vertex -21.289103760304158 21.515724983160972 -3.710093286630041e-07
  endloop
endfacet
facet normal -3.666313477705263e-15 1.883258158469315e-14 -1.0
  outer loop
    vertex -21.21398094685356 19.705998420658947 -3.710189147442662e-07
    vertex -21.289103760304158 21.515724983160972 -3.710093286630041e-07
    vertex -21.270079702887617 21.500510746242878 -3.71042294747977e-07
  endloop
endfacet
facet normal -3.666313477705263e-15 1.883258158469315e-14 -1.0
  outer loop
    vertex -21.21398094685356 19.705998420658947 -3.710189147442662e-07
    vertex -21.270079702887617 21.500510746242878 -3.71042294747977e-07
    vertex -20.437522749601158 20.74825839994559 -3.710188258589227e-07
  endloop
endfacet
facet normal -3.666313477705263e-15 1.883258158469315e-14 -1.0
  outer loop
    vertex -21.21398094685356 19.705998420658947 -3.710189147442662e-07
    vertex -20.437522749601158 20.74825839994559 -3.710188258589227e-07
    vertex -21.106280916188094 19.64675167111852 -3.71018913841877e-07
  endloop
endfacet
facet normal -3.666313477705263e-15 1.883258158469315e-14 -1.0
  outer loop
    vertex -21.106280916188094 19.64675167111852 -3.71018913841877e-07
    vertex -20.437522749601158 20.74825839994559 -3.710188258589227e-07
    vertex -20.995558917096382 19.58934502886728 -3.71018912488293e-07
  endloop
endfacet
facet normal -3.666313477705263e-15 1.883258158469315e-14 -1.0
  outer loop
    vertex -20.995558917096382 19.58934502886728 -3.71018912488293e-07
    vertex -20.437522749601158 20.74825839994559 -3.710188258589227e-07
    vertex -20.795489705626522 19.53505824825297 -3.710189111347091e-07
  endloop
endfacet
facet normal -3.666313477705263e-15 1.883258158469315e-14 -1.0
  outer loop
    vertex -20.795489705626522 19.53505824825297 -3.710189111347091e-07
    vertex -20.437522749601158 20.74825839994559 -3.710188258589227e-07
    vertex -20.5376434422917 19.49148030813052 -3.710189070739574e-07
  endloop
endfacet
facet normal -3.666313477705263e-15 1.883258158469315e-14 -1.0
  outer loop
    vertex -20.5376434422917 19.49148030813052 -3.710189070739574e-07
    vertex -20.437522749601158 20.74825839994559 -3.710188258589227e-07
    vertex -20.42777715826141 19.483022050632833 -3.710189048179842e-07
  endloop
endfacet
facet normal -3.666313477705263e-15 1.883258158469315e-14 -1.0
  outer loop
    vertex -20.42777715826141 19.483022050632833 -3.710189048179842e-07
    vertex -20.437522749601158 20.74825839994559 -3.710188258589227e-07
    vertex -18.816909075482997 21.650251500840938 -3.710187157674312e-07
  endloop
endfacet
facet normal -3.666313477705263e-15 1.883258158469315e-14 -1.0
  outer loop
    vertex -20.42777715826141 19.483022050632833 -3.710189048179842e-07
    vertex -18.816909075482997 21.650251500840938 -3.710187157674312e-07
    vertex -20.28564522732793 19.47207976309586 -3.7101890301320565e-07
  endloop
endfacet
facet normal -3.666313477705263e-15 1.883258158469315e-14 -1.0
  outer loop
    vertex -20.28564522732793 19.47207976309586 -3.7101890301320565e-07
    vertex -18.816909075482997 21.650251500840938 -3.710187157674312e-07
    vertex -20.03698099793866 19.473660293159483 -3.7101889805006465e-07
  endloop
endfacet
facet normal -3.666313477705263e-15 1.883258158469315e-14 -1.0
  outer loop
    vertex -20.03698099793866 19.473660293159483 -3.7101889805006465e-07
    vertex -18.816909075482997 21.650251500840938 -3.710187157674312e-07
    vertex -19.799025849627352 19.493786913331643 -3.710188935381183e-07
  endloop
endfacet
facet normal -3.666313477705263e-15 1.883258158469315e-14 -1.0
  outer loop
    vertex -19.799025849627352 19.493786913331643 -3.710188935381183e-07
    vertex -18.816909075482997 21.650251500840938 -3.710187157674312e-07
    vertex -19.572562105697212 19.529517081956126 -3.710188890261719e-07
  endloop
endfacet
facet normal -3.666313477705263e-15 1.883258158469315e-14 -1.0
  outer loop
    vertex -19.572562105697212 19.529517081956126 -3.710188890261719e-07
    vertex -18.816909075482997 21.650251500840938 -3.710187157674312e-07
    vertex -19.360020282502106 19.578035146543318 -3.710188840630309e-07
  endloop
endfacet
facet normal -3.666313477705263e-15 1.883258158469315e-14 -1.0
  outer loop
    vertex -19.360020282502106 19.578035146543318 -3.710188840630309e-07
    vertex -18.816909075482997 21.650251500840938 -3.710187157674312e-07
    vertex -19.163830896395176 19.6365254546037 -3.7101887864869526e-07
  endloop
endfacet
facet normal -3.666313477705263e-15 1.883258158469315e-14 -1.0
  outer loop
    vertex -19.163830896395176 19.6365254546037 -3.7101887864869526e-07
    vertex -18.816909075482997 21.650251500840938 -3.710187157674312e-07
    vertex -18.986424463729932 19.702172353647494 -3.7101887503913815e-07
  endloop
endfacet
facet normal -3.666313477705263e-15 1.883258158469315e-14 -1.0
  outer loop
    vertex -18.986424463729932 19.702172353647494 -3.7101887503913815e-07
    vertex -18.816909075482997 21.650251500840938 -3.710187157674312e-07
    vertex -18.83023150085965 19.77216019118521 -3.7101887097838645e-07
  endloop
endfacet
facet normal -3.666313477705263e-15 1.883258158469315e-14 -1.0
  outer loop
    vertex -18.83023150085965 19.77216019118521 -3.7101887097838645e-07
    vertex -18.816909075482997 21.650251500840938 -3.710187157674312e-07
    vertex -18.69768252413805 19.843673314727162 -3.7101886736882934e-07
  endloop
endfacet
facet normal -3.666313477705263e-15 1.883258158469315e-14 -1.0
  outer loop
    vertex -18.69768252413805 19.843673314727162 -3.7101886736882934e-07
    vertex -18.816909075482997 21.650251500840938 -3.710187157674312e-07
    vertex -18.694875923632136 21.636347579451762 -3.7101870809712235e-07
  endloop
endfacet
facet normal -3.666313477705263e-15 1.883258158469315e-14 -1.0
  outer loop
    vertex -18.69768252413805 19.843673314727162 -3.7101886736882934e-07
    vertex -18.694875923632136 21.636347579451762 -3.7101870809712235e-07
    vertex -18.59120804991851 19.91389607178384 -3.710188633080776e-07
  endloop
endfacet
facet normal -3.666313477705263e-15 1.883258158469315e-14 -1.0
  outer loop
    vertex -18.59120804991851 19.91389607178384 -3.710188633080776e-07
    vertex -18.694875923632136 21.636347579451762 -3.7101870809712235e-07
    vertex -18.596927963541873 21.56767893985403 -3.7101868057424956e-07
  endloop
endfacet
facet normal -3.666313477705263e-15 1.883258158469315e-14 -1.0
  outer loop
    vertex -18.59120804991851 19.91389607178384 -3.710188633080776e-07
    vertex -18.596927963541873 21.56767893985403 -3.7101868057424956e-07
    vertex -18.409859923649407 21.48538898252191 -3.710187166698205e-07
  endloop
endfacet
facet normal -3.666313477705263e-15 1.883258158469315e-14 -1.0
  outer loop
    vertex -18.59120804991851 19.91389607178384 -3.710188633080776e-07
    vertex -18.409859923649407 21.48538898252191 -3.710187166698205e-07
    vertex -18.513238594702706 19.9800128083817 -3.7101886150329903e-07
  endloop
endfacet
facet normal -3.666313477705263e-15 1.883258158469315e-14 -1.0
  outer loop
    vertex -18.513238594702706 19.9800128083817 -3.7101886150329903e-07
    vertex -18.409859923649407 21.48538898252191 -3.710187166698205e-07
    vertex -18.367623096777965 19.950243676533923 -3.710188583449366e-07
  endloop
endfacet
facet normal -3.666313477705263e-15 1.883258158469315e-14 -1.0
  outer loop
    vertex -18.367623096777965 19.950243676533923 -3.710188583449366e-07
    vertex -18.409859923649407 21.48538898252191 -3.710187166698205e-07
    vertex -18.210302412114434 21.44131077683282 -3.7101872027937763e-07
  endloop
endfacet
facet normal -3.666313477705263e-15 1.883258158469315e-14 -1.0
  outer loop
    vertex -18.367623096777965 19.950243676533923 -3.710188583449366e-07
    vertex -18.210302412114434 21.44131077683282 -3.7101872027937763e-07
    vertex -18.297221764387473 19.935851070142057 -3.710188583449366e-07
  endloop
endfacet
facet normal -3.666313477705263e-15 1.883258158469315e-14 -1.0
  outer loop
    vertex -18.297221764387473 19.935851070142057 -3.710188583449366e-07
    vertex -18.210302412114434 21.44131077683282 -3.7101872027937763e-07
    vertex -18.089352399922017 19.90059293589854 -3.7101885473537947e-07
  endloop
endfacet
facet normal -3.666313477705263e-15 1.883258158469315e-14 -1.0
  outer loop
    vertex -18.089352399922017 19.90059293589854 -3.7101885473537947e-07
    vertex -18.210302412114434 21.44131077683282 -3.7101872027937763e-07
    vertex -18.005977240269633 21.43714991425056 -3.7101873155924355e-07
  endloop
endfacet
facet normal -3.666313477705263e-15 1.883258158469315e-14 -1.0
  outer loop
    vertex -18.089352399922017 19.90059293589854 -3.7101885473537947e-07
    vertex -18.005977240269633 21.43714991425056 -3.7101873155924355e-07
    vertex -17.88963050130633 19.874238405651013 -3.7101885202821166e-07
  endloop
endfacet
facet normal -3.666313477705263e-15 1.883258158469315e-14 -1.0
  outer loop
    vertex -17.88963050130633 19.874238405651013 -3.7101885202821166e-07
    vertex -18.005977240269633 21.43714991425056 -3.7101873155924355e-07
    vertex -17.804790702473305 21.473067397964673 -3.710186426739e-07
  endloop
endfacet
facet normal -3.666313477705263e-15 1.883258158469315e-14 -1.0
  outer loop
    vertex -17.88963050130633 19.874238405651013 -3.7101885202821166e-07
    vertex -17.804790702473305 21.473067397964673 -3.710186426739e-07
    vertex -17.69805606854074 19.856787479399486 -3.7101884751626525e-07
  endloop
endfacet
facet normal -3.666313477705263e-15 1.883258158469315e-14 -1.0
  outer loop
    vertex -17.69805606854074 19.856787479399486 -3.7101884751626525e-07
    vertex -17.804790702473305 21.473067397964673 -3.710186426739e-07
    vertex -17.614527644686152 21.547673412925583 -3.7101866884318893e-07
  endloop
endfacet
facet normal -3.666313477705263e-15 1.883258158469315e-14 -1.0
  outer loop
    vertex -17.69805606854074 19.856787479399486 -3.7101884751626525e-07
    vertex -17.614527644686152 21.547673412925583 -3.7101866884318893e-07
    vertex -17.51462910162481 19.848240157144062 -3.7101884480909745e-07
  endloop
endfacet
facet normal -3.666313477705263e-15 1.883258158469315e-14 -1.0
  outer loop
    vertex -17.51462910162481 19.848240157144062 -3.7101884480909745e-07
    vertex -17.614527644686152 21.547673412925583 -3.7101866884318893e-07
    vertex -17.408232254213264 21.680112885658367 -3.71018698622035e-07
  endloop
endfacet
facet normal -3.666313477705263e-15 1.883258158469315e-14 -1.0
  outer loop
    vertex -17.51462910162481 19.848240157144062 -3.7101884480909745e-07
    vertex -17.408232254213264 21.680112885658367 -3.71018698622035e-07
    vertex -17.339349600558812 19.84859643888462 -3.710188425531243e-07
  endloop
endfacet
facet normal -3.666313477705263e-15 1.883258158469315e-14 -1.0
  outer loop
    vertex -17.339349600558812 19.84859643888462 -3.710188425531243e-07
    vertex -17.408232254213264 21.680112885658367 -3.71018698622035e-07
    vertex -17.093561376393968 22.292037185939776 -3.710186656848265e-07
  endloop
endfacet
facet normal -3.666313477705263e-15 1.883258158469315e-14 -1.0
  outer loop
    vertex -17.339349600558812 19.84859643888462 -3.710188425531243e-07
    vertex -17.093561376393968 22.292037185939776 -3.710186656848265e-07
    vertex -17.17221756534279 19.857856324621213 -3.710188389435672e-07
  endloop
endfacet
facet normal -3.666313477705263e-15 1.883258158469315e-14 -1.0
  outer loop
    vertex -17.17221756534279 19.857856324621213 -3.710188389435672e-07
    vertex -17.093561376393968 22.292037185939776 -3.710186656848265e-07
    vertex -17.013232995976352 19.876019814353874 -3.7101883578520474e-07
  endloop
endfacet
facet normal -3.666313477705263e-15 1.883258158469315e-14 -1.0
  outer loop
    vertex -17.013232995976352 19.876019814353874 -3.7101883578520474e-07
    vertex -17.093561376393968 22.292037185939776 -3.710186656848265e-07
    vertex -17.01323299597643 24.708054557525557 -3.7101874825344513e-07
  endloop
endfacet
facet normal -3.666313477705263e-15 1.883258158469315e-14 -1.0
  outer loop
    vertex -17.013232995976352 19.876019814353874 -3.7101883578520474e-07
    vertex -17.01323299597643 24.708054557525557 -3.7101874825344513e-07
    vertex -16.862395892459965 24.680987463796956 -3.7101874554627727e-07
  endloop
endfacet
facet normal -3.666313477705263e-15 1.883258158469315e-14 -1.0
  outer loop
    vertex -17.013232995976352 19.876019814353874 -3.7101883578520474e-07
    vertex -16.862395892459965 24.680987463796956 -3.7101874554627727e-07
    vertex -16.86239589245992 19.903086908082557 -3.7101883217564763e-07
  endloop
endfacet
facet normal -3.666313477705263e-15 1.883258158469315e-14 -1.0
  outer loop
    vertex -16.86239589245992 19.903086908082557 -3.7101883217564763e-07
    vertex -16.862395892459965 24.680987463796956 -3.7101874554627727e-07
    vertex -16.719706254793422 24.645016766072267 -3.7101874329030407e-07
  endloop
endfacet
facet normal -3.666313477705263e-15 1.883258158469315e-14 -1.0
  outer loop
    vertex -16.86239589245992 19.903086908082557 -3.7101883217564763e-07
    vertex -16.719706254793422 24.645016766072267 -3.7101874329030407e-07
    vertex -16.719706254793373 19.939057605807236 -3.7101882901728517e-07
  endloop
endfacet
facet normal -3.666313477705263e-15 1.883258158469315e-14 -1.0
  outer loop
    vertex -16.719706254793373 19.939057605807236 -3.7101882901728517e-07
    vertex -16.719706254793422 24.645016766072267 -3.7101874329030407e-07
    vertex -16.58516408297681 24.600142464351475 -3.710187423879148e-07
  endloop
endfacet
facet normal -3.666313477705263e-15 1.883258158469315e-14 -1.0
  outer loop
    vertex -16.719706254793373 19.939057605807236 -3.7101882901728517e-07
    vertex -16.58516408297681 24.600142464351475 -3.710187423879148e-07
    vertex -16.58516408297681 19.98393190752799 -3.7101882540772807e-07
  endloop
endfacet
facet normal -3.666313477705263e-15 1.883258158469315e-14 -1.0
  outer loop
    vertex -16.58516408297681 19.98393190752799 -3.7101882540772807e-07
    vertex -16.58516408297681 24.600142464351475 -3.710187423879148e-07
    vertex -16.45876937700995 24.54636455863476 -3.710187410343309e-07
  endloop
endfacet
facet normal -3.666313477705263e-15 1.883258158469315e-14 -1.0
  outer loop
    vertex -16.58516408297681 19.98393190752799 -3.7101882540772807e-07
    vertex -16.45876937700995 24.54636455863476 -3.710187410343309e-07
    vertex -16.458769377009922 20.037709813244703 -3.710188227005602e-07
  endloop
endfacet
facet normal -3.666313477705263e-15 1.883258158469315e-14 -1.0
  outer loop
    vertex -16.458769377009922 20.037709813244703 -3.710188227005602e-07
    vertex -16.45876937700995 24.54636455863476 -3.710187410343309e-07
    vertex -16.340522136892933 24.483683048921957 -3.710187401319416e-07
  endloop
endfacet
facet normal -3.666313477705263e-15 1.883258158469315e-14 -1.0
  outer loop
    vertex -16.458769377009922 20.037709813244703 -3.710188227005602e-07
    vertex -16.340522136892933 24.483683048921957 -3.710187401319416e-07
    vertex -16.340522136892925 20.100391322957506 -3.710188195421978e-07
  endloop
endfacet
facet normal -3.666313477705263e-15 1.883258158469315e-14 -1.0
  outer loop
    vertex -16.340522136892925 20.100391322957506 -3.710188195421978e-07
    vertex -16.340522136892933 24.483683048921957 -3.710187401319416e-07
    vertex -16.230422362625784 24.412097935213144 -3.7101873922955236e-07
  endloop
endfacet
facet normal -3.666313477705263e-15 1.883258158469315e-14 -1.0
  outer loop
    vertex -16.340522136892925 20.100391322957506 -3.710188195421978e-07
    vertex -16.230422362625784 24.412097935213144 -3.7101873922955236e-07
    vertex -16.230422362625717 20.171976436666437 -3.710188159326407e-07
  endloop
endfacet
facet normal -3.666313477705263e-15 1.883258158469315e-14 -1.0
  outer loop
    vertex -16.230422362625717 20.171976436666437 -3.710188159326407e-07
    vertex -16.230422362625784 24.412097935213144 -3.7101873922955236e-07
    vertex -16.128470054208606 24.331609217508216 -3.7101873877835776e-07
  endloop
endfacet
facet normal -3.666313477705263e-15 1.883258158469315e-14 -1.0
  outer loop
    vertex -16.230422362625717 20.171976436666437 -3.710188159326407e-07
    vertex -16.128470054208606 24.331609217508216 -3.7101873877835776e-07
    vertex -16.128470054208616 20.25246515437124 -3.710188123230836e-07
  endloop
endfacet
facet normal -3.666313477705263e-15 1.883258158469315e-14 -1.0
  outer loop
    vertex -16.128470054208616 20.25246515437124 -3.710188123230836e-07
    vertex -16.128470054208606 24.331609217508216 -3.7101873877835776e-07
    vertex -16.034665211641183 20.341857476072178 -3.7101880961591574e-07
  endloop
endfacet
facet normal -3.666313477705263e-15 1.883258158469315e-14 -1.0
  outer loop
    vertex -16.034665211641183 20.341857476072178 -3.7101880961591574e-07
    vertex -16.128470054208606 24.331609217508216 -3.7101873877835776e-07
    vertex -16.034665211641112 24.24221689580729 -3.7101873877835776e-07
  endloop
endfacet
facet normal -3.666313477705263e-15 1.883258158469315e-14 -1.0
  outer loop
    vertex -16.034665211641183 20.341857476072178 -3.7101880961591574e-07
    vertex -16.034665211641112 24.24221689580729 -3.7101873877835776e-07
    vertex -15.949007834923634 20.440153401769063 -3.7101880600635863e-07
  endloop
endfacet
facet normal -3.666313477705263e-15 1.883258158469315e-14 -1.0
  outer loop
    vertex -15.949007834923634 20.440153401769063 -3.7101880600635863e-07
    vertex -16.034665211641112 24.24221689580729 -3.7101873877835776e-07
    vertex -15.94900783492349 24.143920970110376 -3.7101873832716306e-07
  endloop
endfacet
facet normal -3.666313477705263e-15 1.883258158469315e-14 -1.0
  outer loop
    vertex -15.949007834923634 20.440153401769063 -3.7101880600635863e-07
    vertex -15.94900783492349 24.143920970110376 -3.7101873832716306e-07
    vertex -15.871497924055848 20.547352931462004 -3.7101880284799623e-07
  endloop
endfacet
facet normal -3.666313477705263e-15 1.883258158469315e-14 -1.0
  outer loop
    vertex -15.871497924055848 20.547352931462004 -3.7101880284799623e-07
    vertex -15.94900783492349 24.143920970110376 -3.7101873832716306e-07
    vertex -15.871497924055882 24.03672144041739 -3.71018739680747e-07
  endloop
endfacet
facet normal -3.666313477705263e-15 1.883258158469315e-14 -1.0
  outer loop
    vertex -15.871497924055848 20.547352931462004 -3.7101880284799623e-07
    vertex -15.871497924055882 24.03672144041739 -3.71018739680747e-07
    vertex -15.802135479038151 23.92061830672843 -3.7101874058313626e-07
  endloop
endfacet
facet normal -3.666313477705263e-15 1.883258158469315e-14 -1.0
  outer loop
    vertex -15.871497924055848 20.547352931462004 -3.7101880284799623e-07
    vertex -15.802135479038151 23.92061830672843 -3.7101874058313626e-07
    vertex -15.802135479038068 20.663456065151106 -3.710187992384391e-07
  endloop
endfacet
facet normal -3.666313477705263e-15 1.883258158469315e-14 -1.0
  outer loop
    vertex -15.802135479038068 20.663456065151106 -3.710187992384391e-07
    vertex -15.802135479038151 23.92061830672843 -3.7101874058313626e-07
    vertex -15.74092049987032 23.79561156904332 -3.7101876889548056e-07
  endloop
endfacet
facet normal -3.666313477705263e-15 1.883258158469315e-14 -1.0
  outer loop
    vertex -15.802135479038068 20.663456065151106 -3.710187992384391e-07
    vertex -15.74092049987032 23.79561156904332 -3.7101876889548056e-07
    vertex -15.74092049987032 20.788462802836055 -3.7101876889548056e-07
  endloop
endfacet
facet normal -3.666313477705263e-15 1.883258158469315e-14 -1.0
  outer loop
    vertex -15.74092049987032 20.788462802836055 -3.7101876889548056e-07
    vertex -15.74092049987032 23.79561156904332 -3.7101876889548056e-07
    vertex -9.056786516583399 23.795611420727887 -3.7101876935569913e-07
  endloop
endfacet
facet normal -3.666313477705263e-15 1.883258158469315e-14 -1.0
  outer loop
    vertex -15.74092049987032 20.788462802836055 -3.7101876889548056e-07
    vertex -9.056786516583399 23.795611420727887 -3.7101876935569913e-07
    vertex -9.056786516583399 20.788462951151487 -3.7101876935569913e-07
  endloop
endfacet
facet normal -3.666313477705263e-15 1.883258158469315e-14 -1.0
  outer loop
    vertex -9.056786516583399 20.788462951151487 -3.7101876935569913e-07
    vertex -9.056786516583399 23.795611420727887 -3.7101876935569913e-07
    vertex -8.883253786508346 20.80102920307146 -3.7101876935569913e-07
  endloop
endfacet
facet normal -3.666313477705263e-15 1.883258158469315e-14 -1.0
  outer loop
    vertex -8.883253786508346 20.80102920307146 -3.7101876935569913e-07
    vertex -9.056786516583399 23.795611420727887 -3.7101876935569913e-07
    vertex -8.883253786508345 23.783045168807913 -3.7101876935569913e-07
  endloop
endfacet
facet normal -3.666313477705263e-15 1.883258158469315e-14 -1.0
  outer loop
    vertex -8.883253786508346 20.80102920307146 -3.7101876935569913e-07
    vertex -8.883253786508345 23.783045168807913 -3.7101876935569913e-07
    vertex -8.712825030986135 20.83603717910223 -3.7101876980689373e-07
  endloop
endfacet
facet normal -3.666313477705263e-15 1.883258158469315e-14 -1.0
  outer loop
    vertex -8.712825030986135 20.83603717910223 -3.7101876980689373e-07
    vertex -8.883253786508345 23.783045168807913 -3.7101876935569913e-07
    vertex -8.712825030986135 23.748037192777144 -3.7101876980689373e-07
  endloop
endfacet
facet normal -3.666313477705263e-15 1.883258158469315e-14 -1.0
  outer loop
    vertex -8.712825030986135 20.83603717910223 -3.7101876980689373e-07
    vertex -8.712825030986135 23.748037192777144 -3.7101876980689373e-07
    vertex -8.548389937311605 20.892893305094635 -3.7101876980689373e-07
  endloop
endfacet
facet normal -3.666313477705263e-15 1.883258158469315e-14 -1.0
  outer loop
    vertex -8.548389937311605 20.892893305094635 -3.7101876980689373e-07
    vertex -8.712825030986135 23.748037192777144 -3.7101876980689373e-07
    vertex -8.548389937311605 23.69118106678474 -3.7101876980689373e-07
  endloop
endfacet
facet normal -3.666313477705263e-15 1.883258158469315e-14 -1.0
  outer loop
    vertex -8.548389937311605 20.892893305094635 -3.7101876980689373e-07
    vertex -8.548389937311605 23.69118106678474 -3.7101876980689373e-07
    vertex -8.39273656786044 23.613440809047056 -3.7101876935569913e-07
  endloop
endfacet
facet normal -3.666313477705263e-15 1.883258158469315e-14 -1.0
  outer loop
    vertex -8.548389937311605 20.892893305094635 -3.7101876980689373e-07
    vertex -8.39273656786044 23.613440809047056 -3.7101876935569913e-07
    vertex -8.39273656786044 20.970633562832322 -3.7101876935569913e-07
  endloop
endfacet
facet normal -3.666313477705263e-15 1.883258158469315e-14 -1.0
  outer loop
    vertex -8.39273656786044 20.970633562832322 -3.7101876935569913e-07
    vertex -8.39273656786044 23.613440809047056 -3.7101876935569913e-07
    vertex -8.248504087383493 21.06793983534381 -3.7101876935569913e-07
  endloop
endfacet
facet normal -3.666313477705263e-15 1.883258158469315e-14 -1.0
  outer loop
    vertex -8.248504087383493 21.06793983534381 -3.7101876935569913e-07
    vertex -8.39273656786044 23.613440809047056 -3.7101876935569913e-07
    vertex -8.24850408738349 23.516134536535567 -3.7101876935569913e-07
  endloop
endfacet
facet normal -3.666313477705263e-15 1.883258158469315e-14 -1.0
  outer loop
    vertex -8.248504087383493 21.06793983534381 -3.7101876935569913e-07
    vertex -8.24850408738349 23.516134536535567 -3.7101876935569913e-07
    vertex -8.118138014919191 21.183162256099724 -3.7101876935569913e-07
  endloop
endfacet
facet normal -3.666313477705263e-15 1.883258158469315e-14 -1.0
  outer loop
    vertex -8.118138014919191 21.183162256099724 -3.7101876935569913e-07
    vertex -8.24850408738349 23.516134536535567 -3.7101876935569913e-07
    vertex -8.118138014919195 23.400912115779654 -3.7101876935569913e-07
  endloop
endfacet
facet normal -3.666313477705263e-15 1.883258158469315e-14 -1.0
  outer loop
    vertex -8.118138014919191 21.183162256099724 -3.7101876935569913e-07
    vertex -8.118138014919195 23.400912115779654 -3.7101876935569913e-07
    vertex -8.003848759046349 23.26972718872382 -3.7101876935569913e-07
  endloop
endfacet
facet normal -3.666313477705263e-15 1.883258158469315e-14 -1.0
  outer loop
    vertex -8.118138014919191 21.183162256099724 -3.7101876935569913e-07
    vertex -8.003848759046349 23.26972718872382 -3.7101876935569913e-07
    vertex -8.003848759046345 21.31434718315556 -3.7101876935569913e-07
  endloop
endfacet
facet normal -3.666313477705263e-15 1.883258158469315e-14 -1.0
  outer loop
    vertex -8.003848759046345 21.31434718315556 -3.7101876935569913e-07
    vertex -8.003848759046349 23.26972718872382 -3.7101876935569913e-07
    vertex -7.90757413952789 23.12480404795191 -3.7101876935569913e-07
  endloop
endfacet
facet normal -3.666313477705263e-15 1.883258158469315e-14 -1.0
  outer loop
    vertex -8.003848759046345 21.31434718315556 -3.7101876935569913e-07
    vertex -7.90757413952789 23.12480404795191 -3.7101876935569913e-07
    vertex -7.907574139527887 21.459270323927473 -3.7101876935569913e-07
  endloop
endfacet
facet normal -3.666313477705263e-15 1.883258158469315e-14 -1.0
  outer loop
    vertex -7.907574139527887 21.459270323927473 -3.7101876935569913e-07
    vertex -7.90757413952789 23.12480404795191 -3.7101876935569913e-07
    vertex -7.830946530806646 22.968599922922245 -3.7101876935569913e-07
  endloop
endfacet
facet normal -3.666313477705263e-15 1.883258158469315e-14 -1.0
  outer loop
    vertex -7.907574139527887 21.459270323927473 -3.7101876935569913e-07
    vertex -7.830946530806646 22.968599922922245 -3.7101876935569913e-07
    vertex -7.830946530806646 21.615474448957134 -3.7101876935569913e-07
  endloop
endfacet
facet normal -3.666313477705263e-15 1.883258158469315e-14 -1.0
  outer loop
    vertex -7.830946530806646 21.615474448957134 -3.7101876935569913e-07
    vertex -7.830946530806646 22.968599922922245 -3.7101876935569913e-07
    vertex -7.77526518444775 21.78031105521399 -3.7101876935569913e-07
  endloop
endfacet
facet normal -3.666313477705263e-15 1.883258158469315e-14 -1.0
  outer loop
    vertex -7.77526518444775 21.78031105521399 -3.7101876935569913e-07
    vertex -7.830946530806646 22.968599922922245 -3.7101876935569913e-07
    vertex -7.775265184447758 22.803763316665382 -3.7101876935569913e-07
  endloop
endfacet
facet normal -3.666313477705263e-15 1.883258158469315e-14 -1.0
  outer loop
    vertex -7.77526518444775 21.78031105521399 -3.7101876935569913e-07
    vertex -7.775265184447758 22.803763316665382 -3.7101876935569913e-07
    vertex -7.741474199811899 22.633089099362476 -3.7101876935569913e-07
  endloop
endfacet
facet normal -3.666313477705263e-15 1.883258158469315e-14 -1.0
  outer loop
    vertex -7.77526518444775 21.78031105521399 -3.7101876935569913e-07
    vertex -7.741474199811899 22.633089099362476 -3.7101876935569913e-07
    vertex -7.74147419981189 21.9509852725169 -3.7101876935569913e-07
  endloop
endfacet
facet normal -3.666313477705263e-15 1.883258158469315e-14 -1.0
  outer loop
    vertex -7.74147419981189 21.9509852725169 -3.7101876935569913e-07
    vertex -7.741474199811899 22.633089099362476 -3.7101876935569913e-07
    vertex -7.730146516475381 22.557090036566585 -3.7101876935569913e-07
  endloop
endfacet
facet normal -3.666313477705263e-15 1.883258158469315e-14 -1.0
  outer loop
    vertex -7.74147419981189 21.9509852725169 -3.7101876935569913e-07
    vertex -7.730146516475381 22.557090036566585 -3.7101876935569913e-07
    vertex -7.730146516475376 22.026984335312786 -3.7101876935569913e-07
  endloop
endfacet
facet normal -0.8686565660830349 -0.49541474564331456 -6.089690427090896e-14
  outer loop
    vertex -22.436835093221305 23.40758777798844 3.999999628980992
    vertex -22.418132761804532 23.37479524783292 -3.710188804534738e-07
    vertex -22.418132761804763 23.37479524783284 3.999999628980992
  endloop
endfacet
facet normal -0.8686565660830349 -0.49541474564331456 -6.089690427090896e-14
  outer loop
    vertex -22.418132761804532 23.37479524783292 -3.710188804534738e-07
    vertex -22.436835093221305 23.40758777798844 3.999999628980992
    vertex -22.436835093221074 23.407587777988528 -3.710188781975006e-07
  endloop
endfacet
facet normal -0.3370881187038439 -0.9414731011710867 -3.894510621397456e-14
  outer loop
    vertex -21.748390926376025 22.959413199742766 3.9999996289808695
    vertex -21.768525830785414 22.966622366992848 -3.7101865936810157e-07
    vertex -21.74839092637581 22.95941319974285 -3.7101900092244193e-07
  endloop
endfacet
facet normal -0.3370881187038439 -0.9414731011710867 -3.894510621397456e-14
  outer loop
    vertex -21.768525830785414 22.966622366992848 -3.7101865936810157e-07
    vertex -21.748390926376025 22.959413199742766 3.9999996289808695
    vertex -21.768525830785634 22.966622366992762 3.9999996289812114
  endloop
endfacet
facet normal -0.8122857964870481 0.5832596204310752 -3.0615005312084175e-14
  outer loop
    vertex -22.262280000000214 24.033135801120636 3.9999996289810613
    vertex -22.301762699657154 23.978149590837955 -3.7101880916472114e-07
    vertex -22.30176269965737 23.97814959083787 3.9999996289810613
  endloop
endfacet
facet normal -0.8122857964870481 0.5832596204310752 -3.0615005312084175e-14
  outer loop
    vertex -22.301762699657154 23.978149590837955 -3.7101880916472114e-07
    vertex -22.262280000000214 24.033135801120636 3.9999996289810613
    vertex -22.26228 24.03313580112072 -3.710188019456069e-07
  endloop
endfacet
facet normal -0.40032315720210493 -0.9163740337917365 -4.188230000259321e-14
  outer loop
    vertex -21.768525830785414 22.966622366992848 -3.7101865936810157e-07
    vertex -21.788733875905045 22.97545036530434 3.9999996289802087
    vertex -21.788733875904832 22.975450365304425 -3.7101966102019616e-07
  endloop
endfacet
facet normal -0.40032315720210493 -0.9163740337917365 -4.188230000259321e-14
  outer loop
    vertex -21.788733875905045 22.97545036530434 3.9999996289802087
    vertex -21.768525830785414 22.966622366992848 -3.7101865936810157e-07
    vertex -21.768525830785634 22.966622366992762 3.9999996289812114
  endloop
endfacet
facet normal -0.9524583388412377 0.30466885756799955 -4.943923572011027e-14
  outer loop
    vertex -22.436835093221305 23.726997482417453 3.9999996289810293
    vertex -22.451381350989504 23.681522849332048 -3.7101884841865456e-07
    vertex -22.45138135098973 23.681522849331998 3.999999628981024
  endloop
endfacet
facet normal -0.9524583388412377 0.30466885756799955 -4.943923572011027e-14
  outer loop
    vertex -22.451381350989504 23.681522849332048 -3.7101884841865456e-07
    vertex -22.436835093221305 23.726997482417453 3.9999996289810293
    vertex -22.43683509322108 23.726997482417506 -3.710188425531243e-07
  endloop
endfacet
facet normal -0.9209498803971361 -0.3896810462371768 -6.07961016209903e-14
  outer loop
    vertex -22.45138135098973 23.44196557101024 3.999999628980995
    vertex -22.436835093221074 23.407587777988528 -3.710188781975006e-07
    vertex -22.436835093221305 23.40758777798844 3.999999628980992
  endloop
endfacet
facet normal -0.9209498803971361 -0.3896810462371768 -6.07961016209903e-14
  outer loop
    vertex -22.436835093221074 23.407587777988528 -3.710188781975006e-07
    vertex -22.45138135098973 23.44196557101024 3.999999628980995
    vertex -22.451381350989504 23.44196557101033 -3.7101887503913815e-07
  endloop
endfacet
facet normal -0.9864957401436414 -0.1637869185205254 -5.873972186158672e-14
  outer loop
    vertex -22.46800564558221 23.51547694565256 3.9999996289810036
    vertex -22.461771535109808 23.47792862689838 -3.7101887097838645e-07
    vertex -22.46177153511003 23.477928626898294 3.999999628980999
  endloop
endfacet
facet normal -0.9864957401436414 -0.1637869185205254 -5.873972186158672e-14
  outer loop
    vertex -22.461771535109808 23.47792862689838 -3.7101887097838645e-07
    vertex -22.46800564558221 23.51547694565256 3.9999996289810036
    vertex -22.468005645581986 23.515476945652647 -3.710188660152454e-07
  endloop
endfacet
facet normal -0.6687438950892143 -0.7434928397643826 -5.351692109021587e-14
  outer loop
    vertex -22.337089325666405 23.285929234563387 3.9999996289809863
    vertex -22.368259878027082 23.313965976120418 -3.710188845142255e-07
    vertex -22.337089325666177 23.285929234563476 -3.710188863190041e-07
  endloop
endfacet
facet normal -0.6687438950892143 -0.7434928397643826 -5.351692109021587e-14
  outer loop
    vertex -22.368259878027082 23.313965976120418 -3.710188845142255e-07
    vertex -22.337089325666405 23.285929234563387 3.9999996289809863
    vertex -22.368259878027306 23.313965976120336 3.999999628980987
  endloop
endfacet
facet normal -0.17574946055021953 -0.9844349278222034 -2.6298946113922684e-14
  outer loop
    vertex -17.804790702473117 23.111006973914733 -3.7101861515102714e-07
    vertex -18.00597724026985 23.146924457628828 3.999999628981167
    vertex -18.005977240269598 23.14692445762887 -3.710187044875653e-07
  endloop
endfacet
facet normal -0.17574946055021953 -0.9844349278222034 -2.6298946113922684e-14
  outer loop
    vertex -18.00597724026985 23.146924457628828 3.999999628981167
    vertex -17.804790702473117 23.111006973914733 -3.7101861515102714e-07
    vertex -17.804790702473333 23.111006973914648 3.999999628981258
  endloop
endfacet
facet normal -0.9607080792926572 -0.27756077961739 -5.976120795043936e-14
  outer loop
    vertex -22.46177153511003 23.477928626898294 3.999999628980999
    vertex -22.451381350989504 23.44196557101033 -3.7101887503913815e-07
    vertex -22.45138135098973 23.44196557101024 3.999999628980995
  endloop
endfacet
facet normal -0.9607080792926572 -0.27756077961739 -5.976120795043936e-14
  outer loop
    vertex -22.451381350989504 23.44196557101033 -3.7101887503913815e-07
    vertex -22.46177153511003 23.477928626898294 3.999999628980999
    vertex -22.461771535109808 23.47792862689838 -3.7101887097838645e-07
  endloop
endfacet
facet normal -0.3032152824433934 -0.9529220810185759 -3.787593298915188e-14
  outer loop
    vertex -21.70127486237661 22.944421091848763 3.999999628979091
    vertex -21.74839092637581 22.95941319974285 -3.7101900092244193e-07
    vertex -21.701274862376373 22.94442109184885 -3.710207799828964e-07
  endloop
endfacet
facet normal -0.3032152824433934 -0.9529220810185759 -3.787593298915188e-14
  outer loop
    vertex -21.74839092637581 22.95941319974285 -3.7101900092244193e-07
    vertex -21.70127486237661 22.944421091848763 3.999999628979091
    vertex -21.748390926376025 22.959413199742766 3.9999996289808695
  endloop
endfacet
facet normal -0.5993691148395837 -0.8004727754123895 -5.0869786685448393e-14
  outer loop
    vertex -22.301762699657377 23.259477755872698 3.9999996289809836
    vertex -22.337089325666177 23.285929234563476 -3.710188863190041e-07
    vertex -22.301762699657154 23.259477755872787 -3.7101888812378263e-07
  endloop
endfacet
facet normal -0.5993691148395837 -0.8004727754123895 -5.0869786685448393e-14
  outer loop
    vertex -22.337089325666177 23.285929234563476 -3.710188863190041e-07
    vertex -22.301762699657377 23.259477755872698 3.9999996289809836
    vertex -22.337089325666405 23.285929234563387 3.9999996289809863
  endloop
endfacet
facet normal 0.6245696563494624 -0.7809691058982515 1.7466187965134395e-14
  outer loop
    vertex -21.270079702888047 23.083563625636412 3.999999628957506
    vertex -21.28910376030395 23.068349388718516 -3.7100976722419145e-07
    vertex -21.27007970288783 23.083563625636497 -3.710423660367297e-07
  endloop
endfacet
facet normal 0.6245696563494624 -0.7809691058982515 1.7466187965134395e-14
  outer loop
    vertex -21.28910376030395 23.068349388718516 -3.7100976722419145e-07
    vertex -21.270079702888047 23.083563625636412 3.999999628957506
    vertex -21.289103760304172 23.068349388718435 3.9999996289901025
  endloop
endfacet
facet normal -0.5329166792210496 -0.8461677215587988 -4.76604715869306e-14
  outer loop
    vertex -22.26228000000022 23.23461154004824 3.9999996289809814
    vertex -22.301762699657154 23.259477755872787 -3.7101888812378263e-07
    vertex -22.26228 23.234611540048327 -3.710188890261719e-07
  endloop
endfacet
facet normal -0.5329166792210496 -0.8461677215587988 -4.76604715869306e-14
  outer loop
    vertex -22.301762699657154 23.259477755872787 -3.7101888812378263e-07
    vertex -22.26228000000022 23.23461154004824 3.9999996289809814
    vertex -22.301762699657377 23.259477755872698 3.9999996289809836
  endloop
endfacet
facet normal -0.8569003533526939 0.515482089333886 -3.6004925804243915e-14
  outer loop
    vertex -22.337089325666398 23.924748643421328 3.9999996289810458
    vertex -22.368259878027082 23.872932958871104 -3.710188236029495e-07
    vertex -22.368259878027306 23.872932958871015 3.9999996289810484
  endloop
endfacet
facet normal -0.8569003533526939 0.515482089333886 -3.6004925804243915e-14
  outer loop
    vertex -22.368259878027082 23.872932958871104 -3.710188236029495e-07
    vertex -22.337089325666398 23.924748643421328 3.9999996289810458
    vertex -22.337089325666177 23.924748643421413 -3.7101881638383535e-07
  endloop
endfacet
facet normal -0.7388790841189645 -0.673838036216063 -5.52655357158498e-14
  outer loop
    vertex -22.395274356740085 23.343587980543443 3.9999996289809885
    vertex -22.368259878027082 23.313965976120418 -3.710188845142255e-07
    vertex -22.368259878027306 23.313965976120336 3.999999628980987
  endloop
endfacet
facet normal -0.7388790841189645 -0.673838036216063 -5.52655357158498e-14
  outer loop
    vertex -22.368259878027082 23.313965976120418 -3.710188845142255e-07
    vertex -22.395274356740085 23.343587980543443 3.9999996289809885
    vertex -22.39527435673987 23.343587980543532 -3.7101888225825237e-07
  endloop
endfacet
facet normal 0.624569656343898 0.7809691059027016 5.0729903946906115e-14
  outer loop
    vertex -21.289103760304158 21.515724983160972 -3.710093286630041e-07
    vertex -21.270079702887838 21.500510746242792 3.999999628957575
    vertex -21.270079702887617 21.500510746242878 -3.71042294747977e-07
  endloop
endfacet
facet normal 0.624569656343898 0.7809691059027016 5.0729903946906115e-14
  outer loop
    vertex -21.270079702887838 21.500510746242792 3.999999628957575
    vertex -21.289103760304158 21.515724983160972 -3.710093286630041e-07
    vertex -21.289103760304375 21.515724983160887 3.9999996289905413
  endloop
endfacet
facet normal -0.8807101097089048 0.47365567943024683 -3.9015989575220374e-14
  outer loop
    vertex -22.368259878027306 23.872932958871015 3.9999996289810484
    vertex -22.39527435673987 23.822702537186967 -3.710188299196744e-07
    vertex -22.395274356740092 23.82270253718688 3.99999962898104
  endloop
endfacet
facet normal -0.8807101097089048 0.47365567943024683 -3.9015989575220374e-14
  outer loop
    vertex -22.39527435673987 23.822702537186967 -3.710188299196744e-07
    vertex -22.368259878027306 23.872932958871015 3.9999996289810484
    vertex -22.368259878027082 23.872932958871104 -3.710188236029495e-07
  endloop
endfacet
facet normal -0.9050582182160172 0.4252876927911835 -4.142553433558252e-14
  outer loop
    vertex -22.395274356740092 23.82270253718688 3.99999962898104
    vertex -22.418132761804532 23.77405737836916 -3.7101883623639933e-07
    vertex -22.41813276180476 23.774057378369076 3.999999628981036
  endloop
endfacet
facet normal -0.9050582182160172 0.4252876927911835 -4.142553433558252e-14
  outer loop
    vertex -22.418132761804532 23.77405737836916 -3.7101883623639933e-07
    vertex -22.395274356740092 23.82270253718688 3.99999962898104
    vertex -22.39527435673987 23.822702537186967 -3.710188299196744e-07
  endloop
endfacet
facet normal 0.5777704920698099 -0.8161992762147058 1.412701381653849e-14
  outer loop
    vertex -21.30978268659303 23.05276306647598 -3.710096823995997e-07
    vertex -21.33115067700449 23.037637110481786 3.9999996289869224
    vertex -21.331150677004274 23.03763711048187 -3.7101294769518914e-07
  endloop
endfacet
facet normal 0.5777704920698099 -0.8161992762147058 1.412701381653849e-14
  outer loop
    vertex -21.33115067700449 23.037637110481786 3.9999996289869224
    vertex -21.30978268659303 23.05276306647598 -3.710096823995997e-07
    vertex -21.309782686593255 23.05276306647589 3.9999996289901874
  endloop
endfacet
facet normal 0.342281486685822 0.9395974584215006 3.017255301225753e-14
  outer loop
    vertex -21.49304650500999 21.629625401669692 3.99999962898122
    vertex -21.469200455588595 21.62093863780687 -3.7101794557818554e-07
    vertex -21.493046505009765 21.629625401669735 -3.7101865079540345e-07
  endloop
endfacet
facet normal 0.342281486685822 0.9395974584215006 3.017255301225753e-14
  outer loop
    vertex -21.469200455588595 21.62093863780687 -3.7101794557818554e-07
    vertex -21.49304650500999 21.629625401669692 3.99999962898122
    vertex -21.469200455588815 21.62093863780682 3.9999996289819246
  endloop
endfacet
facet normal 0.4026567040418281 0.9153510685470202 4.030226015909496e-14
  outer loop
    vertex -18.596927963541873 21.56767893985403 -3.7101868057424956e-07
    vertex -18.409859923649663 21.485388982521822 3.9999996289811555
    vertex -18.409859923649407 21.48538898252191 -3.710187166698205e-07
  endloop
endfacet
facet normal 0.4026567040418281 0.9153510685470202 4.030226015909496e-14
  outer loop
    vertex -18.409859923649663 21.485388982521822 3.9999996289811555
    vertex -18.596927963541873 21.56767893985403 -3.7101868057424956e-07
    vertex -18.596927963542125 21.567678939853987 3.9999996289811914
  endloop
endfacet
facet normal -0.9987003144793507 0.050967458822724014 -5.567284731090989e-14
  outer loop
    vertex -22.468005645582217 23.59532937175983 3.9999996289810125
    vertex -22.470083682406045 23.554610527273184 -3.71018862856883e-07
    vertex -22.470083682406276 23.554610527273095 3.99999962898101
  endloop
endfacet
facet normal -0.9987003144793507 0.050967458822724014 -5.567284731090989e-14
  outer loop
    vertex -22.470083682406045 23.554610527273184 -3.71018862856883e-07
    vertex -22.468005645582217 23.59532937175983 3.9999996289810125
    vertex -22.46800564558199 23.595329371759917 -3.710188583449366e-07
  endloop
endfacet
facet normal -0.16836808496168212 -0.9857241946743195 -3.046420484722072e-14
  outer loop
    vertex -21.656142592362038 22.93473022014994 -3.7101974449120406e-07
    vertex -21.678352516802487 22.938523819277634 3.9999996289795496
    vertex -21.67835251680227 22.93852381927772 -3.7102031254525233e-07
  endloop
endfacet
facet normal -0.16836808496168212 -0.9857241946743195 -3.046420484722072e-14
  outer loop
    vertex -21.678352516802487 22.938523819277634 3.9999996289795496
    vertex -21.656142592362038 22.93473022014994 -3.7101974449120406e-07
    vertex -21.656142592362254 22.934730220149856 3.9999996289801265
  endloop
endfacet
facet normal 0.493750809406265 0.8696034373268415 3.8164944734983736e-14
  outer loop
    vertex -21.398574496971616 21.587853444708337 -3.710154910793591e-07
    vertex -21.37562960003229 21.574825596669335 3.999999628984183
    vertex -21.375629600032063 21.57482559666938 -3.7101568734902625e-07
  endloop
endfacet
facet normal 0.493750809406265 0.8696034373268415 3.8164944734983736e-14
  outer loop
    vertex -21.37562960003229 21.574825596669335 3.999999628984183
    vertex -21.398574496971616 21.587853444708337 -3.710154910793591e-07
    vertex -21.398574496971833 21.587853444708283 3.999999628984371
  endloop
endfacet
facet normal -0.8893073354092453 0.4573100296159139 -4.30632006407258e-14
  outer loop
    vertex -17.093561376394184 22.292037185939687 3.9999996289812065
    vertex -17.408232254213264 21.680112885658367 -3.71018698622035e-07
    vertex -17.408232254213523 21.680112885658282 3.999999628981174
  endloop
endfacet
facet normal -0.8893073354092453 0.4573100296159139 -4.30632006407258e-14
  outer loop
    vertex -17.408232254213264 21.680112885658367 -3.71018698622035e-07
    vertex -17.093561376394184 22.292037185939687 3.9999996289812065
    vertex -17.093561376393968 22.292037185939776 -3.710186656848265e-07
  endloop
endfacet
facet normal -0.5402408573361724 0.8415104372880217 -1.3951883273315357e-14
  outer loop
    vertex -17.614527644686152 21.547673412925583 -3.7101866884318893e-07
    vertex -17.408232254213523 21.680112885658282 3.999999628981174
    vertex -17.408232254213264 21.680112885658367 -3.71018698622035e-07
  endloop
endfacet
facet normal -0.5402408573361724 0.8415104372880217 -1.3951883273315357e-14
  outer loop
    vertex -17.408232254213523 21.680112885658282 3.999999628981174
    vertex -17.614527644686152 21.547673412925583 -3.7101866884318893e-07
    vertex -17.61452764468637 21.547673412925494 3.9999996289812016
  endloop
endfacet
facet normal 0.5740516837070913 0.8188190669696532 4.461011384517588e-14
  outer loop
    vertex -18.694875923632384 21.63634757945172 3.9999996289811643
    vertex -18.596927963541873 21.56767893985403 -3.7101868057424956e-07
    vertex -18.694875923632136 21.636347579451762 -3.7101870809712235e-07
  endloop
endfacet
facet normal 0.5740516837070913 0.8188190669696532 4.461011384517588e-14
  outer loop
    vertex -18.596927963541873 21.56767893985403 -3.7101868057424956e-07
    vertex -18.694875923632384 21.63634757945172 3.9999996289811643
    vertex -18.596927963542125 21.567678939853987 3.9999996289811914
  endloop
endfacet
facet normal -0.013876389418243897 0.9999037182732711 1.186839459636224e-14
  outer loop
    vertex -21.633635954767822 21.65136692436545 3.999999628980223
    vertex -21.610815937761405 21.651683614299465 -3.71019484603093e-07
    vertex -21.633635954767605 21.651366924365504 -3.7101964703316244e-07
  endloop
endfacet
facet normal -0.013876389418243897 0.9999037182732711 1.186839459636224e-14
  outer loop
    vertex -21.610815937761405 21.651683614299465 -3.71019484603093e-07
    vertex -21.633635954767822 21.65136692436545 3.999999628980223
    vertex -21.61081593776163 21.651683614299415 3.999999628980388
  endloop
endfacet
facet normal 0.020359704484771233 0.9997927197340921 2.2847026523481553e-14
  outer loop
    vertex -18.210302412114434 21.44131077683282 -3.7101872027937763e-07
    vertex -18.005977240269882 21.437149914250472 3.9999996289811386
    vertex -18.005977240269633 21.43714991425056 -3.7101873155924355e-07
  endloop
endfacet
facet normal 0.020359704484771233 0.9997927197340921 2.2847026523481553e-14
  outer loop
    vertex -18.005977240269882 21.437149914250472 3.9999996289811386
    vertex -18.210302412114434 21.44131077683282 -3.7101872027937763e-07
    vertex -18.21030241211465 21.441310776832736 3.9999996289811524
  endloop
endfacet
facet normal 0.5239950573846077 -0.8517213040874941 1.039770772425386e-14
  outer loop
    vertex -21.35312704299347 23.023092773957444 -3.71013991308385e-07
    vertex -21.375629600032557 23.009248775210008 3.999999628984565
    vertex -21.375629600032337 23.009248775210093 -3.7101530654075247e-07
  endloop
endfacet
facet normal 0.5239950573846077 -0.8517213040874941 1.039770772425386e-14
  outer loop
    vertex -21.375629600032557 23.009248775210008 3.999999628984565
    vertex -21.35312704299347 23.023092773957444 -3.71013991308385e-07
    vertex -21.353127042993695 23.02309277395736 3.9999996289858792
  endloop
endfacet
facet normal 0.15584654323470673 0.9877812789083383 1.82924868420632e-14
  outer loop
    vertex -19.799025849627487 25.090287458547774 3.9999996289812154
    vertex -19.572562105697312 25.05455728992336 -3.710187884097678e-07
    vertex -19.799025849627263 25.09028745854781 -3.710187920193249e-07
  endloop
endfacet
facet normal 0.15584654323470673 0.9877812789083383 1.82924868420632e-14
  outer loop
    vertex -19.572562105697312 25.05455728992336 -3.710187884097678e-07
    vertex -19.799025849627487 25.090287458547774 3.9999996289812154
    vertex -19.572562105697344 25.054557289923288 3.999999628981208
  endloop
endfacet
facet normal 0.21568105754674188 0.976463865903659 3.379893202869075e-14
  outer loop
    vertex -18.409859923649407 21.48538898252191 -3.710187166698205e-07
    vertex -18.21030241211465 21.441310776832736 3.9999996289811524
    vertex -18.210302412114434 21.44131077683282 -3.7101872027937763e-07
  endloop
endfacet
facet normal 0.21568105754674188 0.976463865903659 3.379893202869075e-14
  outer loop
    vertex -18.21030241211465 21.441310776832736 3.9999996289811524
    vertex -18.409859923649407 21.48538898252191 -3.710187166698205e-07
    vertex -18.409859923649663 21.485388982521822 3.9999996289811555
  endloop
endfacet
facet normal 0.577770492072285 0.8161992762129537 4.9480496028469075e-14
  outer loop
    vertex -21.331150677004306 21.546437261397614 3.999999628985792
    vertex -21.309782686593277 21.531311305403804 -3.710108221172533e-07
    vertex -21.33115067700409 21.546437261397703 -3.710140770353661e-07
  endloop
endfacet
facet normal 0.577770492072285 0.8161992762129537 4.9480496028469075e-14
  outer loop
    vertex -21.309782686593277 21.531311305403804 -3.710108221172533e-07
    vertex -21.331150677004306 21.546437261397614 3.999999628985792
    vertex -21.3097826865935 21.531311305403715 3.9999996289890474
  endloop
endfacet
facet normal 0.11320321376857792 0.993571855676511 1.7296979128225406e-14
  outer loop
    vertex -18.816909075483213 21.650251500840895 3.9999996289811564
    vertex -18.694875923632136 21.636347579451762 -3.7101870809712235e-07
    vertex -18.816909075482997 21.650251500840938 -3.710187157674312e-07
  endloop
endfacet
facet normal 0.11320321376857792 0.993571855676511 1.7296979128225406e-14
  outer loop
    vertex -18.694875923632136 21.636347579451762 -3.7101870809712235e-07
    vertex -18.816909075483213 21.650251500840895 3.9999996289811564
    vertex -18.694875923632384 21.63634757945172 3.9999996289811643
  endloop
endfacet
facet normal 0.2948875252620485 0.9555319709171559 2.744159654504856e-14
  outer loop
    vertex -21.516898590073733 21.636986413703802 -3.710179640771656e-07
    vertex -21.49304650500999 21.629625401669692 3.99999962898122
    vertex -21.493046505009765 21.629625401669735 -3.7101865079540345e-07
  endloop
endfacet
facet normal 0.2948875252620485 0.9555319709171559 2.744159654504856e-14
  outer loop
    vertex -21.49304650500999 21.629625401669692 3.99999962898122
    vertex -21.516898590073733 21.636986413703802 -3.710179640771656e-07
    vertex -21.51689859007395 21.63698641370375 3.9999996289819078
  endloop
endfacet
facet normal -0.08951369971984964 0.9959855910415896 6.756658351627602e-15
  outer loop
    vertex -21.656142592362336 21.64934415172953 3.999999628979795
    vertex -21.633635954767605 21.651366924365504 -3.7101964703316244e-07
    vertex -21.656142592362116 21.649344151729572 -3.710200752168731e-07
  endloop
endfacet
facet normal -0.08951369971984964 0.9959855910415896 6.756658351627602e-15
  outer loop
    vertex -21.633635954767605 21.651366924365504 -3.7101964703316244e-07
    vertex -21.656142592362336 21.64934415172953 3.999999628979795
    vertex -21.633635954767822 21.65136692436545 3.999999628980223
  endloop
endfacet
facet normal -0.17574946055014248 0.9844349278222172 1.1011297820731492e-14
  outer loop
    vertex -18.005977240269882 21.437149914250472 3.9999996289811386
    vertex -17.804790702473305 21.473067397964673 -3.710186426739e-07
    vertex -18.005977240269633 21.43714991425056 -3.7101873155924355e-07
  endloop
endfacet
facet normal -0.17574946055014248 0.9844349278222172 1.1011297820731492e-14
  outer loop
    vertex -17.804790702473305 21.473067397964673 -3.710186426739e-07
    vertex -18.005977240269882 21.437149914250472 3.9999996289811386
    vertex -17.804790702473518 21.473067397964588 3.9999996289812296
  endloop
endfacet
facet normal 0.3163985306500734 -0.94862635942845 -6.377727818832284e-15
  outer loop
    vertex -16.58516408297681 19.98393190752799 -3.7101882540772807e-07
    vertex -16.719706254793522 19.939057605807182 3.9999996289811612
    vertex -16.719706254793373 19.939057605807236 -3.7101882901728517e-07
  endloop
endfacet
facet normal 0.3163985306500734 -0.94862635942845 -6.377727818832284e-15
  outer loop
    vertex -16.719706254793522 19.939057605807182 3.9999996289811612
    vertex -16.58516408297681 19.98393190752799 -3.7101882540772807e-07
    vertex -16.58516408297693 19.983931907527896 3.9999996289811697
  endloop
endfacet
facet normal 0.12438189145858769 0.9922344204255282 1.8486625364938967e-14
  outer loop
    vertex -21.587690895055275 21.65034906733748 3.999999628980574
    vertex -21.56429271542958 21.647415980378845 -3.710191759859612e-07
    vertex -21.58769089505505 21.65034906733753 -3.710192964549293e-07
  endloop
endfacet
facet normal 0.12438189145858769 0.9922344204255282 1.8486625364938967e-14
  outer loop
    vertex -21.56429271542958 21.647415980378845 -3.710191759859612e-07
    vertex -21.587690895055275 21.65034906733748 3.999999628980574
    vertex -21.564292715429794 21.6474159803788 3.9999996289806967
  endloop
endfacet
facet normal 0.5518973311393321 0.8339120672356781 4.417953915164755e-14
  outer loop
    vertex -21.3531270429933 21.560981597922027 -3.7101194694548385e-07
    vertex -21.331150677004306 21.546437261397614 3.999999628985792
    vertex -21.33115067700409 21.546437261397703 -3.710140770353661e-07
  endloop
endfacet
facet normal 0.5518973311393321 0.8339120672356781 4.417953915164755e-14
  outer loop
    vertex -21.331150677004306 21.546437261397614 3.999999628985792
    vertex -21.3531270429933 21.560981597922027 -3.7101194694548385e-07
    vertex -21.353127042993513 21.560981597921973 3.999999628987925
  endloop
endfacet
facet normal 0.38547839712473253 0.9227168608788652 3.23911756122527e-14
  outer loop
    vertex -21.469200455588815 21.62093863780682 3.9999996289819246
    vertex -21.44544755685642 21.611015518680567 -3.710174555808095e-07
    vertex -21.469200455588595 21.62093863780687 -3.7101794557818554e-07
  endloop
endfacet
facet normal 0.38547839712473253 0.9227168608788652 3.23911756122527e-14
  outer loop
    vertex -21.44544755685642 21.611015518680567 -3.710174555808095e-07
    vertex -21.469200455588815 21.62093863780682 3.9999996289819246
    vertex -21.445447556856642 21.611015518680524 3.9999996289824162
  endloop
endfacet
facet normal 0.18616307690552328 0.9825188592577083 2.1605496014198482e-14
  outer loop
    vertex -21.56429271542958 21.647415980378845 -3.710191759859612e-07
    vertex -21.540673045449843 21.642940635811588 3.9999996289805444
    vertex -21.540673045449626 21.642940635811637 -3.7101932623377536e-07
  endloop
endfacet
facet normal 0.18616307690552328 0.9825188592577083 2.1605496014198482e-14
  outer loop
    vertex -21.540673045449843 21.642940635811588 3.9999996289805444
    vertex -21.56429271542958 21.647415980378845 -3.710191759859612e-07
    vertex -21.564292715429794 21.6474159803788 3.9999996289806967
  endloop
endfacet
facet normal -0.36505805884182047 -0.9309847548024843 -4.157480612406319e-14
  outer loop
    vertex -17.61452764468637 23.036400958953898 3.999999628981174
    vertex -17.804790702473117 23.111006973914733 -3.7101861515102714e-07
    vertex -17.614527644686117 23.036400958953983 -3.7101868869575297e-07
  endloop
endfacet
facet normal -0.36505805884182047 -0.9309847548024843 -4.157480612406319e-14
  outer loop
    vertex -17.804790702473117 23.111006973914733 -3.7101861515102714e-07
    vertex -17.61452764468637 23.036400958953898 3.999999628981174
    vertex -17.804790702473333 23.111006973914648 3.999999628981258
  endloop
endfacet
facet normal -0.36505805884221193 0.9309847548023308 3.9656114136147036e-16
  outer loop
    vertex -17.804790702473305 21.473067397964673 -3.710186426739e-07
    vertex -17.61452764468637 21.547673412925494 3.9999996289812016
    vertex -17.614527644686152 21.547673412925583 -3.7101866884318893e-07
  endloop
endfacet
facet normal -0.36505805884221193 0.9309847548023308 3.9656114136147036e-16
  outer loop
    vertex -17.61452764468637 21.547673412925494 3.9999996289812016
    vertex -17.804790702473305 21.473067397964673 -3.710186426739e-07
    vertex -17.804790702473518 21.473067397964588 3.9999996289812296
  endloop
endfacet
facet normal -0.04654745038504929 -0.9989160799900316 -2.5042271992837557e-14
  outer loop
    vertex -17.51462910162481 19.848240157144062 -3.7101884480909745e-07
    vertex -17.69805606854086 19.856787479399394 3.999999628981148
    vertex -17.69805606854074 19.856787479399486 -3.7101884751626525e-07
  endloop
endfacet
facet normal -0.04654745038504929 -0.9989160799900316 -2.5042271992837557e-14
  outer loop
    vertex -17.69805606854086 19.856787479399394 3.999999628981148
    vertex -17.51462910162481 19.848240157144062 -3.7101884480909745e-07
    vertex -17.5146291016251 19.848240157143973 3.99999962898115
  endloop
endfacet
facet normal -0.4863234845353299 0.8737788440958127 -1.3404953340165998e-14
  outer loop
    vertex -20.437522749601396 20.748258399945502 3.999999628981046
    vertex -18.816909075482997 21.650251500840938 -3.710187157674312e-07
    vertex -20.437522749601158 20.74825839994559 -3.710188258589227e-07
  endloop
endfacet
facet normal -0.4863234845353299 0.8737788440958127 -1.3404953340165998e-14
  outer loop
    vertex -18.816909075482997 21.650251500840938 -3.710187157674312e-07
    vertex -20.437522749601396 20.748258399945502 3.999999628981046
    vertex -18.816909075483213 21.650251500840895 3.9999996289811564
  endloop
endfacet
facet normal 0.5239950573863912 0.8517213040863969 3.960396175659503e-14
  outer loop
    vertex -21.37562960003229 21.574825596669335 3.999999628984183
    vertex -21.3531270429933 21.560981597922027 -3.7101194694548385e-07
    vertex -21.375629600032063 21.57482559666938 -3.7101568734902625e-07
  endloop
endfacet
facet normal 0.5239950573863912 0.8517213040863969 3.960396175659503e-14
  outer loop
    vertex -21.3531270429933 21.560981597922027 -3.7101194694548385e-07
    vertex -21.37562960003229 21.574825596669335 3.999999628984183
    vertex -21.353127042993513 21.560981597921973 3.999999628987925
  endloop
endfacet
facet normal 0.0576141715700769 0.9983389240304585 1.5835866881250876e-14
  outer loop
    vertex -21.61081593776163 21.651683614299415 3.999999628980388
    vertex -21.58769089505505 21.65034906733753 -3.710192964549293e-07
    vertex -21.610815937761405 21.651683614299465 -3.71019484603093e-07
  endloop
endfacet
facet normal 0.0576141715700769 0.9983389240304585 1.5835866881250876e-14
  outer loop
    vertex -21.58769089505505 21.65034906733753 -3.710192964549293e-07
    vertex -21.61081593776163 21.651683614299415 3.999999628980388
    vertex -21.587690895055275 21.65034906733748 3.999999628980574
  endloop
endfacet
facet normal 0.42486332785636066 0.9052575062615159 3.477334015581831e-14
  outer loop
    vertex -21.445447556856642 21.611015518680524 3.9999996289824162
    vertex -21.421876180020682 21.59995279505186 -3.710168577479152e-07
    vertex -21.44544755685642 21.611015518680567 -3.710174555808095e-07
  endloop
endfacet
facet normal 0.42486332785636066 0.9052575062615159 3.477334015581831e-14
  outer loop
    vertex -21.421876180020682 21.59995279505186 -3.710168577479152e-07
    vertex -21.445447556856642 21.611015518680524 3.9999996289824162
    vertex -21.421876180020913 21.59995279505181 3.9999996289830126
  endloop
endfacet
facet normal 0.46082725615399395 0.8874898534550022 3.6994493846953324e-14
  outer loop
    vertex -21.421876180020913 21.59995279505181 3.9999996289830126
    vertex -21.398574496971616 21.587853444708337 -3.710154910793591e-07
    vertex -21.421876180020682 21.59995279505186 -3.710168577479152e-07
  endloop
endfacet
facet normal 0.46082725615399395 0.8874898534550022 3.6994493846953324e-14
  outer loop
    vertex -21.398574496971616 21.587853444708337 -3.710154910793591e-07
    vertex -21.421876180020913 21.59995279505181 3.9999996289830126
    vertex -21.398574496971833 21.587853444708283 3.999999628984371
  endloop
endfacet
facet normal -0.5402408573365141 -0.8415104372878023 -4.991298235526985e-14
  outer loop
    vertex -17.408232254213353 22.903961486221135 -3.71018647637041e-07
    vertex -17.61452764468637 23.036400958953898 3.999999628981174
    vertex -17.614527644686117 23.036400958953983 -3.7101868869575297e-07
  endloop
endfacet
facet normal -0.5402408573365141 -0.8415104372878023 -4.991298235526985e-14
  outer loop
    vertex -17.61452764468637 23.036400958953898 3.999999628981174
    vertex -17.408232254213353 22.903961486221135 -3.71018647637041e-07
    vertex -17.40823225421357 22.903961486221046 3.9999996289812247
  endloop
endfacet
facet normal 0.6019045180500627 0.7985680629419898 5.042727622551352e-14
  outer loop
    vertex -21.3097826865935 21.531311305403715 3.9999996289890474
    vertex -21.289103760304158 21.515724983160972 -3.710093286630041e-07
    vertex -21.309782686593277 21.531311305403804 -3.710108221172533e-07
  endloop
endfacet
facet normal 0.6019045180500627 0.7985680629419898 5.042727622551352e-14
  outer loop
    vertex -21.289103760304158 21.515724983160972 -3.710093286630041e-07
    vertex -21.3097826865935 21.531311305403715 3.9999996289890474
    vertex -21.289103760304375 21.515724983160887 3.9999996289905413
  endloop
endfacet
facet normal -0.8893073354091928 -0.45731002961601586 -5.805257673949292e-14
  outer loop
    vertex -17.40823225421357 22.903961486221046 3.9999996289812247
    vertex -17.093561376393968 22.292037185939776 -3.710186656848265e-07
    vertex -17.093561376394184 22.292037185939687 3.9999996289812065
  endloop
endfacet
facet normal -0.8893073354091928 -0.45731002961601586 -5.805257673949292e-14
  outer loop
    vertex -17.093561376393968 22.292037185939776 -3.710186656848265e-07
    vertex -17.40823225421357 22.903961486221046 3.9999996289812247
    vertex -17.408232254213353 22.903961486221135 -3.71018647637041e-07
  endloop
endfacet
facet normal 0.6704165175115464 0.7419849682087166 5.4220748490094995e-14
  outer loop
    vertex -21.270079702887838 21.500510746242792 3.999999628957575
    vertex -20.437522749601158 20.74825839994559 -3.710188258589227e-07
    vertex -21.270079702887617 21.500510746242878 -3.71042294747977e-07
  endloop
endfacet
facet normal 0.6704165175115464 0.7419849682087166 5.4220748490094995e-14
  outer loop
    vertex -20.437522749601158 20.74825839994559 -3.710188258589227e-07
    vertex -21.270079702887838 21.500510746242792 3.999999628957575
    vertex -20.437522749601396 20.748258399945502 3.999999628981046
  endloop
endfacet
facet normal -0.16836808496729017 0.9857241946733616 1.4061747454995115e-15
  outer loop
    vertex -21.678352516802185 21.64555055260169 -3.7101913492724917e-07
    vertex -21.656142592362336 21.64934415172953 3.999999628979795
    vertex -21.656142592362116 21.649344151729572 -3.710200752168731e-07
  endloop
endfacet
facet normal -0.16836808496729017 0.9857241946733616 1.4061747454995115e-15
  outer loop
    vertex -21.656142592362336 21.64934415172953 3.999999628979795
    vertex -21.678352516802185 21.64555055260169 -3.7101913492724917e-07
    vertex -21.678352516802402 21.64555055260165 3.9999996289807376
  endloop
endfacet
facet normal -0.5944531757130125 -0.8041302269438168 -3.7826986050903126e-14
  outer loop
    vertex -21.614561385254436 19.96138649171398 -3.710189174514341e-07
    vertex -21.70715157378968 20.02983377770108 3.9999996289810733
    vertex -21.707151573789613 20.02983377770113 -3.710189179026287e-07
  endloop
endfacet
facet normal -0.5944531757130125 -0.8041302269438168 -3.7826986050903126e-14
  outer loop
    vertex -21.70715157378968 20.02983377770108 3.9999996289810733
    vertex -21.614561385254436 19.96138649171398 -3.710189174514341e-07
    vertex -21.6145613852547 19.9613864917139 3.999999628981075
  endloop
endfacet
facet normal 0.8980990623181374 -0.4397932176185556 2.1146995055483536e-14
  outer loop
    vertex -15.802135479038068 20.663456065151106 -3.710187992384391e-07
    vertex -15.74092049987032 20.788462802836055 3.9999996289812296
    vertex -15.802135479038299 20.663456065151017 3.9999996289811945
  endloop
endfacet
facet normal 0.8980990623181374 -0.4397932176185556 2.1146995055483536e-14
  outer loop
    vertex -15.74092049987032 20.788462802836055 3.9999996289812296
    vertex -15.802135479038068 20.663456065151106 -3.710187992384391e-07
    vertex -15.74092049987032 20.788462802836055 -3.7101876889548056e-07
  endloop
endfacet
facet normal -0.4602870558631674 -0.887770142663526 -3.7067954256614524e-14
  outer loop
    vertex -20.995558917096382 19.58934502886728 -3.71018912488293e-07
    vertex -21.10628091618829 19.646751671118448 3.9999996289810773
    vertex -21.106280916188094 19.64675167111852 -3.71018913841877e-07
  endloop
endfacet
facet normal -0.4602870558631674 -0.887770142663526 -3.7067954256614524e-14
  outer loop
    vertex -21.10628091618829 19.646751671118448 3.9999996289810773
    vertex -20.995558917096382 19.58934502886728 -3.71018912488293e-07
    vertex -20.995558917096634 19.589345028867253 3.9999996289810853
  endloop
endfacet
facet normal -0.7078697595871563 -0.7063429786315013 -5.561515849212121e-14
  outer loop
    vertex -22.124772990073414 20.399671816976422 3.999999628981083
    vertex -22.047292643668655 20.32202399454276 -3.710189165490448e-07
    vertex -22.047292643668808 20.322023994542658 3.9999996289810853
  endloop
endfacet
facet normal -0.7078697595871563 -0.7063429786315013 -5.561515849212121e-14
  outer loop
    vertex -22.047292643668655 20.32202399454276 -3.710189165490448e-07
    vertex -22.124772990073414 20.399671816976422 3.999999628981083
    vertex -22.124772990073133 20.399671816976518 -3.7101891835382333e-07
  endloop
endfacet
facet normal 0.4748233560856813 0.8800811215538771 7.158929616612923e-15
  outer loop
    vertex -18.830231500859753 24.81191418069429 3.999999628981219
    vertex -18.697682524138024 24.740401057152248 -3.710187784834858e-07
    vertex -18.830231500859753 24.811914180694334 -3.710187798370697e-07
  endloop
endfacet
facet normal 0.4748233560856813 0.8800811215538771 7.158929616612923e-15
  outer loop
    vertex -18.697682524138024 24.740401057152248 -3.710187784834858e-07
    vertex -18.830231500859753 24.81191418069429 3.999999628981219
    vertex -18.69768252413812 24.740401057152276 3.999999628981221
  endloop
endfacet
facet normal 0.08428063424824107 -0.9964420578692542 -1.459735407441568e-14
  outer loop
    vertex -19.799025849627352 19.493786913331643 -3.710188935381183e-07
    vertex -20.036980997938873 19.473660293159394 3.999999628981107
    vertex -20.03698099793866 19.473660293159483 -3.7101889805006465e-07
  endloop
endfacet
facet normal 0.08428063424824107 -0.9964420578692542 -1.459735407441568e-14
  outer loop
    vertex -20.036980997938873 19.473660293159394 3.999999628981107
    vertex -19.799025849627352 19.493786913331643 -3.710188935381183e-07
    vertex -19.79902584962747 19.493786913331583 3.9999996289811146
  endloop
endfacet
facet normal -0.5488840466445853 0.8358985006201797 -2.6015125584023105e-14
  outer loop
    vertex -21.518949228293604 24.689295058863205 3.9999996289811683
    vertex -21.420315102906226 24.754062130271517 -3.7101882676131197e-07
    vertex -21.51894922829351 24.689295058863234 -3.710188294684798e-07
  endloop
endfacet
facet normal -0.5488840466445853 0.8358985006201797 -2.6015125584023105e-14
  outer loop
    vertex -21.420315102906226 24.754062130271517 -3.7101882676131197e-07
    vertex -21.518949228293604 24.689295058863205 3.9999996289811683
    vertex -21.4203151029065 24.754062130271556 3.9999996289811697
  endloop
endfacet
facet normal 0.05531977133921682 0.998468688992788 -5.6179787436298836e-15
  outer loop
    vertex -17.33934960055912 24.735477932994787 3.999999628981248
    vertex -17.17221756534263 24.726218047258175 -3.7101875096061293e-07
    vertex -17.339349600558805 24.73547793299474 -3.7101875366778074e-07
  endloop
endfacet
facet normal 0.05531977133921682 0.998468688992788 -5.6179787436298836e-15
  outer loop
    vertex -17.17221756534263 24.726218047258175 -3.7101875096061293e-07
    vertex -17.33934960055912 24.735477932994787 3.999999628981248
    vertex -17.172217565342937 24.72621804725821 3.9999996289812496
  endloop
endfacet
facet normal 0.8584681573851708 0.5128668665021261 4.737490397781875e-14
  outer loop
    vertex -15.802135479038151 23.92061830672843 -3.7101874058313626e-07
    vertex -15.871497924056113 24.036721440417338 3.9999996289812594
    vertex -15.802135479038286 23.920618306728354 3.999999628981253
  endloop
endfacet
facet normal 0.8584681573851708 0.5128668665021261 4.737490397781875e-14
  outer loop
    vertex -15.871497924056113 24.036721440417338 3.9999996289812594
    vertex -15.802135479038151 23.92061830672843 -3.7101874058313626e-07
    vertex -15.871497924055882 24.03672144041739 -3.71018739680747e-07
  endloop
endfacet
facet normal -0.6855604772758059 -0.7280156811479882 -3.637943746341973e-14
  outer loop
    vertex -21.966790328838098 20.24621627939827 3.999999628981076
    vertex -22.047292643668655 20.32202399454276 -3.710189165490448e-07
    vertex -21.966790328838034 20.246216279398364 -3.710189179026287e-07
  endloop
endfacet
facet normal -0.6855604772758059 -0.7280156811479882 -3.637943746341973e-14
  outer loop
    vertex -22.047292643668655 20.32202399454276 -3.710189165490448e-07
    vertex -21.966790328838098 20.24621627939827 3.999999628981076
    vertex -22.047292643668808 20.322023994542658 3.9999996289810853
  endloop
endfacet
facet normal -0.13082208778370832 0.9914058610619123 -5.6847597047696185e-15
  outer loop
    vertex -18.08935239992212 24.68348143598087 3.9999996289812323
    vertex -17.88963050130643 24.70983596622847 -3.7101876359406275e-07
    vertex -18.089352399922 24.683481435980898 -3.710187681060091e-07
  endloop
endfacet
facet normal -0.13082208778370832 0.9914058610619123 -5.6847597047696185e-15
  outer loop
    vertex -17.88963050130643 24.70983596622847 -3.7101876359406275e-07
    vertex -18.08935239992212 24.68348143598087 3.9999996289812323
    vertex -17.889630501306556 24.709835966228518 3.999999628981234
  endloop
endfacet
facet normal -0.09071655086381661 0.9958767531172583 -1.1116836670418727e-14
  outer loop
    vertex -17.889630501306556 24.709835966228518 3.999999628981234
    vertex -17.698056068540733 24.727286892479945 -3.7101875953331105e-07
    vertex -17.88963050130643 24.70983596622847 -3.7101876359406275e-07
  endloop
endfacet
facet normal -0.09071655086381661 0.9958767531172583 -1.1116836670418727e-14
  outer loop
    vertex -17.698056068540733 24.727286892479945 -3.7101875953331105e-07
    vertex -17.889630501306556 24.709835966228518 3.999999628981234
    vertex -17.69805606854088 24.727286892479967 3.999999628981239
  endloop
endfacet
facet normal 0.1766246618922999 -0.9842782781365393 -9.519160495962431e-15
  outer loop
    vertex -16.86239589245992 19.903086908082557 -3.7101883217564763e-07
    vertex -17.013232995976647 19.87601981435381 3.9999996289811643
    vertex -17.013232995976352 19.876019814353874 -3.7101883578520474e-07
  endloop
endfacet
facet normal 0.1766246618922999 -0.9842782781365393 -9.519160495962431e-15
  outer loop
    vertex -17.013232995976647 19.87601981435381 3.9999996289811643
    vertex -16.86239589245992 19.903086908082557 -3.7101883217564763e-07
    vertex -16.862395892460043 19.90308690808247 3.9999996289811564
  endloop
endfacet
facet normal 0.810363262407714 -0.5859277966950592 1.4671463002152168e-14
  outer loop
    vertex -15.949007834923634 20.440153401769063 -3.7101880600635863e-07
    vertex -15.871497924055944 20.547352931462 3.999999628981195
    vertex -15.949007834923764 20.440153401768953 3.999999628981196
  endloop
endfacet
facet normal 0.810363262407714 -0.5859277966950592 1.4671463002152168e-14
  outer loop
    vertex -15.871497924055944 20.547352931462 3.999999628981195
    vertex -15.949007834923634 20.440153401769063 -3.7101880600635863e-07
    vertex -15.871497924055848 20.547352931462004 -3.7101880284799623e-07
  endloop
endfacet
facet normal 0.3915115500233984 0.9201731935881832 1.854885950805625e-14
  outer loop
    vertex -16.58516408297688 24.600142464351432 3.9999996289812465
    vertex -16.45876937700995 24.54636455863476 -3.710187410343309e-07
    vertex -16.58516408297681 24.600142464351475 -3.710187423879148e-07
  endloop
endfacet
facet normal 0.3915115500233984 0.9201731935881832 1.854885950805625e-14
  outer loop
    vertex -16.45876937700995 24.54636455863476 -3.710187410343309e-07
    vertex -16.58516408297688 24.600142464351432 3.9999996289812465
    vertex -16.458769377010086 24.546364558634732 3.9999996289812607
  endloop
endfacet
facet normal -0.4863234845353402 -0.8737788440958072 -4.920297040234307e-14
  outer loop
    vertex -18.816909075482936 22.933822871038586 -3.710186855373905e-07
    vertex -20.437522749601335 23.83581597193388 3.999999628981084
    vertex -20.43752274960109 23.835815971933968 -3.7101878615379465e-07
  endloop
endfacet
facet normal -0.4863234845353402 -0.8737788440958072 -4.920297040234307e-14
  outer loop
    vertex -20.437522749601335 23.83581597193388 3.999999628981084
    vertex -18.816909075482936 22.933822871038586 -3.710186855373905e-07
    vertex -18.816909075483192 22.9338228710385 3.9999996289811866
  endloop
endfacet
facet normal 0.28570501880324983 0.9583176103101907 2.5454428865155956e-14
  outer loop
    vertex -19.360020282502234 25.0060392253361 3.9999996289812163
    vertex -19.163830896395186 24.94754891727585 -3.7101878299543214e-07
    vertex -19.360020282502152 25.006039225336167 -3.710187857026e-07
  endloop
endfacet
facet normal 0.28570501880324983 0.9583176103101907 2.5454428865155956e-14
  outer loop
    vertex -19.163830896395186 24.94754891727585 -3.7101878299543214e-07
    vertex -19.360020282502234 25.0060392253361 3.9999996289812163
    vertex -19.16383089639536 24.947548917275775 3.999999628981221
  endloop
endfacet
facet normal 0.646754672415822 0.7626981012879885 4.719739888531127e-14
  outer loop
    vertex -18.591208049918816 24.67017830009551 3.9999996289812247
    vertex -18.51323859470277 24.60406156349771 -3.7101877758109653e-07
    vertex -18.591208049918585 24.670178300095593 -3.7101877758109653e-07
  endloop
endfacet
facet normal 0.646754672415822 0.7626981012879885 4.719739888531127e-14
  outer loop
    vertex -18.51323859470277 24.60406156349771 -3.7101877758109653e-07
    vertex -18.591208049918816 24.67017830009551 3.9999996289812247
    vertex -18.513238594702987 24.60406156349767 3.9999996289812305
  endloop
endfacet
facet normal 0.8103632624085257 0.5859277966939364 4.555117154535868e-14
  outer loop
    vertex -15.871497924055882 24.03672144041739 -3.71018739680747e-07
    vertex -15.94900783492362 24.143920970110305 3.9999996289812594
    vertex -15.871497924056113 24.036721440417338 3.9999996289812594
  endloop
endfacet
facet normal 0.8103632624085257 0.5859277966939364 4.555117154535868e-14
  outer loop
    vertex -15.94900783492362 24.143920970110305 3.9999996289812594
    vertex -15.871497924055882 24.03672144041739 -3.71018739680747e-07
    vertex -15.94900783492349 24.143920970110376 -3.7101873832716306e-07
  endloop
endfacet
facet normal 0.7539114074637302 -0.6569760952242154 9.09077375538074e-15
  outer loop
    vertex -16.034665211641183 20.341857476072178 -3.7101880961591574e-07
    vertex -15.949007834923764 20.440153401768953 3.999999628981196
    vertex -16.034665211641318 20.341857476072093 3.9999996289811914
  endloop
endfacet
facet normal 0.7539114074637302 -0.6569760952242154 9.09077375538074e-15
  outer loop
    vertex -15.949007834923764 20.440153401768953 3.999999628981196
    vertex -16.034665211641183 20.341857476072178 -3.7101880961591574e-07
    vertex -15.949007834923634 20.440153401769063 -3.7101880600635863e-07
  endloop
endfacet
facet normal -0.16722828027514688 -0.9859182026295168 -2.240010703841207e-14
  outer loop
    vertex -18.089352399922017 19.90059293589854 -3.7101885473537947e-07
    vertex -18.29722176438753 19.935851070141982 3.9999996289811404
    vertex -18.297221764387473 19.935851070142057 -3.710188583449366e-07
  endloop
endfacet
facet normal -0.16722828027514688 -0.9859182026295168 -2.240010703841207e-14
  outer loop
    vertex -18.29722176438753 19.935851070141982 3.9999996289811404
    vertex -18.089352399922017 19.90059293589854 -3.7101885473537947e-07
    vertex -18.089352399922088 19.90059293589845 3.99999962898115
  endloop
endfacet
facet normal 0.2444429698456755 0.9696636708122184 2.1514650880421766e-14
  outer loop
    vertex -16.862395892460178 24.68098746379694 3.9999996289812563
    vertex -16.719706254793422 24.645016766072267 -3.7101874329030407e-07
    vertex -16.862395892459965 24.680987463796956 -3.7101874554627727e-07
  endloop
endfacet
facet normal 0.2444429698456755 0.9696636708122184 2.1514650880421766e-14
  outer loop
    vertex -16.719706254793422 24.645016766072267 -3.7101874329030407e-07
    vertex -16.862395892460178 24.68098746379694 3.9999996289812563
    vertex -16.71970625479351 24.64501676607219 3.9999996289812643
  endloop
endfacet
facet normal -0.07675969490963319 0.9970496222542687 1.0380257990479263e-14
  outer loop
    vertex -20.42777715826145 25.101052321246556 3.9999996289811968
    vertex -20.285645227327933 25.111994608783608 -3.71018800592023e-07
    vertex -20.427777158261367 25.101052321246602 -3.710188037503855e-07
  endloop
endfacet
facet normal -0.07675969490963319 0.9970496222542687 1.0380257990479263e-14
  outer loop
    vertex -20.285645227327933 25.111994608783608 -3.71018800592023e-07
    vertex -20.42777715826145 25.101052321246556 3.9999996289811968
    vertex -20.28564522732799 25.111994608783558 3.999999628981202
  endloop
endfacet
facet normal 0.5505669493366194 -0.8347910123487005 2.4569377258361916e-14
  outer loop
    vertex -18.59120804991851 19.91389607178384 -3.710188633080776e-07
    vertex -18.69768252413833 19.843673314727084 3.9999996289811337
    vertex -18.69768252413805 19.843673314727162 -3.7101886736882934e-07
  endloop
endfacet
facet normal 0.5505669493366194 -0.8347910123487005 2.4569377258361916e-14
  outer loop
    vertex -18.69768252413833 19.843673314727084 3.9999996289811337
    vertex -18.59120804991851 19.91389607178384 -3.710188633080776e-07
    vertex -18.59120804991883 19.91389607178376 3.999999628981135
  endloop
endfacet
facet normal 0.24444296984562733 -0.9696636708122305 -8.352323104115615e-15
  outer loop
    vertex -16.719706254793373 19.939057605807236 -3.7101882901728517e-07
    vertex -16.862395892460043 19.90308690808247 3.9999996289811564
    vertex -16.86239589245992 19.903086908082557 -3.7101883217564763e-07
  endloop
endfacet
facet normal 0.24444296984562733 -0.9696636708122305 -8.352323104115615e-15
  outer loop
    vertex -16.862395892460043 19.90308690808247 3.9999996289811564
    vertex -16.719706254793373 19.939057605807236 -3.7101882901728517e-07
    vertex -16.719706254793522 19.939057605807182 3.9999996289811612
  endloop
endfacet
facet normal -0.6629797767070482 -0.7486373058280441 -2.5195806319588382e-14
  outer loop
    vertex -21.88326604558138 20.17224867154323 3.9999996289810698
    vertex -21.966790328838034 20.246216279398364 -3.710189179026287e-07
    vertex -21.88326604558133 20.1722486715433 -3.7101891835382333e-07
  endloop
endfacet
facet normal -0.6629797767070482 -0.7486373058280441 -2.5195806319588382e-14
  outer loop
    vertex -21.966790328838034 20.246216279398364 -3.710189179026287e-07
    vertex -21.88326604558138 20.17224867154323 3.9999996289810698
    vertex -21.966790328838098 20.24621627939827 3.999999628981076
  endloop
endfacet
facet normal 0.6196445407191761 -0.7848825664753432 1.3405231043223824e-14
  outer loop
    vertex -16.128470054208616 20.25246515437124 -3.710188123230836e-07
    vertex -16.23042236262603 20.171976436666363 3.9999996289811888
    vertex -16.230422362625717 20.171976436666437 -3.710188159326407e-07
  endloop
endfacet
facet normal 0.6196445407191761 -0.7848825664753432 1.3405231043223824e-14
  outer loop
    vertex -16.23042236262603 20.171976436666363 3.9999996289811888
    vertex -16.128470054208616 20.25246515437124 -3.710188123230836e-07
    vertex -16.12847005420868 20.252465154371155 3.999999628981185
  endloop
endfacet
facet normal -0.9893156047350906 -0.14578969177428797 -6.03096814375897e-14
  outer loop
    vertex -22.46800564558227 20.988745000119515 3.9999996289809596
    vertex -22.461771535109854 20.94644089276664 -3.7101890662276276e-07
    vertex -22.461771535110085 20.946440892766553 3.9999996289809654
  endloop
endfacet
facet normal -0.9893156047350906 -0.14578969177428797 -6.03096814375897e-14
  outer loop
    vertex -22.461771535109854 20.94644089276664 -3.7101890662276276e-07
    vertex -22.46800564558227 20.988745000119515 3.9999996289809596
    vertex -22.46800564558204 20.9887450001196 -3.710189106835145e-07
  endloop
endfacet
facet normal -0.07675969490943566 -0.9970496222542838 -2.4337130388443556e-14
  outer loop
    vertex -20.28564522732793 19.47207976309586 -3.7101890301320565e-07
    vertex -20.427777158261456 19.483022050632744 3.9999996289810973
    vertex -20.42777715826141 19.483022050632833 -3.710189048179842e-07
  endloop
endfacet
facet normal -0.07675969490943566 -0.9970496222542838 -2.4337130388443556e-14
  outer loop
    vertex -20.427777158261456 19.483022050632744 3.9999996289810973
    vertex -20.28564522732793 19.47207976309586 -3.7101890301320565e-07
    vertex -20.285645227328057 19.472079763095767 3.9999996289810964
  endloop
endfacet
facet normal -0.07675969490921349 0.997049622254301 5.880125275319961e-15
  outer loop
    vertex -20.537643442291873 25.092594063748894 3.999999628981197
    vertex -20.427777158261367 25.101052321246602 -3.710188037503855e-07
    vertex -20.53764344229163 25.092594063748923 -3.710188051039694e-07
  endloop
endfacet
facet normal -0.07675969490921349 0.997049622254301 5.880125275319961e-15
  outer loop
    vertex -20.427777158261367 25.101052321246602 -3.710188037503855e-07
    vertex -20.537643442291873 25.092594063748894 3.999999628981197
    vertex -20.42777715826145 25.101052321246556 3.9999996289811968
  endloop
endfacet
facet normal 0.4748233560857265 -0.8800811215538527 1.1047308360326735e-15
  outer loop
    vertex -18.69768252413805 19.843673314727162 -3.7101886736882934e-07
    vertex -18.830231500859735 19.7721601911851 3.999999628981123
    vertex -18.83023150085965 19.77216019118521 -3.7101887097838645e-07
  endloop
endfacet
facet normal 0.4748233560857265 -0.8800811215538527 1.1047308360326735e-15
  outer loop
    vertex -18.830231500859735 19.7721601911851 3.999999628981123
    vertex -18.69768252413805 19.843673314727162 -3.7101886736882934e-07
    vertex -18.69768252413833 19.843673314727084 3.9999996289811337
  endloop
endfacet
facet normal -0.7298191437367482 -0.6836402690270371 -6.55524025165675e-14
  outer loop
    vertex -22.19923136805185 20.47915974669946 3.999999628981082
    vertex -22.124772990073133 20.399671816976518 -3.7101891835382333e-07
    vertex -22.124772990073414 20.399671816976422 3.999999628981083
  endloop
endfacet
facet normal -0.7298191437367482 -0.6836402690270371 -6.55524025165675e-14
  outer loop
    vertex -22.124772990073133 20.399671816976518 -3.7101891835382333e-07
    vertex -22.19923136805185 20.47915974669946 3.999999628981082
    vertex -22.199231368051585 20.479159746699548 -3.7101891835382333e-07
  endloop
endfacet
facet normal 0.11350849729415723 -0.9935370255013259 -1.530402122530116e-14
  outer loop
    vertex -17.013232995976352 19.876019814353874 -3.7101883578520474e-07
    vertex -17.172217565342876 19.85785632462111 3.9999996289811626
    vertex -17.17221756534279 19.857856324621213 -3.710188389435672e-07
  endloop
endfacet
facet normal 0.11350849729415723 -0.9935370255013259 -1.530402122530116e-14
  outer loop
    vertex -17.172217565342876 19.85785632462111 3.9999996289811626
    vertex -17.013232995976352 19.876019814353874 -3.7101883578520474e-07
    vertex -17.013232995976647 19.87601981435381 3.9999996289811643
  endloop
endfacet
facet normal 0.2225504953174046 -0.9749211645225361 3.9173522725522364e-15
  outer loop
    vertex -19.360020282502106 19.578035146543318 -3.710188840630309e-07
    vertex -19.572562105697497 19.529517081956065 3.999999628981112
    vertex -19.572562105697212 19.529517081956126 -3.710188890261719e-07
  endloop
endfacet
facet normal 0.2225504953174046 -0.9749211645225361 3.9173522725522364e-15
  outer loop
    vertex -19.572562105697497 19.529517081956065 3.999999628981112
    vertex -19.360020282502106 19.578035146543318 -3.710188840630309e-07
    vertex -19.36002028250238 19.57803514654328 3.999999628981118
  endloop
endfacet
facet normal -0.8686565660829526 0.4954147456434589 -3.781429539463182e-14
  outer loop
    vertex -22.418132761804817 21.209279124046553 3.9999996289809463
    vertex -22.43683509322114 21.17648659389104 -3.710189228657697e-07
    vertex -22.43683509322135 21.17648659389095 3.999999628980939
  endloop
endfacet
facet normal -0.8686565660829526 0.4954147456434589 -3.781429539463182e-14
  outer loop
    vertex -22.43683509322114 21.17648659389104 -3.710189228657697e-07
    vertex -22.418132761804817 21.209279124046553 3.9999996289809463
    vertex -22.418132761804582 21.20927912404664 -3.71018923768159e-07
  endloop
endfacet
facet normal -0.8569003533527311 -0.5154820893338242 -5.761763073004781e-14
  outer loop
    vertex -22.368259878027356 20.71114141300835 3.9999996289809845
    vertex -22.337089325666227 20.659325728458114 -3.710188804534738e-07
    vertex -22.337089325666437 20.659325728458025 3.999999628980992
  endloop
endfacet
facet normal -0.8569003533527311 -0.5154820893338242 -5.761763073004781e-14
  outer loop
    vertex -22.337089325666227 20.659325728458114 -3.710188804534738e-07
    vertex -22.368259878027356 20.71114141300835 3.9999996289809845
    vertex -22.36825987802713 20.711141413008438 -3.7101888496542017e-07
  endloop
endfacet
facet normal 0.28570501880325877 -0.9583176103101881 -2.175542725026511e-15
  outer loop
    vertex -19.163830896395176 19.6365254546037 -3.7101887864869526e-07
    vertex -19.36002028250238 19.57803514654328 3.999999628981118
    vertex -19.360020282502106 19.578035146543318 -3.710188840630309e-07
  endloop
endfacet
facet normal 0.28570501880325877 -0.9583176103101881 -2.175542725026511e-15
  outer loop
    vertex -19.36002028250238 19.57803514654328 3.999999628981118
    vertex -19.163830896395176 19.6365254546037 -3.7101887864869526e-07
    vertex -19.163830896395257 19.63652545460361 3.9999996289811226
  endloop
endfacet
facet normal -0.4812925350283049 0.8765600354374068 -1.1772370142157755e-14
  outer loop
    vertex -22.26228000000026 21.3494628318311 3.999999628980942
    vertex -21.814763249978526 21.595180708962086 -3.710186954636726e-07
    vertex -22.26228000000005 21.34946283183119 -3.710189287313e-07
  endloop
endfacet
facet normal -0.4812925350283049 0.8765600354374068 -1.1772370142157755e-14
  outer loop
    vertex -21.814763249978526 21.595180708962086 -3.710186954636726e-07
    vertex -22.26228000000026 21.3494628318311 3.999999628980942
    vertex -21.814763249978746 21.595180708962044 3.9999996289811746
  endloop
endfacet
facet normal -0.9987003144793493 -0.050967458822751055 -5.788622662007745e-14
  outer loop
    vertex -22.470083682406322 21.029463844606227 3.9999996289809596
    vertex -22.46800564558204 20.9887450001196 -3.710189106835145e-07
    vertex -22.46800564558227 20.988745000119515 3.9999996289809596
  endloop
endfacet
facet normal -0.9987003144793493 -0.050967458822751055 -5.788622662007745e-14
  outer loop
    vertex -22.46800564558204 20.9887450001196 -3.710189106835145e-07
    vertex -22.470083682406322 21.029463844606227 3.9999996289809596
    vertex -22.4700836824061 21.029463844606312 -3.7101891293948767e-07
  endloop
endfacet
facet normal 0.3915115500237284 -0.9201731935880426 6.977665671798046e-15
  outer loop
    vertex -16.458769377009922 20.037709813244703 -3.710188227005602e-07
    vertex -16.58516408297693 19.983931907527896 3.9999996289811697
    vertex -16.58516408297681 19.98393190752799 -3.7101882540772807e-07
  endloop
endfacet
facet normal 0.3915115500237284 -0.9201731935880426 6.977665671798046e-15
  outer loop
    vertex -16.58516408297693 19.983931907527896 3.9999996289811697
    vertex -16.458769377009922 20.037709813244703 -3.710188227005602e-07
    vertex -16.45876937701023 20.037709813244675 3.999999628981179
  endloop
endfacet
facet normal -0.2618710192357553 0.9651028801554924 8.6004171320255e-15
  outer loop
    vertex -20.995558917096567 24.994729343012033 3.999999628981183
    vertex -20.795489705626398 25.049016123626533 -3.710188109694997e-07
    vertex -20.995558917096496 24.99472934301211 -3.710188145790568e-07
  endloop
endfacet
facet normal -0.2618710192357553 0.9651028801554924 8.6004171320255e-15
  outer loop
    vertex -20.795489705626398 25.049016123626533 -3.710188109694997e-07
    vertex -20.995558917096567 24.994729343012033 3.999999628981183
    vertex -20.795489705626622 25.04901612362646 3.9999996289811888
  endloop
endfacet
facet normal -0.5488840466452861 -0.8358985006197196 -2.1168965825007348e-14
  outer loop
    vertex -21.4203151029064 19.830012241607847 -3.7101891564665553e-07
    vertex -21.518949228293586 19.894779313016173 3.9999996289810795
    vertex -21.518949228293526 19.89477931301626 -3.710189165490448e-07
  endloop
endfacet
facet normal -0.5488840466452861 -0.8358985006197196 -2.1168965825007348e-14
  outer loop
    vertex -21.518949228293586 19.894779313016173 3.9999996289810795
    vertex -21.4203151029064 19.830012241607847 -3.7101891564665553e-07
    vertex -21.420315102906386 19.83001224160776 3.9999996289810724
  endloop
endfacet
facet normal -0.6855604772764757 0.7280156811473575 -1.0172501465305814e-14
  outer loop
    vertex -22.04729264366873 24.262050377336667 3.999999628981153
    vertex -21.966790328838048 24.337858092481156 -3.7101884435790285e-07
    vertex -22.04729264366859 24.26205037733669 -3.710188452602921e-07
  endloop
endfacet
facet normal -0.6855604772764757 0.7280156811473575 -1.0172501465305814e-14
  outer loop
    vertex -21.966790328838048 24.337858092481156 -3.7101884435790285e-07
    vertex -22.04729264366873 24.262050377336667 3.999999628981153
    vertex -21.966790328838098 24.337858092481117 3.9999996289811612
  endloop
endfacet
facet normal 0.8584681573855437 -0.5128668665015016 2.924914530251553e-14
  outer loop
    vertex -15.871497924055848 20.547352931462004 -3.7101880284799623e-07
    vertex -15.802135479038299 20.663456065151017 3.9999996289811945
    vertex -15.871497924055944 20.547352931462 3.999999628981195
  endloop
endfacet
facet normal 0.8584681573855437 -0.5128668665015016 2.924914530251553e-14
  outer loop
    vertex -15.802135479038299 20.663456065151017 3.9999996289811945
    vertex -15.871497924055848 20.547352931462004 -3.7101880284799623e-07
    vertex -15.802135479038068 20.663456065151106 -3.710187992384391e-07
  endloop
endfacet
facet normal -0.20029383398837286 0.9797358726035493 -5.001541029690155e-16
  outer loop
    vertex -18.513238594702987 24.60406156349767 3.9999996289812305
    vertex -18.367623096777887 24.63383069534539 -3.710187739715394e-07
    vertex -18.51323859470277 24.60406156349771 -3.7101877758109653e-07
  endloop
endfacet
facet normal -0.20029383398837286 0.9797358726035493 -5.001541029690155e-16
  outer loop
    vertex -18.367623096777887 24.63383069534539 -3.710187739715394e-07
    vertex -18.513238594702987 24.60406156349767 3.9999996289812305
    vertex -18.297221764387473 24.648223301737353 -3.710187730691502e-07
  endloop
endfacet
facet normal -0.20029383398837286 0.9797358726035493 -5.001541029690155e-16
  outer loop
    vertex -18.297221764387473 24.648223301737353 -3.710187730691502e-07
    vertex -18.513238594702987 24.60406156349767 3.9999996289812305
    vertex -18.297221764387537 24.64822330173728 3.9999996289812274
  endloop
endfacet
facet normal -0.9607080792927132 0.2775607796171962 -4.8092969612017326e-14
  outer loop
    vertex -22.451381350989777 21.142108800869114 3.9999996289809503
    vertex -22.46177153510986 21.10614574498109 -3.7101891925621264e-07
    vertex -22.461771535110085 21.106145744981042 3.9999996289809436
  endloop
endfacet
facet normal -0.9607080792927132 0.2775607796171962 -4.8092969612017326e-14
  outer loop
    vertex -22.46177153510986 21.10614574498109 -3.7101891925621264e-07
    vertex -22.451381350989777 21.142108800869114 3.9999996289809503
    vertex -22.451381350989557 21.1421088008692 -3.7101892196338044e-07
  endloop
endfacet
facet normal -0.09071655086429144 -0.995876753117215 -2.2502800716139002e-14
  outer loop
    vertex -17.69805606854074 19.856787479399486 -3.7101884751626525e-07
    vertex -17.88963050130644 19.87423840565095 3.999999628981143
    vertex -17.88963050130633 19.874238405651013 -3.7101885202821166e-07
  endloop
endfacet
facet normal -0.09071655086429144 -0.995876753117215 -2.2502800716139002e-14
  outer loop
    vertex -17.88963050130644 19.87423840565095 3.999999628981143
    vertex -17.69805606854074 19.856787479399486 -3.7101884751626525e-07
    vertex -17.69805606854086 19.856787479399394 3.999999628981148
  endloop
endfacet
facet normal 0.40891142094158944 0.9125740790881199 1.2747453463868588e-14
  outer loop
    vertex -18.986424463730014 24.881902018232 3.9999996289812065
    vertex -18.830231500859753 24.811914180694334 -3.710187798370697e-07
    vertex -18.98642446372994 24.88190201823204 -3.7101878028826433e-07
  endloop
endfacet
facet normal 0.40891142094158944 0.9125740790881199 1.2747453463868588e-14
  outer loop
    vertex -18.830231500859753 24.811914180694334 -3.710187798370697e-07
    vertex -18.986424463730014 24.881902018232 3.9999996289812065
    vertex -18.830231500859753 24.81191418069429 3.999999628981219
  endloop
endfacet
facet normal -0.1666442362975837 -0.9860170883452248 -1.2893645439518605e-14
  outer loop
    vertex -20.5376434422917 19.49148030813052 -3.710189070739574e-07
    vertex -20.795489705626597 19.535058248252927 3.9999996289810804
    vertex -20.795489705626522 19.53505824825297 -3.710189111347091e-07
  endloop
endfacet
facet normal -0.1666442362975837 -0.9860170883452248 -1.2893645439518605e-14
  outer loop
    vertex -20.795489705626597 19.535058248252927 3.9999996289810804
    vertex -20.5376434422917 19.49148030813052 -3.710189070739574e-07
    vertex -20.537643442291724 19.491480308130477 3.9999996289810817
  endloop
endfacet
facet normal 0.3470391940025434 -0.9378506266064255 -8.356469195231658e-15
  outer loop
    vertex -18.986424463729932 19.702172353647494 -3.7101887503913815e-07
    vertex -19.163830896395257 19.63652545460361 3.9999996289811226
    vertex -19.163830896395176 19.6365254546037 -3.7101887864869526e-07
  endloop
endfacet
facet normal 0.3470391940025434 -0.9378506266064255 -8.356469195231658e-15
  outer loop
    vertex -19.163830896395257 19.63652545460361 3.9999996289811226
    vertex -18.986424463729932 19.702172353647494 -3.7101887503913815e-07
    vertex -18.98642446373003 19.702172353647445 3.9999996289811275
  endloop
endfacet
facet normal -0.7298191437373133 0.6836402690264339 -7.410852727780246e-15
  outer loop
    vertex -22.1247729900732 24.184402554902995 3.999999628981138
    vertex -22.19923136805156 24.10491462517988 -3.7101885202821166e-07
    vertex -22.199231368051617 24.104914625179827 3.999999628981137
  endloop
endfacet
facet normal -0.7298191437373133 0.6836402690264339 -7.410852727780246e-15
  outer loop
    vertex -22.19923136805156 24.10491462517988 -3.7101885202821166e-07
    vertex -22.1247729900732 24.184402554902995 3.999999628981138
    vertex -22.12477299007315 24.184402554902974 -3.710188497722385e-07
  endloop
endfacet
facet normal -0.8340201461972468 -0.5517339900143212 -5.418033087435042e-14
  outer loop
    vertex -22.337089325666437 20.659325728458025 3.999999628980992
    vertex -22.3017626996572 20.605924781041505 -3.7101887503913815e-07
    vertex -22.301762699657424 20.605924781041463 3.999999628980995
  endloop
endfacet
facet normal -0.8340201461972468 -0.5517339900143212 -5.418033087435042e-14
  outer loop
    vertex -22.3017626996572 20.605924781041505 -3.7101887503913815e-07
    vertex -22.337089325666437 20.659325728458025 3.999999628980992
    vertex -22.337089325666227 20.659325728458114 -3.710188804534738e-07
  endloop
endfacet
facet normal -0.2002938339885339 -0.9797358726035165 -2.393767999279993e-14
  outer loop
    vertex -18.29722176438753 19.935851070141982 3.9999996289811404
    vertex -18.367623096777965 19.950243676533923 -3.710188583449366e-07
    vertex -18.297221764387473 19.935851070142057 -3.710188583449366e-07
  endloop
endfacet
facet normal -0.2002938339885339 -0.9797358726035165 -2.393767999279993e-14
  outer loop
    vertex -18.367623096777965 19.950243676533923 -3.710188583449366e-07
    vertex -18.29722176438753 19.935851070141982 3.9999996289811404
    vertex -18.513238594702877 19.98001280838161 3.9999996289811275
  endloop
endfacet
facet normal -0.2002938339885339 -0.9797358726035165 -2.393767999279993e-14
  outer loop
    vertex -18.513238594702877 19.98001280838161 3.9999996289811275
    vertex -18.513238594702706 19.9800128083817 -3.7101886150329903e-07
    vertex -18.367623096777965 19.950243676533923 -3.710188583449366e-07
  endloop
endfacet
facet normal 0.40891142094135335 -0.9125740790882259 -8.625302466242348e-15
  outer loop
    vertex -18.83023150085965 19.77216019118521 -3.7101887097838645e-07
    vertex -18.98642446373003 19.702172353647445 3.9999996289811275
    vertex -18.986424463729932 19.702172353647494 -3.7101887503913815e-07
  endloop
endfacet
facet normal 0.40891142094135335 -0.9125740790882259 -8.625302466242348e-15
  outer loop
    vertex -18.98642446373003 19.702172353647445 3.9999996289811275
    vertex -18.83023150085965 19.77216019118521 -3.7101887097838645e-07
    vertex -18.830231500859735 19.7721601911851 3.999999628981123
  endloop
endfacet
facet normal -0.13082208778316542 -0.9914058610619839 -2.1850227541988008e-14
  outer loop
    vertex -17.88963050130633 19.874238405651013 -3.7101885202821166e-07
    vertex -18.089352399922088 19.90059293589845 3.99999962898115
    vertex -18.089352399922017 19.90059293589854 -3.7101885473537947e-07
  endloop
endfacet
facet normal -0.13082208778316542 -0.9914058610619839 -2.1850227541988008e-14
  outer loop
    vertex -18.089352399922088 19.90059293589845 3.99999962898115
    vertex -17.88963050130633 19.874238405651013 -3.7101885202821166e-07
    vertex -17.88963050130644 19.87423840565095 3.999999628981143
  endloop
endfacet
facet normal -0.4602870558623201 0.8877701426639653 -2.342291942423317e-15
  outer loop
    vertex -21.10628091618839 24.937322700760934 3.999999628981176
    vertex -20.995558917096496 24.99472934301211 -3.710188145790568e-07
    vertex -21.1062809161881 24.93732270076102 -3.7101881773741925e-07
  endloop
endfacet
facet normal -0.4602870558623201 0.8877701426639653 -2.342291942423317e-15
  outer loop
    vertex -20.995558917096496 24.99472934301211 -3.710188145790568e-07
    vertex -21.10628091618839 24.937322700760934 3.999999628981176
    vertex -20.995558917096567 24.994729343012033 3.999999628981183
  endloop
endfacet
facet normal 0.0020326450176988567 0.9999979341749822 -1.0718596279063959e-14
  outer loop
    vertex -17.514629101624937 24.73583421473535 3.9999996289812323
    vertex -17.339349600558805 24.73547793299474 -3.7101875366778074e-07
    vertex -17.514629101624823 24.735834214735302 -3.710187563749486e-07
  endloop
endfacet
facet normal 0.0020326450176988567 0.9999979341749822 -1.0718596279063959e-14
  outer loop
    vertex -17.339349600558805 24.73547793299474 -3.7101875366778074e-07
    vertex -17.514629101624937 24.73583421473535 3.9999996289812323
    vertex -17.33934960055912 24.735477932994787 3.999999628981248
  endloop
endfacet
facet normal 0.2225504953173201 0.9749211645225554 1.9727625573050224e-14
  outer loop
    vertex -19.572562105697344 25.054557289923288 3.999999628981208
    vertex -19.360020282502152 25.006039225336167 -3.710187857026e-07
    vertex -19.572562105697312 25.05455728992336 -3.710187884097678e-07
  endloop
endfacet
facet normal 0.2225504953173201 0.9749211645225554 1.9727625573050224e-14
  outer loop
    vertex -19.360020282502152 25.006039225336167 -3.710187857026e-07
    vertex -19.572562105697344 25.054557289923288 3.999999628981208
    vertex -19.360020282502234 25.0060392253361 3.9999996289812163
  endloop
endfacet
facet normal -0.6173455184701164 -0.7866921321742472 -2.0862731997677006e-14
  outer loop
    vertex -21.707151573789613 20.02983377770113 -3.710189179026287e-07
    vertex -21.796719793898582 20.10012117097747 3.9999996289810817
    vertex -21.7967197938985 20.10012117097751 -3.7101891835382333e-07
  endloop
endfacet
facet normal -0.6173455184701164 -0.7866921321742472 -2.0862731997677006e-14
  outer loop
    vertex -21.796719793898582 20.10012117097747 3.9999996289810817
    vertex -21.707151573789613 20.02983377770113 -3.710189179026287e-07
    vertex -21.70715157378968 20.02983377770108 3.9999996289810733
  endloop
endfacet
facet normal -0.9524583388412614 -0.3046688575679255 -5.734246937074548e-14
  outer loop
    vertex -22.451381350989777 20.902551522547363 3.9999996289809676
    vertex -22.436835093221152 20.857076889462014 -3.7101889895245395e-07
    vertex -22.43683509322135 20.85707688946193 3.999999628980971
  endloop
endfacet
facet normal -0.9524583388412614 -0.3046688575679255 -5.734246937074548e-14
  outer loop
    vertex -22.436835093221152 20.857076889462014 -3.7101889895245395e-07
    vertex -22.451381350989777 20.902551522547363 3.9999996289809676
    vertex -22.451381350989553 20.90255152254745 -3.7101890301320565e-07
  endloop
endfacet
facet normal -0.7513191747760497 0.6599390105258482 -1.3770198367164755e-14
  outer loop
    vertex -22.199231368051617 24.104914625179827 3.999999628981137
    vertex -22.26228 24.03313580112072 -3.710188019456069e-07
    vertex -22.262280000000214 24.033135801120636 3.9999996289810613
  endloop
endfacet
facet normal -0.7513191747760497 0.6599390105258482 -1.3770198367164755e-14
  outer loop
    vertex -22.26228 24.03313580112072 -3.710188019456069e-07
    vertex -22.199231368051617 24.104914625179827 3.999999628981137
    vertex -22.19923136805156 24.10491462517988 -3.7101885202821166e-07
  endloop
endfacet
facet normal 0.689875191570413 0.7239283252198976 3.1188640365571494e-14
  outer loop
    vertex -16.128470054208734 24.33160921750818 3.999999628981265
    vertex -16.034665211641112 24.24221689580729 -3.7101873877835776e-07
    vertex -16.128470054208606 24.331609217508216 -3.7101873877835776e-07
  endloop
endfacet
facet normal 0.689875191570413 0.7239283252198976 3.1188640365571494e-14
  outer loop
    vertex -16.034665211641112 24.24221689580729 -3.7101873877835776e-07
    vertex -16.128470054208734 24.33160921750818 3.999999628981265
    vertex -16.034665211641332 24.24221689580731 3.9999996289812607
  endloop
endfacet
facet normal 0.5450968004946228 -0.8383731138881574 1.636777942516578e-14
  outer loop
    vertex -16.230422362625717 20.171976436666437 -3.710188159326407e-07
    vertex -16.340522136893014 20.100391322957478 3.9999996289811692
    vertex -16.340522136892925 20.100391322957506 -3.710188195421978e-07
  endloop
endfacet
facet normal 0.5450968004946228 -0.8383731138881574 1.636777942516578e-14
  outer loop
    vertex -16.340522136893014 20.100391322957478 3.9999996289811692
    vertex -16.230422362625717 20.171976436666437 -3.710188159326407e-07
    vertex -16.23042236262603 20.171976436666363 3.9999996289811888
  endloop
endfacet
facet normal -0.40032315720166733 0.9163740337919277 -1.0924800485848576e-14
  outer loop
    vertex -21.788733875905077 21.60862400657506 3.9999996289808615
    vertex -21.76852583078543 21.61745200488668 -3.7101862643089306e-07
    vertex -21.78873387590486 21.608624006575102 -3.7101900814155614e-07
  endloop
endfacet
facet normal -0.40032315720166733 0.9163740337919277 -1.0924800485848576e-14
  outer loop
    vertex -21.76852583078543 21.61745200488668 -3.7101862643089306e-07
    vertex -21.788733875905077 21.60862400657506 3.9999996289808615
    vertex -21.768525830785645 21.617452004886626 3.999999628981243
  endloop
endfacet
facet normal -0.5329166792213468 0.8461677215586115 -1.0432614200070023e-14
  outer loop
    vertex -22.301762699657424 21.324596616006623 3.9999996289809436
    vertex -22.26228000000005 21.34946283183119 -3.710189287313e-07
    vertex -22.3017626996572 21.324596616006705 -3.7101892918249465e-07
  endloop
endfacet
facet normal -0.5329166792213468 0.8461677215586115 -1.0432614200070023e-14
  outer loop
    vertex -22.26228000000005 21.34946283183119 -3.710189287313e-07
    vertex -22.301762699657424 21.324596616006623 3.9999996289809436
    vertex -22.26228000000026 21.3494628318311 3.999999628980942
  endloop
endfacet
facet normal -0.6629797767070001 0.7486373058280867 3.861931421536518e-15
  outer loop
    vertex -21.966790328838098 24.337858092481117 3.9999996289811612
    vertex -21.883266045581323 24.411825700336234 -3.7101884119954034e-07
    vertex -21.966790328838048 24.337858092481156 -3.7101884435790285e-07
  endloop
endfacet
facet normal -0.6629797767070001 0.7486373058280867 3.861931421536518e-15
  outer loop
    vertex -21.883266045581323 24.411825700336234 -3.7101884119954034e-07
    vertex -21.966790328838098 24.337858092481117 3.9999996289811612
    vertex -21.88326604558138 24.41182570033614 3.9999996289811492
  endloop
endfacet
facet normal -0.9985931103715181 0.05302640774686708 -5.50020873118431e-14
  outer loop
    vertex -22.468005645582263 21.068597426226795 3.9999996289809534
    vertex -22.4700836824061 21.029463844606312 -3.7101891293948767e-07
    vertex -22.470083682406322 21.029463844606227 3.9999996289809596
  endloop
endfacet
facet normal -0.9985931103715181 0.05302640774686708 -5.50020873118431e-14
  outer loop
    vertex -22.4700836824061 21.029463844606312 -3.7101891293948767e-07
    vertex -22.468005645582263 21.068597426226795 3.9999996289809534
    vertex -22.46800564558204 21.068597426226837 -3.710189165490448e-07
  endloop
endfacet
facet normal -0.24915814813656845 0.9684628114786628 -3.003064525661457e-15
  outer loop
    vertex -21.70127486237666 21.639653280030586 3.999999628978242
    vertex -21.678352516802185 21.64555055260169 -3.7101913492724917e-07
    vertex -21.701274862376444 21.63965328003063 -3.710216304847876e-07
  endloop
endfacet
facet normal -0.24915814813656845 0.9684628114786628 -3.003064525661457e-15
  outer loop
    vertex -21.678352516802185 21.64555055260169 -3.7101913492724917e-07
    vertex -21.70127486237666 21.639653280030586 3.999999628978242
    vertex -21.678352516802402 21.64555055260165 3.9999996289807376
  endloop
endfacet
facet normal -0.7078697595869676 0.7063429786316903 -1.660822826156206e-14
  outer loop
    vertex -22.1247729900732 24.184402554902995 3.999999628981138
    vertex -22.04729264366859 24.26205037733669 -3.710188452602921e-07
    vertex -22.12477299007315 24.184402554902974 -3.710188497722385e-07
  endloop
endfacet
facet normal -0.7078697595869676 0.7063429786316903 -1.660822826156206e-14
  outer loop
    vertex -22.04729264366859 24.26205037733669 -3.710188452602921e-07
    vertex -22.1247729900732 24.184402554902995 3.999999628981138
    vertex -22.04729264366873 24.262050377336667 3.999999628981153
  endloop
endfacet
facet normal -0.45887961388657444 0.8884984524236991 -1.563816193345659e-14
  outer loop
    vertex -21.814763249978526 21.595180708962086 -3.710186954636726e-07
    vertex -21.788733875905077 21.60862400657506 3.9999996289808615
    vertex -21.78873387590486 21.608624006575102 -3.7101900814155614e-07
  endloop
endfacet
facet normal -0.45887961388657444 0.8884984524236991 -1.563816193345659e-14
  outer loop
    vertex -21.788733875905077 21.60862400657506 3.9999996289808615
    vertex -21.814763249978526 21.595180708962086 -3.710186954636726e-07
    vertex -21.814763249978746 21.595180708962044 3.9999996289811746
  endloop
endfacet
facet normal -0.6402138606890425 0.7681967277863342 7.971808626681599e-15
  outer loop
    vertex -21.88326604558138 24.41182570033614 3.9999996289811492
    vertex -21.79671979389853 24.48395320090197 -3.7101883849237254e-07
    vertex -21.883266045581323 24.411825700336234 -3.7101884119954034e-07
  endloop
endfacet
facet normal -0.6402138606890425 0.7681967277863342 7.971808626681599e-15
  outer loop
    vertex -21.79671979389853 24.48395320090197 -3.7101883849237254e-07
    vertex -21.88326604558138 24.41182570033614 3.9999996289811492
    vertex -21.79671979389858 24.48395320090189 3.999999628981167
  endloop
endfacet
facet normal -0.9293025876380001 -0.36931923942480593 -6.003275022788854e-14
  outer loop
    vertex -22.43683509322135 20.85707688946193 3.999999628980971
    vertex -22.418132761804582 20.8100169935104 -3.7101889534289684e-07
    vertex -22.418132761804827 20.810016993510313 3.999999628980975
  endloop
endfacet
facet normal -0.9293025876380001 -0.36931923942480593 -6.003275022788854e-14
  outer loop
    vertex -22.418132761804582 20.8100169935104 -3.7101889534289684e-07
    vertex -22.43683509322135 20.85707688946193 3.999999628980971
    vertex -22.436835093221152 20.857076889462014 -3.7101889895245395e-07
  endloop
endfacet
facet normal -0.5993691148396623 0.8004727754123306 -1.502562496279489e-14
  outer loop
    vertex -22.337089325666227 21.298145137316016 -3.7101892557293755e-07
    vertex -22.301762699657424 21.324596616006623 3.9999996289809436
    vertex -22.3017626996572 21.324596616006705 -3.7101892918249465e-07
  endloop
endfacet
facet normal -0.5993691148396623 0.8004727754123306 -1.502562496279489e-14
  outer loop
    vertex -22.301762699657424 21.324596616006623 3.9999996289809436
    vertex -22.337089325666227 21.298145137316016 -3.7101892557293755e-07
    vertex -22.337089325666437 21.298145137315927 3.999999628980947
  endloop
endfacet
facet normal -0.9050582182161583 -0.4252876927908834 -6.23451956735755e-14
  outer loop
    vertex -22.418132761804827 20.810016993510313 3.999999628980975
    vertex -22.395274356739918 20.761371834692532 -3.710188912821451e-07
    vertex -22.395274356740142 20.761371834692444 3.999999628980981
  endloop
endfacet
facet normal -0.9050582182161583 -0.4252876927908834 -6.23451956735755e-14
  outer loop
    vertex -22.395274356739918 20.761371834692532 -3.710188912821451e-07
    vertex -22.418132761804827 20.810016993510313 3.999999628980975
    vertex -22.418132761804582 20.8100169935104 -3.7101889534289684e-07
  endloop
endfacet
facet normal -0.30321528244395074 0.9529220810183984 -5.2380242710609705e-15
  outer loop
    vertex -21.74839092637581 21.62466117213662 -3.7101999219705985e-07
    vertex -21.70127486237666 21.639653280030586 3.999999628978242
    vertex -21.701274862376444 21.63965328003063 -3.710216304847876e-07
  endloop
endfacet
facet normal -0.30321528244395074 0.9529220810183984 -5.2380242710609705e-15
  outer loop
    vertex -21.70127486237666 21.639653280030586 3.999999628978242
    vertex -21.74839092637581 21.62466117213662 -3.7101999219705985e-07
    vertex -21.748390926376025 21.62466117213657 3.9999996289798783
  endloop
endfacet
facet normal -0.8122857964868595 -0.5832596204313376 -5.088785331615123e-14
  outer loop
    vertex -22.301762699657424 20.605924781041463 3.999999628980995
    vertex -22.26228000000005 20.550938570758774 -3.7101886872241324e-07
    vertex -22.26228000000026 20.550938570758724 3.9999996289810014
  endloop
endfacet
facet normal -0.8122857964868595 -0.5832596204313376 -5.088785331615123e-14
  outer loop
    vertex -22.26228000000005 20.550938570758774 -3.7101886872241324e-07
    vertex -22.301762699657424 20.605924781041463 3.999999628980995
    vertex -22.3017626996572 20.605924781041505 -3.7101887503913815e-07
  endloop
endfacet
facet normal -0.7388790841197451 0.6738380362152069 -2.666931998668221e-14
  outer loop
    vertex -22.368259878027356 21.270108395759042 3.9999996289809427
    vertex -22.395274356739908 21.240486391335953 -3.7101892602413215e-07
    vertex -22.395274356740135 21.240486391335867 3.9999996289809463
  endloop
endfacet
facet normal -0.7388790841197451 0.6738380362152069 -2.666931998668221e-14
  outer loop
    vertex -22.395274356739908 21.240486391335953 -3.7101892602413215e-07
    vertex -22.368259878027356 21.270108395759042 3.9999996289809427
    vertex -22.36825987802713 21.270108395759127 -3.7101892692652145e-07
  endloop
endfacet
facet normal -0.8807101097087344 -0.47365567943056364 -5.958560453680044e-14
  outer loop
    vertex -22.395274356740142 20.761371834692444 3.999999628980981
    vertex -22.36825987802713 20.711141413008438 -3.7101888496542017e-07
    vertex -22.368259878027356 20.71114141300835 3.9999996289809845
  endloop
endfacet
facet normal -0.8807101097087344 -0.47365567943056364 -5.958560453680044e-14
  outer loop
    vertex -22.36825987802713 20.711141413008438 -3.7101888496542017e-07
    vertex -22.395274356740142 20.761371834692444 3.999999628980981
    vertex -22.395274356739918 20.761371834692532 -3.710188912821451e-07
  endloop
endfacet
facet normal -0.8067367847507986 0.5909109578692407 -3.372733139312441e-14
  outer loop
    vertex -22.395274356740135 21.240486391335867 3.9999996289809463
    vertex -22.418132761804582 21.20927912404664 -3.71018923768159e-07
    vertex -22.418132761804817 21.209279124046553 3.9999996289809463
  endloop
endfacet
facet normal -0.8067367847507986 0.5909109578692407 -3.372733139312441e-14
  outer loop
    vertex -22.418132761804582 21.20927912404664 -3.71018923768159e-07
    vertex -22.395274356740135 21.240486391335867 3.9999996289809463
    vertex -22.395274356739908 21.240486391335953 -3.7101892602413215e-07
  endloop
endfacet
facet normal -0.986495740143629 0.1637869185206001 -5.32527131264115e-14
  outer loop
    vertex -22.461771535110085 21.106145744981042 3.9999996289809436
    vertex -22.46800564558204 21.068597426226837 -3.710189165490448e-07
    vertex -22.468005645582263 21.068597426226795 3.9999996289809534
  endloop
endfacet
facet normal -0.986495740143629 0.1637869185206001 -5.32527131264115e-14
  outer loop
    vertex -22.46800564558204 21.068597426226837 -3.710189165490448e-07
    vertex -22.461771535110085 21.106145744981042 3.9999996289809436
    vertex -22.46177153510986 21.10614574498109 -3.7101891925621264e-07
  endloop
endfacet
facet normal -0.6687438950883672 0.7434928397651446 -2.0022006405809157e-14
  outer loop
    vertex -22.368259878027356 21.270108395759042 3.9999996289809427
    vertex -22.337089325666227 21.298145137316016 -3.7101892557293755e-07
    vertex -22.36825987802713 21.270108395759127 -3.7101892692652145e-07
  endloop
endfacet
facet normal -0.6687438950883672 0.7434928397651446 -2.0022006405809157e-14
  outer loop
    vertex -22.337089325666227 21.298145137316016 -3.7101892557293755e-07
    vertex -22.368259878027356 21.270108395759042 3.9999996289809427
    vertex -22.337089325666437 21.298145137315927 3.999999628980947
  endloop
endfacet
facet normal -0.9209498803973525 0.38968104623666566 -4.054890823151992e-14
  outer loop
    vertex -22.43683509322135 21.17648659389095 3.999999628980939
    vertex -22.451381350989557 21.1421088008692 -3.7101892196338044e-07
    vertex -22.451381350989777 21.142108800869114 3.9999996289809503
  endloop
endfacet
facet normal -0.9209498803973525 0.38968104623666566 -4.054890823151992e-14
  outer loop
    vertex -22.451381350989557 21.1421088008692 -3.7101892196338044e-07
    vertex -22.43683509322135 21.17648659389095 3.999999628980939
    vertex -22.43683509322114 21.17648659389104 -3.710189228657697e-07
  endloop
endfacet
facet normal -0.9731034868212467 -0.2303684091544058 -6.033656013265678e-14
  outer loop
    vertex -22.461771535110085 20.946440892766553 3.9999996289809654
    vertex -22.451381350989553 20.90255152254745 -3.7101890301320565e-07
    vertex -22.451381350989777 20.902551522547363 3.9999996289809676
  endloop
endfacet
facet normal -0.9731034868212467 -0.2303684091544058 -6.033656013265678e-14
  outer loop
    vertex -22.451381350989553 20.90255152254745 -3.7101890301320565e-07
    vertex -22.461771535110085 20.946440892766553 3.9999996289809654
    vertex -22.461771535109854 20.94644089276664 -3.7101890662276276e-07
  endloop
endfacet
facet normal -0.33708811870128974 0.9414731011720012 -6.357076960853671e-15
  outer loop
    vertex -21.76852583078543 21.61745200488668 -3.7101862643089306e-07
    vertex -21.748390926376025 21.62466117213657 3.9999996289798783
    vertex -21.74839092637581 21.62466117213662 -3.7101999219705985e-07
  endloop
endfacet
facet normal -0.33708811870128974 0.9414731011720012 -6.357076960853671e-15
  outer loop
    vertex -21.748390926376025 21.62466117213657 3.9999996289798783
    vertex -21.76852583078543 21.61745200488668 -3.7101862643089306e-07
    vertex -21.768525830785645 21.617452004886626 3.999999628981243
  endloop
endfacet
facet normal -0.5716101407069011 0.820525348201405 -1.1904843184976667e-14
  outer loop
    vertex -21.614561385254675 24.622687880165326 3.9999996289811577
    vertex -21.51894922829351 24.689295058863234 -3.710188294684798e-07
    vertex -21.614561385254508 24.622687880165362 -3.7101883262684223e-07
  endloop
endfacet
facet normal -0.5716101407069011 0.820525348201405 -1.1904843184976667e-14
  outer loop
    vertex -21.51894922829351 24.689295058863234 -3.710188294684798e-07
    vertex -21.614561385254675 24.622687880165326 3.9999996289811577
    vertex -21.518949228293604 24.689295058863205 3.9999996289811683
  endloop
endfacet
facet normal 0.05531977133932423 -0.998468688992782 -2.1492080335934226e-14
  outer loop
    vertex -17.17221756534279 19.857856324621213 -3.710188389435672e-07
    vertex -17.33934960055902 19.848596438884535 3.9999996289811515
    vertex -17.339349600558812 19.84859643888462 -3.710188425531243e-07
  endloop
endfacet
facet normal 0.05531977133932423 -0.998468688992782 -2.1492080335934226e-14
  outer loop
    vertex -17.33934960055902 19.848596438884535 3.9999996289811515
    vertex -17.17221756534279 19.857856324621213 -3.710188389435672e-07
    vertex -17.172217565342876 19.85785632462111 3.9999996289811626
  endloop
endfacet
facet normal -0.261871019235373 -0.9651028801555961 -1.9452060888667338e-14
  outer loop
    vertex -20.795489705626522 19.53505824825297 -3.710189111347091e-07
    vertex -20.995558917096634 19.589345028867253 3.9999996289810853
    vertex -20.995558917096382 19.58934502886728 -3.71018912488293e-07
  endloop
endfacet
facet normal -0.261871019235373 -0.9651028801555961 -1.9452060888667338e-14
  outer loop
    vertex -20.995558917096634 19.589345028867253 3.9999996289810853
    vertex -20.795489705626522 19.53505824825297 -3.710189111347091e-07
    vertex -20.795489705626597 19.535058248252927 3.9999996289810804
  endloop
endfacet
facet normal 0.11350849729378565 0.9935370255013682 -3.8187754006628334e-15
  outer loop
    vertex -17.172217565342937 24.72621804725821 3.9999996289812496
    vertex -17.01323299597643 24.708054557525557 -3.7101874825344513e-07
    vertex -17.17221756534263 24.726218047258175 -3.7101875096061293e-07
  endloop
endfacet
facet normal 0.11350849729378565 0.9935370255013682 -3.8187754006628334e-15
  outer loop
    vertex -17.01323299597643 24.708054557525557 -3.7101874825344513e-07
    vertex -17.172217565342937 24.72621804725821 3.9999996289812496
    vertex -17.01323299597655 24.708054557525596 3.9999996289812514
  endloop
endfacet
facet normal 0.5505669493373172 0.8347910123482405 2.763038536483988e-14
  outer loop
    vertex -18.69768252413812 24.740401057152276 3.999999628981221
    vertex -18.591208049918585 24.670178300095593 -3.7101877758109653e-07
    vertex -18.697682524138024 24.740401057152248 -3.710187784834858e-07
  endloop
endfacet
facet normal 0.5505669493373172 0.8347910123482405 2.763038536483988e-14
  outer loop
    vertex -18.591208049918585 24.670178300095593 -3.7101877758109653e-07
    vertex -18.69768252413812 24.740401057152276 3.999999628981221
    vertex -18.591208049918816 24.67017830009551 3.9999996289812247
  endloop
endfacet
facet normal 0.5450968004941512 0.838373113888464 3.3557196065402013e-14
  outer loop
    vertex -16.340522136893007 24.483683048921886 3.9999996289812487
    vertex -16.230422362625784 24.412097935213144 -3.7101873922955236e-07
    vertex -16.340522136892933 24.483683048921957 -3.710187401319416e-07
  endloop
endfacet
facet normal 0.5450968004941512 0.838373113888464 3.3557196065402013e-14
  outer loop
    vertex -16.230422362625784 24.412097935213144 -3.7101873922955236e-07
    vertex -16.340522136893007 24.483683048921886 3.9999996289812487
    vertex -16.230422362625994 24.41209793521308 3.999999628981269
  endloop
endfacet
facet normal -0.046547450384753684 0.9989160799900455 -9.62481091239173e-15
  outer loop
    vertex -17.69805606854088 24.727286892479967 3.999999628981239
    vertex -17.514629101624823 24.735834214735302 -3.710187563749486e-07
    vertex -17.698056068540733 24.727286892479945 -3.7101875953331105e-07
  endloop
endfacet
facet normal -0.046547450384753684 0.9989160799900455 -9.62481091239173e-15
  outer loop
    vertex -17.514629101624823 24.735834214735302 -3.710187563749486e-07
    vertex -17.69805606854088 24.727286892479967 3.999999628981239
    vertex -17.514629101624937 24.73583421473535 3.9999996289812323
  endloop
endfacet
facet normal 0.6196445407197373 0.7848825664749001 3.6196297397810075e-14
  outer loop
    vertex -16.230422362625994 24.41209793521308 3.999999628981269
    vertex -16.128470054208606 24.331609217508216 -3.7101873877835776e-07
    vertex -16.230422362625784 24.412097935213144 -3.7101873922955236e-07
  endloop
endfacet
facet normal 0.6196445407197373 0.7848825664749001 3.6196297397810075e-14
  outer loop
    vertex -16.128470054208606 24.331609217508216 -3.7101873877835776e-07
    vertex -16.230422362625994 24.41209793521308 3.999999628981269
    vertex -16.128470054208734 24.33160921750818 3.999999628981265
  endloop
endfacet
facet normal 0.020359704484728736 -0.999792719734093 -9.521939098362733e-15
  outer loop
    vertex -18.00597724026985 23.146924457628828 3.999999628981167
    vertex -18.210302412114448 23.142763595046617 -3.710186620752694e-07
    vertex -18.005977240269598 23.14692445762887 -3.710187044875653e-07
  endloop
endfacet
facet normal 0.020359704484728736 -0.999792719734093 -9.521939098362733e-15
  outer loop
    vertex -18.210302412114448 23.142763595046617 -3.710186620752694e-07
    vertex -18.00597724026985 23.146924457628828 3.999999628981167
    vertex -18.210302412114707 23.14276359504657 3.99999962898121
  endloop
endfacet
facet normal 0.31639853065023066 0.9486263594283975 2.083348115978434e-14
  outer loop
    vertex -16.71970625479351 24.64501676607219 3.9999996289812643
    vertex -16.58516408297681 24.600142464351475 -3.710187423879148e-07
    vertex -16.719706254793422 24.645016766072267 -3.7101874329030407e-07
  endloop
endfacet
facet normal 0.31639853065023066 0.9486263594283975 2.083348115978434e-14
  outer loop
    vertex -16.58516408297681 24.600142464351475 -3.710187423879148e-07
    vertex -16.71970625479351 24.64501676607219 3.9999996289812643
    vertex -16.58516408297688 24.600142464351432 3.9999996289812465
  endloop
endfacet
facet normal 0.6019045180436213 -0.7985680629468448 1.6380691695129576e-14
  outer loop
    vertex -21.289103760304172 23.068349388718435 3.9999996289901025
    vertex -21.30978268659303 23.05276306647598 -3.710096823995997e-07
    vertex -21.28910376030395 23.068349388718516 -3.7100976722419145e-07
  endloop
endfacet
facet normal 0.6019045180436213 -0.7985680629468448 1.6380691695129576e-14
  outer loop
    vertex -21.30978268659303 23.05276306647598 -3.710096823995997e-07
    vertex -21.289103760304172 23.068349388718435 3.9999996289901025
    vertex -21.309782686593255 23.05276306647589 3.9999996289901874
  endloop
endfacet
facet normal -0.5263364814393389 -0.8502763717204287 -2.925226231552071e-14
  outer loop
    vertex -21.318659009093196 19.76708527748868 3.9999996289810804
    vertex -21.4203151029064 19.830012241607847 -3.7101891564665553e-07
    vertex -21.31865900909303 19.767085277488775 -3.7101891564665553e-07
  endloop
endfacet
facet normal -0.5263364814393389 -0.8502763717204287 -2.925226231552071e-14
  outer loop
    vertex -21.4203151029064 19.830012241607847 -3.7101891564665553e-07
    vertex -21.318659009093196 19.76708527748868 3.9999996289810804
    vertex -21.420315102906386 19.83001224160776 3.9999996289810724
  endloop
endfacet
facet normal 0.3470391940023351 0.9378506266065026 2.334126038534311e-14
  outer loop
    vertex -19.16383089639536 24.947548917275775 3.999999628981221
    vertex -18.98642446372994 24.88190201823204 -3.7101878028826433e-07
    vertex -19.163830896395186 24.94754891727585 -3.7101878299543214e-07
  endloop
endfacet
facet normal 0.3470391940023351 0.9378506266065026 2.334126038534311e-14
  outer loop
    vertex -18.98642446372994 24.88190201823204 -3.7101878028826433e-07
    vertex -19.16383089639536 24.947548917275775 3.999999628981221
    vertex -18.986424463730014 24.881902018232 3.9999996289812065
  endloop
endfacet
facet normal 0.006355952932753038 0.999979800727153 1.2730703269273329e-14
  outer loop
    vertex -20.28564522732799 25.111994608783558 3.999999628981202
    vertex -20.03698099793877 25.110414078719995 -3.710187951776874e-07
    vertex -20.285645227327933 25.111994608783608 -3.71018800592023e-07
  endloop
endfacet
facet normal 0.006355952932753038 0.999979800727153 1.2730703269273329e-14
  outer loop
    vertex -20.03698099793877 25.110414078719995 -3.710187951776874e-07
    vertex -20.28564522732799 25.111994608783558 3.999999628981202
    vertex -20.036980997938834 25.11041407871994 3.999999628981197
  endloop
endfacet
facet normal 0.17662466189213666 0.9842782781365687 4.826389324233332e-15
  outer loop
    vertex -17.01323299597655 24.708054557525596 3.9999996289812514
    vertex -16.862395892459965 24.680987463796956 -3.7101874554627727e-07
    vertex -17.01323299597643 24.708054557525557 -3.7101874825344513e-07
  endloop
endfacet
facet normal 0.17662466189213666 0.9842782781365687 4.826389324233332e-15
  outer loop
    vertex -16.862395892459965 24.680987463796956 -3.7101874554627727e-07
    vertex -17.01323299597655 24.708054557525596 3.9999996289812514
    vertex -16.862395892460178 24.68098746379694 3.9999996289812563
  endloop
endfacet
facet normal 0.08428063424821572 0.9964420578692564 1.3832412677427636e-14
  outer loop
    vertex -20.036980997938834 25.11041407871994 3.999999628981197
    vertex -19.799025849627263 25.09028745854781 -3.710187920193249e-07
    vertex -20.03698099793877 25.110414078719995 -3.710187951776874e-07
  endloop
endfacet
facet normal 0.08428063424821572 0.9964420578692564 1.3832412677427636e-14
  outer loop
    vertex -19.799025849627263 25.09028745854781 -3.710187920193249e-07
    vertex -20.036980997938834 25.11041407871994 3.999999628981197
    vertex -19.799025849627487 25.090287458547774 3.9999996289812154
  endloop
endfacet
facet normal 0.1558465432347556 -0.9877812789083307 -6.638594445236498e-15
  outer loop
    vertex -19.572562105697212 19.529517081956126 -3.710188890261719e-07
    vertex -19.79902584962747 19.493786913331583 3.9999996289811146
    vertex -19.799025849627352 19.493786913331643 -3.710188935381183e-07
  endloop
endfacet
facet normal 0.1558465432347556 -0.9877812789083307 -6.638594445236498e-15
  outer loop
    vertex -19.79902584962747 19.493786913331583 3.9999996289811146
    vertex -19.572562105697212 19.529517081956126 -3.710188890261719e-07
    vertex -19.572562105697497 19.529517081956065 3.999999628981112
  endloop
endfacet
facet normal 0.4683547256442382 -0.8835405202743735 1.676730968290391e-14
  outer loop
    vertex -16.340522136892925 20.100391322957506 -3.710188195421978e-07
    vertex -16.45876937701023 20.037709813244675 3.999999628981179
    vertex -16.458769377009922 20.037709813244703 -3.710188227005602e-07
  endloop
endfacet
facet normal 0.4683547256442382 -0.8835405202743735 1.676730968290391e-14
  outer loop
    vertex -16.45876937701023 20.037709813244675 3.999999628981179
    vertex -16.340522136892925 20.100391322957506 -3.710188195421978e-07
    vertex -16.340522136893014 20.100391322957478 3.9999996289811692
  endloop
endfacet
facet normal -0.6173455184694316 0.7866921321747844 -1.2595673579050043e-14
  outer loop
    vertex -21.79671979389858 24.48395320090189 3.999999628981167
    vertex -21.707151573789407 24.554240594178303 -3.710188353340101e-07
    vertex -21.79671979389853 24.48395320090197 -3.7101883849237254e-07
  endloop
endfacet
facet normal -0.6173455184694316 0.7866921321747844 -1.2595673579050043e-14
  outer loop
    vertex -21.707151573789407 24.554240594178303 -3.710188353340101e-07
    vertex -21.79671979389858 24.48395320090189 3.999999628981167
    vertex -21.707151573789666 24.554240594178268 3.999999628981165
  endloop
endfacet
facet normal 0.006355952932796644 -0.9999798007271528 -2.239676486707217e-14
  outer loop
    vertex -20.03698099793866 19.473660293159483 -3.7101889805006465e-07
    vertex -20.285645227328057 19.472079763095767 3.9999996289810964
    vertex -20.28564522732793 19.47207976309586 -3.7101890301320565e-07
  endloop
endfacet
facet normal 0.006355952932796644 -0.9999798007271528 -2.239676486707217e-14
  outer loop
    vertex -20.285645227328057 19.472079763095767 3.9999996289810964
    vertex -20.03698099793866 19.473660293159483 -3.7101889805006465e-07
    vertex -20.036980997938873 19.473660293159394 3.999999628981107
  endloop
endfacet
facet normal -0.5040227900217186 -0.8636903537372189 -3.010958766431155e-14
  outer loop
    vertex -21.21398094685356 19.705998420658947 -3.710189147442662e-07
    vertex -21.318659009093196 19.76708527748868 3.9999996289810804
    vertex -21.31865900909303 19.767085277488775 -3.7101891564665553e-07
  endloop
endfacet
facet normal -0.5040227900217186 -0.8636903537372189 -3.010958766431155e-14
  outer loop
    vertex -21.318659009093196 19.76708527748868 3.9999996289810804
    vertex -21.21398094685356 19.705998420658947 -3.710189147442662e-07
    vertex -21.21398094685361 19.705998420658887 3.9999996289810924
  endloop
endfacet
facet normal -0.7513191747768098 -0.6599390105249829 -5.613631843963194e-14
  outer loop
    vertex -22.26228000000026 20.550938570758724 3.9999996289810014
    vertex -22.199231368051585 20.479159746699548 -3.7101891835382333e-07
    vertex -22.19923136805185 20.47915974669946 3.999999628981082
  endloop
endfacet
facet normal -0.7513191747768098 -0.6599390105249829 -5.613631843963194e-14
  outer loop
    vertex -22.199231368051585 20.479159746699548 -3.7101891835382333e-07
    vertex -22.26228000000026 20.550938570758724 3.9999996289810014
    vertex -22.26228000000005 20.550938570758774 -3.7101886872241324e-07
  endloop
endfacet
facet normal 0.8980990623181518 0.43979321761852636 1.9367134694061713e-14
  outer loop
    vertex -15.802135479038151 23.92061830672843 -3.7101874058313626e-07
    vertex -15.74092049987032 23.79561156904332 3.9999996289812305
    vertex -15.74092049987032 23.79561156904332 -3.7101876889548056e-07
  endloop
endfacet
facet normal 0.8980990623181518 0.43979321761852636 1.9367134694061713e-14
  outer loop
    vertex -15.74092049987032 23.79561156904332 3.9999996289812305
    vertex -15.802135479038151 23.92061830672843 -3.7101874058313626e-07
    vertex -15.802135479038286 23.920618306728354 3.999999628981253
  endloop
endfacet
facet normal 0.689875191570761 -0.7239283252195661 1.6702863865341625e-15
  outer loop
    vertex -16.034665211641183 20.341857476072178 -3.7101880961591574e-07
    vertex -16.12847005420868 20.252465154371155 3.999999628981185
    vertex -16.128470054208616 20.25246515437124 -3.710188123230836e-07
  endloop
endfacet
facet normal 0.689875191570761 -0.7239283252195661 1.6702863865341625e-15
  outer loop
    vertex -16.12847005420868 20.252465154371155 3.999999628981185
    vertex -16.034665211641183 20.341857476072178 -3.7101880961591574e-07
    vertex -16.034665211641318 20.341857476072093 3.9999996289811914
  endloop
endfacet
facet normal 0.6467546724155022 -0.7626981012882595 2.3082529238436755e-14
  outer loop
    vertex -18.513238594702706 19.9800128083817 -3.7101886150329903e-07
    vertex -18.59120804991883 19.91389607178376 3.999999628981135
    vertex -18.59120804991851 19.91389607178384 -3.710188633080776e-07
  endloop
endfacet
facet normal 0.6467546724155022 -0.7626981012882595 2.3082529238436755e-14
  outer loop
    vertex -18.59120804991883 19.91389607178376 3.999999628981135
    vertex -18.513238594702706 19.9800128083817 -3.7101886150329903e-07
    vertex -18.513238594702877 19.98001280838161 3.9999996289811275
  endloop
endfacet
facet normal -0.5716101407061123 -0.8205253482019546 -3.9817968511895484e-14
  outer loop
    vertex -21.518949228293526 19.89477931301626 -3.710189165490448e-07
    vertex -21.6145613852547 19.9613864917139 3.999999628981075
    vertex -21.614561385254436 19.96138649171398 -3.710189174514341e-07
  endloop
endfacet
facet normal -0.5716101407061123 -0.8205253482019546 -3.9817968511895484e-14
  outer loop
    vertex -21.6145613852547 19.9613864917139 3.999999628981075
    vertex -21.518949228293526 19.89477931301626 -3.710189165490448e-07
    vertex -21.518949228293586 19.894779313016173 3.9999996289810795
  endloop
endfacet
facet normal -0.16664423629750622 0.986017088345238 2.6818115147949674e-15
  outer loop
    vertex -20.795489705626622 25.04901612362646 3.9999996289811888
    vertex -20.53764344229163 25.092594063748923 -3.710188051039694e-07
    vertex -20.795489705626398 25.049016123626533 -3.710188109694997e-07
  endloop
endfacet
facet normal -0.16664423629750622 0.986017088345238 2.6818115147949674e-15
  outer loop
    vertex -20.53764344229163 25.092594063748923 -3.710188051039694e-07
    vertex -20.795489705626622 25.04901612362646 3.9999996289811888
    vertex -20.537643442291873 25.092594063748894 3.999999628981197
  endloop
endfacet
facet normal 0.24294297895644942 0.970040570788545 2.540877830873187e-14
  outer loop
    vertex -21.540673045449843 21.642940635811588 3.9999996289805444
    vertex -21.516898590073733 21.636986413703802 -3.710179640771656e-07
    vertex -21.540673045449626 21.642940635811637 -3.7101932623377536e-07
  endloop
endfacet
facet normal 0.24294297895644942 0.970040570788545 2.540877830873187e-14
  outer loop
    vertex -21.516898590073733 21.636986413703802 -3.710179640771656e-07
    vertex -21.540673045449843 21.642940635811588 3.9999996289805444
    vertex -21.51689859007395 21.63698641370375 3.9999996289819078
  endloop
endfacet
facet normal -0.48199202963162946 0.8761756007625312 -7.357272935017122e-15
  outer loop
    vertex -21.2139809468536 24.878075951220577 3.999999628981178
    vertex -21.1062809161881 24.93732270076102 -3.7101881773741925e-07
    vertex -21.213980946853557 24.878075951220605 -3.7101882044458706e-07
  endloop
endfacet
facet normal -0.48199202963162946 0.8761756007625312 -7.357272935017122e-15
  outer loop
    vertex -21.1062809161881 24.93732270076102 -3.7101881773741925e-07
    vertex -21.2139809468536 24.878075951220577 3.999999628981178
    vertex -21.10628091618839 24.937322700760934 3.999999628981176
  endloop
endfacet
facet normal -0.5263364814395801 0.8502763717202794 -1.88886329461935e-14
  outer loop
    vertex -21.4203151029065 24.754062130271556 3.9999996289811697
    vertex -21.31865900909296 24.816989094390745 -3.710188236029495e-07
    vertex -21.420315102906226 24.754062130271517 -3.7101882676131197e-07
  endloop
endfacet
facet normal -0.5263364814395801 0.8502763717202794 -1.88886329461935e-14
  outer loop
    vertex -21.31865900909296 24.816989094390745 -3.710188236029495e-07
    vertex -21.4203151029065 24.754062130271556 3.9999996289811697
    vertex -21.318659009092993 24.816989094390696 3.999999628981171
  endloop
endfacet
facet normal -0.5040227900225697 0.8636903537367224 3.570357096080315e-15
  outer loop
    vertex -21.318659009092993 24.816989094390696 3.999999628981171
    vertex -21.213980946853557 24.878075951220605 -3.7101882044458706e-07
    vertex -21.31865900909296 24.816989094390745 -3.710188236029495e-07
  endloop
endfacet
facet normal -0.5040227900225697 0.8636903537367224 3.570357096080315e-15
  outer loop
    vertex -21.213980946853557 24.878075951220605 -3.7101882044458706e-07
    vertex -21.318659009092993 24.816989094390696 3.999999628981171
    vertex -21.2139809468536 24.878075951220577 3.999999628981178
  endloop
endfacet
facet normal -0.5944531757129994 0.8041302269438265 -2.4392984417977774e-14
  outer loop
    vertex -21.707151573789666 24.554240594178268 3.999999628981165
    vertex -21.614561385254508 24.622687880165362 -3.7101883262684223e-07
    vertex -21.707151573789407 24.554240594178303 -3.710188353340101e-07
  endloop
endfacet
facet normal -0.5944531757129994 0.8041302269438265 -2.4392984417977774e-14
  outer loop
    vertex -21.614561385254508 24.622687880165362 -3.7101883262684223e-07
    vertex -21.707151573789666 24.554240594178268 3.999999628981165
    vertex -21.614561385254675 24.622687880165326 3.9999996289811577
  endloop
endfacet
facet normal -0.1672282802753494 0.9859182026294825 8.682871766837627e-15
  outer loop
    vertex -18.297221764387537 24.64822330173728 3.9999996289812274
    vertex -18.089352399922 24.683481435980898 -3.710187681060091e-07
    vertex -18.297221764387473 24.648223301737353 -3.710187730691502e-07
  endloop
endfacet
facet normal -0.1672282802753494 0.9859182026294825 8.682871766837627e-15
  outer loop
    vertex -18.089352399922 24.683481435980898 -3.710187681060091e-07
    vertex -18.297221764387537 24.64822330173728 3.9999996289812274
    vertex -18.08935239992212 24.68348143598087 3.9999996289812323
  endloop
endfacet
facet normal -0.6402138606891496 -0.768196727786245 -2.1462291464683554e-14
  outer loop
    vertex -21.796719793898582 20.10012117097747 3.9999996289810817
    vertex -21.88326604558133 20.1722486715433 -3.7101891835382333e-07
    vertex -21.7967197938985 20.10012117097751 -3.7101891835382333e-07
  endloop
endfacet
facet normal -0.6402138606891496 -0.768196727786245 -2.1462291464683554e-14
  outer loop
    vertex -21.88326604558133 20.1722486715433 -3.7101891835382333e-07
    vertex -21.796719793898582 20.10012117097747 3.9999996289810817
    vertex -21.88326604558138 20.17224867154323 3.9999996289810698
  endloop
endfacet
facet normal -0.013876389417877171 -0.9999037182732763 -2.2406573397184424e-14
  outer loop
    vertex -21.610815937761537 22.93239075757996 3.9999996289796056
    vertex -21.6336359547676 22.932707447514 -3.710188529306009e-07
    vertex -21.61081593776132 22.93239075758005 -3.7102026697459395e-07
  endloop
endfacet
facet normal -0.013876389417877171 -0.9999037182732763 -2.2406573397184424e-14
  outer loop
    vertex -21.6336359547676 22.932707447514 -3.710188529306009e-07
    vertex -21.610815937761537 22.93239075757996 3.9999996289796056
    vertex -21.633635954767815 22.932707447513916 3.9999996289810174
  endloop
endfacet
facet normal -0.08951369972062406 -0.99598559104152 -2.6416976387168658e-14
  outer loop
    vertex -21.6336359547676 22.932707447514 -3.710188529306009e-07
    vertex -21.656142592362254 22.934730220149856 3.9999996289801265
    vertex -21.656142592362038 22.93473022014994 -3.7101974449120406e-07
  endloop
endfacet
facet normal -0.08951369972062406 -0.99598559104152 -2.6416976387168658e-14
  outer loop
    vertex -21.656142592362254 22.934730220149856 3.9999996289801265
    vertex -21.6336359547676 22.932707447514 -3.710188529306009e-07
    vertex -21.633635954767815 22.932707447513916 3.9999996289810174
  endloop
endfacet
facet normal -0.9293025876380681 0.36931923942463474 -4.5660744846206035e-14
  outer loop
    vertex -22.41813276180476 23.774057378369076 3.999999628981036
    vertex -22.43683509322108 23.726997482417506 -3.710188425531243e-07
    vertex -22.436835093221305 23.726997482417453 3.9999996289810293
  endloop
endfacet
facet normal -0.9293025876380681 0.36931923942463474 -4.5660744846206035e-14
  outer loop
    vertex -22.43683509322108 23.726997482417506 -3.710188425531243e-07
    vertex -22.41813276180476 23.774057378369076 3.999999628981036
    vertex -22.418132761804532 23.77405737836916 -3.7101883623639933e-07
  endloop
endfacet
facet normal -0.24915814814065193 -0.9684628114776122 -3.513903971870208e-14
  outer loop
    vertex -21.67835251680227 22.93852381927772 -3.7102031254525233e-07
    vertex -21.70127486237661 22.944421091848763 3.999999628979091
    vertex -21.701274862376373 22.94442109184885 -3.710207799828964e-07
  endloop
endfacet
facet normal -0.24915814814065193 -0.9684628114776122 -3.513903971870208e-14
  outer loop
    vertex -21.70127486237661 22.944421091848763 3.999999628979091
    vertex -21.67835251680227 22.93852381927772 -3.7102031254525233e-07
    vertex -21.678352516802487 22.938523819277634 3.9999996289795496
  endloop
endfacet
facet normal -0.48129253502831804 -0.8765600354373996 -4.547827303630175e-14
  outer loop
    vertex -21.814763249978526 22.98889366291742 -3.7101764824091956e-07
    vertex -22.26228000000022 23.23461154004824 3.9999996289809814
    vertex -22.26228 23.234611540048327 -3.710188890261719e-07
  endloop
endfacet
facet normal -0.48129253502831804 -0.8765600354373996 -4.547827303630175e-14
  outer loop
    vertex -22.26228000000022 23.23461154004824 3.9999996289809814
    vertex -21.814763249978526 22.98889366291742 -3.7101764824091956e-07
    vertex -21.814763249978746 22.98889366291733 3.9999996289822244
  endloop
endfacet
facet normal 0.29488752525733825 -0.9555319709186096 -4.195804623267814e-15
  outer loop
    vertex -21.49304650500952 22.954448970209764 -3.710177953303713e-07
    vertex -21.51689859007395 22.94708795817567 3.999999628980653
    vertex -21.516898590073726 22.947087958175757 -3.710192193006463e-07
  endloop
endfacet
facet normal 0.29488752525733825 -0.9555319709186096 -4.195804623267814e-15
  outer loop
    vertex -21.51689859007395 22.94708795817567 3.999999628980653
    vertex -21.49304650500952 22.954448970209764 -3.710177953303713e-07
    vertex -21.49304650500974 22.954448970209675 3.999999628982075
  endloop
endfacet
facet normal 0.670416517511514 -0.7419849682087462 2.265262464155938e-14
  outer loop
    vertex -20.43752274960109 23.835815971933968 -3.7101878615379465e-07
    vertex -21.270079702888047 23.083563625636412 3.999999628957506
    vertex -21.27007970288783 23.083563625636497 -3.710423660367297e-07
  endloop
endfacet
facet normal 0.670416517511514 -0.7419849682087462 2.265262464155938e-14
  outer loop
    vertex -21.270079702888047 23.083563625636412 3.999999628957506
    vertex -20.43752274960109 23.835815971933968 -3.7101878615379465e-07
    vertex -20.437522749601335 23.83581597193388 3.999999628981084
  endloop
endfacet
facet normal -0.9893156047350915 0.14578969177428186 -5.285067308620795e-14
  outer loop
    vertex -22.46177153511003 23.637633479112814 3.9999996289810182
    vertex -22.46800564558199 23.595329371759917 -3.710188583449366e-07
    vertex -22.468005645582217 23.59532937175983 3.9999996289810125
  endloop
endfacet
facet normal -0.9893156047350915 0.14578969177428186 -5.285067308620795e-14
  outer loop
    vertex -22.46800564558199 23.595329371759917 -3.710188583449366e-07
    vertex -22.46177153511003 23.637633479112814 3.9999996289810182
    vertex -22.461771535109808 23.637633479112864 -3.710188538329902e-07
  endloop
endfacet
facet normal -0.9731034868212582 0.23036840915435694 -5.153299763449328e-14
  outer loop
    vertex -22.45138135098973 23.681522849331998 3.999999628981024
    vertex -22.461771535109808 23.637633479112864 -3.710188538329902e-07
    vertex -22.46177153511003 23.637633479112814 3.9999996289810182
  endloop
endfacet
facet normal -0.9731034868212582 0.23036840915435694 -5.153299763449328e-14
  outer loop
    vertex -22.461771535109808 23.637633479112864 -3.710188538329902e-07
    vertex -22.45138135098973 23.681522849331998 3.999999628981024
    vertex -22.451381350989504 23.681522849332048 -3.7101884841865456e-07
  endloop
endfacet
facet normal -0.8340201461969889 0.551733990014711 -3.320780290601162e-14
  outer loop
    vertex -22.30176269965737 23.97814959083787 3.9999996289810613
    vertex -22.337089325666177 23.924748643421413 -3.7101881638383535e-07
    vertex -22.337089325666398 23.924748643421328 3.9999996289810458
  endloop
endfacet
facet normal -0.8340201461969889 0.551733990014711 -3.320780290601162e-14
  outer loop
    vertex -22.337089325666177 23.924748643421413 -3.7101881638383535e-07
    vertex -22.30176269965737 23.97814959083787 3.9999996289810613
    vertex -22.301762699657154 23.978149590837955 -3.7101880916472114e-07
  endloop
endfacet
facet normal 0.3422814866875754 -0.9395974584208618 -2.72384404926153e-16
  outer loop
    vertex -21.46920045558889 22.963135734072488 3.999999628980778
    vertex -21.49304650500952 22.954448970209764 -3.710177953303713e-07
    vertex -21.469200455588645 22.963135734072573 -3.7101909431973185e-07
  endloop
endfacet
facet normal 0.3422814866875754 -0.9395974584208618 -2.72384404926153e-16
  outer loop
    vertex -21.49304650500952 22.954448970209764 -3.710177953303713e-07
    vertex -21.46920045558889 22.963135734072488 3.999999628980778
    vertex -21.49304650500974 22.954448970209675 3.999999628982075
  endloop
endfacet
facet normal 0.21568105754671907 -0.9764638659036641 -2.042616682628033e-15
  outer loop
    vertex -18.210302412114448 23.142763595046617 -3.710186620752694e-07
    vertex -18.409859923649655 23.098685389357478 3.999999628981203
    vertex -18.409859923649403 23.098685389357563 -3.710186692943836e-07
  endloop
endfacet
facet normal 0.21568105754671907 -0.9764638659036641 -2.042616682628033e-15
  outer loop
    vertex -18.409859923649655 23.098685389357478 3.999999628981203
    vertex -18.210302412114448 23.142763595046617 -3.710186620752694e-07
    vertex -18.210302412114707 23.14276359504657 3.99999962898121
  endloop
endfacet
facet normal 0.574051683708365 -0.8188190669687603 1.3347742840547317e-14
  outer loop
    vertex -18.59692796354195 23.016395432025465 -3.7101867967186026e-07
    vertex -18.69487592363226 22.947726792427538 3.9999996289811874
    vertex -18.694875923632043 22.947726792427623 -3.710186823790281e-07
  endloop
endfacet
facet normal 0.574051683708365 -0.8188190669687603 1.3347742840547317e-14
  outer loop
    vertex -18.69487592363226 22.947726792427538 3.9999996289811874
    vertex -18.59692796354195 23.016395432025465 -3.7101867967186026e-07
    vertex -18.596927963542168 23.016395432025377 3.999999628981193
  endloop
endfacet
facet normal 0.42486332785699604 -0.9052575062612177 3.397999110781278e-15
  outer loop
    vertex -21.42187618002094 22.98412157682753 3.9999996289822985
    vertex -21.445447556856468 22.973058853198882 -3.7101595987058714e-07
    vertex -21.421876180020725 22.98412157682762 -3.710175737938045e-07
  endloop
endfacet
facet normal 0.42486332785699604 -0.9052575062612177 3.397999110781278e-15
  outer loop
    vertex -21.445447556856468 22.973058853198882 -3.7101595987058714e-07
    vertex -21.42187618002094 22.98412157682753 3.9999996289822985
    vertex -21.445447556856685 22.973058853198797 3.9999996289839124
  endloop
endfacet
facet normal -0.9985931103715128 -0.05302640774696869 -5.791897485727917e-14
  outer loop
    vertex -22.470083682406276 23.554610527273095 3.99999962898101
    vertex -22.468005645581986 23.515476945652647 -3.710188660152454e-07
    vertex -22.46800564558221 23.51547694565256 3.9999996289810036
  endloop
endfacet
facet normal -0.9985931103715128 -0.05302640774696869 -5.791897485727917e-14
  outer loop
    vertex -22.468005645581986 23.515476945652647 -3.710188660152454e-07
    vertex -22.470083682406276 23.554610527273095 3.99999962898101
    vertex -22.470083682406045 23.554610527273184 -3.71018862856883e-07
  endloop
endfacet
facet normal 0.18616307690405395 -0.9825188592579865 -1.0191250366592909e-14
  outer loop
    vertex -21.54067304544963 22.94113373606784 -3.7101829570522397e-07
    vertex -21.564292715429843 22.936658391500576 3.999999628980945
    vertex -21.56429271542961 22.936658391500664 -3.7101892557293755e-07
  endloop
endfacet
facet normal 0.18616307690405395 -0.9825188592579865 -1.0191250366592909e-14
  outer loop
    vertex -21.564292715429843 22.936658391500576 3.999999628980945
    vertex -21.54067304544963 22.94113373606784 -3.7101829570522397e-07
    vertex -21.54067304544987 22.94113373606775 3.999999628981575
  endloop
endfacet
facet normal 0.4026567040415268 -0.9153510685471526 3.7948905886214856e-15
  outer loop
    vertex -18.409859923649403 23.098685389357563 -3.710186692943836e-07
    vertex -18.596927963542168 23.016395432025377 3.999999628981193
    vertex -18.59692796354195 23.016395432025465 -3.7101867967186026e-07
  endloop
endfacet
facet normal 0.4026567040415268 -0.9153510685471526 3.7948905886214856e-15
  outer loop
    vertex -18.596927963542168 23.016395432025377 3.999999628981193
    vertex -18.409859923649403 23.098685389357563 -3.710186692943836e-07
    vertex -18.409859923649655 23.098685389357478 3.999999628981203
  endloop
endfacet
facet normal 0.49375080940941407 -0.8696034373250536 8.345565730257451e-15
  outer loop
    vertex -21.375629600032557 23.009248775210008 3.999999628984565
    vertex -21.39857449697175 22.996220927171105 -3.710152614212888e-07
    vertex -21.375629600032337 23.009248775210093 -3.7101530654075247e-07
  endloop
endfacet
facet normal 0.49375080940941407 -0.8696034373250536 8.345565730257451e-15
  outer loop
    vertex -21.39857449697175 22.996220927171105 -3.710152614212888e-07
    vertex -21.375629600032557 23.009248775210008 3.999999628984565
    vertex -21.398574496971975 22.99622092717102 3.999999628984611
  endloop
endfacet
facet normal 0.12438189146007705 -0.9922344204253416 -1.4305737382233516e-14
  outer loop
    vertex -21.56429271542961 22.936658391500664 -3.7101892557293755e-07
    vertex -21.587690895055232 22.93372530454187 3.999999628980448
    vertex -21.587690895055005 22.933725304541955 -3.7101942504540094e-07
  endloop
endfacet
facet normal 0.12438189146007705 -0.9922344204253416 -1.4305737382233516e-14
  outer loop
    vertex -21.587690895055232 22.93372530454187 3.999999628980448
    vertex -21.56429271542961 22.936658391500664 -3.7101892557293755e-07
    vertex -21.564292715429843 22.936658391500576 3.999999628980945
  endloop
endfacet
facet normal 0.24294297895929018 -0.9700405707878335 -6.977846604577897e-15
  outer loop
    vertex -21.51689859007395 22.94708795817567 3.999999628980653
    vertex -21.54067304544963 22.94113373606784 -3.7101829570522397e-07
    vertex -21.516898590073726 22.947087958175757 -3.710192193006463e-07
  endloop
endfacet
facet normal 0.24294297895929018 -0.9700405707878335 -6.977846604577897e-15
  outer loop
    vertex -21.54067304544963 22.94113373606784 -3.7101829570522397e-07
    vertex -21.51689859007395 22.94708795817567 3.999999628980653
    vertex -21.54067304544987 22.94113373606775 3.999999628981575
  endloop
endfacet
facet normal 0.3854783971248911 -0.9227168608787989 2.2790130390705903e-15
  outer loop
    vertex -21.445447556856468 22.973058853198882 -3.7101595987058714e-07
    vertex -21.46920045558889 22.963135734072488 3.999999628980778
    vertex -21.469200455588645 22.963135734072573 -3.7101909431973185e-07
  endloop
endfacet
facet normal 0.3854783971248911 -0.9227168608787989 2.2790130390705903e-15
  outer loop
    vertex -21.46920045558889 22.963135734072488 3.999999628980778
    vertex -21.445447556856468 22.973058853198882 -3.7101595987058714e-07
    vertex -21.445447556856685 22.973058853198797 3.9999996289839124
  endloop
endfacet
facet normal 0.551897331141712 -0.8339120672341032 1.2319302891672805e-14
  outer loop
    vertex -21.331150677004274 23.03763711048187 -3.7101294769518914e-07
    vertex -21.353127042993695 23.02309277395736 3.9999996289858792
    vertex -21.35312704299347 23.023092773957444 -3.71013991308385e-07
  endloop
endfacet
facet normal 0.551897331141712 -0.8339120672341032 1.2319302891672805e-14
  outer loop
    vertex -21.353127042993695 23.02309277395736 3.9999996289858792
    vertex -21.331150677004274 23.03763711048187 -3.7101294769518914e-07
    vertex -21.33115067700449 23.037637110481786 3.9999996289869224
  endloop
endfacet
facet normal 0.4608272561545416 -0.8874898534547179 6.146052037558317e-15
  outer loop
    vertex -21.39857449697175 22.996220927171105 -3.710152614212888e-07
    vertex -21.42187618002094 22.98412157682753 3.9999996289822985
    vertex -21.421876180020725 22.98412157682762 -3.710175737938045e-07
  endloop
endfacet
facet normal 0.4608272561545416 -0.8874898534547179 6.146052037558317e-15
  outer loop
    vertex -21.42187618002094 22.98412157682753 3.9999996289822985
    vertex -21.39857449697175 22.996220927171105 -3.710152614212888e-07
    vertex -21.398574496971975 22.99622092717102 3.999999628984611
  endloop
endfacet
facet normal -0.458879613885589 -0.888498452424208 -4.4501782359223396e-14
  outer loop
    vertex -21.788733875905045 22.97545036530434 3.9999996289802087
    vertex -21.814763249978526 22.98889366291742 -3.7101764824091956e-07
    vertex -21.788733875904832 22.975450365304425 -3.7101966102019616e-07
  endloop
endfacet
facet normal -0.458879613885589 -0.888498452424208 -4.4501782359223396e-14
  outer loop
    vertex -21.814763249978526 22.98889366291742 -3.7101764824091956e-07
    vertex -21.788733875905045 22.97545036530434 3.9999996289802087
    vertex -21.814763249978746 22.98889366291733 3.9999996289822244
  endloop
endfacet
facet normal 0.05761417156895091 -0.9983389240305236 -1.8449966829607877e-14
  outer loop
    vertex -21.587690895055005 22.933725304541955 -3.7101942504540094e-07
    vertex -21.610815937761537 22.93239075757996 3.9999996289796056
    vertex -21.61081593776132 22.93239075758005 -3.7102026697459395e-07
  endloop
endfacet
facet normal 0.05761417156895091 -0.9983389240305236 -1.8449966829607877e-14
  outer loop
    vertex -21.610815937761537 22.93239075757996 3.9999996289796056
    vertex -21.587690895055005 22.933725304541955 -3.7101942504540094e-07
    vertex -21.587690895055232 22.93372530454187 3.999999628980448
  endloop
endfacet
facet normal 0.11320321376741271 -0.9935718556766437 -1.4878073480440587e-14
  outer loop
    vertex -18.694875923632043 22.947726792427623 -3.710186823790281e-07
    vertex -18.816909075483192 22.9338228710385 3.9999996289811866
    vertex -18.816909075482936 22.933822871038586 -3.710186855373905e-07
  endloop
endfacet
facet normal 0.11320321376741271 -0.9935718556766437 -1.4878073480440587e-14
  outer loop
    vertex -18.816909075483192 22.9338228710385 3.9999996289811866
    vertex -18.694875923632043 22.947726792427623 -3.710186823790281e-07
    vertex -18.69487592363226 22.947726792427538 3.9999996289811874
  endloop
endfacet
facet normal -0.8067367847516044 -0.5909109578681406 -5.793301553204606e-14
  outer loop
    vertex -22.418132761804763 23.37479524783284 3.999999628980992
    vertex -22.39527435673987 23.343587980543532 -3.7101888225825237e-07
    vertex -22.395274356740085 23.343587980543443 3.9999996289809885
  endloop
endfacet
facet normal -0.8067367847516044 -0.5909109578681406 -5.793301553204606e-14
  outer loop
    vertex -22.39527435673987 23.343587980543532 -3.7101888225825237e-07
    vertex -22.418132761804763 23.37479524783284 3.999999628980992
    vertex -22.418132761804532 23.37479524783292 -3.710188804534738e-07
  endloop
endfacet
facet normal -0.07675969490964939 -0.9970496222542675 -1.7069712308710323e-14
  outer loop
    vertex -20.42777715826141 19.483022050632833 -3.710189048179842e-07
    vertex -20.537643442291724 19.491480308130477 3.9999996289810817
    vertex -20.5376434422917 19.49148030813052 -3.710189070739574e-07
  endloop
endfacet
facet normal -0.07675969490964939 -0.9970496222542675 -1.7069712308710323e-14
  outer loop
    vertex -20.537643442291724 19.491480308130477 3.9999996289810817
    vertex -20.42777715826141 19.483022050632833 -3.710189048179842e-07
    vertex -20.427777158261456 19.483022050632744 3.9999996289810973
  endloop
endfacet
facet normal -0.4819920296317467 -0.8761756007624666 -2.9118821965329176e-14
  outer loop
    vertex -21.106280916188094 19.64675167111852 -3.71018913841877e-07
    vertex -21.21398094685361 19.705998420658887 3.9999996289810924
    vertex -21.21398094685356 19.705998420658947 -3.710189147442662e-07
  endloop
endfacet
facet normal -0.4819920296317467 -0.8761756007624666 -2.9118821965329176e-14
  outer loop
    vertex -21.21398094685361 19.705998420658887 3.9999996289810924
    vertex -21.106280916188094 19.64675167111852 -3.71018913841877e-07
    vertex -21.10628091618829 19.646751671118448 3.9999996289810773
  endloop
endfacet
facet normal 0.0020326450176768192 -0.9999979341749822 -2.164353099800383e-14
  outer loop
    vertex -17.339349600558812 19.84859643888462 -3.710188425531243e-07
    vertex -17.5146291016251 19.848240157143973 3.99999962898115
    vertex -17.51462910162481 19.848240157144062 -3.7101884480909745e-07
  endloop
endfacet
facet normal 0.0020326450176768192 -0.9999979341749822 -2.164353099800383e-14
  outer loop
    vertex -17.5146291016251 19.848240157143973 3.99999962898115
    vertex -17.339349600558812 19.84859643888462 -3.710188425531243e-07
    vertex -17.33934960055902 19.848596438884535 3.9999996289811515
  endloop
endfacet
facet normal 0.46835472564454295 0.8835405202742117 2.3419018408866335e-14
  outer loop
    vertex -16.458769377010086 24.546364558634732 3.9999996289812607
    vertex -16.340522136892933 24.483683048921957 -3.710187401319416e-07
    vertex -16.45876937700995 24.54636455863476 -3.710187410343309e-07
  endloop
endfacet
facet normal 0.46835472564454295 0.8835405202742117 2.3419018408866335e-14
  outer loop
    vertex -16.340522136892933 24.483683048921957 -3.710187401319416e-07
    vertex -16.458769377010086 24.546364558634732 3.9999996289812607
    vertex -16.340522136893007 24.483683048921886 3.9999996289812487
  endloop
endfacet
facet normal 0.7539114074635905 0.6569760952243757 3.680483352408252e-14
  outer loop
    vertex -15.94900783492349 24.143920970110376 -3.7101873832716306e-07
    vertex -16.034665211641332 24.24221689580731 3.9999996289812607
    vertex -15.94900783492362 24.143920970110305 3.9999996289812594
  endloop
endfacet
facet normal 0.7539114074635905 0.6569760952243757 3.680483352408252e-14
  outer loop
    vertex -16.034665211641332 24.24221689580731 3.9999996289812607
    vertex -15.94900783492349 24.143920970110376 -3.7101873832716306e-07
    vertex -16.034665211641112 24.24221689580729 -3.7101873877835776e-07
  endloop
endfacet
facet normal -4.3562354741103085e-15 -1.9042755245987646e-14 1.0
  outer loop
    vertex -22.46800564558227 20.988745000119515 3.9999996289809596
    vertex -22.468005645582263 21.068597426226795 3.9999996289809534
    vertex -22.470083682406322 21.029463844606227 3.9999996289809596
  endloop
endfacet
facet normal -4.3562354741103085e-15 -1.9042755245987646e-14 1.0
  outer loop
    vertex -22.468005645582263 21.068597426226795 3.9999996289809534
    vertex -22.46800564558227 20.988745000119515 3.9999996289809596
    vertex -22.461771535110085 20.946440892766553 3.9999996289809654
  endloop
endfacet
facet normal -4.3562354741103085e-15 -1.9042755245987646e-14 1.0
  outer loop
    vertex -22.468005645582263 21.068597426226795 3.9999996289809534
    vertex -22.461771535110085 20.946440892766553 3.9999996289809654
    vertex -22.461771535110085 21.106145744981042 3.9999996289809436
  endloop
endfacet
facet normal -4.3562354741103085e-15 -1.9042755245987646e-14 1.0
  outer loop
    vertex -22.461771535110085 21.106145744981042 3.9999996289809436
    vertex -22.461771535110085 20.946440892766553 3.9999996289809654
    vertex -22.451381350989777 20.902551522547363 3.9999996289809676
  endloop
endfacet
facet normal -4.3562354741103085e-15 -1.9042755245987646e-14 1.0
  outer loop
    vertex -22.461771535110085 21.106145744981042 3.9999996289809436
    vertex -22.451381350989777 20.902551522547363 3.9999996289809676
    vertex -22.451381350989777 21.142108800869114 3.9999996289809503
  endloop
endfacet
facet normal -4.3562354741103085e-15 -1.9042755245987646e-14 1.0
  outer loop
    vertex -22.451381350989777 21.142108800869114 3.9999996289809503
    vertex -22.451381350989777 20.902551522547363 3.9999996289809676
    vertex -22.43683509322135 20.85707688946193 3.999999628980971
  endloop
endfacet
facet normal -4.3562354741103085e-15 -1.9042755245987646e-14 1.0
  outer loop
    vertex -22.451381350989777 21.142108800869114 3.9999996289809503
    vertex -22.43683509322135 20.85707688946193 3.999999628980971
    vertex -22.43683509322135 21.17648659389095 3.999999628980939
  endloop
endfacet
facet normal -4.3562354741103085e-15 -1.9042755245987646e-14 1.0
  outer loop
    vertex -22.43683509322135 21.17648659389095 3.999999628980939
    vertex -22.43683509322135 20.85707688946193 3.999999628980971
    vertex -22.418132761804827 20.810016993510313 3.999999628980975
  endloop
endfacet
facet normal -4.3562354741103085e-15 -1.9042755245987646e-14 1.0
  outer loop
    vertex -22.43683509322135 21.17648659389095 3.999999628980939
    vertex -22.418132761804827 20.810016993510313 3.999999628980975
    vertex -22.418132761804817 21.209279124046553 3.9999996289809463
  endloop
endfacet
facet normal -4.3562354741103085e-15 -1.9042755245987646e-14 1.0
  outer loop
    vertex -22.418132761804817 21.209279124046553 3.9999996289809463
    vertex -22.418132761804827 20.810016993510313 3.999999628980975
    vertex -22.395274356740142 20.761371834692444 3.999999628980981
  endloop
endfacet
facet normal -4.3562354741103085e-15 -1.9042755245987646e-14 1.0
  outer loop
    vertex -22.418132761804817 21.209279124046553 3.9999996289809463
    vertex -22.395274356740142 20.761371834692444 3.999999628980981
    vertex -22.395274356740135 21.240486391335867 3.9999996289809463
  endloop
endfacet
facet normal -4.3562354741103085e-15 -1.9042755245987646e-14 1.0
  outer loop
    vertex -22.395274356740135 21.240486391335867 3.9999996289809463
    vertex -22.395274356740142 20.761371834692444 3.999999628980981
    vertex -22.368259878027356 20.71114141300835 3.9999996289809845
  endloop
endfacet
facet normal -4.3562354741103085e-15 -1.9042755245987646e-14 1.0
  outer loop
    vertex -22.395274356740135 21.240486391335867 3.9999996289809463
    vertex -22.368259878027356 20.71114141300835 3.9999996289809845
    vertex -22.368259878027356 21.270108395759042 3.9999996289809427
  endloop
endfacet
facet normal -4.3562354741103085e-15 -1.9042755245987646e-14 1.0
  outer loop
    vertex -22.368259878027356 21.270108395759042 3.9999996289809427
    vertex -22.368259878027356 20.71114141300835 3.9999996289809845
    vertex -22.337089325666437 20.659325728458025 3.999999628980992
  endloop
endfacet
facet normal -4.3562354741103085e-15 -1.9042755245987646e-14 1.0
  outer loop
    vertex -22.368259878027356 21.270108395759042 3.9999996289809427
    vertex -22.337089325666437 20.659325728458025 3.999999628980992
    vertex -22.337089325666437 21.298145137315927 3.999999628980947
  endloop
endfacet
facet normal -4.3562354741103085e-15 -1.9042755245987646e-14 1.0
  outer loop
    vertex -22.337089325666437 21.298145137315927 3.999999628980947
    vertex -22.337089325666437 20.659325728458025 3.999999628980992
    vertex -22.301762699657424 20.605924781041463 3.999999628980995
  endloop
endfacet
facet normal -4.3562354741103085e-15 -1.9042755245987646e-14 1.0
  outer loop
    vertex -22.337089325666437 21.298145137315927 3.999999628980947
    vertex -22.301762699657424 20.605924781041463 3.999999628980995
    vertex -22.301762699657424 21.324596616006623 3.9999996289809436
  endloop
endfacet
facet normal -4.3562354741103085e-15 -1.9042755245987646e-14 1.0
  outer loop
    vertex -22.301762699657424 21.324596616006623 3.9999996289809436
    vertex -22.301762699657424 20.605924781041463 3.999999628980995
    vertex -22.26228000000026 20.550938570758724 3.9999996289810014
  endloop
endfacet
facet normal -4.3562354741103085e-15 -1.9042755245987646e-14 1.0
  outer loop
    vertex -22.301762699657424 21.324596616006623 3.9999996289809436
    vertex -22.26228000000026 20.550938570758724 3.9999996289810014
    vertex -22.26228000000026 21.3494628318311 3.999999628980942
  endloop
endfacet
facet normal -4.3562354741103085e-15 -1.9042755245987646e-14 1.0
  outer loop
    vertex -22.26228000000026 21.3494628318311 3.999999628980942
    vertex -22.26228000000026 20.550938570758724 3.9999996289810014
    vertex -22.19923136805185 20.47915974669946 3.999999628981082
  endloop
endfacet
facet normal -4.3562354741103085e-15 -1.9042755245987646e-14 1.0
  outer loop
    vertex -22.26228000000026 21.3494628318311 3.999999628980942
    vertex -22.19923136805185 20.47915974669946 3.999999628981082
    vertex -21.814763249978746 21.595180708962044 3.9999996289811746
  endloop
endfacet
facet normal -4.3562354741103085e-15 -1.9042755245987646e-14 1.0
  outer loop
    vertex -21.814763249978746 21.595180708962044 3.9999996289811746
    vertex -22.19923136805185 20.47915974669946 3.999999628981082
    vertex -22.124772990073414 20.399671816976422 3.999999628981083
  endloop
endfacet
facet normal -4.3562354741103085e-15 -1.9042755245987646e-14 1.0
  outer loop
    vertex -21.814763249978746 21.595180708962044 3.9999996289811746
    vertex -22.124772990073414 20.399671816976422 3.999999628981083
    vertex -22.047292643668808 20.322023994542658 3.9999996289810853
  endloop
endfacet
facet normal -4.3562354741103085e-15 -1.9042755245987646e-14 1.0
  outer loop
    vertex -21.814763249978746 21.595180708962044 3.9999996289811746
    vertex -22.047292643668808 20.322023994542658 3.9999996289810853
    vertex -21.966790328838098 20.24621627939827 3.999999628981076
  endloop
endfacet
facet normal -4.3562354741103085e-15 -1.9042755245987646e-14 1.0
  outer loop
    vertex -21.814763249978746 21.595180708962044 3.9999996289811746
    vertex -21.966790328838098 20.24621627939827 3.999999628981076
    vertex -21.88326604558138 20.17224867154323 3.9999996289810698
  endloop
endfacet
facet normal -4.3562354741103085e-15 -1.9042755245987646e-14 1.0
  outer loop
    vertex -21.814763249978746 21.595180708962044 3.9999996289811746
    vertex -21.88326604558138 20.17224867154323 3.9999996289810698
    vertex -21.796719793898582 20.10012117097747 3.9999996289810817
  endloop
endfacet
facet normal -4.3562354741103085e-15 -1.9042755245987646e-14 1.0
  outer loop
    vertex -21.814763249978746 21.595180708962044 3.9999996289811746
    vertex -21.796719793898582 20.10012117097747 3.9999996289810817
    vertex -21.788733875905077 21.60862400657506 3.9999996289808615
  endloop
endfacet
facet normal -4.3562354741103085e-15 -1.9042755245987646e-14 1.0
  outer loop
    vertex -21.788733875905077 21.60862400657506 3.9999996289808615
    vertex -21.796719793898582 20.10012117097747 3.9999996289810817
    vertex -21.70715157378968 20.02983377770108 3.9999996289810733
  endloop
endfacet
facet normal -4.3562354741103085e-15 -1.9042755245987646e-14 1.0
  outer loop
    vertex -21.788733875905077 21.60862400657506 3.9999996289808615
    vertex -21.70715157378968 20.02983377770108 3.9999996289810733
    vertex -21.768525830785645 21.617452004886626 3.999999628981243
  endloop
endfacet
facet normal -4.3562354741103085e-15 -1.9042755245987646e-14 1.0
  outer loop
    vertex -21.768525830785645 21.617452004886626 3.999999628981243
    vertex -21.70715157378968 20.02983377770108 3.9999996289810733
    vertex -21.748390926376025 21.62466117213657 3.9999996289798783
  endloop
endfacet
facet normal -4.3562354741103085e-15 -1.9042755245987646e-14 1.0
  outer loop
    vertex -21.748390926376025 21.62466117213657 3.9999996289798783
    vertex -21.70715157378968 20.02983377770108 3.9999996289810733
    vertex -21.70127486237666 21.639653280030586 3.999999628978242
  endloop
endfacet
facet normal -4.3562354741103085e-15 -1.9042755245987646e-14 1.0
  outer loop
    vertex -21.70127486237666 21.639653280030586 3.999999628978242
    vertex -21.70715157378968 20.02983377770108 3.9999996289810733
    vertex -21.6145613852547 19.9613864917139 3.999999628981075
  endloop
endfacet
facet normal -4.3562354741103085e-15 -1.9042755245987646e-14 1.0
  outer loop
    vertex -21.70127486237666 21.639653280030586 3.999999628978242
    vertex -21.6145613852547 19.9613864917139 3.999999628981075
    vertex -21.678352516802402 21.64555055260165 3.9999996289807376
  endloop
endfacet
facet normal -4.3562354741103085e-15 -1.9042755245987646e-14 1.0
  outer loop
    vertex -21.678352516802402 21.64555055260165 3.9999996289807376
    vertex -21.6145613852547 19.9613864917139 3.999999628981075
    vertex -21.656142592362336 21.64934415172953 3.999999628979795
  endloop
endfacet
facet normal -4.3562354741103085e-15 -1.9042755245987646e-14 1.0
  outer loop
    vertex -21.656142592362336 21.64934415172953 3.999999628979795
    vertex -21.6145613852547 19.9613864917139 3.999999628981075
    vertex -21.633635954767822 21.65136692436545 3.999999628980223
  endloop
endfacet
facet normal -4.3562354741103085e-15 -1.9042755245987646e-14 1.0
  outer loop
    vertex -21.633635954767822 21.65136692436545 3.999999628980223
    vertex -21.6145613852547 19.9613864917139 3.999999628981075
    vertex -21.61081593776163 21.651683614299415 3.999999628980388
  endloop
endfacet
facet normal -4.3562354741103085e-15 -1.9042755245987646e-14 1.0
  outer loop
    vertex -21.61081593776163 21.651683614299415 3.999999628980388
    vertex -21.6145613852547 19.9613864917139 3.999999628981075
    vertex -21.518949228293586 19.894779313016173 3.9999996289810795
  endloop
endfacet
facet normal -4.3562354741103085e-15 -1.9042755245987646e-14 1.0
  outer loop
    vertex -21.61081593776163 21.651683614299415 3.999999628980388
    vertex -21.518949228293586 19.894779313016173 3.9999996289810795
    vertex -21.587690895055275 21.65034906733748 3.999999628980574
  endloop
endfacet
facet normal -4.3562354741103085e-15 -1.9042755245987646e-14 1.0
  outer loop
    vertex -21.587690895055275 21.65034906733748 3.999999628980574
    vertex -21.518949228293586 19.894779313016173 3.9999996289810795
    vertex -21.564292715429794 21.6474159803788 3.9999996289806967
  endloop
endfacet
facet normal -4.3562354741103085e-15 -1.9042755245987646e-14 1.0
  outer loop
    vertex -21.564292715429794 21.6474159803788 3.9999996289806967
    vertex -21.518949228293586 19.894779313016173 3.9999996289810795
    vertex -21.540673045449843 21.642940635811588 3.9999996289805444
  endloop
endfacet
facet normal -4.3562354741103085e-15 -1.9042755245987646e-14 1.0
  outer loop
    vertex -21.540673045449843 21.642940635811588 3.9999996289805444
    vertex -21.518949228293586 19.894779313016173 3.9999996289810795
    vertex -21.51689859007395 21.63698641370375 3.9999996289819078
  endloop
endfacet
facet normal -4.3562354741103085e-15 -1.9042755245987646e-14 1.0
  outer loop
    vertex -21.51689859007395 21.63698641370375 3.9999996289819078
    vertex -21.518949228293586 19.894779313016173 3.9999996289810795
    vertex -21.420315102906386 19.83001224160776 3.9999996289810724
  endloop
endfacet
facet normal -4.3562354741103085e-15 -1.9042755245987646e-14 1.0
  outer loop
    vertex -21.51689859007395 21.63698641370375 3.9999996289819078
    vertex -21.420315102906386 19.83001224160776 3.9999996289810724
    vertex -21.49304650500999 21.629625401669692 3.99999962898122
  endloop
endfacet
facet normal -4.3562354741103085e-15 -1.9042755245987646e-14 1.0
  outer loop
    vertex -21.49304650500999 21.629625401669692 3.99999962898122
    vertex -21.420315102906386 19.83001224160776 3.9999996289810724
    vertex -21.469200455588815 21.62093863780682 3.9999996289819246
  endloop
endfacet
facet normal -4.3562354741103085e-15 -1.9042755245987646e-14 1.0
  outer loop
    vertex -21.469200455588815 21.62093863780682 3.9999996289819246
    vertex -21.420315102906386 19.83001224160776 3.9999996289810724
    vertex -21.445447556856642 21.611015518680524 3.9999996289824162
  endloop
endfacet
facet normal -4.3562354741103085e-15 -1.9042755245987646e-14 1.0
  outer loop
    vertex -21.445447556856642 21.611015518680524 3.9999996289824162
    vertex -21.420315102906386 19.83001224160776 3.9999996289810724
    vertex -21.421876180020913 21.59995279505181 3.9999996289830126
  endloop
endfacet
facet normal -4.3562354741103085e-15 -1.9042755245987646e-14 1.0
  outer loop
    vertex -21.421876180020913 21.59995279505181 3.9999996289830126
    vertex -21.420315102906386 19.83001224160776 3.9999996289810724
    vertex -21.398574496971833 21.587853444708283 3.999999628984371
  endloop
endfacet
facet normal -4.3562354741103085e-15 -1.9042755245987646e-14 1.0
  outer loop
    vertex -21.398574496971833 21.587853444708283 3.999999628984371
    vertex -21.420315102906386 19.83001224160776 3.9999996289810724
    vertex -21.318659009093196 19.76708527748868 3.9999996289810804
  endloop
endfacet
facet normal -4.3562354741103085e-15 -1.9042755245987646e-14 1.0
  outer loop
    vertex -21.398574496971833 21.587853444708283 3.999999628984371
    vertex -21.318659009093196 19.76708527748868 3.9999996289810804
    vertex -21.37562960003229 21.574825596669335 3.999999628984183
  endloop
endfacet
facet normal -4.3562354741103085e-15 -1.9042755245987646e-14 1.0
  outer loop
    vertex -21.37562960003229 21.574825596669335 3.999999628984183
    vertex -21.318659009093196 19.76708527748868 3.9999996289810804
    vertex -21.353127042993513 21.560981597921973 3.999999628987925
  endloop
endfacet
facet normal -4.3562354741103085e-15 -1.9042755245987646e-14 1.0
  outer loop
    vertex -21.353127042993513 21.560981597921973 3.999999628987925
    vertex -21.318659009093196 19.76708527748868 3.9999996289810804
    vertex -21.331150677004306 21.546437261397614 3.999999628985792
  endloop
endfacet
facet normal -4.3562354741103085e-15 -1.9042755245987646e-14 1.0
  outer loop
    vertex -21.331150677004306 21.546437261397614 3.999999628985792
    vertex -21.318659009093196 19.76708527748868 3.9999996289810804
    vertex -21.3097826865935 21.531311305403715 3.9999996289890474
  endloop
endfacet
facet normal -4.3562354741103085e-15 -1.9042755245987646e-14 1.0
  outer loop
    vertex -21.3097826865935 21.531311305403715 3.9999996289890474
    vertex -21.318659009093196 19.76708527748868 3.9999996289810804
    vertex -21.21398094685361 19.705998420658887 3.9999996289810924
  endloop
endfacet
facet normal -4.3562354741103085e-15 -1.9042755245987646e-14 1.0
  outer loop
    vertex -21.3097826865935 21.531311305403715 3.9999996289890474
    vertex -21.21398094685361 19.705998420658887 3.9999996289810924
    vertex -21.289103760304375 21.515724983160887 3.9999996289905413
  endloop
endfacet
facet normal -4.3562354741103085e-15 -1.9042755245987646e-14 1.0
  outer loop
    vertex -21.289103760304375 21.515724983160887 3.9999996289905413
    vertex -21.21398094685361 19.705998420658887 3.9999996289810924
    vertex -21.270079702887838 21.500510746242792 3.999999628957575
  endloop
endfacet
facet normal -4.3562354741103085e-15 -1.9042755245987646e-14 1.0
  outer loop
    vertex -21.270079702887838 21.500510746242792 3.999999628957575
    vertex -21.21398094685361 19.705998420658887 3.9999996289810924
    vertex -20.437522749601396 20.748258399945502 3.999999628981046
  endloop
endfacet
facet normal -4.3562354741103085e-15 -1.9042755245987646e-14 1.0
  outer loop
    vertex -20.437522749601396 20.748258399945502 3.999999628981046
    vertex -21.21398094685361 19.705998420658887 3.9999996289810924
    vertex -21.10628091618829 19.646751671118448 3.9999996289810773
  endloop
endfacet
facet normal -4.3562354741103085e-15 -1.9042755245987646e-14 1.0
  outer loop
    vertex -20.437522749601396 20.748258399945502 3.999999628981046
    vertex -21.10628091618829 19.646751671118448 3.9999996289810773
    vertex -20.995558917096634 19.589345028867253 3.9999996289810853
  endloop
endfacet
facet normal -4.3562354741103085e-15 -1.9042755245987646e-14 1.0
  outer loop
    vertex -20.437522749601396 20.748258399945502 3.999999628981046
    vertex -20.995558917096634 19.589345028867253 3.9999996289810853
    vertex -20.795489705626597 19.535058248252927 3.9999996289810804
  endloop
endfacet
facet normal -4.3562354741103085e-15 -1.9042755245987646e-14 1.0
  outer loop
    vertex -20.437522749601396 20.748258399945502 3.999999628981046
    vertex -20.795489705626597 19.535058248252927 3.9999996289810804
    vertex -20.537643442291724 19.491480308130477 3.9999996289810817
  endloop
endfacet
facet normal -4.3562354741103085e-15 -1.9042755245987646e-14 1.0
  outer loop
    vertex -20.437522749601396 20.748258399945502 3.999999628981046
    vertex -20.537643442291724 19.491480308130477 3.9999996289810817
    vertex -20.427777158261456 19.483022050632744 3.9999996289810973
  endloop
endfacet
facet normal -4.3562354741103085e-15 -1.9042755245987646e-14 1.0
  outer loop
    vertex -20.437522749601396 20.748258399945502 3.999999628981046
    vertex -20.427777158261456 19.483022050632744 3.9999996289810973
    vertex -18.816909075483213 21.650251500840895 3.9999996289811564
  endloop
endfacet
facet normal -4.3562354741103085e-15 -1.9042755245987646e-14 1.0
  outer loop
    vertex -18.816909075483213 21.650251500840895 3.9999996289811564
    vertex -20.427777158261456 19.483022050632744 3.9999996289810973
    vertex -20.285645227328057 19.472079763095767 3.9999996289810964
  endloop
endfacet
facet normal -4.3562354741103085e-15 -1.9042755245987646e-14 1.0
  outer loop
    vertex -18.816909075483213 21.650251500840895 3.9999996289811564
    vertex -20.285645227328057 19.472079763095767 3.9999996289810964
    vertex -20.036980997938873 19.473660293159394 3.999999628981107
  endloop
endfacet
facet normal -4.3562354741103085e-15 -1.9042755245987646e-14 1.0
  outer loop
    vertex -18.816909075483213 21.650251500840895 3.9999996289811564
    vertex -20.036980997938873 19.473660293159394 3.999999628981107
    vertex -19.79902584962747 19.493786913331583 3.9999996289811146
  endloop
endfacet
facet normal -4.3562354741103085e-15 -1.9042755245987646e-14 1.0
  outer loop
    vertex -18.816909075483213 21.650251500840895 3.9999996289811564
    vertex -19.79902584962747 19.493786913331583 3.9999996289811146
    vertex -19.572562105697497 19.529517081956065 3.999999628981112
  endloop
endfacet
facet normal -4.3562354741103085e-15 -1.9042755245987646e-14 1.0
  outer loop
    vertex -18.816909075483213 21.650251500840895 3.9999996289811564
    vertex -19.572562105697497 19.529517081956065 3.999999628981112
    vertex -19.36002028250238 19.57803514654328 3.999999628981118
  endloop
endfacet
facet normal -4.3562354741103085e-15 -1.9042755245987646e-14 1.0
  outer loop
    vertex -18.816909075483213 21.650251500840895 3.9999996289811564
    vertex -19.36002028250238 19.57803514654328 3.999999628981118
    vertex -19.163830896395257 19.63652545460361 3.9999996289811226
  endloop
endfacet
facet normal -4.3562354741103085e-15 -1.9042755245987646e-14 1.0
  outer loop
    vertex -18.816909075483213 21.650251500840895 3.9999996289811564
    vertex -19.163830896395257 19.63652545460361 3.9999996289811226
    vertex -18.98642446373003 19.702172353647445 3.9999996289811275
  endloop
endfacet
facet normal -4.3562354741103085e-15 -1.9042755245987646e-14 1.0
  outer loop
    vertex -18.816909075483213 21.650251500840895 3.9999996289811564
    vertex -18.98642446373003 19.702172353647445 3.9999996289811275
    vertex -18.830231500859735 19.7721601911851 3.999999628981123
  endloop
endfacet
facet normal -4.3562354741103085e-15 -1.9042755245987646e-14 1.0
  outer loop
    vertex -18.816909075483213 21.650251500840895 3.9999996289811564
    vertex -18.830231500859735 19.7721601911851 3.999999628981123
    vertex -18.69768252413833 19.843673314727084 3.9999996289811337
  endloop
endfacet
facet normal -4.3562354741103085e-15 -1.9042755245987646e-14 1.0
  outer loop
    vertex -18.816909075483213 21.650251500840895 3.9999996289811564
    vertex -18.69768252413833 19.843673314727084 3.9999996289811337
    vertex -18.694875923632384 21.63634757945172 3.9999996289811643
  endloop
endfacet
facet normal -4.3562354741103085e-15 -1.9042755245987646e-14 1.0
  outer loop
    vertex -18.694875923632384 21.63634757945172 3.9999996289811643
    vertex -18.69768252413833 19.843673314727084 3.9999996289811337
    vertex -18.59120804991883 19.91389607178376 3.999999628981135
  endloop
endfacet
facet normal -4.3562354741103085e-15 -1.9042755245987646e-14 1.0
  outer loop
    vertex -18.694875923632384 21.63634757945172 3.9999996289811643
    vertex -18.59120804991883 19.91389607178376 3.999999628981135
    vertex -18.596927963542125 21.567678939853987 3.9999996289811914
  endloop
endfacet
facet normal -4.3562354741103085e-15 -1.9042755245987646e-14 1.0
  outer loop
    vertex -18.596927963542125 21.567678939853987 3.9999996289811914
    vertex -18.59120804991883 19.91389607178376 3.999999628981135
    vertex -18.409859923649663 21.485388982521822 3.9999996289811555
  endloop
endfacet
facet normal -4.3562354741103085e-15 -1.9042755245987646e-14 1.0
  outer loop
    vertex -18.409859923649663 21.485388982521822 3.9999996289811555
    vertex -18.59120804991883 19.91389607178376 3.999999628981135
    vertex -18.513238594702877 19.98001280838161 3.9999996289811275
  endloop
endfacet
facet normal -4.3562354741103085e-15 -1.9042755245987646e-14 1.0
  outer loop
    vertex -18.409859923649663 21.485388982521822 3.9999996289811555
    vertex -18.513238594702877 19.98001280838161 3.9999996289811275
    vertex -18.29722176438753 19.935851070141982 3.9999996289811404
  endloop
endfacet
facet normal -4.3562354741103085e-15 -1.9042755245987646e-14 1.0
  outer loop
    vertex -18.409859923649663 21.485388982521822 3.9999996289811555
    vertex -18.29722176438753 19.935851070141982 3.9999996289811404
    vertex -18.21030241211465 21.441310776832736 3.9999996289811524
  endloop
endfacet
facet normal -4.3562354741103085e-15 -1.9042755245987646e-14 1.0
  outer loop
    vertex -18.21030241211465 21.441310776832736 3.9999996289811524
    vertex -18.29722176438753 19.935851070141982 3.9999996289811404
    vertex -18.089352399922088 19.90059293589845 3.99999962898115
  endloop
endfacet
facet normal -4.3562354741103085e-15 -1.9042755245987646e-14 1.0
  outer loop
    vertex -18.21030241211465 21.441310776832736 3.9999996289811524
    vertex -18.089352399922088 19.90059293589845 3.99999962898115
    vertex -18.005977240269882 21.437149914250472 3.9999996289811386
  endloop
endfacet
facet normal -4.3562354741103085e-15 -1.9042755245987646e-14 1.0
  outer loop
    vertex -18.005977240269882 21.437149914250472 3.9999996289811386
    vertex -18.089352399922088 19.90059293589845 3.99999962898115
    vertex -17.88963050130644 19.87423840565095 3.999999628981143
  endloop
endfacet
facet normal -4.3562354741103085e-15 -1.9042755245987646e-14 1.0
  outer loop
    vertex -18.005977240269882 21.437149914250472 3.9999996289811386
    vertex -17.88963050130644 19.87423840565095 3.999999628981143
    vertex -17.804790702473518 21.473067397964588 3.9999996289812296
  endloop
endfacet
facet normal -4.3562354741103085e-15 -1.9042755245987646e-14 1.0
  outer loop
    vertex -17.804790702473518 21.473067397964588 3.9999996289812296
    vertex -17.88963050130644 19.87423840565095 3.999999628981143
    vertex -17.69805606854086 19.856787479399394 3.999999628981148
  endloop
endfacet
facet normal -4.3562354741103085e-15 -1.9042755245987646e-14 1.0
  outer loop
    vertex -17.804790702473518 21.473067397964588 3.9999996289812296
    vertex -17.69805606854086 19.856787479399394 3.999999628981148
    vertex -17.61452764468637 21.547673412925494 3.9999996289812016
  endloop
endfacet
facet normal -4.3562354741103085e-15 -1.9042755245987646e-14 1.0
  outer loop
    vertex -17.61452764468637 21.547673412925494 3.9999996289812016
    vertex -17.69805606854086 19.856787479399394 3.999999628981148
    vertex -17.5146291016251 19.848240157143973 3.99999962898115
  endloop
endfacet
facet normal -4.3562354741103085e-15 -1.9042755245987646e-14 1.0
  outer loop
    vertex -17.61452764468637 21.547673412925494 3.9999996289812016
    vertex -17.5146291016251 19.848240157143973 3.99999962898115
    vertex -17.408232254213523 21.680112885658282 3.999999628981174
  endloop
endfacet
facet normal -4.3562354741103085e-15 -1.9042755245987646e-14 1.0
  outer loop
    vertex -17.408232254213523 21.680112885658282 3.999999628981174
    vertex -17.5146291016251 19.848240157143973 3.99999962898115
    vertex -17.33934960055902 19.848596438884535 3.9999996289811515
  endloop
endfacet
facet normal -4.3562354741103085e-15 -1.9042755245987646e-14 1.0
  outer loop
    vertex -17.408232254213523 21.680112885658282 3.999999628981174
    vertex -17.33934960055902 19.848596438884535 3.9999996289811515
    vertex -17.093561376394184 22.292037185939687 3.9999996289812065
  endloop
endfacet
facet normal -4.3562354741103085e-15 -1.9042755245987646e-14 1.0
  outer loop
    vertex -17.093561376394184 22.292037185939687 3.9999996289812065
    vertex -17.33934960055902 19.848596438884535 3.9999996289811515
    vertex -17.172217565342876 19.85785632462111 3.9999996289811626
  endloop
endfacet
facet normal -4.3562354741103085e-15 -1.9042755245987646e-14 1.0
  outer loop
    vertex -17.093561376394184 22.292037185939687 3.9999996289812065
    vertex -17.172217565342876 19.85785632462111 3.9999996289811626
    vertex -17.013232995976647 19.87601981435381 3.9999996289811643
  endloop
endfacet
facet normal -4.3562354741103085e-15 -1.9042755245987646e-14 1.0
  outer loop
    vertex -22.46800564558221 23.51547694565256 3.9999996289810036
    vertex -22.468005645582217 23.59532937175983 3.9999996289810125
    vertex -22.470083682406276 23.554610527273095 3.99999962898101
  endloop
endfacet
facet normal -4.3562354741103085e-15 -1.9042755245987646e-14 1.0
  outer loop
    vertex -22.468005645582217 23.59532937175983 3.9999996289810125
    vertex -22.46800564558221 23.51547694565256 3.9999996289810036
    vertex -22.46177153511003 23.637633479112814 3.9999996289810182
  endloop
endfacet
facet normal -4.3562354741103085e-15 -1.9042755245987646e-14 1.0
  outer loop
    vertex -22.46177153511003 23.637633479112814 3.9999996289810182
    vertex -22.46800564558221 23.51547694565256 3.9999996289810036
    vertex -22.46177153511003 23.477928626898294 3.999999628980999
  endloop
endfacet
facet normal -4.3562354741103085e-15 -1.9042755245987646e-14 1.0
  outer loop
    vertex -22.46177153511003 23.637633479112814 3.9999996289810182
    vertex -22.46177153511003 23.477928626898294 3.999999628980999
    vertex -22.45138135098973 23.44196557101024 3.999999628980995
  endloop
endfacet
facet normal -4.3562354741103085e-15 -1.9042755245987646e-14 1.0
  outer loop
    vertex -22.46177153511003 23.637633479112814 3.9999996289810182
    vertex -22.45138135098973 23.44196557101024 3.999999628980995
    vertex -22.45138135098973 23.681522849331998 3.999999628981024
  endloop
endfacet
facet normal -4.3562354741103085e-15 -1.9042755245987646e-14 1.0
  outer loop
    vertex -22.45138135098973 23.681522849331998 3.999999628981024
    vertex -22.45138135098973 23.44196557101024 3.999999628980995
    vertex -22.436835093221305 23.40758777798844 3.999999628980992
  endloop
endfacet
facet normal -4.3562354741103085e-15 -1.9042755245987646e-14 1.0
  outer loop
    vertex -22.45138135098973 23.681522849331998 3.999999628981024
    vertex -22.436835093221305 23.40758777798844 3.999999628980992
    vertex -22.436835093221305 23.726997482417453 3.9999996289810293
  endloop
endfacet
facet normal -4.3562354741103085e-15 -1.9042755245987646e-14 1.0
  outer loop
    vertex -22.436835093221305 23.726997482417453 3.9999996289810293
    vertex -22.436835093221305 23.40758777798844 3.999999628980992
    vertex -22.418132761804763 23.37479524783284 3.999999628980992
  endloop
endfacet
facet normal -4.3562354741103085e-15 -1.9042755245987646e-14 1.0
  outer loop
    vertex -22.436835093221305 23.726997482417453 3.9999996289810293
    vertex -22.418132761804763 23.37479524783284 3.999999628980992
    vertex -22.41813276180476 23.774057378369076 3.999999628981036
  endloop
endfacet
facet normal -4.3562354741103085e-15 -1.9042755245987646e-14 1.0
  outer loop
    vertex -22.41813276180476 23.774057378369076 3.999999628981036
    vertex -22.418132761804763 23.37479524783284 3.999999628980992
    vertex -22.395274356740085 23.343587980543443 3.9999996289809885
  endloop
endfacet
facet normal -4.3562354741103085e-15 -1.9042755245987646e-14 1.0
  outer loop
    vertex -22.41813276180476 23.774057378369076 3.999999628981036
    vertex -22.395274356740085 23.343587980543443 3.9999996289809885
    vertex -22.395274356740092 23.82270253718688 3.99999962898104
  endloop
endfacet
facet normal -4.3562354741103085e-15 -1.9042755245987646e-14 1.0
  outer loop
    vertex -22.395274356740092 23.82270253718688 3.99999962898104
    vertex -22.395274356740085 23.343587980543443 3.9999996289809885
    vertex -22.368259878027306 23.872932958871015 3.9999996289810484
  endloop
endfacet
facet normal -4.3562354741103085e-15 -1.9042755245987646e-14 1.0
  outer loop
    vertex -22.368259878027306 23.872932958871015 3.9999996289810484
    vertex -22.395274356740085 23.343587980543443 3.9999996289809885
    vertex -22.368259878027306 23.313965976120336 3.999999628980987
  endloop
endfacet
facet normal -4.3562354741103085e-15 -1.9042755245987646e-14 1.0
  outer loop
    vertex -22.368259878027306 23.872932958871015 3.9999996289810484
    vertex -22.368259878027306 23.313965976120336 3.999999628980987
    vertex -22.337089325666405 23.285929234563387 3.9999996289809863
  endloop
endfacet
facet normal -4.3562354741103085e-15 -1.9042755245987646e-14 1.0
  outer loop
    vertex -22.368259878027306 23.872932958871015 3.9999996289810484
    vertex -22.337089325666405 23.285929234563387 3.9999996289809863
    vertex -22.337089325666398 23.924748643421328 3.9999996289810458
  endloop
endfacet
facet normal -4.3562354741103085e-15 -1.9042755245987646e-14 1.0
  outer loop
    vertex -22.337089325666398 23.924748643421328 3.9999996289810458
    vertex -22.337089325666405 23.285929234563387 3.9999996289809863
    vertex -22.301762699657377 23.259477755872698 3.9999996289809836
  endloop
endfacet
facet normal -4.3562354741103085e-15 -1.9042755245987646e-14 1.0
  outer loop
    vertex -22.337089325666398 23.924748643421328 3.9999996289810458
    vertex -22.301762699657377 23.259477755872698 3.9999996289809836
    vertex -22.30176269965737 23.97814959083787 3.9999996289810613
  endloop
endfacet
facet normal -4.3562354741103085e-15 -1.9042755245987646e-14 1.0
  outer loop
    vertex -22.30176269965737 23.97814959083787 3.9999996289810613
    vertex -22.301762699657377 23.259477755872698 3.9999996289809836
    vertex -22.26228000000022 23.23461154004824 3.9999996289809814
  endloop
endfacet
facet normal -4.3562354741103085e-15 -1.9042755245987646e-14 1.0
  outer loop
    vertex -22.30176269965737 23.97814959083787 3.9999996289810613
    vertex -22.26228000000022 23.23461154004824 3.9999996289809814
    vertex -22.262280000000214 24.033135801120636 3.9999996289810613
  endloop
endfacet
facet normal -4.3562354741103085e-15 -1.9042755245987646e-14 1.0
  outer loop
    vertex -22.262280000000214 24.033135801120636 3.9999996289810613
    vertex -22.26228000000022 23.23461154004824 3.9999996289809814
    vertex -21.814763249978746 22.98889366291733 3.9999996289822244
  endloop
endfacet
facet normal -4.3562354741103085e-15 -1.9042755245987646e-14 1.0
  outer loop
    vertex -22.262280000000214 24.033135801120636 3.9999996289810613
    vertex -21.814763249978746 22.98889366291733 3.9999996289822244
    vertex -22.199231368051617 24.104914625179827 3.999999628981137
  endloop
endfacet
facet normal -4.3562354741103085e-15 -1.9042755245987646e-14 1.0
  outer loop
    vertex -22.199231368051617 24.104914625179827 3.999999628981137
    vertex -21.814763249978746 22.98889366291733 3.9999996289822244
    vertex -22.1247729900732 24.184402554902995 3.999999628981138
  endloop
endfacet
facet normal -4.3562354741103085e-15 -1.9042755245987646e-14 1.0
  outer loop
    vertex -22.1247729900732 24.184402554902995 3.999999628981138
    vertex -21.814763249978746 22.98889366291733 3.9999996289822244
    vertex -22.04729264366873 24.262050377336667 3.999999628981153
  endloop
endfacet
facet normal -4.3562354741103085e-15 -1.9042755245987646e-14 1.0
  outer loop
    vertex -22.04729264366873 24.262050377336667 3.999999628981153
    vertex -21.814763249978746 22.98889366291733 3.9999996289822244
    vertex -21.966790328838098 24.337858092481117 3.9999996289811612
  endloop
endfacet
facet normal -4.3562354741103085e-15 -1.9042755245987646e-14 1.0
  outer loop
    vertex -21.966790328838098 24.337858092481117 3.9999996289811612
    vertex -21.814763249978746 22.98889366291733 3.9999996289822244
    vertex -21.88326604558138 24.41182570033614 3.9999996289811492
  endloop
endfacet
facet normal -4.3562354741103085e-15 -1.9042755245987646e-14 1.0
  outer loop
    vertex -21.88326604558138 24.41182570033614 3.9999996289811492
    vertex -21.814763249978746 22.98889366291733 3.9999996289822244
    vertex -21.79671979389858 24.48395320090189 3.999999628981167
  endloop
endfacet
facet normal -4.3562354741103085e-15 -1.9042755245987646e-14 1.0
  outer loop
    vertex -21.79671979389858 24.48395320090189 3.999999628981167
    vertex -21.814763249978746 22.98889366291733 3.9999996289822244
    vertex -21.788733875905045 22.97545036530434 3.9999996289802087
  endloop
endfacet
facet normal -4.3562354741103085e-15 -1.9042755245987646e-14 1.0
  outer loop
    vertex -21.79671979389858 24.48395320090189 3.999999628981167
    vertex -21.788733875905045 22.97545036530434 3.9999996289802087
    vertex -21.707151573789666 24.554240594178268 3.999999628981165
  endloop
endfacet
facet normal -4.3562354741103085e-15 -1.9042755245987646e-14 1.0
  outer loop
    vertex -21.707151573789666 24.554240594178268 3.999999628981165
    vertex -21.788733875905045 22.97545036530434 3.9999996289802087
    vertex -21.768525830785634 22.966622366992762 3.9999996289812114
  endloop
endfacet
facet normal -4.3562354741103085e-15 -1.9042755245987646e-14 1.0
  outer loop
    vertex -21.707151573789666 24.554240594178268 3.999999628981165
    vertex -21.768525830785634 22.966622366992762 3.9999996289812114
    vertex -21.748390926376025 22.959413199742766 3.9999996289808695
  endloop
endfacet
facet normal -4.3562354741103085e-15 -1.9042755245987646e-14 1.0
  outer loop
    vertex -21.707151573789666 24.554240594178268 3.999999628981165
    vertex -21.748390926376025 22.959413199742766 3.9999996289808695
    vertex -21.70127486237661 22.944421091848763 3.999999628979091
  endloop
endfacet
facet normal -4.3562354741103085e-15 -1.9042755245987646e-14 1.0
  outer loop
    vertex -21.707151573789666 24.554240594178268 3.999999628981165
    vertex -21.70127486237661 22.944421091848763 3.999999628979091
    vertex -21.614561385254675 24.622687880165326 3.9999996289811577
  endloop
endfacet
facet normal -4.3562354741103085e-15 -1.9042755245987646e-14 1.0
  outer loop
    vertex -21.614561385254675 24.622687880165326 3.9999996289811577
    vertex -21.70127486237661 22.944421091848763 3.999999628979091
    vertex -21.678352516802487 22.938523819277634 3.9999996289795496
  endloop
endfacet
facet normal -4.3562354741103085e-15 -1.9042755245987646e-14 1.0
  outer loop
    vertex -21.614561385254675 24.622687880165326 3.9999996289811577
    vertex -21.678352516802487 22.938523819277634 3.9999996289795496
    vertex -21.656142592362254 22.934730220149856 3.9999996289801265
  endloop
endfacet
facet normal -4.3562354741103085e-15 -1.9042755245987646e-14 1.0
  outer loop
    vertex -21.614561385254675 24.622687880165326 3.9999996289811577
    vertex -21.656142592362254 22.934730220149856 3.9999996289801265
    vertex -21.633635954767815 22.932707447513916 3.9999996289810174
  endloop
endfacet
facet normal -4.3562354741103085e-15 -1.9042755245987646e-14 1.0
  outer loop
    vertex -21.614561385254675 24.622687880165326 3.9999996289811577
    vertex -21.633635954767815 22.932707447513916 3.9999996289810174
    vertex -21.610815937761537 22.93239075757996 3.9999996289796056
  endloop
endfacet
facet normal -4.3562354741103085e-15 -1.9042755245987646e-14 1.0
  outer loop
    vertex -21.614561385254675 24.622687880165326 3.9999996289811577
    vertex -21.610815937761537 22.93239075757996 3.9999996289796056
    vertex -21.518949228293604 24.689295058863205 3.9999996289811683
  endloop
endfacet
facet normal -4.3562354741103085e-15 -1.9042755245987646e-14 1.0
  outer loop
    vertex -21.518949228293604 24.689295058863205 3.9999996289811683
    vertex -21.610815937761537 22.93239075757996 3.9999996289796056
    vertex -21.587690895055232 22.93372530454187 3.999999628980448
  endloop
endfacet
facet normal -4.3562354741103085e-15 -1.9042755245987646e-14 1.0
  outer loop
    vertex -21.518949228293604 24.689295058863205 3.9999996289811683
    vertex -21.587690895055232 22.93372530454187 3.999999628980448
    vertex -21.564292715429843 22.936658391500576 3.999999628980945
  endloop
endfacet
facet normal -4.3562354741103085e-15 -1.9042755245987646e-14 1.0
  outer loop
    vertex -21.518949228293604 24.689295058863205 3.9999996289811683
    vertex -21.564292715429843 22.936658391500576 3.999999628980945
    vertex -21.54067304544987 22.94113373606775 3.999999628981575
  endloop
endfacet
facet normal -4.3562354741103085e-15 -1.9042755245987646e-14 1.0
  outer loop
    vertex -21.518949228293604 24.689295058863205 3.9999996289811683
    vertex -21.54067304544987 22.94113373606775 3.999999628981575
    vertex -21.51689859007395 22.94708795817567 3.999999628980653
  endloop
endfacet
facet normal -4.3562354741103085e-15 -1.9042755245987646e-14 1.0
  outer loop
    vertex -21.518949228293604 24.689295058863205 3.9999996289811683
    vertex -21.51689859007395 22.94708795817567 3.999999628980653
    vertex -21.4203151029065 24.754062130271556 3.9999996289811697
  endloop
endfacet
facet normal -4.3562354741103085e-15 -1.9042755245987646e-14 1.0
  outer loop
    vertex -21.4203151029065 24.754062130271556 3.9999996289811697
    vertex -21.51689859007395 22.94708795817567 3.999999628980653
    vertex -21.49304650500974 22.954448970209675 3.999999628982075
  endloop
endfacet
facet normal -4.3562354741103085e-15 -1.9042755245987646e-14 1.0
  outer loop
    vertex -21.4203151029065 24.754062130271556 3.9999996289811697
    vertex -21.49304650500974 22.954448970209675 3.999999628982075
    vertex -21.46920045558889 22.963135734072488 3.999999628980778
  endloop
endfacet
facet normal -4.3562354741103085e-15 -1.9042755245987646e-14 1.0
  outer loop
    vertex -21.4203151029065 24.754062130271556 3.9999996289811697
    vertex -21.46920045558889 22.963135734072488 3.999999628980778
    vertex -21.445447556856685 22.973058853198797 3.9999996289839124
  endloop
endfacet
facet normal -4.3562354741103085e-15 -1.9042755245987646e-14 1.0
  outer loop
    vertex -21.4203151029065 24.754062130271556 3.9999996289811697
    vertex -21.445447556856685 22.973058853198797 3.9999996289839124
    vertex -21.42187618002094 22.98412157682753 3.9999996289822985
  endloop
endfacet
facet normal -4.3562354741103085e-15 -1.9042755245987646e-14 1.0
  outer loop
    vertex -21.4203151029065 24.754062130271556 3.9999996289811697
    vertex -21.42187618002094 22.98412157682753 3.9999996289822985
    vertex -21.398574496971975 22.99622092717102 3.999999628984611
  endloop
endfacet
facet normal -4.3562354741103085e-15 -1.9042755245987646e-14 1.0
  outer loop
    vertex -21.4203151029065 24.754062130271556 3.9999996289811697
    vertex -21.398574496971975 22.99622092717102 3.999999628984611
    vertex -21.318659009092993 24.816989094390696 3.999999628981171
  endloop
endfacet
facet normal -4.3562354741103085e-15 -1.9042755245987646e-14 1.0
  outer loop
    vertex -21.318659009092993 24.816989094390696 3.999999628981171
    vertex -21.398574496971975 22.99622092717102 3.999999628984611
    vertex -21.375629600032557 23.009248775210008 3.999999628984565
  endloop
endfacet
facet normal -4.3562354741103085e-15 -1.9042755245987646e-14 1.0
  outer loop
    vertex -21.318659009092993 24.816989094390696 3.999999628981171
    vertex -21.375629600032557 23.009248775210008 3.999999628984565
    vertex -21.353127042993695 23.02309277395736 3.9999996289858792
  endloop
endfacet
facet normal -4.3562354741103085e-15 -1.9042755245987646e-14 1.0
  outer loop
    vertex -21.318659009092993 24.816989094390696 3.999999628981171
    vertex -21.353127042993695 23.02309277395736 3.9999996289858792
    vertex -21.33115067700449 23.037637110481786 3.9999996289869224
  endloop
endfacet
facet normal -4.3562354741103085e-15 -1.9042755245987646e-14 1.0
  outer loop
    vertex -21.318659009092993 24.816989094390696 3.999999628981171
    vertex -21.33115067700449 23.037637110481786 3.9999996289869224
    vertex -21.309782686593255 23.05276306647589 3.9999996289901874
  endloop
endfacet
facet normal -4.3562354741103085e-15 -1.9042755245987646e-14 1.0
  outer loop
    vertex -21.318659009092993 24.816989094390696 3.999999628981171
    vertex -21.309782686593255 23.05276306647589 3.9999996289901874
    vertex -21.2139809468536 24.878075951220577 3.999999628981178
  endloop
endfacet
facet normal -4.3562354741103085e-15 -1.9042755245987646e-14 1.0
  outer loop
    vertex -21.2139809468536 24.878075951220577 3.999999628981178
    vertex -21.309782686593255 23.05276306647589 3.9999996289901874
    vertex -21.289103760304172 23.068349388718435 3.9999996289901025
  endloop
endfacet
facet normal -4.3562354741103085e-15 -1.9042755245987646e-14 1.0
  outer loop
    vertex -21.2139809468536 24.878075951220577 3.999999628981178
    vertex -21.289103760304172 23.068349388718435 3.9999996289901025
    vertex -21.270079702888047 23.083563625636412 3.999999628957506
  endloop
endfacet
facet normal -4.3562354741103085e-15 -1.9042755245987646e-14 1.0
  outer loop
    vertex -21.2139809468536 24.878075951220577 3.999999628981178
    vertex -21.270079702888047 23.083563625636412 3.999999628957506
    vertex -20.437522749601335 23.83581597193388 3.999999628981084
  endloop
endfacet
facet normal -4.3562354741103085e-15 -1.9042755245987646e-14 1.0
  outer loop
    vertex -21.2139809468536 24.878075951220577 3.999999628981178
    vertex -20.437522749601335 23.83581597193388 3.999999628981084
    vertex -21.10628091618839 24.937322700760934 3.999999628981176
  endloop
endfacet
facet normal -4.3562354741103085e-15 -1.9042755245987646e-14 1.0
  outer loop
    vertex -21.10628091618839 24.937322700760934 3.999999628981176
    vertex -20.437522749601335 23.83581597193388 3.999999628981084
    vertex -20.995558917096567 24.994729343012033 3.999999628981183
  endloop
endfacet
facet normal -4.3562354741103085e-15 -1.9042755245987646e-14 1.0
  outer loop
    vertex -20.995558917096567 24.994729343012033 3.999999628981183
    vertex -20.437522749601335 23.83581597193388 3.999999628981084
    vertex -20.795489705626622 25.04901612362646 3.9999996289811888
  endloop
endfacet
facet normal -4.3562354741103085e-15 -1.9042755245987646e-14 1.0
  outer loop
    vertex -20.795489705626622 25.04901612362646 3.9999996289811888
    vertex -20.437522749601335 23.83581597193388 3.999999628981084
    vertex -20.537643442291873 25.092594063748894 3.999999628981197
  endloop
endfacet
facet normal -4.3562354741103085e-15 -1.9042755245987646e-14 1.0
  outer loop
    vertex -20.537643442291873 25.092594063748894 3.999999628981197
    vertex -20.437522749601335 23.83581597193388 3.999999628981084
    vertex -20.42777715826145 25.101052321246556 3.9999996289811968
  endloop
endfacet
facet normal -4.3562354741103085e-15 -1.9042755245987646e-14 1.0
  outer loop
    vertex -20.42777715826145 25.101052321246556 3.9999996289811968
    vertex -20.437522749601335 23.83581597193388 3.999999628981084
    vertex -18.816909075483192 22.9338228710385 3.9999996289811866
  endloop
endfacet
facet normal -4.3562354741103085e-15 -1.9042755245987646e-14 1.0
  outer loop
    vertex -20.42777715826145 25.101052321246556 3.9999996289811968
    vertex -18.816909075483192 22.9338228710385 3.9999996289811866
    vertex -20.28564522732799 25.111994608783558 3.999999628981202
  endloop
endfacet
facet normal -4.3562354741103085e-15 -1.9042755245987646e-14 1.0
  outer loop
    vertex -20.28564522732799 25.111994608783558 3.999999628981202
    vertex -18.816909075483192 22.9338228710385 3.9999996289811866
    vertex -20.036980997938834 25.11041407871994 3.999999628981197
  endloop
endfacet
facet normal -4.3562354741103085e-15 -1.9042755245987646e-14 1.0
  outer loop
    vertex -20.036980997938834 25.11041407871994 3.999999628981197
    vertex -18.816909075483192 22.9338228710385 3.9999996289811866
    vertex -19.799025849627487 25.090287458547774 3.9999996289812154
  endloop
endfacet
facet normal -4.3562354741103085e-15 -1.9042755245987646e-14 1.0
  outer loop
    vertex -19.799025849627487 25.090287458547774 3.9999996289812154
    vertex -18.816909075483192 22.9338228710385 3.9999996289811866
    vertex -19.572562105697344 25.054557289923288 3.999999628981208
  endloop
endfacet
facet normal -4.3562354741103085e-15 -1.9042755245987646e-14 1.0
  outer loop
    vertex -19.572562105697344 25.054557289923288 3.999999628981208
    vertex -18.816909075483192 22.9338228710385 3.9999996289811866
    vertex -19.360020282502234 25.0060392253361 3.9999996289812163
  endloop
endfacet
facet normal -4.3562354741103085e-15 -1.9042755245987646e-14 1.0
  outer loop
    vertex -19.360020282502234 25.0060392253361 3.9999996289812163
    vertex -18.816909075483192 22.9338228710385 3.9999996289811866
    vertex -19.16383089639536 24.947548917275775 3.999999628981221
  endloop
endfacet
facet normal -4.3562354741103085e-15 -1.9042755245987646e-14 1.0
  outer loop
    vertex -19.16383089639536 24.947548917275775 3.999999628981221
    vertex -18.816909075483192 22.9338228710385 3.9999996289811866
    vertex -18.986424463730014 24.881902018232 3.9999996289812065
  endloop
endfacet
facet normal -4.3562354741103085e-15 -1.9042755245987646e-14 1.0
  outer loop
    vertex -18.986424463730014 24.881902018232 3.9999996289812065
    vertex -18.816909075483192 22.9338228710385 3.9999996289811866
    vertex -18.830231500859753 24.81191418069429 3.999999628981219
  endloop
endfacet
facet normal -4.3562354741103085e-15 -1.9042755245987646e-14 1.0
  outer loop
    vertex -18.830231500859753 24.81191418069429 3.999999628981219
    vertex -18.816909075483192 22.9338228710385 3.9999996289811866
    vertex -18.69768252413812 24.740401057152276 3.999999628981221
  endloop
endfacet
facet normal -4.3562354741103085e-15 -1.9042755245987646e-14 1.0
  outer loop
    vertex -18.69768252413812 24.740401057152276 3.999999628981221
    vertex -18.816909075483192 22.9338228710385 3.9999996289811866
    vertex -18.69487592363226 22.947726792427538 3.9999996289811874
  endloop
endfacet
facet normal -4.3562354741103085e-15 -1.9042755245987646e-14 1.0
  outer loop
    vertex -18.69768252413812 24.740401057152276 3.999999628981221
    vertex -18.69487592363226 22.947726792427538 3.9999996289811874
    vertex -18.591208049918816 24.67017830009551 3.9999996289812247
  endloop
endfacet
facet normal -4.3562354741103085e-15 -1.9042755245987646e-14 1.0
  outer loop
    vertex -18.591208049918816 24.67017830009551 3.9999996289812247
    vertex -18.69487592363226 22.947726792427538 3.9999996289811874
    vertex -18.596927963542168 23.016395432025377 3.999999628981193
  endloop
endfacet
facet normal -4.3562354741103085e-15 -1.9042755245987646e-14 1.0
  outer loop
    vertex -18.591208049918816 24.67017830009551 3.9999996289812247
    vertex -18.596927963542168 23.016395432025377 3.999999628981193
    vertex -18.409859923649655 23.098685389357478 3.999999628981203
  endloop
endfacet
facet normal -4.3562354741103085e-15 -1.9042755245987646e-14 1.0
  outer loop
    vertex -18.591208049918816 24.67017830009551 3.9999996289812247
    vertex -18.409859923649655 23.098685389357478 3.999999628981203
    vertex -18.513238594702987 24.60406156349767 3.9999996289812305
  endloop
endfacet
facet normal -4.3562354741103085e-15 -1.9042755245987646e-14 1.0
  outer loop
    vertex -18.513238594702987 24.60406156349767 3.9999996289812305
    vertex -18.409859923649655 23.098685389357478 3.999999628981203
    vertex -18.297221764387537 24.64822330173728 3.9999996289812274
  endloop
endfacet
facet normal -4.3562354741103085e-15 -1.9042755245987646e-14 1.0
  outer loop
    vertex -18.297221764387537 24.64822330173728 3.9999996289812274
    vertex -18.409859923649655 23.098685389357478 3.999999628981203
    vertex -18.210302412114707 23.14276359504657 3.99999962898121
  endloop
endfacet
facet normal -4.3562354741103085e-15 -1.9042755245987646e-14 1.0
  outer loop
    vertex -18.297221764387537 24.64822330173728 3.9999996289812274
    vertex -18.210302412114707 23.14276359504657 3.99999962898121
    vertex -18.08935239992212 24.68348143598087 3.9999996289812323
  endloop
endfacet
facet normal -4.3562354741103085e-15 -1.9042755245987646e-14 1.0
  outer loop
    vertex -18.08935239992212 24.68348143598087 3.9999996289812323
    vertex -18.210302412114707 23.14276359504657 3.99999962898121
    vertex -18.00597724026985 23.146924457628828 3.999999628981167
  endloop
endfacet
facet normal -4.3562354741103085e-15 -1.9042755245987646e-14 1.0
  outer loop
    vertex -18.08935239992212 24.68348143598087 3.9999996289812323
    vertex -18.00597724026985 23.146924457628828 3.999999628981167
    vertex -17.889630501306556 24.709835966228518 3.999999628981234
  endloop
endfacet
facet normal -4.3562354741103085e-15 -1.9042755245987646e-14 1.0
  outer loop
    vertex -17.889630501306556 24.709835966228518 3.999999628981234
    vertex -18.00597724026985 23.146924457628828 3.999999628981167
    vertex -17.804790702473333 23.111006973914648 3.999999628981258
  endloop
endfacet
facet normal -4.3562354741103085e-15 -1.9042755245987646e-14 1.0
  outer loop
    vertex -17.889630501306556 24.709835966228518 3.999999628981234
    vertex -17.804790702473333 23.111006973914648 3.999999628981258
    vertex -17.69805606854088 24.727286892479967 3.999999628981239
  endloop
endfacet
facet normal -4.3562354741103085e-15 -1.9042755245987646e-14 1.0
  outer loop
    vertex -17.69805606854088 24.727286892479967 3.999999628981239
    vertex -17.804790702473333 23.111006973914648 3.999999628981258
    vertex -17.61452764468637 23.036400958953898 3.999999628981174
  endloop
endfacet
facet normal -4.3562354741103085e-15 -1.9042755245987646e-14 1.0
  outer loop
    vertex -17.69805606854088 24.727286892479967 3.999999628981239
    vertex -17.61452764468637 23.036400958953898 3.999999628981174
    vertex -17.514629101624937 24.73583421473535 3.9999996289812323
  endloop
endfacet
facet normal -4.3562354741103085e-15 -1.9042755245987646e-14 1.0
  outer loop
    vertex -17.514629101624937 24.73583421473535 3.9999996289812323
    vertex -17.61452764468637 23.036400958953898 3.999999628981174
    vertex -17.40823225421357 22.903961486221046 3.9999996289812247
  endloop
endfacet
facet normal -4.3562354741103085e-15 -1.9042755245987646e-14 1.0
  outer loop
    vertex -17.514629101624937 24.73583421473535 3.9999996289812323
    vertex -17.40823225421357 22.903961486221046 3.9999996289812247
    vertex -17.33934960055912 24.735477932994787 3.999999628981248
  endloop
endfacet
facet normal -4.3562354741103085e-15 -1.9042755245987646e-14 1.0
  outer loop
    vertex -17.33934960055912 24.735477932994787 3.999999628981248
    vertex -17.40823225421357 22.903961486221046 3.9999996289812247
    vertex -17.093561376394184 22.292037185939687 3.9999996289812065
  endloop
endfacet
facet normal -4.3562354741103085e-15 -1.9042755245987646e-14 1.0
  outer loop
    vertex -17.33934960055912 24.735477932994787 3.999999628981248
    vertex -17.093561376394184 22.292037185939687 3.9999996289812065
    vertex -17.172217565342937 24.72621804725821 3.9999996289812496
  endloop
endfacet
facet normal -4.3562354741103085e-15 -1.9042755245987646e-14 1.0
  outer loop
    vertex -17.172217565342937 24.72621804725821 3.9999996289812496
    vertex -17.093561376394184 22.292037185939687 3.9999996289812065
    vertex -17.01323299597655 24.708054557525596 3.9999996289812514
  endloop
endfacet
facet normal -4.3562354741103085e-15 -1.9042755245987646e-14 1.0
  outer loop
    vertex -17.01323299597655 24.708054557525596 3.9999996289812514
    vertex -17.093561376394184 22.292037185939687 3.9999996289812065
    vertex -17.013232995976647 19.87601981435381 3.9999996289811643
  endloop
endfacet
facet normal -4.3562354741103085e-15 -1.9042755245987646e-14 1.0
  outer loop
    vertex -17.01323299597655 24.708054557525596 3.9999996289812514
    vertex -17.013232995976647 19.87601981435381 3.9999996289811643
    vertex -16.862395892460043 19.90308690808247 3.9999996289811564
  endloop
endfacet
facet normal -4.3562354741103085e-15 -1.9042755245987646e-14 1.0
  outer loop
    vertex -17.01323299597655 24.708054557525596 3.9999996289812514
    vertex -16.862395892460043 19.90308690808247 3.9999996289811564
    vertex -16.862395892460178 24.68098746379694 3.9999996289812563
  endloop
endfacet
facet normal -4.3562354741103085e-15 -1.9042755245987646e-14 1.0
  outer loop
    vertex -16.862395892460178 24.68098746379694 3.9999996289812563
    vertex -16.862395892460043 19.90308690808247 3.9999996289811564
    vertex -16.71970625479351 24.64501676607219 3.9999996289812643
  endloop
endfacet
facet normal -4.3562354741103085e-15 -1.9042755245987646e-14 1.0
  outer loop
    vertex -16.71970625479351 24.64501676607219 3.9999996289812643
    vertex -16.862395892460043 19.90308690808247 3.9999996289811564
    vertex -16.719706254793522 19.939057605807182 3.9999996289811612
  endloop
endfacet
facet normal -4.3562354741103085e-15 -1.9042755245987646e-14 1.0
  outer loop
    vertex -16.71970625479351 24.64501676607219 3.9999996289812643
    vertex -16.719706254793522 19.939057605807182 3.9999996289811612
    vertex -16.58516408297693 19.983931907527896 3.9999996289811697
  endloop
endfacet
facet normal -4.3562354741103085e-15 -1.9042755245987646e-14 1.0
  outer loop
    vertex -16.71970625479351 24.64501676607219 3.9999996289812643
    vertex -16.58516408297693 19.983931907527896 3.9999996289811697
    vertex -16.58516408297688 24.600142464351432 3.9999996289812465
  endloop
endfacet
facet normal -4.3562354741103085e-15 -1.9042755245987646e-14 1.0
  outer loop
    vertex -16.58516408297688 24.600142464351432 3.9999996289812465
    vertex -16.58516408297693 19.983931907527896 3.9999996289811697
    vertex -16.45876937701023 20.037709813244675 3.999999628981179
  endloop
endfacet
facet normal -4.3562354741103085e-15 -1.9042755245987646e-14 1.0
  outer loop
    vertex -16.58516408297688 24.600142464351432 3.9999996289812465
    vertex -16.45876937701023 20.037709813244675 3.999999628981179
    vertex -16.458769377010086 24.546364558634732 3.9999996289812607
  endloop
endfacet
facet normal -4.3562354741103085e-15 -1.9042755245987646e-14 1.0
  outer loop
    vertex -16.458769377010086 24.546364558634732 3.9999996289812607
    vertex -16.45876937701023 20.037709813244675 3.999999628981179
    vertex -16.340522136893014 20.100391322957478 3.9999996289811692
  endloop
endfacet
facet normal -4.3562354741103085e-15 -1.9042755245987646e-14 1.0
  outer loop
    vertex -16.458769377010086 24.546364558634732 3.9999996289812607
    vertex -16.340522136893014 20.100391322957478 3.9999996289811692
    vertex -16.340522136893007 24.483683048921886 3.9999996289812487
  endloop
endfacet
facet normal -4.3562354741103085e-15 -1.9042755245987646e-14 1.0
  outer loop
    vertex -16.340522136893007 24.483683048921886 3.9999996289812487
    vertex -16.340522136893014 20.100391322957478 3.9999996289811692
    vertex -16.23042236262603 20.171976436666363 3.9999996289811888
  endloop
endfacet
facet normal -4.3562354741103085e-15 -1.9042755245987646e-14 1.0
  outer loop
    vertex -16.340522136893007 24.483683048921886 3.9999996289812487
    vertex -16.23042236262603 20.171976436666363 3.9999996289811888
    vertex -16.230422362625994 24.41209793521308 3.999999628981269
  endloop
endfacet
facet normal -4.3562354741103085e-15 -1.9042755245987646e-14 1.0
  outer loop
    vertex -16.230422362625994 24.41209793521308 3.999999628981269
    vertex -16.23042236262603 20.171976436666363 3.9999996289811888
    vertex -16.12847005420868 20.252465154371155 3.999999628981185
  endloop
endfacet
facet normal -4.3562354741103085e-15 -1.9042755245987646e-14 1.0
  outer loop
    vertex -16.230422362625994 24.41209793521308 3.999999628981269
    vertex -16.12847005420868 20.252465154371155 3.999999628981185
    vertex -16.128470054208734 24.33160921750818 3.999999628981265
  endloop
endfacet
facet normal -4.3562354741103085e-15 -1.9042755245987646e-14 1.0
  outer loop
    vertex -16.128470054208734 24.33160921750818 3.999999628981265
    vertex -16.12847005420868 20.252465154371155 3.999999628981185
    vertex -16.034665211641332 24.24221689580731 3.9999996289812607
  endloop
endfacet
facet normal -4.3562354741103085e-15 -1.9042755245987646e-14 1.0
  outer loop
    vertex -16.034665211641332 24.24221689580731 3.9999996289812607
    vertex -16.12847005420868 20.252465154371155 3.999999628981185
    vertex -16.034665211641318 20.341857476072093 3.9999996289811914
  endloop
endfacet
facet normal -4.3562354741103085e-15 -1.9042755245987646e-14 1.0
  outer loop
    vertex -16.034665211641332 24.24221689580731 3.9999996289812607
    vertex -16.034665211641318 20.341857476072093 3.9999996289811914
    vertex -15.94900783492362 24.143920970110305 3.9999996289812594
  endloop
endfacet
facet normal -4.3562354741103085e-15 -1.9042755245987646e-14 1.0
  outer loop
    vertex -15.94900783492362 24.143920970110305 3.9999996289812594
    vertex -16.034665211641318 20.341857476072093 3.9999996289811914
    vertex -15.949007834923764 20.440153401768953 3.999999628981196
  endloop
endfacet
facet normal -4.3562354741103085e-15 -1.9042755245987646e-14 1.0
  outer loop
    vertex -15.94900783492362 24.143920970110305 3.9999996289812594
    vertex -15.949007834923764 20.440153401768953 3.999999628981196
    vertex -15.871497924055944 20.547352931462 3.999999628981195
  endloop
endfacet
facet normal -4.3562354741103085e-15 -1.9042755245987646e-14 1.0
  outer loop
    vertex -15.94900783492362 24.143920970110305 3.9999996289812594
    vertex -15.871497924055944 20.547352931462 3.999999628981195
    vertex -15.871497924056113 24.036721440417338 3.9999996289812594
  endloop
endfacet
facet normal -4.3562354741103085e-15 -1.9042755245987646e-14 1.0
  outer loop
    vertex -15.871497924056113 24.036721440417338 3.9999996289812594
    vertex -15.871497924055944 20.547352931462 3.999999628981195
    vertex -15.802135479038286 23.920618306728354 3.999999628981253
  endloop
endfacet
facet normal -4.3562354741103085e-15 -1.9042755245987646e-14 1.0
  outer loop
    vertex -15.802135479038286 23.920618306728354 3.999999628981253
    vertex -15.871497924055944 20.547352931462 3.999999628981195
    vertex -15.802135479038299 20.663456065151017 3.9999996289811945
  endloop
endfacet
facet normal -4.3562354741103085e-15 -1.9042755245987646e-14 1.0
  outer loop
    vertex -15.802135479038286 23.920618306728354 3.999999628981253
    vertex -15.802135479038299 20.663456065151017 3.9999996289811945
    vertex -15.74092049987032 20.788462802836055 3.9999996289812296
  endloop
endfacet
facet normal -4.3562354741103085e-15 -1.9042755245987646e-14 1.0
  outer loop
    vertex -15.802135479038286 23.920618306728354 3.999999628981253
    vertex -15.74092049987032 20.788462802836055 3.9999996289812296
    vertex -15.74092049987032 23.79561156904332 3.9999996289812305
  endloop
endfacet
facet normal -4.3562354741103085e-15 -1.9042755245987646e-14 1.0
  outer loop
    vertex -15.74092049987032 23.79561156904332 3.9999996289812305
    vertex -15.74092049987032 20.788462802836055 3.9999996289812296
    vertex -9.056786516583399 20.788462951151487 3.9999996289812305
  endloop
endfacet
facet normal -4.3562354741103085e-15 -1.9042755245987646e-14 1.0
  outer loop
    vertex -15.74092049987032 23.79561156904332 3.9999996289812305
    vertex -9.056786516583399 20.788462951151487 3.9999996289812305
    vertex -9.056786516583399 23.795611420727887 3.9999996289812296
  endloop
endfacet
facet normal -4.3562354741103085e-15 -1.9042755245987646e-14 1.0
  outer loop
    vertex -9.056786516583399 23.795611420727887 3.9999996289812296
    vertex -9.056786516583399 20.788462951151487 3.9999996289812305
    vertex -8.883253786508346 20.80102920307146 3.9999996289812296
  endloop
endfacet
facet normal -4.3562354741103085e-15 -1.9042755245987646e-14 1.0
  outer loop
    vertex -9.056786516583399 23.795611420727887 3.9999996289812296
    vertex -8.883253786508346 20.80102920307146 3.9999996289812296
    vertex -8.883253786508345 23.783045168807913 3.9999996289812305
  endloop
endfacet
facet normal -4.3562354741103085e-15 -1.9042755245987646e-14 1.0
  outer loop
    vertex -8.883253786508345 23.783045168807913 3.9999996289812305
    vertex -8.883253786508346 20.80102920307146 3.9999996289812296
    vertex -8.712825030986135 20.83603717910223 3.999999628981229
  endloop
endfacet
facet normal -4.3562354741103085e-15 -1.9042755245987646e-14 1.0
  outer loop
    vertex -8.883253786508345 23.783045168807913 3.9999996289812305
    vertex -8.712825030986135 20.83603717910223 3.999999628981229
    vertex -8.712825030986135 23.748037192777144 3.999999628981229
  endloop
endfacet
facet normal -4.3562354741103085e-15 -1.9042755245987646e-14 1.0
  outer loop
    vertex -8.712825030986135 23.748037192777144 3.999999628981229
    vertex -8.712825030986135 20.83603717910223 3.999999628981229
    vertex -8.548389937311605 20.892893305094635 3.999999628981229
  endloop
endfacet
facet normal -4.3562354741103085e-15 -1.9042755245987646e-14 1.0
  outer loop
    vertex -8.712825030986135 23.748037192777144 3.999999628981229
    vertex -8.548389937311605 20.892893305094635 3.999999628981229
    vertex -8.548389937311605 23.69118106678474 3.9999996289812305
  endloop
endfacet
facet normal -4.3562354741103085e-15 -1.9042755245987646e-14 1.0
  outer loop
    vertex -8.548389937311605 23.69118106678474 3.9999996289812305
    vertex -8.548389937311605 20.892893305094635 3.999999628981229
    vertex -8.39273656786044 23.613440809047056 3.9999996289812305
  endloop
endfacet
facet normal -4.3562354741103085e-15 -1.9042755245987646e-14 1.0
  outer loop
    vertex -8.39273656786044 23.613440809047056 3.9999996289812305
    vertex -8.548389937311605 20.892893305094635 3.999999628981229
    vertex -8.39273656786044 20.970633562832322 3.9999996289812305
  endloop
endfacet
facet normal -4.3562354741103085e-15 -1.9042755245987646e-14 1.0
  outer loop
    vertex -8.39273656786044 23.613440809047056 3.9999996289812305
    vertex -8.39273656786044 20.970633562832322 3.9999996289812305
    vertex -8.248504087383493 21.06793983534381 3.9999996289812296
  endloop
endfacet
facet normal -4.3562354741103085e-15 -1.9042755245987646e-14 1.0
  outer loop
    vertex -8.39273656786044 23.613440809047056 3.9999996289812305
    vertex -8.248504087383493 21.06793983534381 3.9999996289812296
    vertex -8.24850408738349 23.516134536535567 3.9999996289812305
  endloop
endfacet
facet normal -4.3562354741103085e-15 -1.9042755245987646e-14 1.0
  outer loop
    vertex -8.24850408738349 23.516134536535567 3.9999996289812305
    vertex -8.248504087383493 21.06793983534381 3.9999996289812296
    vertex -8.118138014919191 21.183162256099724 3.9999996289812296
  endloop
endfacet
facet normal -4.3562354741103085e-15 -1.9042755245987646e-14 1.0
  outer loop
    vertex -8.24850408738349 23.516134536535567 3.9999996289812305
    vertex -8.118138014919191 21.183162256099724 3.9999996289812296
    vertex -8.118138014919195 23.400912115779654 3.9999996289812296
  endloop
endfacet
facet normal -4.3562354741103085e-15 -1.9042755245987646e-14 1.0
  outer loop
    vertex -8.118138014919195 23.400912115779654 3.9999996289812296
    vertex -8.118138014919191 21.183162256099724 3.9999996289812296
    vertex -8.003848759046349 23.26972718872382 3.9999996289812305
  endloop
endfacet
facet normal -4.3562354741103085e-15 -1.9042755245987646e-14 1.0
  outer loop
    vertex -8.003848759046349 23.26972718872382 3.9999996289812305
    vertex -8.118138014919191 21.183162256099724 3.9999996289812296
    vertex -8.003848759046345 21.31434718315556 3.9999996289812296
  endloop
endfacet
facet normal -4.3562354741103085e-15 -1.9042755245987646e-14 1.0
  outer loop
    vertex -8.003848759046349 23.26972718872382 3.9999996289812305
    vertex -8.003848759046345 21.31434718315556 3.9999996289812296
    vertex -7.90757413952789 23.12480404795191 3.9999996289812305
  endloop
endfacet
facet normal -4.3562354741103085e-15 -1.9042755245987646e-14 1.0
  outer loop
    vertex -7.90757413952789 23.12480404795191 3.9999996289812305
    vertex -8.003848759046345 21.31434718315556 3.9999996289812296
    vertex -7.907574139527887 21.459270323927473 3.9999996289812305
  endloop
endfacet
facet normal -4.3562354741103085e-15 -1.9042755245987646e-14 1.0
  outer loop
    vertex -7.90757413952789 23.12480404795191 3.9999996289812305
    vertex -7.907574139527887 21.459270323927473 3.9999996289812305
    vertex -7.830946530806646 22.968599922922245 3.9999996289812296
  endloop
endfacet
facet normal -4.3562354741103085e-15 -1.9042755245987646e-14 1.0
  outer loop
    vertex -7.830946530806646 22.968599922922245 3.9999996289812296
    vertex -7.907574139527887 21.459270323927473 3.9999996289812305
    vertex -7.830946530806646 21.615474448957134 3.9999996289812296
  endloop
endfacet
facet normal -4.3562354741103085e-15 -1.9042755245987646e-14 1.0
  outer loop
    vertex -7.830946530806646 22.968599922922245 3.9999996289812296
    vertex -7.830946530806646 21.615474448957134 3.9999996289812296
    vertex -7.77526518444775 21.78031105521399 3.9999996289812305
  endloop
endfacet
facet normal -4.3562354741103085e-15 -1.9042755245987646e-14 1.0
  outer loop
    vertex -7.830946530806646 22.968599922922245 3.9999996289812296
    vertex -7.77526518444775 21.78031105521399 3.9999996289812305
    vertex -7.775265184447758 22.803763316665382 3.9999996289812296
  endloop
endfacet
facet normal -4.3562354741103085e-15 -1.9042755245987646e-14 1.0
  outer loop
    vertex -7.775265184447758 22.803763316665382 3.9999996289812296
    vertex -7.77526518444775 21.78031105521399 3.9999996289812305
    vertex -7.741474199811899 22.633089099362476 3.9999996289812305
  endloop
endfacet
facet normal -4.3562354741103085e-15 -1.9042755245987646e-14 1.0
  outer loop
    vertex -7.741474199811899 22.633089099362476 3.9999996289812305
    vertex -7.77526518444775 21.78031105521399 3.9999996289812305
    vertex -7.74147419981189 21.9509852725169 3.9999996289812296
  endloop
endfacet
facet normal -4.3562354741103085e-15 -1.9042755245987646e-14 1.0
  outer loop
    vertex -7.741474199811899 22.633089099362476 3.9999996289812305
    vertex -7.74147419981189 21.9509852725169 3.9999996289812296
    vertex -7.730146516475381 22.557090036566585 3.9999996289812305
  endloop
endfacet
facet normal -4.3562354741103085e-15 -1.9042755245987646e-14 1.0
  outer loop
    vertex -7.730146516475381 22.557090036566585 3.9999996289812305
    vertex -7.74147419981189 21.9509852725169 3.9999996289812296
    vertex -7.730146516475376 22.026984335312786 3.9999996289812305
  endloop
endfacet
endsolid ModularFrameCalibrator
