solid ModularFrame2Inch
facet normal -6.222117247650614e-10 -1.8742077939532103e-08 -0.9999999999999998
  outer loop
    vertex 23.64382173891502 16.469076772072125 0.9999998058865882
    vertex 22.327926366681627 16.463040554768266 0.9999998068184849
    vertex 22.99417385159107 16.50529407589506 0.9999998056120182
  endloop
endfacet
facet normal -6.222117247650614e-10 -1.8742077939532103e-08 -0.9999999999999998
  outer loop
    vertex 22.327926366681627 16.463040554768266 0.9999998068184849
    vertex 23.64382173891502 16.469076772072125 0.9999998058865882
    vertex 24.276870028653452 16.360424860603302 0.9999998075290606
  endloop
endfacet
facet normal -6.222117247650614e-10 -1.8742077939532103e-08 -0.9999999999999998
  outer loop
    vertex 22.327926366681627 16.463040554768266 0.9999998068184849
    vertex 24.276870028653452 16.360424860603302 0.9999998075290606
    vertex 21.74165876104782 16.336279991387983 0.9999998095590227
  endloop
endfacet
facet normal -6.222117247650614e-10 -1.8742077939532103e-08 -0.9999999999999998
  outer loop
    vertex 21.74165876104782 16.336279991387983 0.9999998095590227
    vertex 24.276870028653452 16.360424860603302 0.9999998075290606
    vertex 24.925008861651442 16.16122968957717 0.9999998108591127
  endloop
endfacet
facet normal -6.222117247650614e-10 -1.8742077939532103e-08 -0.9999999999999998
  outer loop
    vertex 21.74165876104782 16.336279991387983 0.9999998095590227
    vertex 24.925008861651442 16.16122968957717 0.9999998108591127
    vertex 21.235371034689663 16.125012385754236 0.999999813833636
  endloop
endfacet
facet normal -6.222117247650614e-10 -1.8742077939532103e-08 -0.9999999999999998
  outer loop
    vertex 21.235371034689663 16.125012385754236 0.999999813833636
    vertex 24.925008861651442 16.16122968957717 0.9999998108591127
    vertex 25.619928378754054 15.853382607082175 0.9999998161964193
  endloop
endfacet
facet normal -6.222117247650614e-10 -1.8742077939532103e-08 -0.9999999999999998
  outer loop
    vertex 21.235371034689663 16.125012385754236 0.999999813833636
    vertex 25.619928378754054 15.853382607082175 0.9999998161964193
    vertex 20.809063187607176 15.829237737866862 0.9999998196423211
  endloop
endfacet
facet normal -6.222117247650614e-10 -1.8742077939532103e-08 -0.9999999999999998
  outer loop
    vertex 20.809063187607176 15.829237737866862 0.9999998196423211
    vertex 25.619928378754054 15.853382607082175 0.9999998161964193
    vertex 24.649606447164604 14.321692466237103 0.9999998455072211
  endloop
endfacet
facet normal -6.222117247650614e-10 -1.8742077939532103e-08 -0.9999999999999998
  outer loop
    vertex 24.649606447164604 14.321692466237103 0.9999998455072211
    vertex 25.619928378754054 15.853382607082175 0.9999998161964193
    vertex 25.141935421007652 14.082130091991646 0.999999849690785
  endloop
endfacet
facet normal -6.222117247650614e-10 -1.8742077939532103e-08 -0.9999999999999998
  outer loop
    vertex 25.141935421007652 14.082130091991646 0.999999849690785
    vertex 25.619928378754054 15.853382607082175 0.9999998161964193
    vertex 25.61992837875414 13.746742768047945 0.9999998556792262
  endloop
endfacet
facet normal -6.222117247650614e-10 -1.8742077939532103e-08 -0.9999999999999998
  outer loop
    vertex 20.809063187607176 15.829237737866862 0.9999998196423211
    vertex 24.649606447164604 14.321692466237103 0.9999998455072211
    vertex 24.142941457224982 14.46542989078437 0.9999998431285358
  endloop
endfacet
facet normal -6.222117247650614e-10 -1.8742077939532103e-08 -0.9999999999999998
  outer loop
    vertex 20.809063187607176 15.829237737866862 0.9999998196423211
    vertex 24.142941457224982 14.46542989078437 0.9999998431285358
    vertex 20.471035018593085 15.457255846518791 0.9999998268243587
  endloop
endfacet
facet normal -6.222117247650614e-10 -1.8742077939532103e-08 -0.9999999999999998
  outer loop
    vertex 20.471035018593085 15.457255846518791 0.9999998268243587
    vertex 24.142941457224982 14.46542989078437 0.9999998431285358
    vertex 20.22958632644017 15.017366510502702 0.9999998352190312
  endloop
endfacet
facet normal -6.222117247650614e-10 -1.8742077939532103e-08 -0.9999999999999998
  outer loop
    vertex 20.22958632644017 15.017366510502702 0.9999998352190312
    vertex 24.142941457224982 14.46542989078437 0.9999998431285358
    vertex 23.62194045118875 14.513342365633486 0.9999998425547296
  endloop
endfacet
facet normal -6.222117247650614e-10 -1.8742077939532103e-08 -0.9999999999999998
  outer loop
    vertex 23.62194045118875 14.513342365633486 0.9999998425547296
    vertex 20.084717111148496 14.5095697298186 0.9999998448263384
    vertex 20.22958632644017 15.017366510502702 0.9999998352190312
  endloop
endfacet
facet normal -6.222117247650614e-10 -1.8742077939532103e-08 -0.9999999999999998
  outer loop
    vertex 20.084717111148496 14.5095697298186 0.9999998448263384
    vertex 23.62194045118875 14.513342365633486 0.9999998425547296
    vertex 23.16771509907608 14.45939367348057 0.9999998438484645
  endloop
endfacet
facet normal -6.222117247650614e-10 -1.8742077939532103e-08 -0.9999999999999998
  outer loop
    vertex 20.084717111148496 14.5095697298186 0.9999998448263384
    vertex 23.16771509907608 14.45939367348057 0.9999998438484645
    vertex 20.036427372717917 13.933865504466482 0.9999998556462784
  endloop
endfacet
facet normal -6.222117247650614e-10 -1.8742077939532103e-08 -0.9999999999999998
  outer loop
    vertex 20.036427372717917 13.933865504466482 0.9999998556462784
    vertex 23.16771509907608 14.45939367348057 0.9999998438484645
    vertex 22.843268418995592 14.297547597021795 0.9999998470836696
  endloop
endfacet
facet normal -6.222117247650614e-10 -1.8742077939532103e-08 -0.9999999999999998
  outer loop
    vertex 20.036427372717917 13.933865504466482 0.9999998556462784
    vertex 22.843268418995592 14.297547597021795 0.9999998470836696
    vertex 22.648600410947314 14.027804136257206 0.9999998522603473
  endloop
endfacet
facet normal -6.222117247650614e-10 -1.8742077939532103e-08 -0.9999999999999998
  outer loop
    vertex 20.036427372717917 13.933865504466482 0.9999998556462784
    vertex 22.648600410947314 14.027804136257206 0.9999998522603473
    vertex 22.583711074931205 13.650163291186779 0.9999998593784976
  endloop
endfacet
facet normal -6.222117247650614e-10 -1.8742077939532103e-08 -0.9999999999999998
  outer loop
    vertex 20.036427372717917 13.933865504466482 0.9999998556462784
    vertex 22.583711074931205 13.650163291186779 0.9999998593784976
    vertex 20.13753401255696 13.069177375693885 0.9999998717894197
  endloop
endfacet
facet normal -6.222117247650614e-10 -1.8742077939532103e-08 -0.9999999999999998
  outer loop
    vertex 20.13753401255696 13.069177375693885 0.9999998717894197
    vertex 22.583711074931205 13.650163291186779 0.9999998593784976
    vertex 22.695381095051935 13.167265906880928 0.9999998683595157
  endloop
endfacet
facet normal -6.222117247650614e-10 -1.8742077939532103e-08 -0.9999999999999998
  outer loop
    vertex 20.13753401255696 13.069177375693885 0.9999998717894197
    vertex 22.695381095051935 13.167265906880928 0.9999998683595157
    vertex 23.033409264066012 12.705495283138479 0.9999998768037315
  endloop
endfacet
facet normal -6.222117247650614e-10 -1.8742077939532103e-08 -0.9999999999999998
  outer loop
    vertex 20.13753401255696 13.069177375693885 0.9999998717894197
    vertex 23.033409264066012 12.705495283138479 0.9999998768037315
    vertex 20.440853932074067 12.346340353561098 0.9999998851481595
  endloop
endfacet
facet normal -6.222117247650614e-10 -1.8742077939532103e-08 -0.9999999999999998
  outer loop
    vertex 20.440853932074067 12.346340353561098 0.9999998851481595
    vertex 23.033409264066012 12.705495283138479 0.9999998768037315
    vertex 23.9478961855952 11.923805142293483 0.9999998908852235
  endloop
endfacet
facet normal -6.222117247650614e-10 -1.8742077939532103e-08 -0.9999999999999998
  outer loop
    vertex 20.440853932074067 12.346340353561098 0.9999998851481595
    vertex 23.9478961855952 11.923805142293483 0.9999998908852235
    vertex 21.018821738915026 11.680847395814615 0.999999897261262
  endloop
endfacet
facet normal -6.222117247650614e-10 -1.8742077939532103e-08 -0.9999999999999998
  outer loop
    vertex 21.018821738915026 11.680847395814615 0.999999897261262
    vertex 23.9478961855952 11.923805142293483 0.9999998908852235
    vertex 24.769576266077998 11.243221641287446 0.9999999031295145
  endloop
endfacet
facet normal -6.222117247650614e-10 -1.8742077939532103e-08 -0.9999999999999998
  outer loop
    vertex 21.018821738915026 11.680847395814615 0.999999897261262
    vertex 24.769576266077998 11.243221641287446 0.9999999031295145
    vertex 21.943872040725882 10.988191460200916 0.9999999096674963
  endloop
endfacet
facet normal -6.222117247650614e-10 -1.8742077939532103e-08 -0.9999999999999998
  outer loop
    vertex 21.943872040725882 10.988191460200916 0.9999999096674963
    vertex 24.769576266077998 11.243221641287446 0.9999999031295145
    vertex 25.303026970303346 10.698453029617427 0.9999999130076911
  endloop
endfacet
facet normal -6.222117247650614e-10 -1.8742077939532103e-08 -0.9999999999999998
  outer loop
    vertex 21.943872040725882 10.988191460200916 0.9999999096674963
    vertex 25.303026970303346 10.698453029617427 0.9999999130076911
    vertex 23.05755413328121 10.19442888474813 0.9999999238513105
  endloop
endfacet
facet normal -6.222117247650614e-10 -1.8742077939532103e-08 -0.9999999999999998
  outer loop
    vertex 23.05755413328121 10.19442888474813 0.9999999238513105
    vertex 25.303026970303346 10.698453029617427 0.9999999130076911
    vertex 25.640300612154455 10.204992265029864 0.9999999220463155
  endloop
endfacet
facet normal -6.222117247650614e-10 -1.8742077939532103e-08 -0.9999999999999998
  outer loop
    vertex 23.05755413328121 10.19442888474813 0.9999999238513105
    vertex 25.640300612154455 10.204992265029864 0.9999999220463155
    vertex 25.873449505514614 9.678332305271311 0.9999999317719487
  endloop
endfacet
facet normal -6.222117247650614e-10 -1.8742077939532103e-08 -0.9999999999999998
  outer loop
    vertex 23.05755413328121 10.19442888474813 0.9999999238513105
    vertex 25.873449505514614 9.678332305271311 0.9999999317719487
    vertex 23.265049103100125 9.96278904571392 0.9999999280636166
  endloop
endfacet
facet normal -6.222117247650614e-10 -1.8742077939532103e-08 -0.9999999999999998
  outer loop
    vertex 23.265049103100125 9.96278904571392 0.9999999280636166
    vertex 25.873449505514614 9.678332305271311 0.9999999317719487
    vertex 23.338238237908985 9.76887556482861 0.999999931652418
  endloop
endfacet
facet normal -6.222117247650614e-10 -1.8742077939532103e-08 -0.9999999999999998
  outer loop
    vertex 23.338238237908985 9.76887556482861 0.999999931652418
    vertex 19.95795654776812 7.704489246921218 0.9999999724465591
    vertex 19.957956547768134 9.768875564828653 0.9999999337556701
  endloop
endfacet
facet normal -6.222117247650614e-10 -1.8742077939532103e-08 -0.9999999999999998
  outer loop
    vertex 19.95795654776812 7.704489246921218 0.9999999724465591
    vertex 23.338238237908985 9.76887556482861 0.999999931652418
    vertex 25.873449505514614 9.678332305271311 0.9999999317719487
  endloop
endfacet
facet normal -6.222117247650614e-10 -1.8742077939532103e-08 -0.9999999999999998
  outer loop
    vertex 19.95795654776812 7.704489246921218 0.9999999724465591
    vertex 25.873449505514614 9.678332305271311 0.9999999317719487
    vertex 26.00926439485063 9.086783009496656 0.9999999427743069
  endloop
endfacet
facet normal -6.222117247650614e-10 -1.8742077939532103e-08 -0.9999999999999998
  outer loop
    vertex 19.95795654776812 7.704489246921218 0.9999999724465591
    vertex 26.00926439485063 9.086783009496656 0.9999999427743069
    vertex 26.0545360246294 8.3986542368608 0.9999999556431015
  endloop
endfacet
facet normal -6.222117247650614e-10 -1.8742077939532103e-08 -0.9999999999999998
  outer loop
    vertex 19.95795654776812 7.704489246921218 0.9999999724465591
    vertex 26.0545360246294 8.3986542368608 0.9999999556431015
    vertex 26.0545360246294 7.704489246921164 0.9999999686531948
  endloop
endfacet
facet normal -6.222117380639258e-10 -1.87420779262928e-08 -0.9999999999999998
  outer loop
    vertex 14.923751316379795 13.88557576603588 0.9999998597324953
    vertex 13.070632604106107 16.56565624893324 0.9999998106552505
    vertex 15.237634616178548 16.56565624893333 0.9999998093069162
  endloop
endfacet
facet normal -6.222117380639258e-10 -1.87420779262928e-08 -0.9999999999999998
  outer loop
    vertex 13.070632604106107 16.56565624893324 0.9999998106552505
    vertex 14.923751316379795 13.88557576603588 0.9999998597324953
    vertex 13.366407251993435 13.8855757660359 0.999999860701493
  endloop
endfacet
facet normal -6.222116615685117e-10 -1.874207796365252e-08 -0.9999999999999998
  outer loop
    vertex 17.86942536064539 13.88557576603588 0.9999998578996615
    vertex 15.992161779156415 16.565656248933255 0.9999998088374407
    vertex 18.141055139317373 16.565656248933294 0.999999807500374
  endloop
endfacet
facet normal -6.222116615685117e-10 -1.874207796365252e-08 -0.9999999999999998
  outer loop
    vertex 15.992161779156415 16.565656248933255 0.9999998088374407
    vertex 17.86942536064539 13.88557576603588 0.9999998578996615
    vertex 16.28793642704379 13.885575766035876 0.9999998588836835
  endloop
endfacet
facet normal -0.985556594477455 0.1693463878622783 -2.5606603528348963e-09
  outer loop
    vertex 22.5837110743089 13.650163272444727 -1.406215042208087e-07
    vertex 22.648600410947314 14.027804136257206 0.9999998522603473
    vertex 22.648600410325002 14.027804117515123 -1.4773965330166373e-07
  endloop
endfacet
facet normal -0.985556594477455 0.1693463878622783 -2.5606603528348963e-09
  outer loop
    vertex 22.648600410947314 14.027804136257206 0.9999998522603473
    vertex 22.5837110743089 13.650163272444727 -1.406215042208087e-07
    vertex 22.583711074931205 13.650163291186779 0.9999998593784976
  endloop
endfacet
facet normal -0.11794180460637138 0.9930205087137889 -1.853788205684937e-08
  outer loop
    vertex 23.16771509907608 14.45939367348057 0.9999998438484645
    vertex 23.621940450566548 14.51334234689141 -1.5744527219162937e-07
    vertex 23.167715098453865 14.459393654738491 -1.5615153734347223e-07
  endloop
endfacet
facet normal -0.11794180460637138 0.9930205087137889 -1.853788205684937e-08
  outer loop
    vertex 23.621940450566548 14.51334234689141 -1.5744527219162937e-07
    vertex 23.16771509907608 14.45939367348057 0.9999998438484645
    vertex 23.62194045118875 14.513342365633486 0.9999998425547296
  endloop
endfacet
facet normal 0.09157592923083425 0.9957980965966489 -1.8720303479415264e-08
  outer loop
    vertex 23.62194045118875 14.513342365633486 0.9999998425547296
    vertex 24.142941456602763 14.465429872042291 -1.5687146588354038e-07
    vertex 23.621940450566548 14.51334234689141 -1.5744527219162937e-07
  endloop
endfacet
facet normal 0.09157592923083425 0.9957980965966489 -1.8720303479415264e-08
  outer loop
    vertex 24.142941456602763 14.465429872042291 -1.5687146588354038e-07
    vertex 23.62194045118875 14.513342365633486 0.9999998425547296
    vertex 24.142941457224982 14.46542989078437 0.9999998431285358
  endloop
endfacet
facet normal 0.43754101121897365 0.8991984561271653 -1.712508803068642e-08
  outer loop
    vertex 24.649606447164604 14.321692466237103 0.9999998455072211
    vertex 25.141935420385447 14.082130073249553 -1.5030921684066743e-07
    vertex 24.649606446542403 14.321692447495 -1.5449278069135443e-07
  endloop
endfacet
facet normal 0.43754101121897365 0.8991984561271653 -1.712508803068642e-08
  outer loop
    vertex 25.141935420385447 14.082130073249553 -1.5030921684066743e-07
    vertex 24.649606447164604 14.321692466237103 0.9999998455072211
    vertex 25.141935421007652 14.082130091991646 0.999999849690785
  endloop
endfacet
facet normal -0.8069077067942537 -0.5906775369997056 1.1572604648873303e-08
  outer loop
    vertex 23.03340926344371 12.705495264396438 -1.2319627036637043e-07
    vertex 22.695381095051935 13.167265906880928 0.9999998683595157
    vertex 22.69538109442963 13.167265888138894 -1.316404862892794e-07
  endloop
endfacet
facet normal -0.8069077067942537 -0.5906775369997056 1.1572604648873303e-08
  outer loop
    vertex 22.695381095051935 13.167265906880928 0.9999998683595157
    vertex 23.03340926344371 12.705495264396438 -1.2319627036637043e-07
    vertex 23.033409264066012 12.705495283138479 0.9999998768037315
  endloop
endfacet
facet normal -0.8108885153100432 0.5852006627971928 -1.0463329848990472e-08
  outer loop
    vertex 22.648600410325002 14.027804117515123 -1.4773965330166373e-07
    vertex 22.843268418995592 14.297547597021795 0.9999998470836696
    vertex 22.84326841837339 14.297547578279719 -1.529163309716178e-07
  endloop
endfacet
facet normal -0.8108885153100432 0.5852006627971928 -1.0463329848990472e-08
  outer loop
    vertex 22.843268418995592 14.297547597021795 0.9999998470836696
    vertex 22.648600410325002 14.027804117515123 -1.4773965330166373e-07
    vertex 22.648600410947314 14.027804136257206 0.9999998522603473
  endloop
endfacet
facet normal -0.44638098972366974 0.8948430097024376 -1.6493474284886766e-08
  outer loop
    vertex 22.843268418995592 14.297547597021795 0.9999998470836696
    vertex 23.167715098453865 14.459393654738491 -1.5615153734347223e-07
    vertex 22.84326841837339 14.297547578279719 -1.529163309716178e-07
  endloop
endfacet
facet normal -0.44638098972366974 0.8948430097024376 -1.6493474284886766e-08
  outer loop
    vertex 23.167715098453865 14.459393654738491 -1.5615153734347223e-07
    vertex 22.843268418995592 14.297547597021795 0.9999998470836696
    vertex 23.16771509907608 14.45939367348057 0.9999998438484645
  endloop
endfacet
facet normal -0.8255858334827952 -0.5642765559125402 1.1089418606512246e-08
  outer loop
    vertex 25.640300611532144 10.20499224628778 -7.795368627086046e-08
    vertex 25.303026970303346 10.698453029617427 0.9999999130076911
    vertex 25.303026969681042 10.698453010875358 -8.699231077805035e-08
  endloop
endfacet
facet normal -0.8255858334827952 -0.5642765559125402 1.1089418606512246e-08
  outer loop
    vertex 25.303026970303346 10.698453029617427 0.9999999130076911
    vertex 25.640300611532144 10.20499224628778 -7.795368627086046e-08
    vertex 25.640300612154455 10.204992265029864 0.9999999220463155
  endloop
endfacet
facet normal 0.27292305624020713 0.9620358649096739 -1.8200368299636802e-08
  outer loop
    vertex 24.142941457224982 14.46542989078437 0.9999998431285358
    vertex 24.649606446542403 14.321692447495 -1.5449278069135443e-07
    vertex 24.142941456602763 14.465429872042291 -1.5687146588354038e-07
  endloop
endfacet
facet normal 0.27292305624020713 0.9620358649096739 -1.8200368299636802e-08
  outer loop
    vertex 24.649606446542403 14.321692447495 -1.5449278069135443e-07
    vertex 24.142941457224982 14.46542989078437 0.9999998431285358
    vertex 24.649606447164604 14.321692466237103 0.9999998455072211
  endloop
endfacet
facet normal 0.5743725844965323 0.8185939983769571 -1.569952513992103e-08
  outer loop
    vertex 25.141935421007652 14.082130091991646 0.999999849690785
    vertex 25.619928378131934 13.74674274930589 -1.4432077433147908e-07
    vertex 25.141935420385447 14.082130073249553 -1.5030921684066743e-07
  endloop
endfacet
facet normal 0.5743725844965323 0.8185939983769571 -1.569952513992103e-08
  outer loop
    vertex 25.619928378131934 13.74674274930589 -1.4432077433147908e-07
    vertex 25.141935421007652 14.082130091991646 0.999999849690785
    vertex 25.61992837875414 13.746742768047945 0.9999998556792262
  endloop
endfacet
facet normal -0.9978428725040842 -0.06564755740161163 1.8512452775870524e-09
  outer loop
    vertex 26.054536024007184 8.398654218118716 -4.4356900271289584e-08
    vertex 26.00926439485063 9.086783009496656 0.9999999427743069
    vertex 26.00926439422842 9.086782990754536 -5.7225694834647043e-08
  endloop
endfacet
facet normal -0.9978428725040842 -0.06564755740161163 1.8512452775870524e-09
  outer loop
    vertex 26.00926439485063 9.086783009496656 0.9999999427743069
    vertex 26.054536024007184 8.398654218118716 -4.4356900271289584e-08
    vertex 26.0545360246294 8.3986542368608 0.9999999556431015
  endloop
endfacet
facet normal -1.0 1.1661610583964575e-17 6.222154524948221e-10
  outer loop
    vertex 26.054536024007184 7.704489228179081 -3.1346805931532395e-08
    vertex 26.0545360246294 8.3986542368608 0.9999999556431015
    vertex 26.054536024007184 8.398654218118716 -4.4356900271289584e-08
  endloop
endfacet
facet normal -1.0 1.1661610583964575e-17 6.222154524948221e-10
  outer loop
    vertex 26.0545360246294 8.3986542368608 0.9999999556431015
    vertex 26.054536024007184 7.704489228179081 -3.1346805931532395e-08
    vertex 26.0545360246294 7.704489246921164 0.9999999686531948
  endloop
endfacet
facet normal -0.9144048133970831 -0.4048009847273665 8.1557832702017e-09
  outer loop
    vertex 25.87344950489231 9.67833228652919 -6.822805217238241e-08
    vertex 25.640300612154455 10.204992265029864 0.9999999220463155
    vertex 25.640300611532144 10.20499224628778 -7.795368627086046e-08
  endloop
endfacet
facet normal -0.9144048133970831 -0.4048009847273665 8.1557832702017e-09
  outer loop
    vertex 25.640300612154455 10.204992265029864 0.9999999220463155
    vertex 25.87344950489231 9.67833228652919 -6.822805217238241e-08
    vertex 25.873449505514614 9.678332305271311 0.9999999317719487
  endloop
endfacet
facet normal -0.9746420133706233 -0.22376985000856922 4.800357231528888e-09
  outer loop
    vertex 26.00926439422842 9.086782990754536 -5.7225694834647043e-08
    vertex 25.873449505514614 9.678332305271311 0.9999999317719487
    vertex 25.87344950489231 9.67833228652919 -6.822805217238241e-08
  endloop
endfacet
facet normal -0.9746420133706233 -0.22376985000856922 4.800357231528888e-09
  outer loop
    vertex 25.873449505514614 9.678332305271311 0.9999999317719487
    vertex 26.00926439422842 9.086782990754536 -5.7225694834647043e-08
    vertex 26.00926439485063 9.086783009496656 0.9999999427743069
  endloop
endfacet
facet normal -0.6497577698991585 -0.7601413292642836 1.465092569933895e-08
  outer loop
    vertex 23.947896184972898 11.923805123551405 -1.0911477723263631e-07
    vertex 23.033409264066012 12.705495283138479 0.9999998768037315
    vertex 23.03340926344371 12.705495264396438 -1.2319627036637043e-07
  endloop
endfacet
facet normal -0.6497577698991585 -0.7601413292642836 1.465092569933895e-08
  outer loop
    vertex 23.033409264066012 12.705495283138479 0.9999998768037315
    vertex 23.947896184972898 11.923805123551405 -1.0911477723263631e-07
    vertex 23.9478961855952 11.923805142293483 0.9999998908852235
  endloop
endfacet
facet normal -0.974288465505002 -0.2253042076480333 4.828899300468557e-09
  outer loop
    vertex 22.69538109442963 13.167265888138894 -1.316404862892794e-07
    vertex 22.583711074931205 13.650163291186779 0.9999998593784976
    vertex 22.5837110743089 13.650163272444727 -1.406215042208087e-07
  endloop
endfacet
facet normal -0.974288465505002 -0.2253042076480333 4.828899300468557e-09
  outer loop
    vertex 22.583711074931205 13.650163291186779 0.9999998593784976
    vertex 22.69538109442963 13.167265888138894 -1.316404862892794e-07
    vertex 22.695381095051935 13.167265906880928 0.9999998683595157
  endloop
endfacet
facet normal -1.0 -1.0268853582327818e-14 6.222082333808556e-10
  outer loop
    vertex 25.619928378131934 13.74674274930589 -1.4432077433147908e-07
    vertex 25.619928378754054 15.853382607082175 0.9999998161964193
    vertex 25.619928378131835 15.853382588340098 -1.8380358238401103e-07
  endloop
endfacet
facet normal -1.0 -1.0268853582327818e-14 6.222082333808556e-10
  outer loop
    vertex 25.619928378754054 15.853382607082175 0.9999998161964193
    vertex 25.619928378131934 13.74674274930589 -1.4432077433147908e-07
    vertex 25.61992837875414 13.746742768047945 0.9999998556792262
  endloop
endfacet
facet normal -0.7144898141249986 -0.6996458429174183 1.3557392877255638e-08
  outer loop
    vertex 25.303026969681042 10.698453010875358 -8.699231077805035e-08
    vertex 24.769576266077998 11.243221641287446 0.9999999031295145
    vertex 24.769576265455694 11.243221622545363 -9.687048721927143e-08
  endloop
endfacet
facet normal -0.7144898141249986 -0.6996458429174183 1.3557392877255638e-08
  outer loop
    vertex 24.769576266077998 11.243221641287446 0.9999999031295145
    vertex 25.303026969681042 10.698453010875358 -8.699231077805035e-08
    vertex 25.303026970303346 10.698453029617427 0.9999999130076911
  endloop
endfacet
facet normal -0.6378860700992335 -0.770130743168558 1.4830763933688568e-08
  outer loop
    vertex 24.769576265455694 11.243221622545363 -9.687048721927143e-08
    vertex 23.9478961855952 11.923805142293483 0.9999998908852235
    vertex 23.947896184972898 11.923805123551405 -1.0911477723263631e-07
  endloop
endfacet
facet normal -0.6378860700992335 -0.770130743168558 1.4830763933688568e-08
  outer loop
    vertex 23.9478961855952 11.923805142293483 0.9999998908852235
    vertex 24.769576265455694 11.243221622545363 -9.687048721927143e-08
    vertex 24.769576266077998 11.243221641287446 0.9999999031295145
  endloop
endfacet
facet normal 0.9932331789567176 0.1161372128972138 -2.794671809013617e-09
  outer loop
    vertex 20.036427372717917 13.933865504466482 0.9999998556462784
    vertex 20.137534011934655 13.069177356951814 -1.282105809208334e-07
    vertex 20.036427372095613 13.933865485724407 -1.4435372354290508e-07
  endloop
endfacet
facet normal 0.9932331789567176 0.1161372128972138 -2.794671809013617e-09
  outer loop
    vertex 20.137534011934655 13.069177356951814 -1.282105809208334e-07
    vertex 20.036427372717917 13.933865504466482 0.9999998556462784
    vertex 20.13753401255696 13.069177375693885 0.9999998717894197
  endloop
endfacet
facet normal -0.4050328639931102 -0.9143021268079486 1.7387935257618105e-08
  outer loop
    vertex 25.619928378131835 15.853382588340098 -1.8380358238401103e-07
    vertex 24.925008861651442 16.16122968957717 0.9999998108591127
    vertex 24.925008861029234 16.161229670835095 -1.8914088933039736e-07
  endloop
endfacet
facet normal -0.4050328639931102 -0.9143021268079486 1.7387935257618105e-08
  outer loop
    vertex 24.925008861651442 16.16122968957717 0.9999998108591127
    vertex 25.619928378131835 15.853382588340098 -1.8380358238401103e-07
    vertex 25.619928378754054 15.853382607082175 0.9999998161964193
  endloop
endfacet
facet normal 0.570041482763024 -0.8216159126558665 1.5044109047405258e-08
  outer loop
    vertex 21.235371034067462 16.125012367012125 -1.8616636585067834e-07
    vertex 20.809063187607176 15.829237737866862 0.9999998196423211
    vertex 20.809063186984964 15.829237719124784 -1.8035768069725966e-07
  endloop
endfacet
facet normal 0.570041482763024 -0.8216159126558665 1.5044109047405258e-08
  outer loop
    vertex 20.809063187607176 15.829237737866862 0.9999998196423211
    vertex 21.235371034067462 16.125012367012125 -1.8616636585067834e-07
    vertex 21.235371034689663 16.125012385754236 0.999999813833636
  endloop
endfacet
facet normal 0.9221057706066549 0.38693791209172945 -7.82578313632363e-09
  outer loop
    vertex 20.13753401255696 13.069177375693885 0.9999998717894197
    vertex 20.440853931451763 12.346340334818978 -1.1485184228661844e-07
    vertex 20.137534011934655 13.069177356951814 -1.282105809208334e-07
  endloop
endfacet
facet normal 0.9221057706066549 0.38693791209172945 -7.82578313632363e-09
  outer loop
    vertex 20.440853931451763 12.346340334818978 -1.1485184228661844e-07
    vertex 20.13753401255696 13.069177375693885 0.9999998717894197
    vertex 20.440853932074067 12.346340353561098 0.9999998851481595
  endloop
endfacet
facet normal 0.7550108134126496 0.6557123390862558 -1.2759210630139272e-08
  outer loop
    vertex 20.440853932074067 12.346340353561098 0.9999998851481595
    vertex 21.01882173829272 11.680847377072451 -1.0273873975428919e-07
    vertex 20.440853931451763 12.346340334818978 -1.1485184228661844e-07
  endloop
endfacet
facet normal 0.7550108134126496 0.6557123390862558 -1.2759210630139272e-08
  outer loop
    vertex 21.01882173829272 11.680847377072451 -1.0273873975428919e-07
    vertex 20.440853932074067 12.346340353561098 0.9999998851481595
    vertex 21.018821738915026 11.680847395814615 0.999999897261262
  endloop
endfacet
facet normal 0.9355790284222262 0.3531173764862375 -7.200300695636958e-09
  outer loop
    vertex 23.265049103100125 9.96278904571392 0.9999999280636166
    vertex 23.33823823728668 9.768875546086527 -6.834758287830574e-08
    vertex 23.26504910247782 9.962789026971837 -7.193638531141284e-08
  endloop
endfacet
facet normal 0.9355790284222262 0.3531173764862375 -7.200300695636958e-09
  outer loop
    vertex 23.33823823728668 9.768875546086527 -6.834758287830574e-08
    vertex 23.265049103100125 9.96278904571392 0.9999999280636166
    vertex 23.338238237908985 9.76887556482861 0.999999931652418
  endloop
endfacet
facet normal 0.9939653635505699 0.10969437570715895 -2.6743531397838196e-09
  outer loop
    vertex 13.070632604106107 16.56565624893324 0.9999998106552505
    vertex 13.366407251371266 13.885575747293823 -1.3929850871022447e-07
    vertex 13.070632603483897 16.56565623019122 -1.8934475158421236e-07
  endloop
endfacet
facet normal 0.9939653635505699 0.10969437570715895 -2.6743531397838196e-09
  outer loop
    vertex 13.366407251371266 13.885575747293823 -1.3929850871022447e-07
    vertex 13.070632604106107 16.56565624893324 0.9999998106552505
    vertex 13.366407251993435 13.8855757660359 0.999999860701493
  endloop
endfacet
facet normal -0.993211546117076 0.11632207296866466 -1.5621250326091084e-09
  outer loop
    vertex 14.92375131575758 13.885575747293826 -1.4026750647674172e-07
    vertex 15.237634616178548 16.56565624893333 0.9999998093069162
    vertex 15.237634615556333 16.565656230191262 -1.9069308558599806e-07
  endloop
endfacet
facet normal -0.993211546117076 0.11632207296866466 -1.5621250326091084e-09
  outer loop
    vertex 15.237634616178548 16.56565624893333 0.9999998093069162
    vertex 14.92375131575758 13.885575747293826 -1.4026750647674172e-07
    vertex 14.923751316379795 13.88557576603588 0.9999998597324953
  endloop
endfacet
facet normal 0.5993730205254769 0.8004698509414117 -1.5375425192500953e-08
  outer loop
    vertex 21.018821738915026 11.680847395814615 0.999999897261262
    vertex 21.943872040103578 10.988191441458763 -9.033250543786428e-08
    vertex 21.01882173829272 11.680847377072451 -1.0273873975428919e-07
  endloop
endfacet
facet normal 0.5993730205254769 0.8004698509414117 -1.5375425192500953e-08
  outer loop
    vertex 21.943872040103578 10.988191441458763 -9.033250543786428e-08
    vertex 21.018821738915026 11.680847395814615 0.999999897261262
    vertex 21.943872040725882 10.988191460200916 0.9999999096674963
  endloop
endfacet
facet normal -3.191820384296054e-15 -0.9999999999999998 1.8742076576927535e-08
  outer loop
    vertex 23.33823823728668 9.768875546086527 -6.834758287830574e-08
    vertex 19.957956547768134 9.768875564828653 0.9999999337556701
    vertex 19.95795654714583 9.768875546086583 -6.624433194894686e-08
  endloop
endfacet
facet normal -3.191820384296054e-15 -0.9999999999999998 1.8742076576927535e-08
  outer loop
    vertex 19.957956547768134 9.768875564828653 0.9999999337556701
    vertex 23.33823823728668 9.768875546086527 -6.834758287830574e-08
    vertex 23.338238237908985 9.76887556482861 0.999999931652418
  endloop
endfacet
facet normal -5.911027139887557e-16 0.9999999999999998 -1.874207567453825e-08
  outer loop
    vertex 13.366407251993435 13.8855757660359 0.999999860701493
    vertex 14.92375131575758 13.885575747293826 -1.4026750647674172e-07
    vertex 13.366407251371266 13.885575747293823 -1.3929850871022447e-07
  endloop
endfacet
facet normal -5.911027139887557e-16 0.9999999999999998 -1.874207567453825e-08
  outer loop
    vertex 14.92375131575758 13.885575747293826 -1.4026750647674172e-07
    vertex 13.366407251993435 13.8855757660359 0.999999860701493
    vertex 14.923751316379795 13.88557576603588 0.9999998597324953
  endloop
endfacet
facet normal -0.16915944291204094 -0.9855886986333029 1.857723359514046e-08
  outer loop
    vertex 24.27687002803124 16.360424841861267 -1.9247094122831768e-07
    vertex 23.64382173891502 16.469076772072125 0.9999998058865882
    vertex 23.643821738292818 16.46907675333008 -1.9411341370112642e-07
  endloop
endfacet
facet normal -0.16915944291204094 -0.9855886986333029 1.857723359514046e-08
  outer loop
    vertex 23.64382173891502 16.469076772072125 0.9999998058865882
    vertex 24.27687002803124 16.360424841861267 -1.9247094122831768e-07
    vertex 24.276870028653452 16.360424860603302 0.9999998075290606
  endloop
endfacet
facet normal 5.008736400829915e-15 -0.9999999999999998 1.8742065748256224e-08
  outer loop
    vertex 15.237634615556333 16.565656230191262 -1.9069308558599806e-07
    vertex 13.070632604106107 16.56565624893324 0.9999998106552505
    vertex 13.070632603483897 16.56565623019122 -1.8934475158421236e-07
  endloop
endfacet
facet normal 5.008736400829915e-15 -0.9999999999999998 1.8742065748256224e-08
  outer loop
    vertex 13.070632604106107 16.56565624893324 0.9999998106552505
    vertex 15.237634615556333 16.565656230191262 -1.9069308558599806e-07
    vertex 15.237634616178548 16.56565624893333 0.9999998093069162
  endloop
endfacet
facet normal 1.0 3.485316843599294e-15 -6.222082333806876e-10
  outer loop
    vertex 19.957956547768134 9.768875564828653 0.9999999337556701
    vertex 19.95795654714601 7.704489228179129 -2.7553442676425335e-08
    vertex 19.95795654714583 9.768875546086583 -6.624433194894686e-08
  endloop
endfacet
facet normal 1.0 3.485316843599294e-15 -6.222082333806876e-10
  outer loop
    vertex 19.95795654714601 7.704489228179129 -2.7553442676425335e-08
    vertex 19.957956547768134 9.768875564828653 0.9999999337556701
    vertex 19.95795654776812 7.704489246921218 0.9999999724465591
  endloop
endfacet
facet normal 0.38510362787891966 -0.9228733368098215 1.7056957259096266e-08
  outer loop
    vertex 21.7416587604256 16.336279972645936 -1.9044097794163594e-07
    vertex 21.235371034689663 16.125012385754236 0.999999813833636
    vertex 21.235371034067462 16.125012367012125 -1.8616636585067834e-07
  endloop
endfacet
facet normal 0.38510362787891966 -0.9228733368098215 1.7056957259096266e-08
  outer loop
    vertex 21.235371034689663 16.125012385754236 0.999999813833636
    vertex 21.7416587604256 16.336279972645936 -1.9044097794163594e-07
    vertex 21.74165876104782 16.336279991387983 0.9999998095590227
  endloop
endfacet
facet normal -1.1528510254743837e-15 0.9999999999999998 -1.8742072967370425e-08
  outer loop
    vertex 16.28793642704379 13.885575766035876 0.9999998588836835
    vertex 17.869425360023232 13.885575747293826 -1.4210033936178865e-07
    vertex 16.287936426421574 13.885575747293823 -1.4111631840818716e-07
  endloop
endfacet
facet normal -1.1528510254743837e-15 0.9999999999999998 -1.8742072967370425e-08
  outer loop
    vertex 17.869425360023232 13.885575747293826 -1.4210033936178865e-07
    vertex 16.28793642704379 13.885575766035876 0.9999998588836835
    vertex 17.86942536064539 13.88557576603588 0.9999998578996615
  endloop
endfacet
facet normal 0.9965005762054869 -0.08358589367909197 9.465208541495216e-10
  outer loop
    vertex 20.084717111148496 14.5095697298186 0.9999998448263384
    vertex 20.036427372095613 13.933865485724407 -1.4435372354290508e-07
    vertex 20.084717110526192 14.509569711076523 -1.5517366342165054e-07
  endloop
endfacet
facet normal 0.9965005762054869 -0.08358589367909197 9.465208541495216e-10
  outer loop
    vertex 20.036427372095613 13.933865485724407 -1.4435372354290508e-07
    vertex 20.084717111148496 14.5095697298186 0.9999998448263384
    vertex 20.036427372717917 13.933865504466482 0.9999998556462784
  endloop
endfacet
facet normal -0.29377305260824266 -0.9558751976912228 1.8097872034170533e-08
  outer loop
    vertex 24.925008861029234 16.161229670835095 -1.8914088933039736e-07
    vertex 24.276870028653452 16.360424860603302 0.9999998075290606
    vertex 24.27687002803124 16.360424841861267 -1.9247094122831768e-07
  endloop
endfacet
facet normal -0.29377305260824266 -0.9558751976912228 1.8097872034170533e-08
  outer loop
    vertex 24.276870028653452 16.360424860603302 0.9999998075290606
    vertex 24.925008861029234 16.161229670835095 -1.8914088933039736e-07
    vertex 24.925008861651442 16.16122968957717 0.9999998108591127
  endloop
endfacet
facet normal 0.21133279252754025 -0.9774141654398668 1.818727837376506e-08
  outer loop
    vertex 22.327926366059405 16.463040536026266 -1.9318151697013114e-07
    vertex 21.74165876104782 16.336279991387983 0.9999998095590227
    vertex 21.7416587604256 16.336279972645936 -1.9044097794163594e-07
  endloop
endfacet
facet normal 0.21133279252754025 -0.9774141654398668 1.818727837376506e-08
  outer loop
    vertex 21.74165876104782 16.336279991387983 0.9999998095590227
    vertex 22.327926366059405 16.463040536026266 -1.9318151697013114e-07
    vertex 22.327926366681627 16.463040554768266 0.9999998068184849
  endloop
endfacet
facet normal 0.9616317130530457 -0.27434366850843245 4.543414045536709e-09
  outer loop
    vertex 20.22958632644017 15.017366510502702 0.9999998352190312
    vertex 20.084717110526192 14.509569711076523 -1.5517366342165054e-07
    vertex 20.229586325817863 15.017366491760624 -1.647809694984241e-07
  endloop
endfacet
facet normal 0.9616317130530457 -0.27434366850843245 4.543414045536709e-09
  outer loop
    vertex 20.084717110526192 14.509569711076523 -1.5517366342165054e-07
    vertex 20.22958632644017 15.017366510502702 0.9999998352190312
    vertex 20.084717111148496 14.5095697298186 0.9999998448263384
  endloop
endfacet
facet normal 0.7400759106294061 -0.6725233427220614 1.2144002668432487e-08
  outer loop
    vertex 20.809063187607176 15.829237737866862 0.9999998196423211
    vertex 20.47103501797088 15.457255827776716 -1.7317564199882685e-07
    vertex 20.809063186984964 15.829237719124784 -1.8035768069725966e-07
  endloop
endfacet
facet normal 0.7400759106294061 -0.6725233427220614 1.2144002668432487e-08
  outer loop
    vertex 20.47103501797088 15.457255827776716 -1.7317564199882685e-07
    vertex 20.809063187607176 15.829237737866862 0.9999998196423211
    vertex 20.471035018593085 15.457255846518791 0.9999998268243587
  endloop
endfacet
facet normal 0.06329300037243442 -0.9979949880153981 1.8665113459712612e-08
  outer loop
    vertex 22.994173850968863 16.505294057153023 -1.9438798271056918e-07
    vertex 22.327926366681627 16.463040554768266 0.9999998068184849
    vertex 22.327926366059405 16.463040536026266 -1.9318151697013114e-07
  endloop
endfacet
facet normal 0.06329300037243442 -0.9979949880153981 1.8665113459712612e-08
  outer loop
    vertex 22.327926366681627 16.463040554768266 0.9999998068184849
    vertex 22.994173850968863 16.505294057153023 -1.9438798271056918e-07
    vertex 22.99417385159107 16.50529407589506 0.9999998056120182
  endloop
endfacet
facet normal 0.8766282976071923 -0.48116819079643625 8.472639403989352e-09
  outer loop
    vertex 20.471035018593085 15.457255846518791 0.9999998268243587
    vertex 20.229586325817863 15.017366491760624 -1.647809694984241e-07
    vertex 20.47103501797088 15.457255827776716 -1.7317564199882685e-07
  endloop
endfacet
facet normal 0.8766282976071923 -0.48116819079643625 8.472639403989352e-09
  outer loop
    vertex 20.229586325817863 15.017366491760624 -1.647809694984241e-07
    vertex 20.471035018593085 15.457255846518791 0.9999998268243587
    vertex 20.22958632644017 15.017366510502702 0.9999998352190312
  endloop
endfacet
facet normal -0.05566269715676195 -0.9984496302494354 1.874765461662121e-08
  outer loop
    vertex 23.643821738292818 16.46907675333008 -1.9411341370112642e-07
    vertex 22.99417385159107 16.50529407589506 0.9999998056120182
    vertex 22.994173850968863 16.505294057153023 -1.9438798271056918e-07
  endloop
endfacet
facet normal -0.05566269715676195 -0.9984496302494354 1.874765461662121e-08
  outer loop
    vertex 22.99417385159107 16.50529407589506 0.9999998056120182
    vertex 23.643821738292818 16.46907675333008 -1.9411341370112642e-07
    vertex 23.64382173891502 16.469076772072125 0.9999998058865882
  endloop
endfacet
facet normal 0.7448604565505816 0.6672202786690907 -1.2968572817883658e-08
  outer loop
    vertex 23.05755413328121 10.19442888474813 0.9999999238513105
    vertex 23.26504910247782 9.962789026971837 -7.193638531141284e-08
    vertex 23.057554132658908 10.194428866006044 -7.614869144754207e-08
  endloop
endfacet
facet normal 0.7448604565505816 0.6672202786690907 -1.2968572817883658e-08
  outer loop
    vertex 23.26504910247782 9.962789026971837 -7.193638531141284e-08
    vertex 23.05755413328121 10.19442888474813 0.9999999238513105
    vertex 23.265049103100125 9.96278904571392 0.9999999280636166
  endloop
endfacet
facet normal 2.3565891192830162e-15 0.9999999999999998 -1.874208379604172e-08
  outer loop
    vertex 19.95795654776812 7.704489246921218 0.9999999724465591
    vertex 26.054536024007184 7.704489228179081 -3.1346805931532395e-08
    vertex 19.95795654714601 7.704489228179129 -2.7553442676425335e-08
  endloop
endfacet
facet normal 2.3565891192830162e-15 0.9999999999999998 -1.874208379604172e-08
  outer loop
    vertex 26.054536024007184 7.704489228179081 -3.1346805931532395e-08
    vertex 19.95795654776812 7.704489246921218 0.9999999724465591
    vertex 26.0545360246294 7.704489246921164 0.9999999686531948
  endloop
endfacet
facet normal 0.5804028614806804 0.8143294900622462 -1.5623375522719206e-08
  outer loop
    vertex 21.943872040725882 10.988191460200916 0.9999999096674963
    vertex 23.057554132658908 10.194428866006044 -7.614869144754207e-08
    vertex 21.943872040103578 10.988191441458763 -9.033250543786428e-08
  endloop
endfacet
facet normal 0.5804028614806804 0.8143294900622462 -1.5623375522719206e-08
  outer loop
    vertex 23.057554132658908 10.194428866006044 -7.614869144754207e-08
    vertex 21.943872040725882 10.988191460200916 0.9999999096674963
    vertex 23.05755413328121 10.19442888474813 0.9999999238513105
  endloop
endfacet
facet normal -1.5806577628413613e-08 0.321439475171601 0.9469301261452218
  outer loop
    vertex -5.038003237016115 29.15964034666103 18.08865402992468
    vertex 45.26199671924178 29.01100402120756 18.13911010497908
    vertex 45.261996720042696 29.159641286001214 18.088654551056628
  endloop
endfacet
facet normal -1.5806577628413613e-08 0.321439475171601 0.9469301261452218
  outer loop
    vertex 45.26199671924178 29.01100402120756 18.13911010497908
    vertex -5.038003237016115 29.15964034666103 18.08865402992468
    vertex -5.038003237501529 29.011003081891765 18.139109584569002
  endloop
endfacet
facet normal -2.1376411040174714e-08 0.8968727437233652 0.44228868577674746
  outer loop
    vertex -5.038003232122182 29.739650710425796 17.579998582932078
    vertex 45.26199673035192 29.809076604910103 17.439219224923484
    vertex -5.038003230767711 29.809075664342085 17.439218700682215
  endloop
endfacet
facet normal -2.1376411040174714e-08 0.8968727437233652 0.44228868577674746
  outer loop
    vertex 45.26199673035192 29.809076604910103 17.439219224923484
    vertex -5.038003232122182 29.739650710425796 17.579998582932078
    vertex 45.26199672811722 29.739651650723317 17.579999106806962
  endloop
endfacet
facet normal -2.0243673265248772e-08 0.9807852915235439 0.19509026611052788
  outer loop
    vertex -5.03800322933764 29.859531216340347 17.290581435014726
    vertex 45.24135362071612 29.890154999027825 17.136630410223955
    vertex -5.038003227856417 29.890154057950973 17.136630010713922
  endloop
endfacet
facet normal -2.0243673265248772e-08 0.9807852915235439 0.19509026611052788
  outer loop
    vertex 45.24135362071612 29.890154999027825 17.136630410223955
    vertex -5.03800322933764 29.859531216340347 17.290581435014726
    vertex 45.2619967327115 29.8595321571791 17.29058195956856
  endloop
endfacet
facet normal -2.0243673265248772e-08 0.9807852915235439 0.19509026611052788
  outer loop
    vertex 45.24135362071612 29.890154999027825 17.136630410223955
    vertex 45.2619967327115 29.8595321571791 17.29058195956856
    vertex 45.261996731856854 29.885717936828282 17.158937153929866
  endloop
endfacet
facet normal -1.6572476862065662e-08 0.9999999999999984 5.312824705395484e-08
  outer loop
    vertex -5.1198456936932075 29.900420224600555 16.97999837720415
    vertex 40.283058947680466 29.900421232054697 12.179999028746254
    vertex -9.919845364393867 29.900420505395722 12.179998482832833
  endloop
endfacet
facet normal -1.6572476862065662e-08 0.9999999999999984 5.312824705395484e-08
  outer loop
    vertex 40.283058947680466 29.900421232054697 12.179999028746254
    vertex -5.1198456936932075 29.900420224600555 16.97999837720415
    vertex 45.08305868949857 29.900421161914462 16.97999910494244
  endloop
endfacet
facet normal -0.6560590202745348 -8.159664407666402e-08 -0.7547095877994467
  outer loop
    vertex 2.604528587390626 22.014950735527535 10.418289547369957
    vertex 0.5779139341823084 24.100420502528063 12.179998701971671
    vertex 2.6045285873906456 24.100420579389016 10.418289496686729
  endloop
endfacet
facet normal -0.6560590202745348 -8.159664407666402e-08 -0.7547095877994467
  outer loop
    vertex 0.5779139341823084 24.100420502528063 12.179998701971671
    vertex 2.604528587390626 22.014950735527535 10.418289547369957
    vertex -0.7719890913043406 23.150517531635852 13.353451491174626
  endloop
endfacet
facet normal -0.6560590202745348 -8.159664407666402e-08 -0.7547095877994467
  outer loop
    vertex -0.7719890913043406 23.150517531635852 13.353451491174626
    vertex 2.604528587390626 22.014950735527535 10.418289547369957
    vertex 1.8135780887192565 20.56495073355093 11.105852699058564
  endloop
endfacet
facet normal -0.6560590202745348 -8.159664407666402e-08 -0.7547095877994467
  outer loop
    vertex 1.8135780887192565 20.56495073355093 11.105852699058564
    vertex 2.604528587390626 22.014950735527535 10.418289547369957
    vertex 2.765520210876093 21.01495069298661 10.278341677929935
  endloop
endfacet
facet normal -0.6560590202745348 -8.159664407666402e-08 -0.7547095877994467
  outer loop
    vertex 1.8135780887192565 20.56495073355093 11.105852699058564
    vertex 2.765520210876093 21.01495069298661 10.278341677929935
    vertex 3.200003002043292 20.564950473044792 9.900652059536306
  endloop
endfacet
facet normal -0.6560590202745348 -8.159664407666402e-08 -0.7547095877994467
  outer loop
    vertex -0.7719890913043406 23.150517531635852 13.353451491174626
    vertex 0.5779139341823084 24.50042054129719 12.17999865854897
    vertex 0.5779139341823084 24.100420502528063 12.179998701971671
  endloop
endfacet
facet normal -1.7558059609110527e-08 0.44228869874846966 0.8968727373264198
  outer loop
    vertex -5.038003236348157 29.300420227674923 18.01922907350218
    vertex 45.261996720042696 29.159641286001214 18.088654551056628
    vertex 45.26199672114473 29.30042116711236 18.01922959530381
  endloop
endfacet
facet normal -1.7558059609110527e-08 0.44228869874846966 0.8968727373264198
  outer loop
    vertex 45.261996720042696 29.159641286001214 18.088654551056628
    vertex -5.038003236348157 29.300420227674923 18.01922907350218
    vertex -5.038003237016115 29.15964034666103 18.08865402992468
  endloop
endfacet
facet normal -1.3783148277563868e-08 0.1950903331312744 0.9807852781922902
  outer loop
    vertex -5.038003237501529 29.011003081891765 18.139109584569002
    vertex 45.261996718755626 28.857052597512617 18.1697329485646
    vertex 45.26199671924178 29.01100402120756 18.13911010497908
  endloop
endfacet
facet normal -1.3783148277563868e-08 0.1950903331312744 0.9807852781922902
  outer loop
    vertex 45.261996718755626 28.857052597512617 18.1697329485646
    vertex -5.038003237501529 29.011003081891765 18.139109584569002
    vertex -5.0380032377962 28.857051658136108 18.169732428920316
  endloop
endfacet
facet normal -2.013047502762932e-08 0.6593458208797609 0.751839802410323
  outer loop
    vertex -5.038003234513369 29.54894836436276 17.82852672301482
    vertex 45.26199672252909 29.43093488177174 17.932023117948013
    vertex 45.26199672417205 29.548949304161823 17.828527245977714
  endloop
endfacet
facet normal -2.013047502762932e-08 0.6593458208797609 0.751839802410323
  outer loop
    vertex 45.26199672252909 29.43093488177174 17.932023117948013
    vertex -5.038003234513369 29.54894836436276 17.82852672301482
    vertex -5.038003235509115 29.430933942176928 17.932022595534896
  endloop
endfacet
facet normal 6.420034486858195e-09 0.6560590115809145 -0.7547095953566996
  outer loop
    vertex 1.8135780887192565 20.56495073355093 11.105852699058564
    vertex -2.25509608970302 23.150517524656856 13.35345148493358
    vertex -0.7719890913043406 23.150517531635852 13.353451491174626
  endloop
endfacet
facet normal 6.420034486858195e-09 0.6560590115809145 -0.7547095953566996
  outer loop
    vertex -2.25509608970302 23.150517524656856 13.35345148493358
    vertex 1.8135780887192565 20.56495073355093 11.105852699058564
    vertex -2.255096068078121 20.564950733550898 11.105852659912552
  endloop
endfacet
facet normal -0.7071067989437818 1.5449782455194417e-08 0.7071067634293127
  outer loop
    vertex -9.91984538413743 24.500420598870342 12.179998546918634
    vertex -5.1198456936932075 29.900420224600555 16.97999837720415
    vertex -9.919845364393867 29.900420505395722 12.179998482832833
  endloop
endfacet
facet normal -0.7071067989437818 1.5449782455194417e-08 0.7071067634293127
  outer loop
    vertex -5.1198456936932075 29.900420224600555 16.97999837720415
    vertex -9.91984538413743 24.500420598870342 12.179998546918634
    vertex -7.7618614293800325 22.017943910251006 14.337982696538374
  endloop
endfacet
facet normal -0.7071067989437818 1.5449782455194417e-08 0.7071067634293127
  outer loop
    vertex -5.1198456936932075 29.900420224600555 16.97999837720415
    vertex -7.7618614293800325 22.017943910251006 14.337982696538374
    vertex -5.038003260475866 22.01495074584939 17.061840992512554
  endloop
endfacet
facet normal -0.7071067989437818 1.5449782455194417e-08 0.7071067634293127
  outer loop
    vertex -5.1198456936932075 29.900420224600555 16.97999837720415
    vertex -5.038003260475866 22.01495074584939 17.061840992512554
    vertex -5.038003227130584 29.895055998437773 17.061840847837594
  endloop
endfacet
facet normal -2.0907392568228015e-08 0.7518398119466159 0.6593458100057031
  outer loop
    vertex -5.038003234513369 29.54894836436276 17.82852672301482
    vertex 45.26199672604542 29.652445174819306 17.710512822436307
    vertex -5.038003233377895 29.65244423478195 17.710512298986487
  endloop
endfacet
facet normal -2.0907392568228015e-08 0.7518398119466159 0.6593458100057031
  outer loop
    vertex 45.26199672604542 29.652445174819306 17.710512822436307
    vertex -5.038003234513369 29.54894836436276 17.82852672301482
    vertex 45.26199672417205 29.548949304161823 17.828527245977714
  endloop
endfacet
facet normal -1.1522393514569816e-08 0.06540314144848683 0.9978589224377709
  outer loop
    vertex -5.0380032377962 28.857051658136108 18.169732428920316
    vertex 45.26199671859266 28.700421166428715 18.179999116475358
    vertex 45.261996718755626 28.857052597512617 18.1697329485646
  endloop
endfacet
facet normal -1.1522393514569816e-08 0.06540314144848683 0.9978589224377709
  outer loop
    vertex 45.26199671859266 28.700421166428715 18.179999116475358
    vertex -5.0380032377962 28.857051658136108 18.169732428920316
    vertex -5.038003237894953 28.700420226895165 18.17999859762999
  endloop
endfacet
facet normal -2.132508691326252e-08 0.8314696155605781 0.555570228143611
  outer loop
    vertex -5.038003233377895 29.65244423478195 17.710512298986487
    vertex 45.26199672811722 29.739651650723317 17.579999106806962
    vertex -5.038003232122182 29.739650710425796 17.579998582932078
  endloop
endfacet
facet normal -2.132508691326252e-08 0.8314696155605781 0.555570228143611
  outer loop
    vertex 45.26199672811722 29.739651650723317 17.579999106806962
    vertex -5.038003233377895 29.65244423478195 17.710512298986487
    vertex 45.26199672604542 29.652445174819306 17.710512822436307
  endloop
endfacet
facet normal -1.9007626453686017e-08 0.5555702401688752 0.8314696075255535
  outer loop
    vertex -5.038003235509115 29.430933942176928 17.932022595534896
    vertex 45.26199672114473 29.30042116711236 18.01922959530381
    vertex 45.26199672252909 29.43093488177174 17.932023117948013
  endloop
endfacet
facet normal -1.9007626453686017e-08 0.5555702401688752 0.8314696075255535
  outer loop
    vertex 45.26199672114473 29.30042116711236 18.01922959530381
    vertex -5.038003235509115 29.430933942176928 17.932022595534896
    vertex -5.038003236348157 29.300420227674923 18.01922907350218
  endloop
endfacet
facet normal -1.935139886856123e-08 0.9978589240181679 0.06540311733628325
  outer loop
    vertex -5.038003227130584 29.895055998437773 17.061840847837594
    vertex 45.08305868949857 29.900421161914462 16.97999910494244
    vertex -5.1198456936932075 29.900420224600555 16.97999837720415
  endloop
endfacet
facet normal -1.935139886856123e-08 0.9978589240181679 0.06540311733628325
  outer loop
    vertex 45.08305868949857 29.900421161914462 16.97999910494244
    vertex -5.038003227130584 29.895055998437773 17.061840847837594
    vertex -5.038003227856417 29.890154057950973 17.136630010713922
  endloop
endfacet
facet normal -1.935139886856123e-08 0.9978589240181679 0.06540311733628325
  outer loop
    vertex 45.08305868949857 29.900421161914462 16.97999910494244
    vertex -5.038003227856417 29.890154057950973 17.136630010713922
    vertex 45.24135362071612 29.890154999027825 17.136630410223955
  endloop
endfacet
facet normal -2.1060485924255102e-08 0.9469301307942456 0.32143946147601826
  outer loop
    vertex -5.038003230767711 29.809075664342085 17.439218700682215
    vertex 45.2619967327115 29.8595321571791 17.29058195956856
    vertex -5.03800322933764 29.859531216340347 17.290581435014726
  endloop
endfacet
facet normal -2.1060485924255102e-08 0.9469301307942456 0.32143946147601826
  outer loop
    vertex 45.2619967327115 29.8595321571791 17.29058195956856
    vertex -5.038003230767711 29.809075664342085 17.439218700682215
    vertex 45.26199673035192 29.809076604910103 17.439219224923484
  endloop
endfacet
facet normal -1.014272444693345e-08 -7.828222019482838e-09 0.9999999999999998
  outer loop
    vertex -5.038003237894953 28.700420226895165 18.17999859762999
    vertex 45.26199671555654 1.2000010738962723 18.179998892529646
    vertex 45.26199671859266 28.700421166428715 18.179999116475358
  endloop
endfacet
facet normal -1.014272444693345e-08 -7.828222019482838e-09 0.9999999999999998
  outer loop
    vertex 45.26199671555654 1.2000010738962723 18.179998892529646
    vertex -5.038003237894953 28.700420226895165 18.17999859762999
    vertex -5.038003293722972 1.2000010665675178 18.17999839101692
  endloop
endfacet
facet normal 7.880635025492109e-08 0.9999999999999969 9.228692903331411e-09
  outer loop
    vertex -2.255096068078121 20.564950733550898 11.105852659912552
    vertex 3.2000033837563575 20.564950447206975 -7.533346621334901e-07
    vertex -2.25509793081629 20.564951114510265 -8.947345892626442e-07
  endloop
endfacet
facet normal 7.880635025492109e-08 0.9999999999999969 9.228692903331411e-09
  outer loop
    vertex 3.2000033837563575 20.564950447206975 -7.533346621334901e-07
    vertex -2.255096068078121 20.564950733550898 11.105852659912552
    vertex 1.8135780887192565 20.56495073355093 11.105852699058564
  endloop
endfacet
facet normal 7.880635025492109e-08 0.9999999999999969 9.228692903331411e-09
  outer loop
    vertex 3.2000033837563575 20.564950447206975 -7.533346621334901e-07
    vertex 1.8135780887192565 20.56495073355093 11.105852699058564
    vertex 3.200003002043292 20.564950473044792 9.900652059536306
  endloop
endfacet
facet normal -0.65605882691348 -3.51597572722443e-08 -0.7547097558856034
  outer loop
    vertex 2.604533104462022 7.788719448767789 10.418284081667327
    vertex -2.2550851336891835 7.788721750397634 14.642687209063983
    vertex 1.7705167335192253 8.513725664539479 11.143289090561478
  endloop
endfacet
facet normal -0.65605882691348 -3.51597572722443e-08 -0.7547097558856034
  outer loop
    vertex 2.7655202108761325 3.0854683316910854 10.278342113670602
    vertex -2.255079997946954 3.5354671311056785 14.642682800961847
    vertex 3.2000030020433146 3.5354685332749107 9.900652473404241
  endloop
endfacet
facet normal -0.65605882691348 -3.51597572722443e-08 -0.7547097558856034
  outer loop
    vertex -2.255079997946954 3.5354671311056785 14.642682800961847
    vertex 2.7655202108761325 3.0854683316910854 10.278342113670602
    vertex -5.038003313895982 3.085470363682371 17.061841246080338
  endloop
endfacet
facet normal -0.65605882691348 -3.51597572722443e-08 -0.7547097558856034
  outer loop
    vertex -5.038003313895982 3.085470363682371 17.061841246080338
    vertex 2.7655202108761325 3.0854683316910854 10.278342113670602
    vertex -4.115588639903026 3.0854692306919556 16.259998396614783
  endloop
endfacet
facet normal -0.65605882691348 -3.51597572722443e-08 -0.7547097558856034
  outer loop
    vertex -2.2550971866703073 16.312007798871512 14.642697756763495
    vertex -5.038003260475866 22.01495074584939 17.061840992512554
    vertex -2.2550956077460538 22.017609069842635 14.642696316300952
  endloop
endfacet
facet normal -0.65605882691348 -3.51597572722443e-08 -0.7547097558856034
  outer loop
    vertex -5.038003260475866 22.01495074584939 17.061840992512554
    vertex -2.2550971866703073 16.312007798871512 14.642697756763495
    vertex -5.038003313895982 3.085470363682371 17.061841246080338
  endloop
endfacet
facet normal -0.65605882691348 -3.51597572722443e-08 -0.7547097558856034
  outer loop
    vertex -5.038003313895982 3.085470363682371 17.061841246080338
    vertex -2.2550971866703073 16.312007798871512 14.642697756763495
    vertex 1.770523817040256 15.587003883059738 11.143279059805671
  endloop
endfacet
facet normal -0.65605882691348 -3.51597572722443e-08 -0.7547097558856034
  outer loop
    vertex 1.770523817040256 15.587003883059738 11.143279059805671
    vertex -2.2550971866703073 16.312007798871512 14.642697756763495
    vertex 2.6045373012684543 16.312004848367245 10.418277381222156
  endloop
endfacet
facet normal -0.65605882691348 -3.51597572722443e-08 -0.7547097558856034
  outer loop
    vertex -5.038003313895982 3.085470363682371 17.061841246080338
    vertex 1.770523817040256 15.587003883059738 11.143279059805671
    vertex -2.2550851336891835 7.788721750397634 14.642687209063983
  endloop
endfacet
facet normal -0.65605882691348 -3.51597572722443e-08 -0.7547097558856034
  outer loop
    vertex -2.2550851336891835 7.788721750397634 14.642687209063983
    vertex 1.770523817040256 15.587003883059738 11.143279059805671
    vertex 2.6045358793534468 14.862006689876207 10.418281991279986
  endloop
endfacet
facet normal -0.65605882691348 -3.51597572722443e-08 -0.7547097558856034
  outer loop
    vertex -2.2550851336891835 7.788721750397634 14.642687209063983
    vertex 2.6045358793534468 14.862006689876207 10.418281991279986
    vertex 1.7743776320639169 12.050365982215538 11.139930935061203
  endloop
endfacet
facet normal -0.65605882691348 -3.51597572722443e-08 -0.7547097558856034
  outer loop
    vertex 1.7743776320639169 12.050365982215538 11.139930935061203
    vertex 2.6045358793534468 14.862006689876207 10.418281991279986
    vertex 2.604539672760019 12.772006726248792 10.418288999991661
  endloop
endfacet
facet normal -0.65605882691348 -3.51597572722443e-08 -0.7547097558856034
  outer loop
    vertex -2.2550851336891835 7.788721750397634 14.642687209063983
    vertex 1.7743776320639169 12.050365982215538 11.139930935061203
    vertex 2.604540018396873 11.328724056350262 10.41828918328632
  endloop
endfacet
facet normal -0.65605882691348 -3.51597572722443e-08 -0.7547097558856034
  outer loop
    vertex -2.2550851336891835 7.788721750397634 14.642687209063983
    vertex 2.604540018396873 11.328724056350262 10.41828918328632
    vertex 2.604546225416192 9.238724639959205 10.418287519511477
  endloop
endfacet
facet normal -0.65605882691348 -3.51597572722443e-08 -0.7547097558856034
  outer loop
    vertex -2.2550851336891835 7.788721750397634 14.642687209063983
    vertex 2.604546225416192 9.238724639959205 10.418287519511477
    vertex 1.7705167335192253 8.513725664539479 11.143289090561478
  endloop
endfacet
facet normal -0.65605882691348 -3.51597572722443e-08 -0.7547097558856034
  outer loop
    vertex -5.038003313895982 3.085470363682371 17.061841246080338
    vertex -2.2550851336891835 7.788721750397634 14.642687209063983
    vertex -2.255079997946954 3.5354671311056785 14.642682800961847
  endloop
endfacet
facet normal 5.295918281317115e-09 -0.6560590438181887 -0.7547095673332649
  outer loop
    vertex 0.5779139341823084 24.50042054129719 12.17999865854897
    vertex -7.7618614293800325 22.017943910251006 14.337982696538374
    vertex -9.91984538413743 24.500420598870342 12.179998546918634
  endloop
endfacet
facet normal 5.295918281317115e-09 -0.6560590438181887 -0.7547095673332649
  outer loop
    vertex -7.7618614293800325 22.017943910251006 14.337982696538374
    vertex 0.5779139341823084 24.50042054129719 12.17999865854897
    vertex -2.25509608970302 23.150517524656856 13.35345148493358
  endloop
endfacet
facet normal 5.295918281317115e-09 -0.6560590438181887 -0.7547095673332649
  outer loop
    vertex -2.25509608970302 23.150517524656856 13.35345148493358
    vertex 0.5779139341823084 24.50042054129719 12.17999865854897
    vertex -0.7719890913043406 23.150517531635852 13.353451491174626
  endloop
endfacet
facet normal 5.295918281317115e-09 -0.6560590438181887 -0.7547095673332649
  outer loop
    vertex -7.7618614293800325 22.017943910251006 14.337982696538374
    vertex -2.25509608970302 23.150517524656856 13.35345148493358
    vertex -2.2550957431889973 22.017943910251795 14.33798274952073
  endloop
endfacet
facet normal -0.9999999999999367 3.1509446599700923e-07 1.6475668643020872e-07
  outer loop
    vertex -2.255100446357136 16.312008343435934 -4.726949155328339e-07
    vertex -2.255096068078121 20.564950733550898 11.105852659912552
    vertex -2.25509793081629 20.564951114510265 -8.947345892626442e-07
  endloop
endfacet
facet normal -0.9999999999999367 3.1509446599700923e-07 1.6475668643020872e-07
  outer loop
    vertex -2.255096068078121 20.564950733550898 11.105852659912552
    vertex -2.255100446357136 16.312008343435934 -4.726949155328339e-07
    vertex -2.2550971866703073 16.312007798871512 14.642697756763495
  endloop
endfacet
facet normal -0.9999999999999367 3.1509446599700923e-07 1.6475668643020872e-07
  outer loop
    vertex -2.255096068078121 20.564950733550898 11.105852659912552
    vertex -2.2550971866703073 16.312007798871512 14.642697756763495
    vertex -2.25509608970302 23.150517524656856 13.35345148493358
  endloop
endfacet
facet normal -0.9999999999999367 3.1509446599700923e-07 1.6475668643020872e-07
  outer loop
    vertex -2.25509608970302 23.150517524656856 13.35345148493358
    vertex -2.2550971866703073 16.312007798871512 14.642697756763495
    vertex -2.2550957431889973 22.017943910251795 14.33798274952073
  endloop
endfacet
facet normal -0.9999999999999367 3.1509446599700923e-07 1.6475668643020872e-07
  outer loop
    vertex -2.2550957431889973 22.017943910251795 14.33798274952073
    vertex -2.2550971866703073 16.312007798871512 14.642697756763495
    vertex -2.2550956077460538 22.017609069842635 14.642696316300952
  endloop
endfacet
facet normal 0.8547767315776134 -0.5189958951220023 -6.553344484437034e-08
  outer loop
    vertex 14.544869342606653 22.059861957084035 0.9999992822519729
    vertex 14.525466918504275 22.0279047811268 14.771327579218603
    vertex 14.52546705035446 22.02790673718246 0.9999992774488781
  endloop
endfacet
facet normal 0.8547767315776134 -0.5189958951220023 -6.553344484437034e-08
  outer loop
    vertex 14.525466918504275 22.0279047811268 14.771327579218603
    vertex 14.544869342606653 22.059861957084035 0.9999992822519729
    vertex 14.544869210942226 22.0598600037835 14.751925291834528
  endloop
endfacet
facet normal 1.0131161631155005e-11 -0.9999993962436086 -0.0010988686992375182
  outer loop
    vertex -2.2550957431889973 22.017943910251795 14.33798274952073
    vertex -5.038003260475866 22.01495074584939 17.061840992512554
    vertex -7.7618614293800325 22.017943910251006 14.337982696538374
  endloop
endfacet
facet normal 1.0131161631155005e-11 -0.9999993962436086 -0.0010988686992375182
  outer loop
    vertex -5.038003260475866 22.01495074584939 17.061840992512554
    vertex -2.2550957431889973 22.017943910251795 14.33798274952073
    vertex -2.2550956077460538 22.017609069842635 14.642696316300952
  endloop
endfacet
facet normal -0.8131086863074714 0.582111900111424 7.493751984225409e-08
  outer loop
    vertex 11.647384133467408 19.25977630879705 13.935498200076001
    vertex 12.69738425732864 20.726444814605447 0.999999067115418
    vertex 11.647384257328717 19.25977814772683 0.9999988446943228
  endloop
endfacet
facet normal -0.8131086863074714 0.582111900111424 7.493751984225409e-08
  outer loop
    vertex 12.69738425732864 20.726444814605447 0.999999067115418
    vertex 11.647384133467408 19.25977630879705 13.935498200076001
    vertex 12.697384116587903 20.726442726159018 15.699410159650384
  endloop
endfacet
facet normal -0.8131086863074714 0.582111900111424 7.493751984225409e-08
  outer loop
    vertex 12.697384116587903 20.726442726159018 15.699410159650384
    vertex 11.647384133467408 19.25977630879705 13.935498200076001
    vertex 12.238980813723707 20.08613340935387 15.24100675385266
  endloop
endfacet
facet normal 0.7071067682419279 3.0635840769551885e-08 -0.7071067941311662
  outer loop
    vertex 12.43347236248087 24.10041842020533 15.435498883882028
    vertex 9.17797345067899 20.086133842188215 12.179999317637463
    vertex 9.17797345067907 24.10041888054126 12.17999989426051
  endloop
endfacet
facet normal 0.7071067682419279 3.0635840769551885e-08 -0.7071067941311662
  outer loop
    vertex 9.17797345067899 20.086133842188215 12.179999317637463
    vertex 12.43347236248087 24.10041842020533 15.435498883882028
    vertex 12.864176730899626 24.100418374224024 15.866203262596414
  endloop
endfacet
facet normal 0.7071067682419279 3.0635840769551885e-08 -0.7071067941311662
  outer loop
    vertex 9.17797345067899 20.086133842188215 12.179999317637463
    vertex 12.864176730899626 24.100418374224024 15.866203262596414
    vertex 12.864176738224534 23.89275622390729 15.866203247416989
  endloop
endfacet
facet normal 0.7071067682419279 3.0635840769551885e-08 -0.7071067941311662
  outer loop
    vertex 9.17797345067899 20.086133842188215 12.179999317637463
    vertex 12.864176738224534 23.89275622390729 15.866203247416989
    vertex 12.697384116593085 23.659776059954087 15.699410581007744
  endloop
endfacet
facet normal 0.7071067682419279 3.0635840769551885e-08 -0.7071067941311662
  outer loop
    vertex 9.17797345067899 20.086133842188215 12.179999317637463
    vertex 12.697384116593085 23.659776059954087 15.699410581007744
    vertex 11.842748510033289 22.465958494629216 14.844755397795058
  endloop
endfacet
facet normal 0.7071067682419279 3.0635840769551885e-08 -0.7071067941311662
  outer loop
    vertex 9.17797345067899 20.086133842188215 12.179999317637463
    vertex 11.842748510033289 22.465958494629216 14.844755397795058
    vertex 11.813722657711814 22.424800128533356 14.815748923608027
  endloop
endfacet
facet normal 0.7071067682419279 3.0635840769551885e-08 -0.7071067941311662
  outer loop
    vertex 9.17797345067899 20.086133842188215 12.179999317637463
    vertex 11.813722657711814 22.424800128533356 14.815748923608027
    vertex 11.788105259163888 22.387460816191346 14.790131519084147
  endloop
endfacet
facet normal 0.7071067682419279 3.0635840769551885e-08 -0.7071067941311662
  outer loop
    vertex 9.17797345067899 20.086133842188215 12.179999317637463
    vertex 11.788105259163888 22.387460816191346 14.790131519084147
    vertex 11.765920729787672 22.35344224913017 14.767946984291122
  endloop
endfacet
facet normal 0.7071067682419279 3.0635840769551885e-08 -0.7071067941311662
  outer loop
    vertex 9.17797345067899 20.086133842188215 12.179999317637463
    vertex 11.765920729787672 22.35344224913017 14.767946984291122
    vertex 11.747174100242136 22.322259996593733 14.74920034981829
  endloop
endfacet
facet normal 0.7071067682419279 3.0635840769551885e-08 -0.7071067941311662
  outer loop
    vertex 9.17797345067899 20.086133842188215 12.179999317637463
    vertex 11.747174100242136 22.322259996593733 14.74920034981829
    vertex 11.731870401185873 22.2934296278262 14.733896646254882
  endloop
endfacet
facet normal 0.7071067682419279 3.0635840769551885e-08 -0.7071067941311662
  outer loop
    vertex 9.17797345067899 20.086133842188215 12.179999317637463
    vertex 11.731870401185873 22.2934296278262 14.733896646254882
    vertex 11.720014663277421 22.26646671207151 14.722040904190106
  endloop
endfacet
facet normal 0.7071067682419279 3.0635840769551885e-08 -0.7071067941311662
  outer loop
    vertex 9.17797345067899 20.086133842188215 12.179999317637463
    vertex 11.720014663277421 22.26646671207151 14.722040904190106
    vertex 11.711611917175828 22.240886818573784 14.713638154213289
  endloop
endfacet
facet normal 0.7071067682419279 3.0635840769551885e-08 -0.7071067941311662
  outer loop
    vertex 9.17797345067899 20.086133842188215 12.179999317637463
    vertex 11.711611917175828 22.240886818573784 14.713638154213289
    vertex 11.706667193539651 22.216205516577055 14.708693426913607
  endloop
endfacet
facet normal 0.7071067682419279 3.0635840769551885e-08 -0.7071067941311662
  outer loop
    vertex 9.17797345067899 20.086133842188215 12.179999317637463
    vertex 11.706667193539651 22.216205516577055 14.708693426913607
    vertex 11.705185523027795 22.19193837532531 14.707211752880491
  endloop
endfacet
facet normal 0.7071067682419279 3.0635840769551885e-08 -0.7071067941311662
  outer loop
    vertex 9.17797345067899 20.086133842188215 12.179999317637463
    vertex 11.705185523027795 22.19193837532531 14.707211752880491
    vertex 11.70717193629875 22.167600964062636 14.709198162703098
  endloop
endfacet
facet normal 0.7071067682419279 3.0635840769551885e-08 -0.7071067941311662
  outer loop
    vertex 9.17797345067899 20.086133842188215 12.179999317637463
    vertex 11.70717193629875 22.167600964062636 14.709198162703098
    vertex 11.712631464011334 22.14270885203309 14.714657686970583
  endloop
endfacet
facet normal 0.7071067682419279 3.0635840769551885e-08 -0.7071067941311662
  outer loop
    vertex 9.17797345067899 20.086133842188215 12.179999317637463
    vertex 11.712631464011334 22.14270885203309 14.714657686970583
    vertex 11.72156913682438 22.116777608480664 14.723595356272403
  endloop
endfacet
facet normal 0.7071067682419279 3.0635840769551885e-08 -0.7071067941311662
  outer loop
    vertex 9.17797345067899 20.086133842188215 12.179999317637463
    vertex 11.72156913682438 22.116777608480664 14.723595356272403
    vertex 11.733989985396443 22.08932280264942 14.73601620119775
  endloop
endfacet
facet normal 0.7071067682419279 3.0635840769551885e-08 -0.7071067941311662
  outer loop
    vertex 9.17797345067899 20.086133842188215 12.179999317637463
    vertex 11.733989985396443 22.08932280264942 14.73601620119775
    vertex 11.749899040386309 22.059860003783463 14.751925252335836
  endloop
endfacet
facet normal 0.7071067682419279 3.0635840769551885e-08 -0.7071067941311662
  outer loop
    vertex 9.17797345067899 20.086133842188215 12.179999317637463
    vertex 11.749899040386309 22.059860003783463 14.751925252335836
    vertex 11.769301332452834 22.027904781126775 14.771327540275966
  endloop
endfacet
facet normal 0.7071067682419279 3.0635840769551885e-08 -0.7071067941311662
  outer loop
    vertex 9.17797345067899 20.086133842188215 12.179999317637463
    vertex 11.769301332452834 22.027904781126775 14.771327540275966
    vertex 11.792201892254578 21.992972703923375 14.79422809560745
  endloop
endfacet
facet normal 0.7071067682419279 3.0635840769551885e-08 -0.7071067941311662
  outer loop
    vertex 9.17797345067899 20.086133842188215 12.179999317637463
    vertex 11.792201892254578 21.992972703923375 14.79422809560745
    vertex 11.818605750450471 21.95457934141733 14.820631948919456
  endloop
endfacet
facet normal 0.7071067682419279 3.0635840769551885e-08 -0.7071067941311662
  outer loop
    vertex 9.17797345067899 20.086133842188215 12.179999317637463
    vertex 11.818605750450471 21.95457934141733 14.820631948919456
    vertex 11.84851793768987 21.91224026178821 14.8505441307922
  endloop
endfacet
facet normal 0.7071067682419279 3.0635840769551885e-08 -0.7071067941311662
  outer loop
    vertex 9.17797345067899 20.086133842188215 12.179999317637463
    vertex 11.84851793768987 21.91224026178821 14.8505441307922
    vertex 12.697384116587903 20.726442726159018 15.699410159650384
  endloop
endfacet
facet normal 0.7071067682419279 3.0635840769551885e-08 -0.7071067941311662
  outer loop
    vertex 9.17797345067899 20.086133842188215 12.179999317637463
    vertex 12.697384116587903 20.726442726159018 15.699410159650384
    vertex 12.238980813723707 20.08613340935387 15.24100675385266
  endloop
endfacet
facet normal 0.9966856589759255 -0.0813492298164228 -2.0121976937037657e-09
  outer loop
    vertex 14.589582860393403 22.191940322276594 0.9999993015917935
    vertex 14.587596315847966 22.167600964062647 14.70919820342631
    vertex 14.587596447103374 22.167602911296004 0.9999992981184764
  endloop
endfacet
facet normal 0.9966856589759255 -0.0813492298164228 -2.0121976937037657e-09
  outer loop
    vertex 14.587596315847966 22.167600964062647 14.70919820342631
    vertex 14.589582860393403 22.191940322276594 0.9999993015917935
    vertex 14.589582729157097 22.19193837532529 14.707211793660713
  endloop
endfacet
facet normal 0.9454194302427807 -0.3258559511799878 -3.7232377533729016e-08
  outer loop
    vertex 14.582136919338565 22.142710800041694 0.999999294516504
    vertex 14.573199115046792 22.116777608480646 14.723595396583079
    vertex 14.573199246439984 22.11677955775842 0.9999992907171767
  endloop
endfacet
facet normal 0.9454194302427807 -0.3258559511799878 -3.7232377533729016e-08
  outer loop
    vertex 14.573199115046792 22.116777608480646 14.723595396583079
    vertex 14.582136919338565 22.142710800041694 0.999999294516504
    vertex 14.58213678803088 22.142708852033085 14.71465772753737
  endloop
endfacet
facet normal 0.813124288193475 0.5820901063837507 9.023347290343124e-08
  outer loop
    vertex 13.4164644593471 23.912489778834786 12.179999927975214
    vertex 13.430590734571734 23.89275672146462 12.17999992552581
    vertex 13.416464566387912 23.912491366924847 0.9999995281255204
  endloop
endfacet
facet normal 0.813124288193475 0.5820901063837507 9.023347290343124e-08
  outer loop
    vertex 13.416464566387912 23.912491366924847 0.9999995281255204
    vertex 14.452000354777297 22.465944616912022 14.844794204110613
    vertex 14.452000487330855 22.465946583399894 0.9999993383843316
  endloop
endfacet
facet normal 0.813124288193475 0.5820901063837507 9.023347290343124e-08
  outer loop
    vertex 14.452000354777297 22.465944616912022 14.844794204110613
    vertex 13.416464566387912 23.912491366924847 0.9999995281255204
    vertex 13.430590734571734 23.89275672146462 12.17999992552581
  endloop
endfacet
facet normal 0.813124288193475 0.5820901063837507 9.023347290343124e-08
  outer loop
    vertex 14.452000354777297 22.465944616912022 14.844794204110613
    vertex 13.430590734571734 23.89275672146462 12.17999992552581
    vertex 13.430590691997098 23.89275622384922 15.866204054832433
  endloop
endfacet
facet normal 0.8239575128010143 -0.5666515835138565 -7.259737412013647e-08
  outer loop
    vertex 14.502566490333395 21.992974663230925 0.9999992721738737
    vertex 14.476162499562571 21.954579341417332 14.820631986449008
    vertex 14.476162631884884 21.9545813044742 0.9999992663582535
  endloop
endfacet
facet normal 0.8239575128010143 -0.5666515835138565 -7.259737412013647e-08
  outer loop
    vertex 14.476162499562571 21.954579341417332 14.820631986449008
    vertex 14.502566490333395 21.992974663230925 0.9999992721738737
    vertex 14.502566358263927 21.992972703923385 14.794228133893725
  endloop
endfacet
facet normal 0.8131224187831053 -0.5820927177620164 -8.612719565529886e-07
  outer loop
    vertex 14.44625044434988 21.912242230157087 0.9999992599335958
    vertex 13.597384116587856 20.72644272615903 15.69941017200429
    vertex 13.597384257328654 20.72644481460548 0.9999990798353035
  endloop
endfacet
facet normal 0.8131224187831053 -0.5820927177620164 -8.612719565529886e-07
  outer loop
    vertex 13.597384116587856 20.72644272615903 15.69941017200429
    vertex 14.44625044434988 21.912242230157087 0.9999992599335958
    vertex 14.446269142139567 21.912226780933988 14.850506506667005
  endloop
endfacet
facet normal -2.936601812624996e-10 -0.9999999999999905 -1.376603831905477e-07
  outer loop
    vertex 17.116794849853584 24.100418880541213 12.180000007514197
    vertex 13.430590699464364 24.10041837417948 15.866204069787969
    vertex 13.430590734632736 24.10041888162371 12.179999952408831
  endloop
endfacet
facet normal 0.8570405904866801 0.5152488973867251 8.139060582094923e-08
  outer loop
    vertex 14.528847653051914 22.353444204705788 0.9999993235721605
    vertex 14.547594151138675 22.322259996593747 14.749200389395101
    vertex 14.547594282776995 22.322261949507336 0.9999993194297044
  endloop
endfacet
facet normal 0.8570405904866801 0.5152488973867251 8.139060582094923e-08
  outer loop
    vertex 14.547594151138675 22.322259996593747 14.749200389395101
    vertex 14.528847653051914 22.353444204705788 0.9999993235721605
    vertex 14.528847521234008 22.353442249130115 14.767947023330684
  endloop
endfacet
facet normal 0.8245918743434486 0.5657280625589916 8.824983648794429e-08
  outer loop
    vertex 14.481045724670055 22.4248020908968 0.9999993329808493
    vertex 14.506662991433084 22.38746081619136 14.790131557487856
    vertex 14.506663123463294 22.387462774917186 0.9999993280663222
  endloop
endfacet
facet normal 0.8245918743434486 0.5657280625589916 8.824983648794429e-08
  outer loop
    vertex 14.506662991433084 22.38746081619136 14.790131557487856
    vertex 14.481045724670055 22.4248020908968 0.9999993329808493
    vertex 14.481045592394587 22.424800128533352 14.815748961277501
  endloop
endfacet
facet normal 0.8376274335541343 0.5462419633802469 8.560691142598775e-08
  outer loop
    vertex 14.506663123463294 22.387462774917186 0.9999993280663222
    vertex 14.528847521234008 22.353442249130115 14.767947023330684
    vertex 14.528847653051914 22.353444204705788 0.9999993235721605
  endloop
endfacet
facet normal 0.8376274335541343 0.5462419633802469 8.560691142598775e-08
  outer loop
    vertex 14.528847521234008 22.353442249130115 14.767947023330684
    vertex 14.506663123463294 22.387462774917186 0.9999993280663222
    vertex 14.506662991433084 22.38746081619136 14.790131557487856
  endloop
endfacet
facet normal 0.9154144475240451 0.402512595162242 6.59366552266045e-08
  outer loop
    vertex 14.56289798197988 22.29343157856667 0.9999993155704672
    vertex 14.574753588623388 22.266466712071534 14.722040944545295
    vertex 14.574753720001747 22.266468661128535 0.9999993119256869
  endloop
endfacet
facet normal 0.9154144475240451 0.402512595162242 6.59366552266045e-08
  outer loop
    vertex 14.574753588623388 22.266466712071534 14.722040944545295
    vertex 14.56289798197988 22.29343157856667 0.9999993155704672
    vertex 14.56289785048804 22.293429627826136 14.733896686270263
  endloop
endfacet
facet normal 0.9805159654869043 0.1964394090433041 3.728965702808094e-08
  outer loop
    vertex 14.583156466183798 22.24088876643762 0.9999993084267613
    vertex 14.588101058616758 22.21620551657705 14.708693467651402
    vertex 14.588101189867281 22.216207463738726 0.9999993050049744
  endloop
endfacet
facet normal 0.9805159654869043 0.1964394090433041 3.728965702808094e-08
  outer loop
    vertex 14.588101058616758 22.21620551657705 14.708693467651402
    vertex 14.583156466183798 22.24088876643762 0.9999993084267613
    vertex 14.583156334885905 22.240886818573767 14.713638194809315
  endloop
endfacet
facet normal 0.7567144868201677 0.6537455050984903 1.00394926729059e-07
  outer loop
    vertex 9.177973558452367 20.086135434339354 0.9999989197440985
    vertex 9.89188519695266 19.259776557123647 12.179999242182955
    vertex 9.891885304726049 19.25977814927475 0.9999988442896395
  endloop
endfacet
facet normal 0.7567144868201677 0.6537455050984903 1.00394926729059e-07
  outer loop
    vertex 9.89188519695266 19.259776557123647 12.179999242182955
    vertex 9.177973558452367 20.086135434339354 0.9999989197440985
    vertex 9.17797345067899 20.086133842188215 12.179999317637463
  endloop
endfacet
facet normal -0.8131227271677532 0.5820922869809698 -7.345800679008508e-07
  outer loop
    vertex 11.842748510033289 22.465958494629216 14.844755397795058
    vertex 12.697384257328741 23.65977814779646 0.9999994822800823
    vertex 11.842768027326573 22.465946583399905 0.9999993012518813
  endloop
endfacet
facet normal -0.8131227271677532 0.5820922869809698 -7.345800679008508e-07
  outer loop
    vertex 12.697384257328741 23.65977814779646 0.9999994822800823
    vertex 11.842748510033289 22.465958494629216 14.844755397795058
    vertex 12.697384116593085 23.659776059954087 15.699410581007744
  endloop
endfacet
facet normal 0.9981412377042198 0.060943166920401436 1.8212728846724655e-08
  outer loop
    vertex 14.588101189867281 22.216207463738726 0.9999993050049744
    vertex 14.589582729157097 22.19193837532529 14.707211793660713
    vertex 14.589582860393403 22.191940322276594 0.9999993015917935
  endloop
endfacet
facet normal 0.9981412377042198 0.060943166920401436 1.8212728846724655e-08
  outer loop
    vertex 14.589582729157097 22.19193837532529 14.707211793660713
    vertex 14.588101189867281 22.216207463738726 0.9999993050049744
    vertex 14.588101058616758 22.21620551657705 14.708693467651402
  endloop
endfacet
facet normal 0.8832735168975349 0.46885807484510117 7.505251443115299e-08
  outer loop
    vertex 14.547594282776995 22.322261949507336 0.9999993194297044
    vertex 14.56289785048804 22.293429627826136 14.733896686270263
    vertex 14.56289798197988 22.29343157856667 0.9999993155704672
  endloop
endfacet
facet normal 0.8832735168975349 0.46885807484510117 7.505251443115299e-08
  outer loop
    vertex 14.56289785048804 22.293429627826136 14.733896686270263
    vertex 14.547594282776995 22.322261949507336 0.9999993194297044
    vertex 14.547594151138675 22.322259996593747 14.749200389395101
  endloop
endfacet
facet normal 0.8169485347024207 0.5767105787546816 8.97365491423328e-08
  outer loop
    vertex 14.452000487330855 22.465946583399894 0.9999993383843316
    vertex 14.481045592394587 22.424800128533352 14.815748961277501
    vertex 14.481045724670055 22.4248020908968 0.9999993329808493
  endloop
endfacet
facet normal 0.8169485347024207 0.5767105787546816 8.97365491423328e-08
  outer loop
    vertex 14.481045592394587 22.424800128533352 14.815748961277501
    vertex 14.452000487330855 22.465946583399894 0.9999993383843316
    vertex 14.452000354777297 22.465944616912022 14.844794204110613
  endloop
endfacet
facet normal 0.9110977250910887 -0.4121904115015784 -4.982378216602656e-08
  outer loop
    vertex 14.573199246439984 22.11677955775842 0.9999992907171767
    vertex 14.560778266236722 22.089322802649416 14.73601624115238
    vertex 14.560778397748884 22.089324753690946 0.9999992866518558
  endloop
endfacet
facet normal 0.9110977250910887 -0.4121904115015784 -4.982378216602656e-08
  outer loop
    vertex 14.560778266236722 22.089322802649416 14.73601624115238
    vertex 14.573199246439984 22.11677955775842 0.9999992907171767
    vertex 14.573199115046792 22.116777608480646 14.723595396583079
  endloop
endfacet
facet normal 0.8363071360223714 -0.5482612281003043 -6.98670435315368e-08
  outer loop
    vertex 14.52546705035446 22.02790673718246 0.9999992774488781
    vertex 14.502566358263927 21.992972703923385 14.794228133893725
    vertex 14.502566490333395 21.992974663230925 0.9999992721738737
  endloop
endfacet
facet normal 0.8363071360223714 -0.5482612281003043 -6.98670435315368e-08
  outer loop
    vertex 14.502566358263927 21.992972703923385 14.794228133893725
    vertex 14.52546705035446 22.02790673718246 0.9999992774488781
    vertex 14.525466918504275 22.0279047811268 14.771327579218603
  endloop
endfacet
facet normal -0.9999999999999998 2.283870969101882e-15 -9.639836845399455e-09
  outer loop
    vertex 17.116794849853527 20.086133842188186 12.179999430891197
    vertex 17.11679495762691 24.100420472692424 0.9999996096209344
    vertex 17.11679495762697 20.086135434339347 0.9999990329978861
  endloop
endfacet
facet normal -0.9999999999999998 2.283870969101882e-15 -9.639836845399455e-09
  outer loop
    vertex 17.11679495762691 24.100420472692424 0.9999996096209344
    vertex 17.116794849853527 20.086133842188186 12.179999430891197
    vertex 17.116794849853584 24.100418880541213 12.180000007514197
  endloop
endfacet
facet normal 0.8799160735191717 -0.47512914408884666 -5.9062019750074356e-08
  outer loop
    vertex 14.560778397748884 22.089324753690946 0.9999992866518558
    vertex 14.544869210942226 22.0598600037835 14.751925291834528
    vertex 14.544869342606653 22.059861957084035 0.9999992822519729
  endloop
endfacet
facet normal 0.8799160735191717 -0.47512914408884666 -5.9062019750074356e-08
  outer loop
    vertex 14.544869210942226 22.0598600037835 14.751925291834528
    vertex 14.560778397748884 22.089324753690946 0.9999992866518558
    vertex 14.560778266236722 22.089322802649416 14.73601624115238
  endloop
endfacet
facet normal -0.7071067013533652 2.83334176131544e-07 -0.7071068610196641
  outer loop
    vertex 17.116794849853527 20.086133842188186 12.179999430891197
    vertex 13.430590699464364 24.10041837417948 15.866204069787969
    vertex 17.116794849853584 24.100418880541213 12.180000007514197
  endloop
endfacet
facet normal -0.7071067013533652 2.83334176131544e-07 -0.7071068610196641
  outer loop
    vertex 13.430590699464364 24.10041837417948 15.866204069787969
    vertex 17.116794849853527 20.086133842188186 12.179999430891197
    vertex 13.430590691997098 23.89275622384922 15.866204054832433
  endloop
endfacet
facet normal -0.7071067013533652 2.83334176131544e-07 -0.7071068610196641
  outer loop
    vertex 13.430590691997098 23.89275622384922 15.866204054832433
    vertex 17.116794849853527 20.086133842188186 12.179999430891197
    vertex 14.452000354777297 22.465944616912022 14.844794204110613
  endloop
endfacet
facet normal -0.7071067013533652 2.83334176131544e-07 -0.7071068610196641
  outer loop
    vertex 14.452000354777297 22.465944616912022 14.844794204110613
    vertex 17.116794849853527 20.086133842188186 12.179999430891197
    vertex 14.481045592394587 22.424800128533352 14.815748961277501
  endloop
endfacet
facet normal -0.7071067013533652 2.83334176131544e-07 -0.7071068610196641
  outer loop
    vertex 14.481045592394587 22.424800128533352 14.815748961277501
    vertex 17.116794849853527 20.086133842188186 12.179999430891197
    vertex 14.506662991433084 22.38746081619136 14.790131557487856
  endloop
endfacet
facet normal -0.7071067013533652 2.83334176131544e-07 -0.7071068610196641
  outer loop
    vertex 14.506662991433084 22.38746081619136 14.790131557487856
    vertex 17.116794849853527 20.086133842188186 12.179999430891197
    vertex 14.528847521234008 22.353442249130115 14.767947023330684
  endloop
endfacet
facet normal -0.7071067013533652 2.83334176131544e-07 -0.7071068610196641
  outer loop
    vertex 14.528847521234008 22.353442249130115 14.767947023330684
    vertex 17.116794849853527 20.086133842188186 12.179999430891197
    vertex 14.547594151138675 22.322259996593747 14.749200389395101
  endloop
endfacet
facet normal -0.7071067013533652 2.83334176131544e-07 -0.7071068610196641
  outer loop
    vertex 14.547594151138675 22.322259996593747 14.749200389395101
    vertex 17.116794849853527 20.086133842188186 12.179999430891197
    vertex 14.56289785048804 22.293429627826136 14.733896686270263
  endloop
endfacet
facet normal -0.7071067013533652 2.83334176131544e-07 -0.7071068610196641
  outer loop
    vertex 14.56289785048804 22.293429627826136 14.733896686270263
    vertex 17.116794849853527 20.086133842188186 12.179999430891197
    vertex 14.574753588623388 22.266466712071534 14.722040944545295
  endloop
endfacet
facet normal -0.7071067013533652 2.83334176131544e-07 -0.7071068610196641
  outer loop
    vertex 14.574753588623388 22.266466712071534 14.722040944545295
    vertex 17.116794849853527 20.086133842188186 12.179999430891197
    vertex 14.583156334885905 22.240886818573767 14.713638194809315
  endloop
endfacet
facet normal -0.7071067013533652 2.83334176131544e-07 -0.7071068610196641
  outer loop
    vertex 14.583156334885905 22.240886818573767 14.713638194809315
    vertex 17.116794849853527 20.086133842188186 12.179999430891197
    vertex 14.588101058616758 22.21620551657705 14.708693467651402
  endloop
endfacet
facet normal -0.7071067013533652 2.83334176131544e-07 -0.7071068610196641
  outer loop
    vertex 14.588101058616758 22.21620551657705 14.708693467651402
    vertex 17.116794849853527 20.086133842188186 12.179999430891197
    vertex 14.589582729157097 22.19193837532529 14.707211793660713
  endloop
endfacet
facet normal -0.7071067013533652 2.83334176131544e-07 -0.7071068610196641
  outer loop
    vertex 14.589582729157097 22.19193837532529 14.707211793660713
    vertex 17.116794849853527 20.086133842188186 12.179999430891197
    vertex 14.587596315847966 22.167600964062647 14.70919820342631
  endloop
endfacet
facet normal -0.7071067013533652 2.83334176131544e-07 -0.7071068610196641
  outer loop
    vertex 14.587596315847966 22.167600964062647 14.70919820342631
    vertex 17.116794849853527 20.086133842188186 12.179999430891197
    vertex 14.58213678803088 22.142708852033085 14.71465772753737
  endloop
endfacet
facet normal -0.7071067013533652 2.83334176131544e-07 -0.7071068610196641
  outer loop
    vertex 14.58213678803088 22.142708852033085 14.71465772753737
    vertex 17.116794849853527 20.086133842188186 12.179999430891197
    vertex 14.573199115046792 22.116777608480646 14.723595396583079
  endloop
endfacet
facet normal -0.7071067013533652 2.83334176131544e-07 -0.7071068610196641
  outer loop
    vertex 14.573199115046792 22.116777608480646 14.723595396583079
    vertex 17.116794849853527 20.086133842188186 12.179999430891197
    vertex 14.560778266236722 22.089322802649416 14.73601624115238
  endloop
endfacet
facet normal -0.7071067013533652 2.83334176131544e-07 -0.7071068610196641
  outer loop
    vertex 14.560778266236722 22.089322802649416 14.73601624115238
    vertex 17.116794849853527 20.086133842188186 12.179999430891197
    vertex 14.544869210942226 22.0598600037835 14.751925291834528
  endloop
endfacet
facet normal -0.7071067013533652 2.83334176131544e-07 -0.7071068610196641
  outer loop
    vertex 14.544869210942226 22.0598600037835 14.751925291834528
    vertex 17.116794849853527 20.086133842188186 12.179999430891197
    vertex 14.525466918504275 22.0279047811268 14.771327579218603
  endloop
endfacet
facet normal -0.7071067013533652 2.83334176131544e-07 -0.7071068610196641
  outer loop
    vertex 14.525466918504275 22.0279047811268 14.771327579218603
    vertex 17.116794849853527 20.086133842188186 12.179999430891197
    vertex 14.502566358263927 21.992972703923385 14.794228133893725
  endloop
endfacet
facet normal -0.7071067013533652 2.83334176131544e-07 -0.7071068610196641
  outer loop
    vertex 14.502566358263927 21.992972703923385 14.794228133893725
    vertex 17.116794849853527 20.086133842188186 12.179999430891197
    vertex 14.476162499562571 21.954579341417332 14.820631986449008
  endloop
endfacet
facet normal -0.7071067013533652 2.83334176131544e-07 -0.7071068610196641
  outer loop
    vertex 14.476162499562571 21.954579341417332 14.820631986449008
    vertex 17.116794849853527 20.086133842188186 12.179999430891197
    vertex 14.446269142139567 21.912226780933988 14.850506506667005
  endloop
endfacet
facet normal -0.7071067013533652 2.83334176131544e-07 -0.7071068610196641
  outer loop
    vertex 14.446269142139567 21.912226780933988 14.850506506667005
    vertex 17.116794849853527 20.086133842188186 12.179999430891197
    vertex 13.597384116587856 20.72644272615903 15.69941017200429
  endloop
endfacet
facet normal -0.7071067013533652 2.83334176131544e-07 -0.7071068610196641
  outer loop
    vertex 13.597384116587856 20.72644272615903 15.69941017200429
    vertex 17.116794849853527 20.086133842188186 12.179999430891197
    vertex 14.055787428376169 20.08613340914305 15.241006779197868
  endloop
endfacet
facet normal 0.8168622287604966 -0.5768328173947823 -9.119384068130318e-07
  outer loop
    vertex 14.476162631884884 21.9545813044742 0.9999992663582535
    vertex 14.446269142139567 21.912226780933988 14.850506506667005
    vertex 14.44625044434988 21.912242230157087 0.9999992599335958
  endloop
endfacet
facet normal 0.8168622287604966 -0.5768328173947823 -9.119384068130318e-07
  outer loop
    vertex 14.446269142139567 21.912226780933988 14.850506506667005
    vertex 14.476162631884884 21.9545813044742 0.9999992663582535
    vertex 14.476162499562571 21.954579341417332 14.820631986449008
  endloop
endfacet
facet normal 0.9500546160799218 0.3120836850353273 5.342394175918711e-08
  outer loop
    vertex 14.574753720001747 22.266468661128535 0.9999993119256869
    vertex 14.583156334885905 22.240886818573767 14.713638194809315
    vertex 14.583156466183798 22.24088876643762 0.9999993084267613
  endloop
endfacet
facet normal 0.9500546160799218 0.3120836850353273 5.342394175918711e-08
  outer loop
    vertex 14.583156334885905 22.240886818573767 14.713638194809315
    vertex 14.574753720001747 22.266468661128535 0.9999993119256869
    vertex 14.574753588623388 22.266466712071534 14.722040944545295
  endloop
endfacet
facet normal -0.9981412377042282 0.06094316692026531 -9.00185365383475e-10
  outer loop
    vertex 11.705185523027795 22.19193837532531 14.707211752880491
    vertex 11.706667324790295 22.216207463738762 0.9999992639846943
    vertex 11.705185654264104 22.1919403222766 0.9999992605291512
  endloop
endfacet
facet normal -0.9981412377042282 0.06094316692026531 -9.00185365383475e-10
  outer loop
    vertex 11.706667324790295 22.216207463738762 0.9999992639846943
    vertex 11.705185523027795 22.19193837532531 14.707211752880491
    vertex 11.706667193539651 22.216205516577055 14.708693426913607
  endloop
endfacet
facet normal -0.8547767315770058 -0.5189958951230003 -8.190114622260333e-08
  outer loop
    vertex 11.769301332452834 22.027904781126775 14.771327540275966
    vertex 11.749899172050847 22.059861957084053 0.9999992424666769
    vertex 11.769301464303057 22.02790673718246 0.9999992382178006
  endloop
endfacet
facet normal -0.8547767315770058 -0.5189958951230003 -8.190114622260333e-08
  outer loop
    vertex 11.749899172050847 22.059861957084053 0.9999992424666769
    vertex 11.769301332452834 22.027904781126775 14.771327540275966
    vertex 11.749899040386309 22.059860003783463 14.751925252335836
  endloop
endfacet
facet normal -0.6092240004983305 0.792998182354032 1.0681043532218042e-07
  outer loop
    vertex 12.985935964852374 24.032764405885647 12.179999937853335
    vertex 13.012844102799107 24.053438195500036 0.9999995424159278
    vertex 12.985936071893118 24.032765993975694 0.9999995391090081
  endloop
endfacet
facet normal -0.6092240004983305 0.792998182354032 1.0681043532218042e-07
  outer loop
    vertex 13.012844102799107 24.053438195500036 0.9999995424159278
    vertex 12.985935964852374 24.032764405885647 12.179999937853335
    vertex 13.012843995758306 24.05343660741 12.179999941039727
  endloop
endfacet
facet normal 3.5096195518359336e-11 0.9999999999999899 1.422680234459875e-07
  outer loop
    vertex 9.89188519695266 19.259776557123647 12.179999242182955
    vertex 11.647384257328717 19.25977814772683 0.9999988446943228
    vertex 9.891885304726049 19.25977814927475 0.9999988442896395
  endloop
endfacet
facet normal 3.5096195518359336e-11 0.9999999999999899 1.422680234459875e-07
  outer loop
    vertex 11.647384257328717 19.25977814772683 0.9999988446943228
    vertex 9.89188519695266 19.259776557123647 12.179999242182955
    vertex 11.647384133467408 19.25977630879705 13.935498200076001
  endloop
endfacet
facet normal 0.9767820824655916 -0.21423529908533193 -2.10776858300444e-08
  outer loop
    vertex 14.587596447103374 22.167602911296004 0.9999992981184764
    vertex 14.58213678803088 22.142708852033085 14.71465772753737
    vertex 14.582136919338565 22.142710800041694 0.999999294516504
  endloop
endfacet
facet normal 0.9767820824655916 -0.21423529908533193 -2.10776858300444e-08
  outer loop
    vertex 14.58213678803088 22.142708852033085 14.71465772753737
    vertex 14.587596447103374 22.167602911296004 0.9999992981184764
    vertex 14.587596315847966 22.167600964062647 14.70919820342631
  endloop
endfacet
facet normal -0.7567144868201674 0.6537455050984927 8.58057156246426e-08
  outer loop
    vertex 16.402883103579942 19.259776557123683 12.17999931479886
    vertex 17.11679495762697 20.086135434339347 0.9999990329978861
    vertex 16.402883211353345 19.259778149274773 0.9999989169055404
  endloop
endfacet
facet normal -0.7567144868201674 0.6537455050984927 8.58057156246426e-08
  outer loop
    vertex 17.11679495762697 20.086135434339347 0.9999990329978861
    vertex 16.402883103579942 19.259776557123683 12.17999931479886
    vertex 17.116794849853527 20.086133842188186 12.179999430891197
  endloop
endfacet
facet normal -0.9154144475233547 0.4025125951638149 4.840783194551053e-08
  outer loop
    vertex 11.720014663277421 22.26646671207151 14.722040904190106
    vertex 11.731870532677705 22.293431578566697 0.9999992752702106
    vertex 11.720014794655784 22.266468661128545 0.9999992712867026
  endloop
endfacet
facet normal -0.9154144475233547 0.4025125951638149 4.840783194551053e-08
  outer loop
    vertex 11.731870532677705 22.293431578566697 0.9999992752702106
    vertex 11.720014663277421 22.26646671207151 14.722040904190106
    vertex 11.731870401185873 22.2934296278262 14.733896646254882
  endloop
endfacet
facet normal -0.8170848850720414 0.5765173809922705 -7.887068048208393e-07
  outer loop
    vertex 11.813722657711814 22.424800128533356 14.815748923608027
    vertex 11.842768027326573 22.465946583399905 0.9999993012518813
    vertex 11.81372278998736 22.4248020908968 0.9999992950186682
  endloop
endfacet
facet normal -0.8170848850720414 0.5765173809922705 -7.887068048208393e-07
  outer loop
    vertex 11.842768027326573 22.465946583399905 0.9999993012518813
    vertex 11.813722657711814 22.424800128533356 14.815748923608027
    vertex 11.842748510033289 22.465958494629216 14.844755397795058
  endloop
endfacet
facet normal -0.4392101320571401 0.8983843608936735 1.2340803188969405e-07
  outer loop
    vertex 13.039752026664239 24.070350226839 12.179999943719151
    vertex 13.066660164610944 24.083506852262744 0.9999995474374455
    vertex 13.039752133705017 24.070351814929047 0.9999995451920688
  endloop
endfacet
facet normal -0.4392101320571401 0.8983843608936735 1.2340803188969405e-07
  outer loop
    vertex 13.066660164610944 24.083506852262744 0.9999995474374455
    vertex 13.039752026664239 24.070350226839 12.179999943719151
    vertex 13.066660057570068 24.083505264172704 12.179999945891463
  endloop
endfacet
facet normal -1.4236457720522306e-08 -1.4153283159493407e-07 0.9999999999999899
  outer loop
    vertex 17.11679495762691 24.100420472692424 0.9999996096209344
    vertex 13.335740473670194 24.00833521035596 0.9999995405172727
    vertex 17.11679495762697 20.086135434339347 0.9999990329978861
  endloop
endfacet
facet normal -1.4236457720522306e-08 -1.4153283159493407e-07 0.9999999999999899
  outer loop
    vertex 13.335740473670194 24.00833521035596 0.9999995405172727
    vertex 17.11679495762691 24.100420472692424 0.9999996096209344
    vertex 13.308832442764182 24.032765993975698 0.9999995435862616
  endloop
endfacet
facet normal -1.4236457720522306e-08 -1.4153283159493407e-07 0.9999999999999899
  outer loop
    vertex 13.308832442764182 24.032765993975698 0.9999995435862616
    vertex 17.11679495762691 24.100420472692424 0.9999996096209344
    vertex 13.281924411858313 24.053438195500036 0.9999995461245734
  endloop
endfacet
facet normal -1.4236457720522306e-08 -1.4153283159493407e-07 0.9999999999999899
  outer loop
    vertex 13.281924411858313 24.053438195500036 0.9999995461245734
    vertex 17.11679495762691 24.100420472692424 0.9999996096209344
    vertex 13.25501638095239 24.07035181492905 0.9999995481320962
  endloop
endfacet
facet normal -1.4236457720522306e-08 -1.4153283159493407e-07 0.9999999999999899
  outer loop
    vertex 13.25501638095239 24.07035181492905 0.9999995481320962
    vertex 17.11679495762691 24.100420472692424 0.9999996096209344
    vertex 13.228108350046515 24.083506852262744 0.9999995496088341
  endloop
endfacet
facet normal -1.4236457720522306e-08 -1.4153283159493407e-07 0.9999999999999899
  outer loop
    vertex 13.228108350046515 24.083506852262744 0.9999995496088341
    vertex 17.11679495762691 24.100420472692424 0.9999996096209344
    vertex 13.20120031914061 24.092903307501093 0.9999995505547769
  endloop
endfacet
facet normal -1.4236457720522306e-08 -1.4153283159493407e-07 0.9999999999999899
  outer loop
    vertex 13.20120031914061 24.092903307501093 0.9999995505547769
    vertex 17.11679495762691 24.100420472692424 0.9999996096209344
    vertex 13.174292288234621 24.098541180644087 0.9999995509699512
  endloop
endfacet
facet normal -1.4236457720522306e-08 -1.4153283159493407e-07 0.9999999999999899
  outer loop
    vertex 13.174292288234621 24.098541180644087 0.9999995509699512
    vertex 17.11679495762691 24.100420472692424 0.9999996096209344
    vertex 13.147384257328696 24.100420471691763 0.9999995509890015
  endloop
endfacet
facet normal -1.4236457720522306e-08 -1.4153283159493407e-07 0.9999999999999899
  outer loop
    vertex 17.11679495762697 20.086135434339347 0.9999990329978861
    vertex 13.335740473670194 24.00833521035596 0.9999995405172727
    vertex 13.36264850457603 23.98014584464094 0.9999995369174066
  endloop
endfacet
facet normal -1.4236457720522306e-08 -1.4153283159493407e-07 0.9999999999999899
  outer loop
    vertex 17.11679495762697 20.086135434339347 0.9999990329978861
    vertex 13.36264850457603 23.98014584464094 0.9999995369174066
    vertex 13.389556535481997 23.948197896830553 0.9999995327868396
  endloop
endfacet
facet normal -1.4236457720522306e-08 -1.4153283159493407e-07 0.9999999999999899
  outer loop
    vertex 17.11679495762697 20.086135434339347 0.9999990329978861
    vertex 13.389556535481997 23.948197896830553 0.9999995327868396
    vertex 13.416464566387912 23.912491366924847 0.9999995281255204
  endloop
endfacet
facet normal -1.4236457720522306e-08 -1.4153283159493407e-07 0.9999999999999899
  outer loop
    vertex 17.11679495762697 20.086135434339347 0.9999990329978861
    vertex 13.416464566387912 23.912491366924847 0.9999995281255204
    vertex 14.452000487330855 22.465946583399894 0.9999993383843316
  endloop
endfacet
facet normal -1.4236457720522306e-08 -1.4153283159493407e-07 0.9999999999999899
  outer loop
    vertex 17.11679495762697 20.086135434339347 0.9999990329978861
    vertex 14.452000487330855 22.465946583399894 0.9999993383843316
    vertex 14.481045724670055 22.4248020908968 0.9999993329808493
  endloop
endfacet
facet normal -1.4236457720522306e-08 -1.4153283159493407e-07 0.9999999999999899
  outer loop
    vertex 17.11679495762697 20.086135434339347 0.9999990329978861
    vertex 14.481045724670055 22.4248020908968 0.9999993329808493
    vertex 14.506663123463294 22.387462774917186 0.9999993280663222
  endloop
endfacet
facet normal -1.4236457720522306e-08 -1.4153283159493407e-07 0.9999999999999899
  outer loop
    vertex 17.11679495762697 20.086135434339347 0.9999990329978861
    vertex 14.506663123463294 22.387462774917186 0.9999993280663222
    vertex 14.528847653051914 22.353444204705788 0.9999993235721605
  endloop
endfacet
facet normal -1.4236457720522306e-08 -1.4153283159493407e-07 0.9999999999999899
  outer loop
    vertex 17.11679495762697 20.086135434339347 0.9999990329978861
    vertex 14.528847653051914 22.353444204705788 0.9999993235721605
    vertex 14.547594282776995 22.322261949507336 0.9999993194297044
  endloop
endfacet
facet normal -1.4236457720522306e-08 -1.4153283159493407e-07 0.9999999999999899
  outer loop
    vertex 17.11679495762697 20.086135434339347 0.9999990329978861
    vertex 14.547594282776995 22.322261949507336 0.9999993194297044
    vertex 14.56289798197988 22.29343157856667 0.9999993155704672
  endloop
endfacet
facet normal -1.4236457720522306e-08 -1.4153283159493407e-07 0.9999999999999899
  outer loop
    vertex 17.11679495762697 20.086135434339347 0.9999990329978861
    vertex 14.56289798197988 22.29343157856667 0.9999993155704672
    vertex 14.574753720001747 22.266468661128535 0.9999993119256869
  endloop
endfacet
facet normal -1.4236457720522306e-08 -1.4153283159493407e-07 0.9999999999999899
  outer loop
    vertex 17.11679495762697 20.086135434339347 0.9999990329978861
    vertex 14.574753720001747 22.266468661128535 0.9999993119256869
    vertex 14.583156466183798 22.24088876643762 0.9999993084267613
  endloop
endfacet
facet normal -1.4236457720522306e-08 -1.4153283159493407e-07 0.9999999999999899
  outer loop
    vertex 17.11679495762697 20.086135434339347 0.9999990329978861
    vertex 14.583156466183798 22.24088876643762 0.9999993084267613
    vertex 14.588101189867281 22.216207463738726 0.9999993050049744
  endloop
endfacet
facet normal -1.4236457720522306e-08 -1.4153283159493407e-07 0.9999999999999899
  outer loop
    vertex 17.11679495762697 20.086135434339347 0.9999990329978861
    vertex 14.588101189867281 22.216207463738726 0.9999993050049744
    vertex 14.589582860393403 22.191940322276594 0.9999993015917935
  endloop
endfacet
facet normal -1.4236457720522306e-08 -1.4153283159493407e-07 0.9999999999999899
  outer loop
    vertex 17.11679495762697 20.086135434339347 0.9999990329978861
    vertex 14.589582860393403 22.191940322276594 0.9999993015917935
    vertex 14.587596447103374 22.167602911296004 0.9999992981184764
  endloop
endfacet
facet normal -1.4236457720522306e-08 -1.4153283159493407e-07 0.9999999999999899
  outer loop
    vertex 17.11679495762697 20.086135434339347 0.9999990329978861
    vertex 14.587596447103374 22.167602911296004 0.9999992981184764
    vertex 14.582136919338565 22.142710800041694 0.999999294516504
  endloop
endfacet
facet normal -1.4236457720522306e-08 -1.4153283159493407e-07 0.9999999999999899
  outer loop
    vertex 17.11679495762697 20.086135434339347 0.9999990329978861
    vertex 14.582136919338565 22.142710800041694 0.999999294516504
    vertex 14.573199246439984 22.11677955775842 0.9999992907171767
  endloop
endfacet
facet normal -1.4236457720522306e-08 -1.4153283159493407e-07 0.9999999999999899
  outer loop
    vertex 17.11679495762697 20.086135434339347 0.9999990329978861
    vertex 14.573199246439984 22.11677955775842 0.9999992907171767
    vertex 14.560778397748884 22.089324753690946 0.9999992866518558
  endloop
endfacet
facet normal -1.4236457720522306e-08 -1.4153283159493407e-07 0.9999999999999899
  outer loop
    vertex 17.11679495762697 20.086135434339347 0.9999990329978861
    vertex 14.560778397748884 22.089324753690946 0.9999992866518558
    vertex 14.544869342606653 22.059861957084035 0.9999992822519729
  endloop
endfacet
facet normal -1.4236457720522306e-08 -1.4153283159493407e-07 0.9999999999999899
  outer loop
    vertex 17.11679495762697 20.086135434339347 0.9999990329978861
    vertex 14.544869342606653 22.059861957084035 0.9999992822519729
    vertex 14.52546705035446 22.02790673718246 0.9999992774488781
  endloop
endfacet
facet normal -1.4236457720522306e-08 -1.4153283159493407e-07 0.9999999999999899
  outer loop
    vertex 17.11679495762697 20.086135434339347 0.9999990329978861
    vertex 14.52546705035446 22.02790673718246 0.9999992774488781
    vertex 14.502566490333395 21.992974663230925 0.9999992721738737
  endloop
endfacet
facet normal -1.4236457720522306e-08 -1.4153283159493407e-07 0.9999999999999899
  outer loop
    vertex 17.11679495762697 20.086135434339347 0.9999990329978861
    vertex 14.502566490333395 21.992974663230925 0.9999992721738737
    vertex 14.476162631884884 21.9545813044742 0.9999992663582535
  endloop
endfacet
facet normal -1.4236457720522306e-08 -1.4153283159493407e-07 0.9999999999999899
  outer loop
    vertex 17.11679495762697 20.086135434339347 0.9999990329978861
    vertex 14.476162631884884 21.9545813044742 0.9999992663582535
    vertex 14.44625044434988 21.912242230157087 0.9999992599335958
  endloop
endfacet
facet normal -1.4236457720522306e-08 -1.4153283159493407e-07 0.9999999999999899
  outer loop
    vertex 17.11679495762697 20.086135434339347 0.9999990329978861
    vertex 14.44625044434988 21.912242230157087 0.9999992599335958
    vertex 13.597384257328654 20.72644481460548 0.9999990798353035
  endloop
endfacet
facet normal -1.4236457720522306e-08 -1.4153283159493407e-07 0.9999999999999899
  outer loop
    vertex 17.11679495762697 20.086135434339347 0.9999990329978861
    vertex 13.597384257328654 20.72644481460548 0.9999990798353035
    vertex 14.64738425732875 19.25977814772685 0.9999988874080636
  endloop
endfacet
facet normal -1.4236457720522306e-08 -1.4153283159493407e-07 0.9999999999999899
  outer loop
    vertex 17.11679495762697 20.086135434339347 0.9999990329978861
    vertex 14.64738425732875 19.25977814772685 0.9999988874080636
    vertex 16.402883211353345 19.259778149274773 0.9999989169055404
  endloop
endfacet
facet normal -0.8131271738582284 -0.5820860753645651 -9.049686006057294e-08
  outer loop
    vertex 12.697384116587903 20.726442726159018 15.699410159650384
    vertex 11.848518070307563 21.91224223015709 0.9999992229653731
    vertex 12.69738425732864 20.726444814605447 0.999999067115418
  endloop
endfacet
facet normal -0.8131271738582284 -0.5820860753645651 -9.049686006057294e-08
  outer loop
    vertex 11.848518070307563 21.91224223015709 0.9999992229653731
    vertex 12.697384116587903 20.726442726159018 15.699410159650384
    vertex 11.84851793768987 21.91224026178821 14.8505441307922
  endloop
endfacet
facet normal -0.06967151981680855 0.9975699871820504 1.4111905719447024e-07
  outer loop
    vertex 13.120476119381973 24.098539592554047 12.179999948715247
    vertex 13.147384257328696 24.100420471691763 0.9999995509890015
    vertex 13.120476226422786 24.098541180644087 0.9999995503359441
  endloop
endfacet
facet normal -0.06967151981680855 0.9975699871820504 1.4111905719447024e-07
  outer loop
    vertex 13.147384257328696 24.100420471691763 0.9999995509890015
    vertex 13.120476119381973 24.098539592554047 12.179999948715247
    vertex 13.147384150079144 24.100418881706876 12.17999995088735
  endloop
endfacet
facet normal 0.9999999999999998 -1.3973186099770681e-14 9.639837168256196e-09
  outer loop
    vertex 9.177973558452459 24.1004204726924 0.9999994963672167
    vertex 9.17797345067899 20.086133842188215 12.179999317637463
    vertex 9.177973558452367 20.086135434339354 0.9999989197440985
  endloop
endfacet
facet normal 0.9999999999999998 -1.3973186099770681e-14 9.639837168256196e-09
  outer loop
    vertex 9.17797345067899 20.086133842188215 12.179999317637463
    vertex 9.177973558452459 24.1004204726924 0.9999994963672167
    vertex 9.17797345067907 24.10041888054126 12.17999989426051
  endloop
endfacet
facet normal -0.911097725092752 -0.4121904114978992 -6.726994323394722e-08
  outer loop
    vertex 11.733989985396443 22.08932280264942 14.73601620119775
    vertex 11.721569268217587 22.11677955775846 0.9999992501226028
    vertex 11.733990116908572 22.089324753690953 0.9999992464121634
  endloop
endfacet
facet normal -0.911097725092752 -0.4121904114978992 -6.726994323394722e-08
  outer loop
    vertex 11.721569268217587 22.11677955775846 0.9999992501226028
    vertex 11.733989985396443 22.08932280264942 14.73601620119775
    vertex 11.72156913682438 22.116777608480664 14.723595356272403
  endloop
endfacet
facet normal -0.9999999999999998 -1.7636619899315214e-08 -8.546971941560541e-09
  outer loop
    vertex 12.864176738224534 23.89275622390729 15.866203247416989
    vertex 12.864176766067976 24.10041888162371 12.179999944444113
    vertex 12.864176766067992 23.892756721464618 12.179999917435875
  endloop
endfacet
facet normal -0.9999999999999998 -1.7636619899315214e-08 -8.546971941560541e-09
  outer loop
    vertex 12.864176766067976 24.10041888162371 12.179999944444113
    vertex 12.864176738224534 23.89275622390729 15.866203247416989
    vertex 12.864176730899626 24.100418374224024 15.866203262596414
  endloop
endfacet
facet normal -0.8131086893204447 0.5821118959028263 7.467539642197059e-08
  outer loop
    vertex 12.697384116593085 23.659776059954087 15.699410581007744
    vertex 12.878303948269501 23.912491366924844 0.9999995205736735
    vertex 12.697384257328741 23.65977814779646 0.9999994822800823
  endloop
endfacet
facet normal -0.8131086893204447 0.5821118959028263 7.467539642197059e-08
  outer loop
    vertex 12.878303948269501 23.912491366924844 0.9999995205736735
    vertex 12.697384116593085 23.659776059954087 15.699410581007744
    vertex 12.864176766067992 23.892756721464618 12.179999917435875
  endloop
endfacet
facet normal -0.8131086893204447 0.5821118959028263 7.467539642197059e-08
  outer loop
    vertex 12.864176766067992 23.892756721464618 12.179999917435875
    vertex 12.697384116593085 23.659776059954087 15.699410581007744
    vertex 12.864176738224534 23.89275622390729 15.866203247416989
  endloop
endfacet
facet normal -0.8131086893204447 0.5821118959028263 7.467539642197059e-08
  outer loop
    vertex 12.878303841228679 23.912489778834786 12.179999920037735
    vertex 12.878303948269501 23.912491366924844 0.9999995205736735
    vertex 12.864176766067992 23.892756721464618 12.179999917435875
  endloop
endfacet
facet normal -0.8376274335541302 0.5462419633802554 6.956759776495245e-08
  outer loop
    vertex 11.765920729787672 22.35344224913017 14.767946984291122
    vertex 11.788105391194074 22.387462774917186 0.9999992893723672
    vertex 11.765920861605528 22.3534442047058 0.9999992842445176
  endloop
endfacet
facet normal -0.8376274335541302 0.5462419633802554 6.956759776495245e-08
  outer loop
    vertex 11.788105391194074 22.387462774917186 0.9999992893723672
    vertex 11.765920729787672 22.35344224913017 14.767946984291122
    vertex 11.788105259163888 22.387460816191346 14.790131519084147
  endloop
endfacet
facet normal -0.8167334842518912 -0.57701509139862 -8.980022247656102e-08
  outer loop
    vertex 11.84851793768987 21.91224026178821 14.8505441307922
    vertex 11.818605882772648 21.954581304474228 0.9999992285356059
    vertex 11.848518070307563 21.91224223015709 0.9999992229653731
  endloop
endfacet
facet normal -0.8167334842518912 -0.57701509139862 -8.980022247656102e-08
  outer loop
    vertex 11.818605882772648 21.954581304474228 0.9999992285356059
    vertex 11.84851793768987 21.91224026178821 14.8505441307922
    vertex 11.818605750450471 21.95457934141733 14.820631948919456
  endloop
endfacet
facet normal -1.3769846335799235e-08 -1.406958741040433e-07 0.9999999999999899
  outer loop
    vertex 9.177973558452459 24.1004204726924 0.9999994963672167
    vertex 13.120476226422786 24.098541180644087 0.9999995503359441
    vertex 13.147384257328696 24.100420471691763 0.9999995509890015
  endloop
endfacet
facet normal -1.3769846335799235e-08 -1.406958741040433e-07 0.9999999999999899
  outer loop
    vertex 13.120476226422786 24.098541180644087 0.9999995503359441
    vertex 9.177973558452459 24.1004204726924 0.9999994963672167
    vertex 13.09356819551682 24.092903307501093 0.9999995491521027
  endloop
endfacet
facet normal -1.3769846335799235e-08 -1.406958741040433e-07 0.9999999999999899
  outer loop
    vertex 13.09356819551682 24.092903307501093 0.9999995491521027
    vertex 9.177973558452459 24.1004204726924 0.9999994963672167
    vertex 13.066660164610944 24.083506852262744 0.9999995474374455
  endloop
endfacet
facet normal -1.3769846335799235e-08 -1.406958741040433e-07 0.9999999999999899
  outer loop
    vertex 13.066660164610944 24.083506852262744 0.9999995474374455
    vertex 9.177973558452459 24.1004204726924 0.9999994963672167
    vertex 13.039752133705017 24.070351814929047 0.9999995451920688
  endloop
endfacet
facet normal -1.3769846335799235e-08 -1.406958741040433e-07 0.9999999999999899
  outer loop
    vertex 13.039752133705017 24.070351814929047 0.9999995451920688
    vertex 9.177973558452459 24.1004204726924 0.9999994963672167
    vertex 13.012844102799107 24.053438195500036 0.9999995424159278
  endloop
endfacet
facet normal -1.3769846335799235e-08 -1.406958741040433e-07 0.9999999999999899
  outer loop
    vertex 13.012844102799107 24.053438195500036 0.9999995424159278
    vertex 9.177973558452459 24.1004204726924 0.9999994963672167
    vertex 12.985936071893118 24.032765993975694 0.9999995391090081
  endloop
endfacet
facet normal -1.3769846335799235e-08 -1.406958741040433e-07 0.9999999999999899
  outer loop
    vertex 12.985936071893118 24.032765993975694 0.9999995391090081
    vertex 9.177973558452459 24.1004204726924 0.9999994963672167
    vertex 12.959028040987265 24.00833521035596 0.9999995352713557
  endloop
endfacet
facet normal -1.3769846335799235e-08 -1.406958741040433e-07 0.9999999999999899
  outer loop
    vertex 12.959028040987265 24.00833521035596 0.9999995352713557
    vertex 9.177973558452459 24.1004204726924 0.9999994963672167
    vertex 9.177973558452367 20.086135434339354 0.9999989197440985
  endloop
endfacet
facet normal -1.3769846335799235e-08 -1.406958741040433e-07 0.9999999999999899
  outer loop
    vertex 12.959028040987265 24.00833521035596 0.9999995352713557
    vertex 9.177973558452367 20.086135434339354 0.9999989197440985
    vertex 12.932120010081315 23.98014584464094 0.9999995309028258
  endloop
endfacet
facet normal -1.3769846335799235e-08 -1.406958741040433e-07 0.9999999999999899
  outer loop
    vertex 12.932120010081315 23.98014584464094 0.9999995309028258
    vertex 9.177973558452367 20.086135434339354 0.9999989197440985
    vertex 12.905211979175377 23.948197896830553 0.9999995260037052
  endloop
endfacet
facet normal -1.3769846335799235e-08 -1.406958741040433e-07 0.9999999999999899
  outer loop
    vertex 12.905211979175377 23.948197896830553 0.9999995260037052
    vertex 9.177973558452367 20.086135434339354 0.9999989197440985
    vertex 12.878303948269501 23.912491366924844 0.9999995205736735
  endloop
endfacet
facet normal -1.3769846335799235e-08 -1.406958741040433e-07 0.9999999999999899
  outer loop
    vertex 12.878303948269501 23.912491366924844 0.9999995205736735
    vertex 9.177973558452367 20.086135434339354 0.9999989197440985
    vertex 12.697384257328741 23.65977814779646 0.9999994822800823
  endloop
endfacet
facet normal -1.3769846335799235e-08 -1.406958741040433e-07 0.9999999999999899
  outer loop
    vertex 12.697384257328741 23.65977814779646 0.9999994822800823
    vertex 9.177973558452367 20.086135434339354 0.9999989197440985
    vertex 11.842768027326573 22.465946583399905 0.9999993012518813
  endloop
endfacet
facet normal -1.3769846335799235e-08 -1.406958741040433e-07 0.9999999999999899
  outer loop
    vertex 11.842768027326573 22.465946583399905 0.9999993012518813
    vertex 9.177973558452367 20.086135434339354 0.9999989197440985
    vertex 11.81372278998736 22.4248020908968 0.9999992950186682
  endloop
endfacet
facet normal -1.3769846335799235e-08 -1.406958741040433e-07 0.9999999999999899
  outer loop
    vertex 11.81372278998736 22.4248020908968 0.9999992950186682
    vertex 9.177973558452367 20.086135434339354 0.9999989197440985
    vertex 11.788105391194074 22.387462774917186 0.9999992893723672
  endloop
endfacet
facet normal -1.3769846335799235e-08 -1.406958741040433e-07 0.9999999999999899
  outer loop
    vertex 11.788105391194074 22.387462774917186 0.9999992893723672
    vertex 9.177973558452367 20.086135434339354 0.9999989197440985
    vertex 11.765920861605528 22.3534442047058 0.9999992842445176
  endloop
endfacet
facet normal -1.3769846335799235e-08 -1.406958741040433e-07 0.9999999999999899
  outer loop
    vertex 11.765920861605528 22.3534442047058 0.9999992842445176
    vertex 9.177973558452367 20.086135434339354 0.9999989197440985
    vertex 11.747174231880512 22.32226194950736 0.9999992795665844
  endloop
endfacet
facet normal -1.3769846335799235e-08 -1.406958741040433e-07 0.9999999999999899
  outer loop
    vertex 11.747174231880512 22.32226194950736 0.9999992795665844
    vertex 9.177973558452367 20.086135434339354 0.9999989197440985
    vertex 11.731870532677705 22.293431578566697 0.9999992752702106
  endloop
endfacet
facet normal -1.3769846335799235e-08 -1.406958741040433e-07 0.9999999999999899
  outer loop
    vertex 11.731870532677705 22.293431578566697 0.9999992752702106
    vertex 9.177973558452367 20.086135434339354 0.9999989197440985
    vertex 11.720014794655784 22.266468661128545 0.9999992712867026
  endloop
endfacet
facet normal -1.3769846335799235e-08 -1.406958741040433e-07 0.9999999999999899
  outer loop
    vertex 11.720014794655784 22.266468661128545 0.9999992712867026
    vertex 9.177973558452367 20.086135434339354 0.9999989197440985
    vertex 11.711612048473736 22.240888766437642 0.9999992675477246
  endloop
endfacet
facet normal -1.3769846335799235e-08 -1.406958741040433e-07 0.9999999999999899
  outer loop
    vertex 11.711612048473736 22.240888766437642 0.9999992675477246
    vertex 9.177973558452367 20.086135434339354 0.9999989197440985
    vertex 11.706667324790295 22.216207463738762 0.9999992639846943
  endloop
endfacet
facet normal -1.3769846335799235e-08 -1.406958741040433e-07 0.9999999999999899
  outer loop
    vertex 11.706667324790295 22.216207463738762 0.9999992639846943
    vertex 9.177973558452367 20.086135434339354 0.9999989197440985
    vertex 11.705185654264104 22.1919403222766 0.9999992605291512
  endloop
endfacet
facet normal -1.3769846335799235e-08 -1.406958741040433e-07 0.9999999999999899
  outer loop
    vertex 11.705185654264104 22.1919403222766 0.9999992605291512
    vertex 9.177973558452367 20.086135434339354 0.9999989197440985
    vertex 11.707172067554106 22.16760291129603 0.9999992571125935
  endloop
endfacet
facet normal -1.3769846335799235e-08 -1.406958741040433e-07 0.9999999999999899
  outer loop
    vertex 11.707172067554106 22.16760291129603 0.9999992571125935
    vertex 9.177973558452367 20.086135434339354 0.9999989197440985
    vertex 11.712631595318957 22.14271080004171 0.9999992536666116
  endloop
endfacet
facet normal -1.3769846335799235e-08 -1.406958741040433e-07 0.9999999999999899
  outer loop
    vertex 11.712631595318957 22.14271080004171 0.9999992536666116
    vertex 9.177973558452367 20.086135434339354 0.9999989197440985
    vertex 11.721569268217587 22.11677955775846 0.9999992501226028
  endloop
endfacet
facet normal -1.3769846335799235e-08 -1.406958741040433e-07 0.9999999999999899
  outer loop
    vertex 11.721569268217587 22.11677955775846 0.9999992501226028
    vertex 9.177973558452367 20.086135434339354 0.9999989197440985
    vertex 11.733990116908572 22.089324753690953 0.9999992464121634
  endloop
endfacet
facet normal -1.3769846335799235e-08 -1.406958741040433e-07 0.9999999999999899
  outer loop
    vertex 11.733990116908572 22.089324753690953 0.9999992464121634
    vertex 9.177973558452367 20.086135434339354 0.9999989197440985
    vertex 11.749899172050847 22.059861957084053 0.9999992424666769
  endloop
endfacet
facet normal -1.3769846335799235e-08 -1.406958741040433e-07 0.9999999999999899
  outer loop
    vertex 11.749899172050847 22.059861957084053 0.9999992424666769
    vertex 9.177973558452367 20.086135434339354 0.9999989197440985
    vertex 11.769301464303057 22.02790673718246 0.9999992382178006
  endloop
endfacet
facet normal -1.3769846335799235e-08 -1.406958741040433e-07 0.9999999999999899
  outer loop
    vertex 11.769301464303057 22.02790673718246 0.9999992382178006
    vertex 9.177973558452367 20.086135434339354 0.9999989197440985
    vertex 11.792202024324116 21.992974663230925 0.9999992335969043
  endloop
endfacet
facet normal -1.3769846335799235e-08 -1.406958741040433e-07 0.9999999999999899
  outer loop
    vertex 11.792202024324116 21.992974663230925 0.9999992335969043
    vertex 9.177973558452367 20.086135434339354 0.9999989197440985
    vertex 11.818605882772648 21.954581304474228 0.9999992285356059
  endloop
endfacet
facet normal -1.3769846335799235e-08 -1.406958741040433e-07 0.9999999999999899
  outer loop
    vertex 11.818605882772648 21.954581304474228 0.9999992285356059
    vertex 9.177973558452367 20.086135434339354 0.9999989197440985
    vertex 11.848518070307563 21.91224223015709 0.9999992229653731
  endloop
endfacet
facet normal -1.3769846335799235e-08 -1.406958741040433e-07 0.9999999999999899
  outer loop
    vertex 11.848518070307563 21.91224223015709 0.9999992229653731
    vertex 9.177973558452367 20.086135434339354 0.9999989197440985
    vertex 12.69738425732864 20.726444814605447 0.999999067115418
  endloop
endfacet
facet normal -1.3769846335799235e-08 -1.406958741040433e-07 0.9999999999999899
  outer loop
    vertex 12.69738425732864 20.726444814605447 0.999999067115418
    vertex 9.177973558452367 20.086135434339354 0.9999989197440985
    vertex 11.647384257328717 19.25977814772683 0.9999988446943228
  endloop
endfacet
facet normal -1.3769846335799235e-08 -1.406958741040433e-07 0.9999999999999899
  outer loop
    vertex 11.647384257328717 19.25977814772683 0.9999988446943228
    vertex 9.177973558452367 20.086135434339354 0.9999989197440985
    vertex 9.891885304726049 19.25977814927475 0.9999988442896395
  endloop
endfacet
facet normal -0.8832735168980247 0.4688580748441807 5.81391449512355e-08
  outer loop
    vertex 11.731870401185873 22.2934296278262 14.733896646254882
    vertex 11.747174231880512 22.32226194950736 0.9999992795665844
    vertex 11.731870532677705 22.293431578566697 0.9999992752702106
  endloop
endfacet
facet normal -0.8832735168980247 0.4688580748441807 5.81391449512355e-08
  outer loop
    vertex 11.747174231880512 22.32226194950736 0.9999992795665844
    vertex 11.731870401185873 22.2934296278262 14.733896646254882
    vertex 11.747174100242136 22.322259996593733 14.74920034981829
  endloop
endfacet
facet normal -3.3513810438729295e-08 0.9999999999999987 3.98342394897967e-08
  outer loop
    vertex 9.17797345067907 24.10041888054126 12.17999989426051
    vertex 2.6045285873906456 24.100420579389016 10.418289496686729
    vertex 0.5779139341823084 24.100420502528063 12.179998701971671
  endloop
endfacet
facet normal -3.3513810438729295e-08 0.9999999999999987 3.98342394897967e-08
  outer loop
    vertex 2.6045285873906456 24.100420579389016 10.418289496686729
    vertex 9.17797345067907 24.10041888054126 12.17999989426051
    vertex 9.177973558452459 24.1004204726924 0.9999994963672167
  endloop
endfacet
facet normal -3.3513810438729295e-08 0.9999999999999987 3.98342394897967e-08
  outer loop
    vertex 23.3071988078527 24.10042144661803 12.180000131126496
    vertex 23.30719898511928 24.100421444082468 0.9999997332330092
    vertex 17.116794849853584 24.100418880541213 12.180000007514197
  endloop
endfacet
facet normal -3.3513810438729295e-08 0.9999999999999987 3.98342394897967e-08
  outer loop
    vertex -4.416968575560176e-07 24.10042046417279 -5.741020534166523e-07
    vertex 9.177973558452459 24.1004204726924 0.9999994963672167
    vertex 37.22660974416341 24.10042152314546 -3.3552383165017233e-07
  endloop
endfacet
facet normal -3.3513810438729295e-08 0.9999999999999987 3.98342394897967e-08
  outer loop
    vertex 9.177973558452459 24.1004204726924 0.9999994963672167
    vertex -4.416968575560176e-07 24.10042046417279 -5.741020534166523e-07
    vertex -6.078713094659349e-07 24.100420468881115 10.418289682613072
  endloop
endfacet
facet normal -3.3513810438729295e-08 0.9999999999999987 3.98342394897967e-08
  outer loop
    vertex 9.177973558452459 24.1004204726924 0.9999994963672167
    vertex -6.078713094659349e-07 24.100420468881115 10.418289682613072
    vertex 2.6045285873906456 24.100420579389016 10.418289496686729
  endloop
endfacet
facet normal -3.3513810438729295e-08 0.9999999999999987 3.98342394897967e-08
  outer loop
    vertex 37.22660974416341 24.10042152314546 -3.3552383165017233e-07
    vertex 9.177973558452459 24.1004204726924 0.9999994963672167
    vertex 13.147384257328696 24.100420471691763 0.9999995509890015
  endloop
endfacet
facet normal -3.3513810438729295e-08 0.9999999999999987 3.98342394897967e-08
  outer loop
    vertex 37.22660974416341 24.10042152314546 -3.3552383165017233e-07
    vertex 13.147384257328696 24.100420471691763 0.9999995509890015
    vertex 17.11679495762691 24.100420472692424 0.9999996096209344
  endloop
endfacet
facet normal -3.3513810438729295e-08 0.9999999999999987 3.98342394897967e-08
  outer loop
    vertex 37.22660974416341 24.10042152314546 -3.3552383165017233e-07
    vertex 17.11679495762691 24.100420472692424 0.9999996096209344
    vertex 23.30719898511928 24.100421444082468 0.9999997332330092
  endloop
endfacet
facet normal -3.3513810438729295e-08 0.9999999999999987 3.98342394897967e-08
  outer loop
    vertex 23.30719898511928 24.100421444082468 0.9999997332330092
    vertex 17.11679495762691 24.100420472692424 0.9999996096209344
    vertex 17.116794849853584 24.100418880541213 12.180000007514197
  endloop
endfacet
facet normal -3.3513810438729295e-08 0.9999999999999987 3.98342394897967e-08
  outer loop
    vertex 37.22660974416341 24.10042152314546 -3.3552383165017233e-07
    vertex 23.30719898511928 24.100421444082468 0.9999997332330092
    vertex 27.276609685417622 24.10042144308179 0.9999997943064597
  endloop
endfacet
facet normal -3.3513810438729295e-08 0.9999999999999987 3.98342394897967e-08
  outer loop
    vertex 37.22660974416341 24.10042152314546 -3.3552383165017233e-07
    vertex 27.276609685417622 24.10042144308179 0.9999997943064597
    vertex 31.24602038429388 24.100421444082375 0.9999998593900483
  endloop
endfacet
facet normal -3.3513810438729295e-08 0.9999999999999987 3.98342394897967e-08
  outer loop
    vertex 37.22660974416341 24.10042152314546 -3.3552383165017233e-07
    vertex 31.24602038429388 24.100421444082375 0.9999998593900483
    vertex 31.246020207027296 24.100421446618032 12.180000257283512
  endloop
endfacet
facet normal -3.3513810438729295e-08 0.9999999999999987 3.98342394897967e-08
  outer loop
    vertex 37.22660974416341 24.10042152314546 -3.3552383165017233e-07
    vertex 31.246020207027296 24.100421446618032 12.180000257283512
    vertex 37.22661016076477 24.100421232707223 9.12355000942245
  endloop
endfacet
facet normal -3.3513810438729295e-08 0.9999999999999987 3.98342394897967e-08
  outer loop
    vertex 37.22661016076477 24.100421232707223 9.12355000942245
    vertex 31.246020207027296 24.100421446618032 12.180000257283512
    vertex 40.2830589446444 24.100421232054543 12.179998998375202
  endloop
endfacet
facet normal -3.510885655585598e-11 0.9999999999999899 1.4226802353201694e-07
  outer loop
    vertex 14.647384133467451 19.259776308797058 13.935498242789723
    vertex 16.402883211353345 19.259778149274773 0.9999989169055404
    vertex 14.64738425732875 19.25977814772685 0.9999988874080636
  endloop
endfacet
facet normal -3.510885655585598e-11 0.9999999999999899 1.4226802353201694e-07
  outer loop
    vertex 16.402883211353345 19.259778149274773 0.9999989169055404
    vertex 14.647384133467451 19.259776308797058 13.935498242789723
    vertex 16.402883103579942 19.259776557123683 12.17999931479886
  endloop
endfacet
facet normal -0.9500546160799871 0.31208368503513134 3.523181059358276e-08
  outer loop
    vertex 11.711611917175828 22.240886818573784 14.713638154213289
    vertex 11.720014794655784 22.266468661128545 0.9999992712867026
    vertex 11.711612048473736 22.240888766437642 0.9999992675477246
  endloop
endfacet
facet normal -0.9500546160799871 0.31208368503513134 3.523181059358276e-08
  outer loop
    vertex 11.720014794655784 22.266468661128545 0.9999992712867026
    vertex 11.711611917175828 22.240886818573784 14.713638154213289
    vertex 11.720014663277421 22.26646671207151 14.722040904190106
  endloop
endfacet
facet normal -0.6034212320402936 0.5213115239710977 -0.6034211727292188
  outer loop
    vertex 14.647384133467451 19.259776308797058 13.935498242789723
    vertex 17.116794849853527 20.086133842188186 12.179999430891197
    vertex 16.402883103579942 19.259776557123683 12.17999931479886
  endloop
endfacet
facet normal -0.6034212320402936 0.5213115239710977 -0.6034211727292188
  outer loop
    vertex 17.116794849853527 20.086133842188186 12.179999430891197
    vertex 14.647384133467451 19.259776308797058 13.935498242789723
    vertex 14.055787428376169 20.08613340914305 15.241006779197868
  endloop
endfacet
facet normal 8.857570434744398e-10 -1.8383713222188087e-08 -0.9999999999999999
  outer loop
    vertex 3.2000033837563575 20.564950447206975 -7.533346621334901e-07
    vertex -2.255100446357136 16.312008343435934 -4.726949155328339e-07
    vertex -2.25509793081629 20.564951114510265 -8.947345892626442e-07
  endloop
endfacet
facet normal 8.857570434744398e-10 -1.8383713222188087e-08 -0.9999999999999999
  outer loop
    vertex -2.255100446357136 16.312008343435934 -4.726949155328339e-07
    vertex 3.2000033837563575 20.564950447206975 -7.533346621334901e-07
    vertex 39.114159673658484 18.725628392626223 -6.965751868809247e-07
  endloop
endfacet
facet normal 8.857570434744398e-10 -1.8383713222188087e-08 -0.9999999999999999
  outer loop
    vertex -2.255100446357136 16.312008343435934 -4.726949155328339e-07
    vertex 39.114159673658484 18.725628392626223 -6.965751868809247e-07
    vertex 43.88008437514031 18.725628392626145 -6.209193399398988e-07
  endloop
endfacet
facet normal 8.857570434744398e-10 -1.8383713222188087e-08 -0.9999999999999999
  outer loop
    vertex -2.255100446357136 16.312008343435934 -4.726949155328339e-07
    vertex 43.88008437514031 18.725628392626145 -6.209193399398988e-07
    vertex 37.22660985671842 17.946688590990714 -6.476210172884211e-07
  endloop
endfacet
facet normal 8.857570434744398e-10 -1.8383713222188087e-08 -0.9999999999999999
  outer loop
    vertex -2.255100446357136 16.312008343435934 -4.726949155328339e-07
    vertex 37.22660985671842 17.946688590990714 -6.476210172884211e-07
    vertex 13.070632603483897 16.56565623019122 -1.8934475158421236e-07
  endloop
endfacet
facet normal 8.857570434744398e-10 -1.8383713222188087e-08 -0.9999999999999999
  outer loop
    vertex 13.070632603483897 16.56565623019122 -1.8934475158421236e-07
    vertex 37.22660985671842 17.946688590990714 -6.476210172884211e-07
    vertex 15.237634615556333 16.565656230191262 -1.9069308558599806e-07
  endloop
endfacet
facet normal 8.857570434744398e-10 -1.8383713222188087e-08 -0.9999999999999999
  outer loop
    vertex -2.255100446357136 16.312008343435934 -4.726949155328339e-07
    vertex 13.070632603483897 16.56565623019122 -1.8934475158421236e-07
    vertex 4.4000038254531315 16.311887526402845 -6.619173691787337e-07
  endloop
endfacet
facet normal 8.857570434744398e-10 -1.8383713222188087e-08 -0.9999999999999999
  outer loop
    vertex 4.4000038254531315 16.311887526402845 -6.619173691787337e-07
    vertex 13.070632603483897 16.56565623019122 -1.8934475158421236e-07
    vertex 13.366407251371266 13.885575747293823 -1.3929850871022447e-07
  endloop
endfacet
facet normal 8.857570434744398e-10 -1.8383713222188087e-08 -0.9999999999999999
  outer loop
    vertex 4.4000038254531315 16.311887526402845 -6.619173691787337e-07
    vertex 13.366407251371266 13.885575747293823 -1.3929850871022447e-07
    vertex 2.9999955607087054 14.861887526402896 -8.690776525872856e-07
  endloop
endfacet
facet normal 8.857570434744398e-10 -1.8383713222188087e-08 -0.9999999999999999
  outer loop
    vertex 2.9999955607087054 14.861887526402896 -8.690776525872856e-07
    vertex 13.366407251371266 13.885575747293823 -1.3929850871022447e-07
    vertex -1.956866385804702 14.725700633993455 -6.659189845085519e-07
  endloop
endfacet
facet normal 8.857570434744398e-10 -1.8383713222188087e-08 -0.9999999999999999
  outer loop
    vertex 15.992161778534207 16.565656230191255 -1.911625612821722e-07
    vertex 14.92375131575758 13.885575747293826 -1.4026750647674172e-07
    vertex 15.237634615556333 16.565656230191262 -1.9069308558599806e-07
  endloop
endfacet
facet normal 8.857570434744398e-10 -1.8383713222188087e-08 -0.9999999999999999
  outer loop
    vertex 14.92375131575758 13.885575747293826 -1.4026750647674172e-07
    vertex 15.992161778534207 16.565656230191255 -1.911625612821722e-07
    vertex 16.287936426421574 13.885575747293823 -1.4111631840818716e-07
  endloop
endfacet
facet normal 8.857570434744398e-10 -1.8383713222188087e-08 -0.9999999999999999
  outer loop
    vertex 14.92375131575758 13.885575747293826 -1.4026750647674172e-07
    vertex 16.287936426421574 13.885575747293823 -1.4111631840818716e-07
    vertex 13.366407251371266 13.885575747293823 -1.3929850871022447e-07
  endloop
endfacet
facet normal 8.857570434744398e-10 -1.8383713222188087e-08 -0.9999999999999999
  outer loop
    vertex 23.33823823728668 9.768875546086527 -6.834758287830574e-08
    vertex 19.95795654714583 9.768875546086583 -6.624433194894686e-08
    vertex 23.26504910247782 9.962789026971837 -7.193638531141284e-08
  endloop
endfacet
facet normal 8.857570434744398e-10 -1.8383713222188087e-08 -0.9999999999999999
  outer loop
    vertex 37.22660985671842 17.946688590990714 -6.476210172884211e-07
    vertex 18.141055138695172 16.565656230191248 -1.9249962786544824e-07
    vertex 15.237634615556333 16.565656230191262 -1.9069308558599806e-07
  endloop
endfacet
facet normal 8.857570434744398e-10 -1.8383713222188087e-08 -0.9999999999999999
  outer loop
    vertex 18.141055138695172 16.565656230191248 -1.9249962786544824e-07
    vertex 37.22660985671842 17.946688590990714 -6.476210172884211e-07
    vertex 22.994173850968863 16.505294057153023 -1.9438798271056918e-07
  endloop
endfacet
facet normal 8.857570434744398e-10 -1.8383713222188087e-08 -0.9999999999999999
  outer loop
    vertex 22.994173850968863 16.505294057153023 -1.9438798271056918e-07
    vertex 37.22660985671842 17.946688590990714 -6.476210172884211e-07
    vertex 23.643821738292818 16.46907675333008 -1.9411341370112642e-07
  endloop
endfacet
facet normal 8.857570434744398e-10 -1.8383713222188087e-08 -0.9999999999999999
  outer loop
    vertex 23.643821738292818 16.46907675333008 -1.9411341370112642e-07
    vertex 37.22660985671842 17.946688590990714 -6.476210172884211e-07
    vertex 24.27687002803124 16.360424841861267 -1.9247094122831768e-07
  endloop
endfacet
facet normal 8.857570434744398e-10 -1.8383713222188087e-08 -0.9999999999999999
  outer loop
    vertex 24.27687002803124 16.360424841861267 -1.9247094122831768e-07
    vertex 37.22660985671842 17.946688590990714 -6.476210172884211e-07
    vertex 24.925008861029234 16.161229670835095 -1.8914088933039736e-07
  endloop
endfacet
facet normal 8.857570434744398e-10 -1.8383713222188087e-08 -0.9999999999999999
  outer loop
    vertex 24.925008861029234 16.161229670835095 -1.8914088933039736e-07
    vertex 37.22660985671842 17.946688590990714 -6.476210172884211e-07
    vertex 25.619928378131835 15.853382588340098 -1.8380358238401103e-07
  endloop
endfacet
facet normal 8.857570434744398e-10 -1.8383713222188087e-08 -0.9999999999999999
  outer loop
    vertex 25.619928378131835 15.853382588340098 -1.8380358238401103e-07
    vertex 37.22660985671842 17.946688590990714 -6.476210172884211e-07
    vertex 37.22660990349583 8.96948764010456 -7.472118835666173e-07
  endloop
endfacet
facet normal 8.857570434744398e-10 -1.8383713222188087e-08 -0.9999999999999999
  outer loop
    vertex 15.237634615556333 16.565656230191262 -1.9069308558599806e-07
    vertex 18.141055138695172 16.565656230191248 -1.9249962786544824e-07
    vertex 15.992161778534207 16.565656230191255 -1.911625612821722e-07
  endloop
endfacet
facet normal 8.857570434744398e-10 -1.8383713222188087e-08 -0.9999999999999999
  outer loop
    vertex 25.619928378131835 15.853382588340098 -1.8380358238401103e-07
    vertex 37.22660990349583 8.96948764010456 -7.472118835666173e-07
    vertex 25.619928378131934 13.74674274930589 -1.4432077433147908e-07
  endloop
endfacet
facet normal 8.857570434744398e-10 -1.8383713222188087e-08 -0.9999999999999999
  outer loop
    vertex 25.619928378131934 13.74674274930589 -1.4432077433147908e-07
    vertex 37.22660990349583 8.96948764010456 -7.472118835666173e-07
    vertex 22.5837110743089 13.650163272444727 -1.406215042208087e-07
  endloop
endfacet
facet normal 8.857570434744398e-10 -1.8383713222188087e-08 -0.9999999999999999
  outer loop
    vertex 22.5837110743089 13.650163272444727 -1.406215042208087e-07
    vertex 37.22660990349583 8.96948764010456 -7.472118835666173e-07
    vertex 22.69538109442963 13.167265888138894 -1.316404862892794e-07
  endloop
endfacet
facet normal 8.857570434744398e-10 -1.8383713222188087e-08 -0.9999999999999999
  outer loop
    vertex 22.69538109442963 13.167265888138894 -1.316404862892794e-07
    vertex 37.22660990349583 8.96948764010456 -7.472118835666173e-07
    vertex 23.03340926344371 12.705495264396438 -1.2319627036637043e-07
  endloop
endfacet
facet normal 8.857570434744398e-10 -1.8383713222188087e-08 -0.9999999999999999
  outer loop
    vertex 23.03340926344371 12.705495264396438 -1.2319627036637043e-07
    vertex 37.22660990349583 8.96948764010456 -7.472118835666173e-07
    vertex 23.947896184972898 11.923805123551405 -1.0911477723263631e-07
  endloop
endfacet
facet normal 8.857570434744398e-10 -1.8383713222188087e-08 -0.9999999999999999
  outer loop
    vertex 23.947896184972898 11.923805123551405 -1.0911477723263631e-07
    vertex 37.22660990349583 8.96948764010456 -7.472118835666173e-07
    vertex 24.769576265455694 11.243221622545363 -9.687048721927143e-08
  endloop
endfacet
facet normal 8.857570434744398e-10 -1.8383713222188087e-08 -0.9999999999999999
  outer loop
    vertex 24.769576265455694 11.243221622545363 -9.687048721927143e-08
    vertex 37.22660990349583 8.96948764010456 -7.472118835666173e-07
    vertex 25.303026969681042 10.698453010875358 -8.699231077805035e-08
  endloop
endfacet
facet normal 8.857570434744398e-10 -1.8383713222188087e-08 -0.9999999999999999
  outer loop
    vertex 25.303026969681042 10.698453010875358 -8.699231077805035e-08
    vertex 37.22660990349583 8.96948764010456 -7.472118835666173e-07
    vertex 25.640300611532144 10.20499224628778 -7.795368627086046e-08
  endloop
endfacet
facet normal 8.857570434744398e-10 -1.8383713222188087e-08 -0.9999999999999999
  outer loop
    vertex 25.640300611532144 10.20499224628778 -7.795368627086046e-08
    vertex 37.22660990349583 8.96948764010456 -7.472118835666173e-07
    vertex 25.87344950489231 9.67833228652919 -6.822805217238241e-08
  endloop
endfacet
facet normal 8.857570434744398e-10 -1.8383713222188087e-08 -0.9999999999999999
  outer loop
    vertex 25.87344950489231 9.67833228652919 -6.822805217238241e-08
    vertex 37.22660990349583 8.96948764010456 -7.472118835666173e-07
    vertex 26.00926439422842 9.086782990754536 -5.7225694834647043e-08
  endloop
endfacet
facet normal 8.857570434744398e-10 -1.8383713222188087e-08 -0.9999999999999999
  outer loop
    vertex 26.00926439422842 9.086782990754536 -5.7225694834647043e-08
    vertex 37.22660990349583 8.96948764010456 -7.472118835666173e-07
    vertex 26.054536024007184 8.398654218118716 -4.4356900271289584e-08
  endloop
endfacet
facet normal 8.857570434744398e-10 -1.8383713222188087e-08 -0.9999999999999999
  outer loop
    vertex 26.054536024007184 8.398654218118716 -4.4356900271289584e-08
    vertex 37.22660990349583 8.96948764010456 -7.472118835666173e-07
    vertex 37.52660990349585 8.969487630579016 -7.571375449245367e-07
  endloop
endfacet
facet normal 8.857570434744398e-10 -1.8383713222188087e-08 -0.9999999999999999
  outer loop
    vertex 26.054536024007184 8.398654218118716 -4.4356900271289584e-08
    vertex 37.52660990349585 8.969487630579016 -7.571375449245367e-07
    vertex 39.11415966612826 6.1537334521815445 -6.877240560942644e-07
  endloop
endfacet
facet normal 8.857570434744398e-10 -1.8383713222188087e-08 -0.9999999999999999
  outer loop
    vertex 26.054536024007184 8.398654218118716 -4.4356900271289584e-08
    vertex 39.11415966612826 6.1537334521815445 -6.877240560942644e-07
    vertex 26.054536024007184 7.704489228179081 -3.1346805931532395e-08
  endloop
endfacet
facet normal 8.857570434744398e-10 -1.8383713222188087e-08 -0.9999999999999999
  outer loop
    vertex 46.737023536718496 5.374793452181885 -5.642570509794174e-07
    vertex 43.88008436761017 6.153733452181457 -6.120682091532385e-07
    vertex 46.71669600612836 6.153733452181829 -5.670398557372551e-07
  endloop
endfacet
facet normal 8.857570434744398e-10 -1.8383713222188087e-08 -0.9999999999999999
  outer loop
    vertex 43.88008436761017 6.153733452181457 -6.120682091532385e-07
    vertex 46.737023536718496 5.374793452181885 -5.642570509794174e-07
    vertex 37.22660984685515 5.374793642810224 -6.468072448968965e-07
  endloop
endfacet
facet normal 8.857570434744398e-10 -1.8383713222188087e-08 -0.9999999999999999
  outer loop
    vertex 37.22660984685515 5.374793642810224 -6.468072448968965e-07
    vertex 46.737023536718496 5.374793452181885 -5.642570509794174e-07
    vertex 41.97109883523691 5.3747934521819225 -6.399117421670914e-07
  endloop
endfacet
facet normal 8.857570434744398e-10 -1.8383713222188087e-08 -0.9999999999999999
  outer loop
    vertex 19.95795654714583 9.768875546086583 -6.624433194894686e-08
    vertex 3.0000039975949027 9.238724998819587 -5.176467908421249e-07
    vertex -1.9771817711669202 9.374009711718582 -7.199478631136363e-07
  endloop
endfacet
facet normal 8.857570434744398e-10 -1.8383713222188087e-08 -0.9999999999999999
  outer loop
    vertex 3.0000039975949027 9.238724998819587 -5.176467908421249e-07
    vertex 19.95795654714583 9.768875546086583 -6.624433194894686e-08
    vertex 19.95795654714601 7.704489228179129 -2.7553442676425335e-08
  endloop
endfacet
facet normal 8.857570434744398e-10 -1.8383713222188087e-08 -0.9999999999999999
  outer loop
    vertex -1.9771817711669202 9.374009711718582 -7.199478631136363e-07
    vertex 3.0000039975949027 9.238724998819587 -5.176467908421249e-07
    vertex -8.072649792301156e-06 9.238724998819599 4.494667660420819e-09
  endloop
endfacet
facet normal 8.857570434744398e-10 -1.8383713222188087e-08 -0.9999999999999999
  outer loop
    vertex 3.0000039975949027 9.238724998819587 -5.176467908421249e-07
    vertex 19.95795654714601 7.704489228179129 -2.7553442676425335e-08
    vertex 4.400003383756358 7.788724998819629 -4.4316763808729423e-07
  endloop
endfacet
facet normal 8.857570434744398e-10 -1.8383713222188087e-08 -0.9999999999999999
  outer loop
    vertex 4.400003383756358 7.788724998819629 -4.4316763808729423e-07
    vertex 19.95795654714601 7.704489228179129 -2.7553442676425335e-08
    vertex -2.255090260285764 7.788722057627285 -1.4129107433612186e-07
  endloop
endfacet
facet normal 8.857570434744398e-10 -1.8383713222188087e-08 -0.9999999999999999
  outer loop
    vertex -2.255090260285764 7.788722057627285 -1.4129107433612186e-07
    vertex 19.95795654714601 7.704489228179129 -2.7553442676425335e-08
    vertex -2.2550827929108497 3.535467410577802 -3.232181932939298e-07
  endloop
endfacet
facet normal 8.857570434744398e-10 -1.8383713222188087e-08 -0.9999999999999999
  outer loop
    vertex -2.2550827929108497 3.535467410577802 -3.232181932939298e-07
    vertex 19.95795654714601 7.704489228179129 -2.7553442676425335e-08
    vertex 26.054536024007184 7.704489228179081 -3.1346805931532395e-08
  endloop
endfacet
facet normal 8.857570434744398e-10 -1.8383713222188087e-08 -0.9999999999999999
  outer loop
    vertex -2.2550827929108497 3.535467410577802 -3.232181932939298e-07
    vertex 26.054536024007184 7.704489228179081 -3.1346805931532395e-08
    vertex 39.11415966612826 6.1537334521815445 -6.877240560942644e-07
  endloop
endfacet
facet normal 8.857570434744398e-10 -1.8383713222188087e-08 -0.9999999999999999
  outer loop
    vertex -2.2550827929108497 3.535467410577802 -3.232181932939298e-07
    vertex 39.11415966612826 6.1537334521815445 -6.877240560942644e-07
    vertex 43.88008436761017 6.153733452181457 -6.120682091532385e-07
  endloop
endfacet
facet normal 8.857570434744398e-10 -1.8383713222188087e-08 -0.9999999999999999
  outer loop
    vertex -2.2550827929108497 3.535467410577802 -3.232181932939298e-07
    vertex 43.88008436761017 6.153733452181457 -6.120682091532385e-07
    vertex 37.22660984685515 5.374793642810224 -6.468072448968965e-07
  endloop
endfacet
facet normal 8.857570434744398e-10 -1.8383713222188087e-08 -0.9999999999999999
  outer loop
    vertex -2.2550827929108497 3.535467410577802 -3.232181932939298e-07
    vertex 37.22660984685515 5.374793642810224 -6.468072448968965e-07
    vertex 3.2000033837564086 3.5354680778811236 -3.394667110684887e-07
  endloop
endfacet
facet normal 8.857570434744398e-10 -1.8383713222188087e-08 -0.9999999999999999
  outer loop
    vertex 18.141055138695172 16.565656230191248 -1.9249962786544824e-07
    vertex 21.235371034067462 16.125012367012125 -1.8616636585067834e-07
    vertex 17.869425360023232 13.885575747293826 -1.4210033936178865e-07
  endloop
endfacet
facet normal 8.857570434744398e-10 -1.8383713222188087e-08 -0.9999999999999999
  outer loop
    vertex 21.235371034067462 16.125012367012125 -1.8616636585067834e-07
    vertex 18.141055138695172 16.565656230191248 -1.9249962786544824e-07
    vertex 21.7416587604256 16.336279972645936 -1.9044097794163594e-07
  endloop
endfacet
facet normal 8.857570434744398e-10 -1.8383713222188087e-08 -0.9999999999999999
  outer loop
    vertex 21.7416587604256 16.336279972645936 -1.9044097794163594e-07
    vertex 18.141055138695172 16.565656230191248 -1.9249962786544824e-07
    vertex 22.327926366059405 16.463040536026266 -1.9318151697013114e-07
  endloop
endfacet
facet normal 8.857570434744398e-10 -1.8383713222188087e-08 -0.9999999999999999
  outer loop
    vertex 22.327926366059405 16.463040536026266 -1.9318151697013114e-07
    vertex 18.141055138695172 16.565656230191248 -1.9249962786544824e-07
    vertex 22.994173850968863 16.505294057153023 -1.9438798271056918e-07
  endloop
endfacet
facet normal 8.857570434744398e-10 -1.8383713222188087e-08 -0.9999999999999999
  outer loop
    vertex 17.869425360023232 13.885575747293826 -1.4210033936178865e-07
    vertex 21.235371034067462 16.125012367012125 -1.8616636585067834e-07
    vertex 20.809063186984964 15.829237719124784 -1.8035768069725966e-07
  endloop
endfacet
facet normal 8.857570434744398e-10 -1.8383713222188087e-08 -0.9999999999999999
  outer loop
    vertex 17.869425360023232 13.885575747293826 -1.4210033936178865e-07
    vertex 20.809063186984964 15.829237719124784 -1.8035768069725966e-07
    vertex 20.47103501797088 15.457255827776716 -1.7317564199882685e-07
  endloop
endfacet
facet normal 8.857570434744398e-10 -1.8383713222188087e-08 -0.9999999999999999
  outer loop
    vertex 17.869425360023232 13.885575747293826 -1.4210033936178865e-07
    vertex 20.47103501797088 15.457255827776716 -1.7317564199882685e-07
    vertex 20.229586325817863 15.017366491760624 -1.647809694984241e-07
  endloop
endfacet
facet normal 8.857570434744398e-10 -1.8383713222188087e-08 -0.9999999999999999
  outer loop
    vertex 17.869425360023232 13.885575747293826 -1.4210033936178865e-07
    vertex 20.229586325817863 15.017366491760624 -1.647809694984241e-07
    vertex 20.084717110526192 14.509569711076523 -1.5517366342165054e-07
  endloop
endfacet
facet normal 8.857570434744398e-10 -1.8383713222188087e-08 -0.9999999999999999
  outer loop
    vertex 17.869425360023232 13.885575747293826 -1.4210033936178865e-07
    vertex 20.084717110526192 14.509569711076523 -1.5517366342165054e-07
    vertex 20.036427372095613 13.933865485724407 -1.4435372354290508e-07
  endloop
endfacet
facet normal 8.857570434744398e-10 -1.8383713222188087e-08 -0.9999999999999999
  outer loop
    vertex 17.869425360023232 13.885575747293826 -1.4210033936178865e-07
    vertex 20.036427372095613 13.933865485724407 -1.4435372354290508e-07
    vertex 20.137534011934655 13.069177356951814 -1.282105809208334e-07
  endloop
endfacet
facet normal 8.857570434744398e-10 -1.8383713222188087e-08 -0.9999999999999999
  outer loop
    vertex 17.869425360023232 13.885575747293826 -1.4210033936178865e-07
    vertex 20.137534011934655 13.069177356951814 -1.282105809208334e-07
    vertex 16.287936426421574 13.885575747293823 -1.4111631840818716e-07
  endloop
endfacet
facet normal 8.857570434744398e-10 -1.8383713222188087e-08 -0.9999999999999999
  outer loop
    vertex 16.287936426421574 13.885575747293823 -1.4111631840818716e-07
    vertex 20.137534011934655 13.069177356951814 -1.282105809208334e-07
    vertex -11.654640518343935 13.766466792441399 -8.489317302354666e-07
  endloop
endfacet
facet normal 8.857570434744398e-10 -1.8383713222188087e-08 -0.9999999999999999
  outer loop
    vertex -11.654640518343935 13.766466792441399 -8.489317302354666e-07
    vertex 20.137534011934655 13.069177356951814 -1.282105809208334e-07
    vertex -10.754221681569778 13.441288511205512 -8.010667341634285e-07
  endloop
endfacet
facet normal 8.857570434744398e-10 -1.8383713222188087e-08 -0.9999999999999999
  outer loop
    vertex -10.754221681569778 13.441288511205512 -8.010667341634285e-07
    vertex 20.137534011934655 13.069177356951814 -1.282105809208334e-07
    vertex -7.6954340906293535 13.040738204768411 -6.562524733859935e-07
  endloop
endfacet
facet normal 8.857570434744398e-10 -1.8383713222188087e-08 -0.9999999999999999
  outer loop
    vertex -7.6954340906293535 13.040738204768411 -6.562524733859935e-07
    vertex 20.137534011934655 13.069177356951814 -1.282105809208334e-07
    vertex 4.4000000846409275 12.771831610929175 -2.5274706621049884e-07
  endloop
endfacet
facet normal 8.857570434744398e-10 -1.8383713222188087e-08 -0.9999999999999999
  outer loop
    vertex 4.4000000846409275 12.771831610929175 -2.5274706621049884e-07
    vertex 20.137534011934655 13.069177356951814 -1.282105809208334e-07
    vertex 20.440853931451763 12.346340334818978 -1.1485184228661844e-07
  endloop
endfacet
facet normal 8.857570434744398e-10 -1.8383713222188087e-08 -0.9999999999999999
  outer loop
    vertex -7.6954340906293535 13.040738204768411 -6.562524733859935e-07
    vertex 4.4000000846409275 12.771831610929175 -2.5274706621049884e-07
    vertex -8.86503176533715e-07 12.772007339507551 -3.1059022797502747e-07
  endloop
endfacet
facet normal 8.857570434744398e-10 -1.8383713222188087e-08 -0.9999999999999999
  outer loop
    vertex 4.4000000846409275 12.771831610929175 -2.5274706621049884e-07
    vertex 20.440853931451763 12.346340334818978 -1.1485184228661844e-07
    vertex 4.399999473720501 11.328724998819652 -2.0135030846588863e-07
  endloop
endfacet
facet normal 8.857570434744398e-10 -1.8383713222188087e-08 -0.9999999999999999
  outer loop
    vertex 4.399999473720501 11.328724998819652 -2.0135030846588863e-07
    vertex 20.440853931451763 12.346340334818978 -1.1485184228661844e-07
    vertex 21.01882173829272 11.680847377072451 -1.0273873975428919e-07
  endloop
endfacet
facet normal 8.857570434744398e-10 -1.8383713222188087e-08 -0.9999999999999999
  outer loop
    vertex 4.399999473720501 11.328724998819652 -2.0135030846588863e-07
    vertex 21.01882173829272 11.680847377072451 -1.0273873975428919e-07
    vertex 21.943872040103578 10.988191441458763 -9.033250543786428e-08
  endloop
endfacet
facet normal 8.857570434744398e-10 -1.8383713222188087e-08 -0.9999999999999999
  outer loop
    vertex 4.399999473720501 11.328724998819652 -2.0135030846588863e-07
    vertex 21.943872040103578 10.988191441458763 -9.033250543786428e-08
    vertex -4.433117593016789e-07 11.328724998819574 -2.587505274083505e-07
  endloop
endfacet
facet normal 8.857570434744398e-10 -1.8383713222188087e-08 -0.9999999999999999
  outer loop
    vertex -4.433117593016789e-07 11.328724998819574 -2.587505274083505e-07
    vertex 21.943872040103578 10.988191441458763 -9.033250543786428e-08
    vertex -7.7004643102611965 11.059818335931338 -5.834143006982649e-07
  endloop
endfacet
facet normal 8.857570434744398e-10 -1.8383713222188087e-08 -0.9999999999999999
  outer loop
    vertex -7.7004643102611965 11.059818335931338 -5.834143006982649e-07
    vertex 21.943872040103578 10.988191441458763 -9.033250543786428e-08
    vertex -10.759251901201624 10.66589528705779 -7.049677317881007e-07
  endloop
endfacet
facet normal 8.857570434744398e-10 -1.8383713222188087e-08 -0.9999999999999999
  outer loop
    vertex -10.759251901201624 10.66589528705779 -7.049677317881007e-07
    vertex 21.943872040103578 10.988191441458763 -9.033250543786428e-08
    vertex 23.057554132658908 10.194428866006044 -7.614869144754207e-08
  endloop
endfacet
facet normal 8.857570434744398e-10 -1.8383713222188087e-08 -0.9999999999999999
  outer loop
    vertex -10.759251901201624 10.66589528705779 -7.049677317881007e-07
    vertex 23.057554132658908 10.194428866006044 -7.614869144754207e-08
    vertex -11.679986093335248 10.33338029531712 -7.140326385254057e-07
  endloop
endfacet
facet normal 8.857570434744398e-10 -1.8383713222188087e-08 -0.9999999999999999
  outer loop
    vertex -11.679986093335248 10.33338029531712 -7.140326385254057e-07
    vertex 23.057554132658908 10.194428866006044 -7.614869144754207e-08
    vertex -1.9771817711669202 9.374009711718582 -7.199478631136363e-07
  endloop
endfacet
facet normal 8.857570434744398e-10 -1.8383713222188087e-08 -0.9999999999999999
  outer loop
    vertex -11.679986093335248 10.33338029531712 -7.140326385254057e-07
    vertex -1.9771817711669202 9.374009711718582 -7.199478631136363e-07
    vertex -11.642330950130605 9.036495234257416 -6.903604546766593e-07
  endloop
endfacet
facet normal 8.857570434744398e-10 -1.8383713222188087e-08 -0.9999999999999999
  outer loop
    vertex -1.9771817711669202 9.374009711718582 -7.199478631136363e-07
    vertex 23.057554132658908 10.194428866006044 -7.614869144754207e-08
    vertex 23.26504910247782 9.962789026971837 -7.193638531141284e-08
  endloop
endfacet
facet normal 8.857570434744398e-10 -1.8383713222188087e-08 -0.9999999999999999
  outer loop
    vertex -1.9771817711669202 9.374009711718582 -7.199478631136363e-07
    vertex 23.26504910247782 9.962789026971837 -7.193638531141284e-08
    vertex 19.95795654714583 9.768875546086583 -6.624433194894686e-08
  endloop
endfacet
facet normal 8.857570434744398e-10 -1.8383713222188087e-08 -0.9999999999999999
  outer loop
    vertex -11.642330950130605 9.036495234257416 -6.903604546766593e-07
    vertex -1.9771817711669202 9.374009711718582 -7.199478631136363e-07
    vertex -4.044425869855244 9.30181992618592 -7.045834625073626e-07
  endloop
endfacet
facet normal 8.857570434744398e-10 -1.8383713222188087e-08 -0.9999999999999999
  outer loop
    vertex -11.642330950130605 9.036495234257416 -6.903604546766593e-07
    vertex -4.044425869855244 9.30181992618592 -7.045834625073626e-07
    vertex -8.807447298779712 9.135491552782167 -6.956667411794636e-07
  endloop
endfacet
facet normal 8.857570434744398e-10 -1.8383713222188087e-08 -0.9999999999999999
  outer loop
    vertex 24.142941456602763 14.465429872042291 -1.5687146588354038e-07
    vertex 23.167715098453865 14.459393654738491 -1.5615153734347223e-07
    vertex 23.621940450566548 14.51334234689141 -1.5744527219162937e-07
  endloop
endfacet
facet normal 8.857570434744398e-10 -1.8383713222188087e-08 -0.9999999999999999
  outer loop
    vertex 23.167715098453865 14.459393654738491 -1.5615153734347223e-07
    vertex 24.142941456602763 14.465429872042291 -1.5687146588354038e-07
    vertex 24.649606446542403 14.321692447495 -1.5449278069135443e-07
  endloop
endfacet
facet normal 8.857570434744398e-10 -1.8383713222188087e-08 -0.9999999999999999
  outer loop
    vertex 23.167715098453865 14.459393654738491 -1.5615153734347223e-07
    vertex 24.649606446542403 14.321692447495 -1.5449278069135443e-07
    vertex 22.84326841837339 14.297547578279719 -1.529163309716178e-07
  endloop
endfacet
facet normal 8.857570434744398e-10 -1.8383713222188087e-08 -0.9999999999999999
  outer loop
    vertex 22.84326841837339 14.297547578279719 -1.529163309716178e-07
    vertex 24.649606446542403 14.321692447495 -1.5449278069135443e-07
    vertex 25.141935420385447 14.082130073249553 -1.5030921684066743e-07
  endloop
endfacet
facet normal 8.857570434744398e-10 -1.8383713222188087e-08 -0.9999999999999999
  outer loop
    vertex 22.84326841837339 14.297547578279719 -1.529163309716178e-07
    vertex 25.141935420385447 14.082130073249553 -1.5030921684066743e-07
    vertex 22.648600410325002 14.027804117515123 -1.4773965330166373e-07
  endloop
endfacet
facet normal 8.857570434744398e-10 -1.8383713222188087e-08 -0.9999999999999999
  outer loop
    vertex 22.648600410325002 14.027804117515123 -1.4773965330166373e-07
    vertex 25.141935420385447 14.082130073249553 -1.5030921684066743e-07
    vertex 25.619928378131934 13.74674274930589 -1.4432077433147908e-07
  endloop
endfacet
facet normal 8.857570434744398e-10 -1.8383713222188087e-08 -0.9999999999999999
  outer loop
    vertex 22.648600410325002 14.027804117515123 -1.4773965330166373e-07
    vertex 25.619928378131934 13.74674274930589 -1.4432077433147908e-07
    vertex 22.5837110743089 13.650163272444727 -1.406215042208087e-07
  endloop
endfacet
facet normal 8.857570434744398e-10 -1.8383713222188087e-08 -0.9999999999999999
  outer loop
    vertex -6.858994135546765 14.896886746559517 -7.666632476615519e-07
    vertex -11.654640518343935 13.766466792441399 -8.489317302354666e-07
    vertex -11.622015562089622 15.063215188163177 -8.802526178177038e-07
  endloop
endfacet
facet normal 8.857570434744398e-10 -1.8383713222188087e-08 -0.9999999999999999
  outer loop
    vertex -11.654640518343935 13.766466792441399 -8.489317302354666e-07
    vertex -6.858994135546765 14.896886746559517 -7.666632476615519e-07
    vertex -4.02411048561334 14.797890387443084 -6.990573615082818e-07
  endloop
endfacet
facet normal 8.857570434744398e-10 -1.8383713222188087e-08 -0.9999999999999999
  outer loop
    vertex -11.654640518343935 13.766466792441399 -8.489317302354666e-07
    vertex -4.02411048561334 14.797890387443084 -6.990573615082818e-07
    vertex -1.956866385804702 14.725700633993455 -6.659189845085519e-07
  endloop
endfacet
facet normal 8.857570434744398e-10 -1.8383713222188087e-08 -0.9999999999999999
  outer loop
    vertex -11.654640518343935 13.766466792441399 -8.489317302354666e-07
    vertex -1.956866385804702 14.725700633993455 -6.659189845085519e-07
    vertex 13.366407251371266 13.885575747293823 -1.3929850871022447e-07
  endloop
endfacet
facet normal 8.857570434744398e-10 -1.8383713222188087e-08 -0.9999999999999999
  outer loop
    vertex -11.654640518343935 13.766466792441399 -8.489317302354666e-07
    vertex 13.366407251371266 13.885575747293823 -1.3929850871022447e-07
    vertex 16.287936426421574 13.885575747293823 -1.4111631840818716e-07
  endloop
endfacet
facet normal 8.857570434744398e-10 -1.8383713222188087e-08 -0.9999999999999999
  outer loop
    vertex -1.956866385804702 14.725700633993455 -6.659189845085519e-07
    vertex -4.7465772277099916e-06 14.8620073413286 -3.5049453286014114e-07
    vertex 2.9999955607087054 14.861887526402896 -8.690776525872856e-07
  endloop
endfacet
facet normal 8.857570434744398e-10 -1.8383713222188087e-08 -0.9999999999999999
  outer loop
    vertex 37.22660991102609 21.541382576525812 -7.527971586621308e-07
    vertex -4.416968575560176e-07 24.10042046417279 -5.741020534166523e-07
    vertex 37.22660974416341 24.10042152314546 -3.3552383165017233e-07
  endloop
endfacet
facet normal 8.857570434744398e-10 -1.8383713222188087e-08 -0.9999999999999999
  outer loop
    vertex -4.416968575560176e-07 24.10042046417279 -5.741020534166523e-07
    vertex 37.22660991102609 21.541382576525812 -7.527971586621308e-07
    vertex -11.694753299502459 23.692029896375576 -1.043736747329393e-06
  endloop
endfacet
facet normal 8.857570434744398e-10 -1.8383713222188087e-08 -0.9999999999999999
  outer loop
    vertex -11.694753299502459 23.692029896375576 -1.043736747329393e-06
    vertex 37.22660991102609 21.541382576525812 -7.527971586621308e-07
    vertex 1.800003997594857 22.014950447206942 -8.27813814888322e-07
  endloop
endfacet
facet normal 8.857570434744398e-10 -1.8383713222188087e-08 -0.9999999999999999
  outer loop
    vertex 1.800003997594857 22.014950447206942 -8.27813814888322e-07
    vertex 37.22660991102609 21.541382576525812 -7.527971586621308e-07
    vertex 3.2000033837563575 20.564950447206975 -7.533346621334901e-07
  endloop
endfacet
facet normal 8.857570434744398e-10 -1.8383713222188087e-08 -0.9999999999999999
  outer loop
    vertex 3.2000033837563575 20.564950447206975 -7.533346621334901e-07
    vertex 37.22660991102609 21.541382576525812 -7.527971586621308e-07
    vertex 37.526609911026064 21.541382571023817 -7.659886757111949e-07
  endloop
endfacet
facet normal 8.857570434744398e-10 -1.8383713222188087e-08 -0.9999999999999999
  outer loop
    vertex 3.2000033837563575 20.564950447206975 -7.533346621334901e-07
    vertex 37.526609911026064 21.541382571023817 -7.659886757111949e-07
    vertex 39.114159673658484 18.725628392626223 -6.965751868809247e-07
  endloop
endfacet
facet normal 8.857570434744398e-10 -1.8383713222188087e-08 -0.9999999999999999
  outer loop
    vertex 46.737023546581774 17.946688392626548 -5.696504876062697e-07
    vertex 43.88008437514031 18.725628392626145 -6.209193399398988e-07
    vertex 46.71669601365847 18.72562839262651 -5.758909865239157e-07
  endloop
endfacet
facet normal 8.857570434744398e-10 -1.8383713222188087e-08 -0.9999999999999999
  outer loop
    vertex 43.88008437514031 18.725628392626145 -6.209193399398988e-07
    vertex 46.737023546581774 17.946688392626548 -5.696504876062697e-07
    vertex 37.22660985671842 17.946688590990714 -6.476210172884211e-07
  endloop
endfacet
facet normal 8.857570434744398e-10 -1.8383713222188087e-08 -0.9999999999999999
  outer loop
    vertex 37.22660985671842 17.946688590990714 -6.476210172884211e-07
    vertex 46.737023546581774 17.946688392626548 -5.696504876062697e-07
    vertex 41.97109884510016 17.946688392626605 -6.453051787939441e-07
  endloop
endfacet
facet normal 8.857570434744398e-10 -1.8383713222188087e-08 -0.9999999999999999
  outer loop
    vertex 37.226610185860245 1.0552604413849308e-06 -3.285383704236425e-07
    vertex 3.2000033837564086 3.5354680778811236 -3.394667110684887e-07
    vertex 37.22660984685515 5.374793642810224 -6.468072448968965e-07
  endloop
endfacet
facet normal 8.857570434744398e-10 -1.8383713222188087e-08 -0.9999999999999999
  outer loop
    vertex 3.2000033837564086 3.5354680778811236 -3.394667110684887e-07
    vertex 37.226610185860245 1.0552604413849308e-06 -3.285383704236425e-07
    vertex 1.8000039975949078 2.0854680778810417 -3.4346708834912275e-07
  endloop
endfacet
facet normal 8.857570434744398e-10 -1.8383713222188087e-08 -0.9999999999999999
  outer loop
    vertex 1.8000039975949078 2.0854680778810417 -3.4346708834912275e-07
    vertex 37.226610185860245 1.0552604413849308e-06 -3.285383704236425e-07
    vertex -11.674437944142955 0.40768104580698933 -5.243905504508405e-07
  endloop
endfacet
facet normal 8.857570434744398e-10 -1.8383713222188087e-08 -0.9999999999999999
  outer loop
    vertex -11.674437944142955 0.40768104580698933 -5.243905504508405e-07
    vertex 37.226610185860245 1.0552604413849308e-06 -3.285383704236425e-07
    vertex -2.8199664825478975e-15 -1.127986593019159e-14 2.0169972056493024e-21
  endloop
endfacet
facet normal 8.857570434744398e-10 -1.8383713222188087e-08 -0.9999999999999999
  outer loop
    vertex -6.858994135546752 2.3249918678901413 -4.611281600005801e-07
    vertex -11.674437944142955 0.40768104580698933 -5.243905504508405e-07
    vertex -11.622015562089612 2.4913203094937675 -5.747175301567316e-07
  endloop
endfacet
facet normal 8.857570434744398e-10 -1.8383713222188087e-08 -0.9999999999999999
  outer loop
    vertex -11.674437944142955 0.40768104580698933 -5.243905504508405e-07
    vertex -6.858994135546752 2.3249918678901413 -4.611281600005801e-07
    vertex -4.024110485613327 2.2259955087737295 -3.9352227384730996e-07
  endloop
endfacet
facet normal 8.857570434744398e-10 -1.8383713222188087e-08 -0.9999999999999999
  outer loop
    vertex -11.674437944142955 0.40768104580698933 -5.243905504508405e-07
    vertex -4.024110485613327 2.2259955087737295 -3.9352227384730996e-07
    vertex -7.404054929160963e-08 2.0854703517700894 -5.04655814827278e-07
  endloop
endfacet
facet normal 8.857570434744398e-10 -1.8383713222188087e-08 -0.9999999999999999
  outer loop
    vertex -11.674437944142955 0.40768104580698933 -5.243905504508405e-07
    vertex -7.404054929160963e-08 2.0854703517700894 -5.04655814827278e-07
    vertex 1.8000039975949078 2.0854680778810417 -3.4346708834912275e-07
  endloop
endfacet
facet normal 8.857570434744398e-10 -1.8383713222188087e-08 -0.9999999999999999
  outer loop
    vertex -11.694753299502459 23.692029896375576 -1.043736747329393e-06
    vertex -5.15737435047292e-07 22.014950112402666 -9.7739138802884e-07
    vertex -11.642330950130617 21.60839011292673 -9.958955414352408e-07
  endloop
endfacet
facet normal 8.857570434744398e-10 -1.8383713222188087e-08 -0.9999999999999999
  outer loop
    vertex -5.15737435047292e-07 22.014950112402666 -9.7739138802884e-07
    vertex -11.694753299502459 23.692029896375576 -1.043736747329393e-06
    vertex 1.800003997594857 22.014950447206942 -8.27813814888322e-07
  endloop
endfacet
facet normal 8.857570434744398e-10 -1.8383713222188087e-08 -0.9999999999999999
  outer loop
    vertex -11.642330950130617 21.60839011292673 -9.958955414352408e-07
    vertex -5.15737435047292e-07 22.014950112402666 -9.7739138802884e-07
    vertex -4.0444258698552815 21.873714804855226 -1.0101185492659454e-06
  endloop
endfacet
facet normal 8.857570434744398e-10 -1.8383713222188087e-08 -0.9999999999999999
  outer loop
    vertex -11.642330950130617 21.60839011292673 -9.958955414352408e-07
    vertex -4.0444258698552815 21.873714804855226 -1.0101185492659454e-06
    vertex -8.807447298779726 21.707386431451486 -1.0012018279380454e-06
  endloop
endfacet
facet normal -0.8570405904869862 0.5152488973862183 6.497955771586247e-08
  outer loop
    vertex 11.747174100242136 22.322259996593733 14.74920034981829
    vertex 11.765920861605528 22.3534442047058 0.9999992842445176
    vertex 11.747174231880512 22.32226194950736 0.9999992795665844
  endloop
endfacet
facet normal -0.8570405904869862 0.5152488973862183 6.497955771586247e-08
  outer loop
    vertex 11.765920861605528 22.3534442047058 0.9999992842445176
    vertex 11.747174100242136 22.322259996593733 14.74920034981829
    vertex 11.765920729787672 22.35344224913017 14.767946984291122
  endloop
endfacet
facet normal -0.8245918743434326 0.5657280625590171 7.24601358794935e-08
  outer loop
    vertex 11.788105259163888 22.387460816191346 14.790131519084147
    vertex 11.81372278998736 22.4248020908968 0.9999992950186682
    vertex 11.788105391194074 22.387462774917186 0.9999992893723672
  endloop
endfacet
facet normal -0.8245918743434326 0.5657280625590171 7.24601358794935e-08
  outer loop
    vertex 11.81372278998736 22.4248020908968 0.9999992950186682
    vertex 11.788105259163888 22.387460816191346 14.790131519084147
    vertex 11.813722657711814 22.424800128533356 14.815748923608027
  endloop
endfacet
facet normal 0.32968283287951566 0.9440917485628811 1.3726227055929588e-07
  outer loop
    vertex 13.201200212099765 24.09290171941105 12.179999949013077
    vertex 13.228108350046515 24.083506852262744 0.9999995496088341
    vertex 13.20120031914061 24.092903307501093 0.9999995505547769
  endloop
endfacet
facet normal 0.32968283287951566 0.9440917485628811 1.3726227055929588e-07
  outer loop
    vertex 13.228108350046515 24.083506852262744 0.9999995496088341
    vertex 13.201200212099765 24.09290171941105 12.179999949013077
    vertex 13.228108243005641 24.083505264172704 12.179999948140244
  endloop
endfacet
facet normal -0.9767820824654095 -0.21423529908615954 -3.9781605739320064e-08
  outer loop
    vertex 11.712631464011334 22.14270885203309 14.714657686970583
    vertex 11.707172067554106 22.16760291129603 0.9999992571125935
    vertex 11.712631595318957 22.14271080004171 0.9999992536666116
  endloop
endfacet
facet normal -0.9767820824654095 -0.21423529908615954 -3.9781605739320064e-08
  outer loop
    vertex 11.707172067554106 22.16760291129603 0.9999992571125935
    vertex 11.712631464011334 22.14270885203309 14.714657686970583
    vertex 11.70717193629875 22.167600964062636 14.709198162703098
  endloop
endfacet
facet normal -0.9454194302418403 -0.32585595118271343 -5.53357491362618e-08
  outer loop
    vertex 11.72156913682438 22.116777608480664 14.723595356272403
    vertex 11.712631595318957 22.14271080004171 0.9999992536666116
    vertex 11.721569268217587 22.11677955775846 0.9999992501226028
  endloop
endfacet
facet normal -0.9454194302418403 -0.32585595118271343 -5.53357491362618e-08
  outer loop
    vertex 11.712631595318957 22.14271080004171 0.9999992536666116
    vertex 11.72156913682438 22.116777608480664 14.723595356272403
    vertex 11.712631464011334 22.14270885203309 14.714657686970583
  endloop
endfacet
facet normal 0.7648581628236119 0.6441987199320403 9.882974663807657e-08
  outer loop
    vertex 13.36264850457603 23.98014584464094 0.9999995369174066
    vertex 13.38955642844114 23.948196308740524 12.179999932361829
    vertex 13.389556535481997 23.948197896830553 0.9999995327868396
  endloop
endfacet
facet normal 0.7648581628236119 0.6441987199320403 9.882974663807657e-08
  outer loop
    vertex 13.38955642844114 23.948196308740524 12.179999932361829
    vertex 13.36264850457603 23.98014584464094 0.9999995369174066
    vertex 13.36264839753528 23.980144256550883 12.179999936246562
  endloop
endfacet
facet normal -0.8239575128005214 -0.5666515835145708 -8.837493267549365e-08
  outer loop
    vertex 11.818605750450471 21.95457934141733 14.820631948919456
    vertex 11.792202024324116 21.992974663230925 0.9999992335969043
    vertex 11.818605882772648 21.954581304474228 0.9999992285356059
  endloop
endfacet
facet normal -0.8239575128005214 -0.5666515835145708 -8.837493267549365e-08
  outer loop
    vertex 11.792202024324116 21.992974663230925 0.9999992335969043
    vertex 11.818605750450471 21.95457934141733 14.820631948919456
    vertex 11.792201892254578 21.992972703923375 14.79422809560745
  endloop
endfacet
facet normal -0.6238870306165015 0.22583020632265816 -0.7481749066500359
  outer loop
    vertex -5.038003257571666 2.085468606378185 16.759999208466173
    vertex -5.038003313895982 3.085470363682371 17.061841246080338
    vertex -4.857015507484542 2.5854700283371406 16.75999855929016
  endloop
endfacet
facet normal -0.6409868155035615 0.21311851657397704 -0.7373712770673336
  outer loop
    vertex -4.857015507484542 2.5854700283371406 16.75999855929016
    vertex -5.038003313895982 3.085470363682371 17.061841246080338
    vertex -4.115588639903026 3.0854692306919556 16.259998396614783
  endloop
endfacet
facet normal -0.03489955451788912 0.9993908250001361 -1.2674226732282504e-08
  outer loop
    vertex -11.694753288873127 23.692030150483973 10.418289496263263
    vertex -4.416968575560176e-07 24.10042046417279 -5.741020534166523e-07
    vertex -11.694753299502459 23.692029896375576 -1.043736747329393e-06
  endloop
endfacet
facet normal -0.03489955451788912 0.9993908250001361 -1.2674226732282504e-08
  outer loop
    vertex -4.416968575560176e-07 24.10042046417279 -5.741020534166523e-07
    vertex -11.694753288873127 23.692030150483973 10.418289496263263
    vertex -6.078713094659349e-07 24.100420468881115 10.418289682613072
  endloop
endfacet
facet normal -0.7068999215387953 0.01778494679795313 0.707089949437721
  outer loop
    vertex -13.08145760991556 0.4568154890887117 9.01041288205477
    vertex -11.62201580162524 2.4913205649396417 10.41828996528248
    vertex -13.029035227862217 2.5404547527755295 9.010412831727804
  endloop
endfacet
facet normal -0.7068999215387953 0.01778494679795313 0.707089949437721
  outer loop
    vertex -11.62201580162524 2.4913205649396417 10.41828996528248
    vertex -13.08145760991556 0.4568154890887117 9.01041288205477
    vertex -11.392149345518327 2.4832935828181344 10.648296541554922
  endloop
endfacet
facet normal -0.7068999215387953 0.01778494679795313 0.707089949437721
  outer loop
    vertex -11.392149345518327 2.4832935828181344 10.648296541554922
    vertex -13.08145760991556 0.4568154890887117 9.01041288205477
    vertex -10.636206400002708 1.9165919312794595 11.418290187679164
  endloop
endfacet
facet normal -0.7068999215387953 0.01778494679795313 0.707089949437721
  outer loop
    vertex -10.636206400002708 1.9165919312794595 11.418290187679164
    vertex -13.08145760991556 0.4568154890887117 9.01041288205477
    vertex -10.675047192427098 0.37278186759564247 11.41829022520872
  endloop
endfacet
facet normal -3.3483494865206756e-09 0.9751328560346174 0.2216211025190745
  outer loop
    vertex 39.11415959461189 6.857672007124572 4.505206031503582
    vertex 39.114159643779566 7.561610553726241 1.407876410731275
    vertex 38.914159578185476 6.8576720071696045 4.505206028283749
  endloop
endfacet
facet normal -3.5050483801729084e-08 0.89574056786051 0.44457714188758035
  outer loop
    vertex 37.22661003513519 7.56161054980151 9.010412618243596
    vertex 37.5266100003259 8.969487658947092 6.173801101915491
    vertex 37.22661000032594 8.969487668472667 6.17380111184115
  endloop
endfacet
facet normal -3.5050483801729084e-08 0.89574056786051 0.44457714188758035
  outer loop
    vertex 37.5266100003259 8.969487658947092 6.173801101915491
    vertex 37.22661003513519 7.56161054980151 9.010412618243596
    vertex 39.114159523095296 7.561610562067558 9.010412750731327
  endloop
endfacet
facet normal -0.7026762920772536 -0.03885961631372166 -0.7104477171280886
  outer loop
    vertex -13.029035261826412 8.98807048692431 1.4078764124726058
    vertex -13.075561601066964 9.829380610735042 1.4078763659235736
    vertex -11.679986093335248 10.33338029531712 -7.140326385254057e-07
  endloop
endfacet
facet normal -0.46961417767047936 0.16998721859080723 -0.8663526243087398
  outer loop
    vertex -5.038003257571666 2.085468606378185 16.759999208466173
    vertex -4.857015507484542 2.5854700283371406 16.75999855929016
    vertex -4.115588639902064 2.0854736864548347 16.25999712335022
  endloop
endfacet
facet normal 2.975058669381817e-07 -0.9999999999999557 1.380711316609319e-09
  outer loop
    vertex 1.800003997594857 22.014950447206942 -8.27813814888322e-07
    vertex -6.037751699716765e-07 22.01494992607966 10.418289522311005
    vertex -5.15737435047292e-07 22.014950112402666 -9.7739138802884e-07
  endloop
endfacet
facet normal 2.975058669381817e-07 -0.9999999999999557 1.380711316609319e-09
  outer loop
    vertex -6.037751699716765e-07 22.01494992607966 10.418289522311005
    vertex 1.800003997594857 22.014950447206942 -8.27813814888322e-07
    vertex 1.8000037995837646 22.01495066229917 10.418289539629361
  endloop
endfacet
facet normal 3.086738760450935e-09 -0.13859720308956144 0.9903488351564568
  outer loop
    vertex 2.765520210876093 21.01495069298661 10.278341677929935
    vertex 2.604528587390626 22.014950735527535 10.418289547369957
    vertex 1.8000037995837646 22.01495066229917 10.418289539629361
  endloop
endfacet
facet normal -3.5180826374859228e-09 0.9751328560346165 0.22162110251907802
  outer loop
    vertex 39.114159523095296 7.561610562067558 9.010412750731327
    vertex 39.11415957226275 8.26554910866927 5.913083129958879
    vertex 38.914159572262754 8.265549108669264 5.913083126784049
  endloop
endfacet
facet normal 0.02882774536001955 0.9962979661874467 0.08098965161189046
  outer loop
    vertex -7.62907040408045e-07 2.085468681021756 12.200524034618939
    vertex -9.85402587704262 2.3705935756295173 12.200523715497306
    vertex -8.115129607472808 2.1764153510146564 13.970267238804192
  endloop
endfacet
facet normal -0.15867019291130455 0.698148896806936 -0.6981489008576519
  outer loop
    vertex 39.11415966612826 6.1537334521815445 -6.877240560942644e-07
    vertex 39.114159643779566 7.561610553726241 1.407876410731275
    vertex 42.211489263779754 8.26554910372634 1.407876459126558
  endloop
endfacet
facet normal -0.7194016644274887 -0.6945943026104942 -1.5688597599890276e-08
  outer loop
    vertex 3.2000033837563575 20.564950447206975 -7.533346621334901e-07
    vertex 1.8000037995837646 22.01495066229917 10.418289539629361
    vertex 1.800003997594857 22.014950447206942 -8.27813814888322e-07
  endloop
endfacet
facet normal -0.7194016644274887 -0.6945943026104942 -1.5688597599890276e-08
  outer loop
    vertex 1.8000037995837646 22.01495066229917 10.418289539629361
    vertex 3.2000033837563575 20.564950447206975 -7.533346621334901e-07
    vertex 3.200003002043292 20.564950473044792 9.900652059536306
  endloop
endfacet
facet normal -0.7194016644274887 -0.6945943026104942 -1.5688597599890276e-08
  outer loop
    vertex 1.8000037995837646 22.01495066229917 10.418289539629361
    vertex 3.200003002043292 20.564950473044792 9.900652059536306
    vertex 2.765520210876093 21.01495069298661 10.278341677929935
  endloop
endfacet
facet normal -1.1224767143790434e-08 0.7071067819622622 0.7071067804108325
  outer loop
    vertex 46.71669591226296 6.857672008668997 5.913083252187923
    vertex 46.71669593461184 8.265549107124661 4.505206150643301
    vertex 42.915427753437356 7.561610557896777 5.209144641073505
  endloop
endfacet
facet normal 0.22031881531648176 0.6897316938016881 -0.6897316943442547
  outer loop
    vertex 38.914159578185476 6.8576720071696045 4.505206028283749
    vertex 37.5266100003259 8.969487658947092 6.173801101915491
    vertex 38.914159572262754 8.265549108669264 5.913083126784049
  endloop
endfacet
facet normal 0.5773502600247 -0.5773502685561481 0.5773502789880288
  outer loop
    vertex 46.73702339368534 3.966916362067813 9.010412877287683
    vertex 48.14490049368523 5.374793462067887 9.010412898091934
    vertex 46.737023371336434 5.374793463612538 10.418289975743024
  endloop
endfacet
facet normal -1.6794192350025436e-09 -1.1439189351308152e-08 1.0
  outer loop
    vertex -6.078713094659349e-07 24.100420468881115 10.418289682613072
    vertex 2.604528587390626 22.014950735527535 10.418289547369957
    vertex 2.6045285873906456 24.100420579389016 10.418289496686729
  endloop
endfacet
facet normal -1.6794192350025436e-09 -1.1439189351308152e-08 1.0
  outer loop
    vertex 2.604528587390626 22.014950735527535 10.418289547369957
    vertex -6.078713094659349e-07 24.100420468881115 10.418289682613072
    vertex -11.694753288873127 23.692030150483973 10.418289496263263
  endloop
endfacet
facet normal -1.6794192350025436e-09 -1.1439189351308152e-08 1.0
  outer loop
    vertex 2.604528587390626 22.014950735527535 10.418289547369957
    vertex -11.694753288873127 23.692030150483973 10.418289496263263
    vertex 1.8000037995837646 22.01495066229917 10.418289539629361
  endloop
endfacet
facet normal -1.6794192350025436e-09 -1.1439189351308152e-08 1.0
  outer loop
    vertex 1.8000037995837646 22.01495066229917 10.418289539629361
    vertex -11.694753288873127 23.692030150483973 10.418289496263263
    vertex -6.037751699716765e-07 22.01494992607966 10.418289522311005
  endloop
endfacet
facet normal -1.6794192350025436e-09 -1.1439189351308152e-08 1.0
  outer loop
    vertex -6.037751699716765e-07 22.01494992607966 10.418289522311005
    vertex -11.694753288873127 23.692030150483973 10.418289496263263
    vertex -11.642330939501356 21.608390367035106 10.41828954410448
  endloop
endfacet
facet normal -1.6794192350025436e-09 -1.1439189351308152e-08 1.0
  outer loop
    vertex -6.037751699716765e-07 22.01494992607966 10.418289522311005
    vertex -11.642330939501356 21.608390367035106 10.41828954410448
    vertex -6.879309510576912 21.774718740438914 10.418289535187597
  endloop
endfacet
facet normal -1.6794192350025436e-09 -1.1439189351308152e-08 1.0
  outer loop
    vertex -6.037751699716765e-07 22.01494992607966 10.418289522311005
    vertex -6.879309510576912 21.774718740438914 10.418289535187597
    vertex -4.044425859226008 21.873715058963676 10.418289529881307
  endloop
endfacet
facet normal 0.0696715192788915 0.9975699872196189 1.424544717728977e-07
  outer loop
    vertex 13.147384150079144 24.100418881706876 12.17999995088735
    vertex 13.174292288234621 24.098541180644087 0.9999995509699512
    vertex 13.147384257328696 24.100420471691763 0.9999995509890015
  endloop
endfacet
facet normal 0.0696715192788915 0.9975699872196189 1.424544717728977e-07
  outer loop
    vertex 13.174292288234621 24.098541180644087 0.9999995509699512
    vertex 13.147384150079144 24.100418881706876 12.17999995088735
    vertex 13.17429218119382 24.098539592554047 12.179999949383857
  endloop
endfacet
facet normal -0.3296828328792426 0.9440917485629774 1.3094929566208704e-07
  outer loop
    vertex 13.066660057570068 24.083505264172704 12.179999945891463
    vertex 13.09356819551682 24.092903307501093 0.9999995491521027
    vertex 13.066660164610944 24.083506852262744 0.9999995474374455
  endloop
endfacet
facet normal -0.3296828328792426 0.9440917485629774 1.3094929566208704e-07
  outer loop
    vertex 13.09356819551682 24.092903307501093 0.9999995491521027
    vertex 13.066660057570068 24.083505264172704 12.179999945891463
    vertex 13.093568088476014 24.09290171941105 12.17999994755686
  endloop
endfacet
facet normal 0.5321715452731142 0.8466365491765697 1.2535770405635298e-07
  outer loop
    vertex 13.255016273911512 24.070350226839 12.17999994676549
    vertex 13.281924411858313 24.053438195500036 0.9999995461245734
    vertex 13.25501638095239 24.07035181492905 0.9999995481320962
  endloop
endfacet
facet normal 0.5321715452731142 0.8466365491765697 1.2535770405635298e-07
  outer loop
    vertex 13.281924411858313 24.053438195500036 0.9999995461245734
    vertex 13.255016273911512 24.070350226839 12.17999994676549
    vertex 13.281924304817444 24.05343660741 12.179999944888687
  endloop
endfacet
facet normal -0.20507082842775953 0.9787471355400911 1.3706507851936226e-07
  outer loop
    vertex 13.093568088476014 24.09290171941105 12.17999994755686
    vertex 13.120476226422786 24.098541180644087 0.9999995503359441
    vertex 13.09356819551682 24.092903307501093 0.9999995491521027
  endloop
endfacet
facet normal -0.20507082842775953 0.9787471355400911 1.3706507851936226e-07
  outer loop
    vertex 13.120476226422786 24.098541180644087 0.9999995503359441
    vertex 13.093568088476014 24.09290171941105 12.17999994755686
    vertex 13.120476119381973 24.098539592554047 12.179999948715247
  endloop
endfacet
facet normal 0.723355544193495 0.6904757466301924 1.0500592057101454e-07
  outer loop
    vertex 13.335740473670194 24.00833521035596 0.9999995405172727
    vertex 13.36264839753528 23.980144256550883 12.179999936246562
    vertex 13.36264850457603 23.98014584464094 0.9999995369174066
  endloop
endfacet
facet normal 0.723355544193495 0.6904757466301924 1.0500592057101454e-07
  outer loop
    vertex 13.36264839753528 23.980144256550883 12.179999936246562
    vertex 13.335740473670194 24.00833521035596 0.9999995405172727
    vertex 13.335740366629302 24.008333622265916 12.179999939629212
  endloop
endfacet
facet normal 0.43921013205713705 0.8983843608936738 1.3181830475944e-07
  outer loop
    vertex 13.228108243005641 24.083505264172704 12.179999948140244
    vertex 13.25501638095239 24.07035181492905 0.9999995481320962
    vertex 13.228108350046515 24.083506852262744 0.9999995496088341
  endloop
endfacet
facet normal 0.43921013205713705 0.8983843608936738 1.3181830475944e-07
  outer loop
    vertex 13.25501638095239 24.07035181492905 0.9999995481320962
    vertex 13.228108243005641 24.083505264172704 12.179999948140244
    vertex 13.255016273911512 24.070350226839 12.17999994676549
  endloop
endfacet
facet normal 0.6034212484728763 0.5213115172789137 -0.6034211620781892
  outer loop
    vertex 9.17797345067899 20.086133842188215 12.179999317637463
    vertex 11.647384133467408 19.25977630879705 13.935498200076001
    vertex 9.89188519695266 19.259776557123647 12.179999242182955
  endloop
endfacet
facet normal 0.6034212484728763 0.5213115172789137 -0.6034211620781892
  outer loop
    vertex 11.647384133467408 19.25977630879705 13.935498200076001
    vertex 9.17797345067899 20.086133842188215 12.179999317637463
    vertex 12.238980813723707 20.08613340935387 15.24100675385266
  endloop
endfacet
facet normal 5.265455115556128e-10 -0.9999999999999902 -1.3940858662570706e-07
  outer loop
    vertex 12.864176766067976 24.10041888162371 12.179999944444113
    vertex 12.43347236248087 24.10041842020533 15.435498883882028
    vertex 9.17797345067907 24.10041888054126 12.17999989426051
  endloop
endfacet
facet normal 5.265455115556128e-10 -0.9999999999999902 -1.3940858662570706e-07
  outer loop
    vertex 12.43347236248087 24.10041842020533 15.435498883882028
    vertex 12.864176766067976 24.10041888162371 12.179999944444113
    vertex 12.864176730899626 24.100418374224024 15.866203262596414
  endloop
endfacet
facet normal 0.9999999999999998 -1.8126234408655825e-08 1.0545127306823062e-08
  outer loop
    vertex 13.430590734632736 24.10041888162371 12.179999952408831
    vertex 13.430590691997098 23.89275622384922 15.866204054832433
    vertex 13.430590734571734 23.89275672146462 12.17999992552581
  endloop
endfacet
facet normal 0.9999999999999998 -1.8126234408655825e-08 1.0545127306823062e-08
  outer loop
    vertex 13.430590691997098 23.89275622384922 15.866204054832433
    vertex 13.430590734632736 24.10041888162371 12.179999952408831
    vertex 13.430590699464364 24.10041837417948 15.866204069787969
  endloop
endfacet
facet normal -0.980515965487157 0.19643940904204485 1.8514236032349292e-08
  outer loop
    vertex 11.706667193539651 22.216205516577055 14.708693426913607
    vertex 11.711612048473736 22.240888766437642 0.9999992675477246
    vertex 11.706667324790295 22.216207463738762 0.9999992639846943
  endloop
endfacet
facet normal -0.980515965487157 0.19643940904204485 1.8514236032349292e-08
  outer loop
    vertex 11.711612048473736 22.240888766437642 0.9999992675477246
    vertex 11.706667193539651 22.216205516577055 14.708693426913607
    vertex 11.711611917175828 22.240886818573784 14.713638154213289
  endloop
endfacet
facet normal 0.798622280133209 0.6018325794395194 9.31350168200236e-08
  outer loop
    vertex 13.389556535481997 23.948197896830553 0.9999995327868396
    vertex 13.4164644593471 23.912489778834786 12.179999927975214
    vertex 13.416464566387912 23.912491366924847 0.9999995281255204
  endloop
endfacet
facet normal 0.798622280133209 0.6018325794395194 9.31350168200236e-08
  outer loop
    vertex 13.4164644593471 23.912489778834786 12.179999927975214
    vertex 13.389556535481997 23.948197896830553 0.9999995327868396
    vertex 13.38955642844114 23.948196308740524 12.179999932361829
  endloop
endfacet
facet normal -0.7986222801338303 0.6018325794386971 7.784249686398398e-08
  outer loop
    vertex 12.878303841228679 23.912489778834786 12.179999920037735
    vertex 12.905211979175377 23.948197896830553 0.9999995260037052
    vertex 12.878303948269501 23.912491366924844 0.9999995205736735
  endloop
endfacet
facet normal -0.7986222801338303 0.6018325794386971 7.784249686398398e-08
  outer loop
    vertex 12.905211979175377 23.948197896830553 0.9999995260037052
    vertex 12.878303841228679 23.912489778834786 12.179999920037735
    vertex 12.905211872134565 23.948196308740524 12.179999925252167
  endloop
endfacet
facet normal 0.6092240004990485 0.7929981823534787 1.1847623556208005e-07
  outer loop
    vertex 13.281924304817444 24.05343660741 12.179999944888687
    vertex 13.308832442764182 24.032765993975698 0.9999995435862616
    vertex 13.281924411858313 24.053438195500036 0.9999995461245734
  endloop
endfacet
facet normal 0.6092240004990485 0.7929981823534787 1.1847623556208005e-07
  outer loop
    vertex 13.308832442764182 24.032765993975698 0.9999995435862616
    vertex 13.281924304817444 24.05343660741 12.179999944888687
    vertex 13.308832335723388 24.032764405885647 12.179999942509953
  endloop
endfacet
facet normal -0.6722047133370764 0.740365331013959 9.873107862294778e-08
  outer loop
    vertex 12.959027933946459 24.008333622265916 12.179999934159897
    vertex 12.985936071893118 24.032765993975694 0.9999995391090081
    vertex 12.959028040987265 24.00833521035596 0.9999995352713557
  endloop
endfacet
facet normal -0.6722047133370764 0.740365331013959 9.873107862294778e-08
  outer loop
    vertex 12.985936071893118 24.032765993975694 0.9999995391090081
    vertex 12.959027933946459 24.008333622265916 12.179999934159897
    vertex 12.985935964852374 24.032764405885647 12.179999937853335
  endloop
endfacet
facet normal 0.20507082842772906 0.978747135540097 1.4099190293959008e-07
  outer loop
    vertex 13.17429218119382 24.098539592554047 12.179999949383857
    vertex 13.20120031914061 24.092903307501093 0.9999995505547769
    vertex 13.174292288234621 24.098541180644087 0.9999995509699512
  endloop
endfacet
facet normal 0.20507082842772906 0.978747135540097 1.4099190293959008e-07
  outer loop
    vertex 13.20120031914061 24.092903307501093 0.9999995505547769
    vertex 13.17429218119382 24.098539592554047 12.179999949383857
    vertex 13.201200212099765 24.09290171941105 12.179999949013077
  endloop
endfacet
facet normal 0.24946482987654875 -0.9439019171007732 -0.21637113843613565
  outer loop
    vertex -8.522321037107268 8.441080783801013 1.407876420978892
    vertex -11.568629642220733 6.925966155176733 4.5052060810415275
    vertex -11.593196746485301 7.629475809286055 1.4078764439074767
  endloop
endfacet
facet normal 0.24946482987654875 -0.9439019171007732 -0.21637113843613565
  outer loop
    vertex -11.568629642220733 6.925966155176733 4.5052060810415275
    vertex -8.522321037107268 8.441080783801013 1.407876420978892
    vertex -7.794244202469358 7.7621382479655585 5.20914460679581
  endloop
endfacet
facet normal 0.24946482987654875 -0.9439019171007732 -0.21637113843613565
  outer loop
    vertex -7.794244202469358 7.7621382479655585 5.20914460679581
    vertex -8.522321037107268 8.441080783801013 1.407876420978892
    vertex -7.853322380299385 7.817229532237068 4.900699141732559
  endloop
endfacet
facet normal -0.18301387760085183 -0.959004406354683 -0.21637113762653862
  outer loop
    vertex -7.794244202469358 7.7621382479655585 5.20914460679581
    vertex -11.593196738728771 7.629475994716488 9.010412783907473
    vertex -11.61776384299331 8.332985648825906 5.9130831467735785
  endloop
endfacet
facet normal -0.18301387760085183 -0.959004406354683 -0.21637113762653862
  outer loop
    vertex -11.593196738728771 7.629475994716488 9.010412783907473
    vertex -7.794244202469358 7.7621382479655585 5.20914460679581
    vertex -8.47318682714161 7.034061509921196 9.010412795246841
  endloop
endfacet
facet normal -0.5321715452731676 0.8466365491765375 1.1516734925245732e-07
  outer loop
    vertex 13.012843995758306 24.05343660741 12.179999941039727
    vertex 13.039752133705017 24.070351814929047 0.9999995451920688
    vertex 13.012844102799107 24.053438195500036 0.9999995424159278
  endloop
endfacet
facet normal -0.5321715452731676 0.8466365491765375 1.1516734925245732e-07
  outer loop
    vertex 13.039752133705017 24.070351814929047 0.9999995451920688
    vertex 13.012843995758306 24.05343660741 12.179999941039727
    vertex 13.039752026664239 24.070350226839 12.179999943719151
  endloop
endfacet
facet normal 0.8131086863100476 0.5821119001078233 9.050831151616518e-08
  outer loop
    vertex 13.597384257328654 20.72644481460548 0.9999990798353035
    vertex 14.647384133467451 19.259776308797058 13.935498242789723
    vertex 14.64738425732875 19.25977814772685 0.9999988874080636
  endloop
endfacet
facet normal 0.8131086863100476 0.5821119001078233 9.050831151616518e-08
  outer loop
    vertex 14.647384133467451 19.259776308797058 13.935498242789723
    vertex 13.597384257328654 20.72644481460548 0.9999990798353035
    vertex 13.597384116587856 20.72644272615903 15.69941017200429
  endloop
endfacet
facet normal 0.8131086863100476 0.5821119001078233 9.050831151616518e-08
  outer loop
    vertex 14.647384133467451 19.259776308797058 13.935498242789723
    vertex 13.597384116587856 20.72644272615903 15.69941017200429
    vertex 14.055787428376169 20.08613340914305 15.241006779197868
  endloop
endfacet
facet normal -0.6657035836071921 0.7138797136754205 0.2172889623870521
  outer loop
    vertex -7.045852168180737 4.444620206792269 9.010412922603969
    vertex -8.50200584914306 3.086734970541076 9.010412922418256
    vertex -8.787132151691806 2.392324205823241 10.418290032888367
  endloop
endfacet
facet normal -0.1657250710536526 -0.8684099433091809 0.4673321850525673
  outer loop
    vertex -3.995291658453499 20.46669556531445 9.010412464149226
    vertex -6.879309510576912 21.774718740438914 10.418289535187597
    vertex -7.115301570040357 21.06211005010976 9.010412452809804
  endloop
endfacet
facet normal 0.02467767005690946 -0.7066760480875697 -0.7071067639754957
  outer loop
    vertex -3.970724560508918 19.763185760113455 5.913082861283085
    vertex -7.794244202469361 20.334033126634868 5.209144301260716
    vertex -4.019858764154299 21.170205185084775 4.505205727015216
  endloop
endfacet
facet normal -0.6787156968626051 -0.7173045497044656 -0.15754106069714713
  outer loop
    vertex -11.568629642220733 6.925966155176733 4.5052060810415275
    vertex -13.029035261826412 8.98807048692431 1.4078764124726058
    vertex -11.593196746485301 7.629475809286055 1.4078764439074767
  endloop
endfacet
facet normal -0.5625419094470645 -0.5945256311043876 -0.5745310035808164
  outer loop
    vertex -11.593196746485313 20.201370687955347 1.4078761383723901
    vertex -13.029035261826426 21.559965365593616 1.4078761069375174
    vertex -11.642330950130617 21.60839011292673 -9.958955414352408e-07
  endloop
endfacet
facet normal 0.02467767005705463 -0.7066760480875717 -0.7071067639754886
  outer loop
    vertex -11.593196746485313 20.201370687955347 1.4078761383723901
    vertex -11.642330950130617 21.60839011292673 -9.958955414352408e-07
    vertex -8.807447298779726 21.707386431451486 -1.0012018279380454e-06
  endloop
endfacet
facet normal -0.44237945199193984 -0.8753041003177028 -0.19530271995629678
  outer loop
    vertex -11.593196738728784 20.20137087338586 9.010412478372402
    vertex -13.029035256963397 21.55996548183742 6.173800808419076
    vertex -11.617763842993323 20.904880527495294 5.913082841238488
  endloop
endfacet
facet normal 0.024677670056914243 -0.7066760480875686 -0.7071067639754964
  outer loop
    vertex -3.970724560508905 7.191290881444137 5.913083166818177
    vertex -7.794244202469358 7.7621382479655585 5.20914460679581
    vertex -4.019858764154332 8.59831030641546 4.505206032550304
  endloop
endfacet
facet normal 0.7313537016191423 -0.6819983600625286 1.5888329328754393e-08
  outer loop
    vertex -2.637406406215074 9.350954231920449 4.244488031300772
    vertex -3.995291666209862 7.894800501214646 1.4078764296843116
    vertex -2.637406409108536 9.350954162733794 1.407876392782492
  endloop
endfacet
facet normal -0.9966856589761458 -0.08134922981372121 -2.1097236963332294e-08
  outer loop
    vertex 11.70717193629875 22.167600964062636 14.709198162703098
    vertex 11.705185654264104 22.1919403222766 0.9999992605291512
    vertex 11.707172067554106 22.16760291129603 0.9999992571125935
  endloop
endfacet
facet normal -0.9966856589761458 -0.08134922981372121 -2.1097236963332294e-08
  outer loop
    vertex 11.705185654264104 22.1919403222766 0.9999992605291512
    vertex 11.70717193629875 22.167600964062636 14.709198162703098
    vertex 11.705185523027795 22.19193837532531 14.707211752880491
  endloop
endfacet
facet normal 0.6722047133359854 0.7403653310149478 1.1160287360887055e-07
  outer loop
    vertex 13.308832335723388 24.032764405885647 12.179999942509953
    vertex 13.335740473670194 24.00833521035596 0.9999995405172727
    vertex 13.308832442764182 24.032765993975698 0.9999995435862616
  endloop
endfacet
facet normal 0.6722047133359854 0.7403653310149478 1.1160287360887055e-07
  outer loop
    vertex 13.335740473670194 24.00833521035596 0.9999995405172727
    vertex 13.308832335723388 24.032764405885647 12.179999942509953
    vertex 13.335740366629302 24.008333622265916 12.179999939629212
  endloop
endfacet
facet normal -0.7648581628233583 0.6441987199323436 8.41837656309149e-08
  outer loop
    vertex 12.905211872134565 23.948196308740524 12.179999925252167
    vertex 12.932120010081315 23.98014584464094 0.9999995309028258
    vertex 12.905211979175377 23.948197896830553 0.9999995260037052
  endloop
endfacet
facet normal -0.7648581628233583 0.6441987199323436 8.41837656309149e-08
  outer loop
    vertex 12.932120010081315 23.98014584464094 0.9999995309028258
    vertex 12.905211872134565 23.948196308740524 12.179999925252167
    vertex 12.932119903040498 23.98014425655088 12.179999929959562
  endloop
endfacet
facet normal 0.024677664639431312 0.706676047824998 0.7071067644269744
  outer loop
    vertex -8.787132151691806 2.392324205823241 10.418290032888367
    vertex -11.57288154690007 3.898339989026711 9.010412831913476
    vertex -11.62201580162524 2.4913205649396417 10.41828996528248
  endloop
endfacet
facet normal -0.8363071360226699 -0.5482612280998466 -8.588107819856242e-08
  outer loop
    vertex 11.792201892254578 21.992972703923375 14.79422809560745
    vertex 11.769301464303057 22.02790673718246 0.9999992382178006
    vertex 11.792202024324116 21.992974663230925 0.9999992335969043
  endloop
endfacet
facet normal -0.8363071360226699 -0.5482612280998466 -8.588107819856242e-08
  outer loop
    vertex 11.769301464303057 22.02790673718246 0.9999992382178006
    vertex 11.792201892254578 21.992972703923375 14.79422809560745
    vertex 11.769301332452834 22.027904781126775 14.771327540275966
  endloop
endfacet
facet normal -0.879916073519138 -0.4751291440889066 -7.591110195868107e-08
  outer loop
    vertex 11.749899040386309 22.059860003783463 14.751925252335836
    vertex 11.733990116908572 22.089324753690953 0.9999992464121634
    vertex 11.749899172050847 22.059861957084053 0.9999992424666769
  endloop
endfacet
facet normal -0.879916073519138 -0.4751291440889066 -7.591110195868107e-08
  outer loop
    vertex 11.733990116908572 22.089324753690953 0.9999992464121634
    vertex 11.749899040386309 22.059860003783463 14.751925252335836
    vertex 11.733989985396443 22.08932280264942 14.73601620119775
  endloop
endfacet
facet normal -0.7233555441928482 0.6904757466308721 9.115465664867312e-08
  outer loop
    vertex 12.932119903040498 23.98014425655088 12.179999929959562
    vertex 12.959028040987265 24.00833521035596 0.9999995352713557
    vertex 12.932120010081315 23.98014584464094 0.9999995309028258
  endloop
endfacet
facet normal -0.7233555441928482 0.6904757466308721 9.115465664867312e-08
  outer loop
    vertex 12.959028040987265 24.00833521035596 0.9999995352713557
    vertex 12.932119903040498 23.98014425655088 12.179999929959562
    vertex 12.959027933946459 24.008333622265916 12.179999934159897
  endloop
endfacet
facet normal 0.24946483031806374 -0.9439019065459239 0.21637118397177946
  outer loop
    vertex -7.066167375587987 7.083195526699682 1.4078764526129
    vertex -4.019858764154332 8.59831030641546 4.505206032550304
    vertex -7.794244202469358 7.7621382479655585 5.20914460679581
  endloop
endfacet
facet normal 0.24946483031806374 -0.9439019065459239 0.21637118397177946
  outer loop
    vertex -4.019858764154332 8.59831030641546 4.505206032550304
    vertex -7.066167375587987 7.083195526699682 1.4078764526129
    vertex -3.995291666209862 7.894800501214646 1.4078764296843116
  endloop
endfacet
facet normal 0.22589858931342494 -0.8547341665017022 -0.4673321430854559
  outer loop
    vertex -8.52232103710727 21.012975662470243 1.407876115443806
    vertex -11.593196746485313 20.201370687955347 1.4078761383723901
    vertex -8.807447298779726 21.707386431451486 -1.0012018279380454e-06
  endloop
endfacet
facet normal 0.7138796990374613 -0.6657035835332717 0.21728901070496814
  outer loop
    vertex -6.879309510576912 21.774718740438914 10.418289535187597
    vertex -8.473186827141614 19.60595638859049 9.010412489711767
    vertex -7.115301570040357 21.06211005010976 9.010412452809804
  endloop
endfacet
facet normal -0.6787156968626011 -0.7173045497044712 -0.157541060697138
  outer loop
    vertex -11.568629642220747 19.497861033846068 4.5052057755064405
    vertex -13.029035261826426 21.559965365593616 1.4078761069375174
    vertex -11.593196746485313 20.201370687955347 1.4078761383723901
  endloop
endfacet
facet normal 0.5971477974099346 -0.5568493151074405 0.5773502821622573
  outer loop
    vertex -4.044425859226008 21.873715058963676 10.418289529881307
    vertex -3.995291658453499 20.46669556531445 9.010412464149226
    vertex -2.637406401352214 21.922849226833616 9.010412427247353
  endloop
endfacet
facet normal 0.7313537016191384 -0.6819983600625327 1.5888329207049685e-08
  outer loop
    vertex -2.6374064062151095 21.92284911058968 4.244487725765684
    vertex -3.9952916662098774 20.466695379883962 1.4078761241492233
    vertex -2.6374064091085936 21.92284904140305 1.4078760872474054
  endloop
endfacet
facet normal 0.01935875682006801 -0.5543623081472729 -0.8320502808364464
  outer loop
    vertex -7.066167375588 19.65509040536901 1.4078761470778138
    vertex -8.807447298779726 21.707386431451486 -1.0012018279380454e-06
    vertex -4.0444258698552815 21.873714804855226 -1.0101185492659454e-06
  endloop
endfacet
facet normal 0.8509021894488933 -0.5253241513495066 1.1944771592812304e-08
  outer loop
    vertex -2.637406401352214 21.922849226833616 9.010412427247353
    vertex -3.970724560508918 19.763185760113455 5.913082861283085
    vertex -2.6374064062151095 21.92284911058968 4.244487725765684
  endloop
endfacet
facet normal 0.2258985893134357 -0.8547341665017052 -0.46733214308544524
  outer loop
    vertex -8.522321037107268 8.441080783801013 1.407876420978892
    vertex -11.593196746485301 7.629475809286055 1.4078764439074767
    vertex -8.807447298779712 9.135491552782167 -6.956667411794636e-07
  endloop
endfacet
facet normal 0.24124468289849774 -0.6822083840877626 -0.6902120859949984
  outer loop
    vertex -3.970724560508905 7.191290881444137 5.913083166818177
    vertex -4.019858764154332 8.59831030641546 4.505206032550304
    vertex -2.637406406215074 9.350954231920449 4.244488031300772
  endloop
endfacet
facet normal -0.6657035836071938 0.7138797136754232 0.21728896238703768
  outer loop
    vertex -7.045852168180756 17.016515085461545 9.01041261706886
    vertex -8.502005849143064 15.658629849210387 9.010412616883189
    vertex -8.78713215169182 14.96421908449258 10.418289727353272
  endloop
endfacet
facet normal -3.78260770948912e-09 -0.8968727370508476 0.44228869930727477
  outer loop
    vertex 45.26199672731579 0.09134563378938378 17.43921900341056
    vertex -5.038003287950202 0.16077056703279785 17.579998407745215
    vertex -5.038003286595716 0.09134560927017565 17.43921852762513
  endloop
endfacet
facet normal -3.78260770948912e-09 -0.8968727370508476 0.44228869930727477
  outer loop
    vertex -5.038003287950202 0.16077056703279785 17.579998407745215
    vertex 45.26199672731579 0.09134563378938378 17.43921900341056
    vertex 45.261996725081104 0.16077058828515378 17.579998885141702
  endloop
endfacet
facet normal 0.024677697154685027 0.7066760131499521 -0.7071067979461308
  outer loop
    vertex -11.597448554494813 15.766725027929615 4.5052058230628385
    vertex -11.548314364508922 17.173744521055983 5.9130828896938255
    vertex -7.773928921263798 16.337572374132748 5.2091444469761345
  endloop
endfacet
facet normal 0.02467767149978966 -0.7066760135940737 0.7071067983976232
  outer loop
    vertex -11.568629642220733 6.925966155176733 4.5052060810415275
    vertex -7.794244202469358 7.7621382479655585 5.20914460679581
    vertex -11.61776384299331 8.332985648825906 5.9130831467735785
  endloop
endfacet
facet normal 0.7313537113844253 0.6819983495905446 9.314419017290386e-11
  outer loop
    vertex -2.6170912341725083 2.176861507344293 9.01041308003238
    vertex -2.6170911689541736 2.176861437793649 6.173801441514084
    vertex -3.974976470423696 3.6330151883065214 9.010413013108757
  endloop
endfacet
facet normal 0.019358784737203358 0.5543622671748722 -0.8320503074852109
  outer loop
    vertex -6.858994135546765 14.896886746559517 -7.666632476615519e-07
    vertex -11.622015562089622 15.063215188163177 -8.802526178177038e-07
    vertex -8.452871451991031 17.065649121410647 1.4078762435141658
  endloop
endfacet
facet normal 0.2412446828984897 -0.6822083840877661 -0.6902120859949977
  outer loop
    vertex -3.970724560508918 19.763185760113455 5.913082861283085
    vertex -4.019858764154299 21.170205185084775 4.505205727015216
    vertex -2.6374064062151095 21.92284911058968 4.244487725765684
  endloop
endfacet
facet normal -0.6657035890547722 -0.7138797041155732 -0.21728897710527403
  outer loop
    vertex -7.066167375588 19.65509040536901 1.4078761470778138
    vertex -8.52232103710727 21.012975662470243 1.407876115443806
    vertex -8.807447298779726 21.707386431451486 -1.0012018279380454e-06
  endloop
endfacet
facet normal -0.1830138771593579 -0.9590043957998307 0.216371184781387
  outer loop
    vertex -3.970724560508905 7.191290881444137 5.913083166818177
    vertex -7.115301570040356 8.490215171440454 9.01041275834487
    vertex -7.794244202469358 7.7621382479655585 5.20914460679581
  endloop
endfacet
facet normal -0.1830138771593579 -0.9590043957998307 0.216371184781387
  outer loop
    vertex -7.115301570040356 8.490215171440454 9.01041275834487
    vertex -3.970724560508905 7.191290881444137 5.913083166818177
    vertex -3.9952916584534357 7.894800686645087 9.010412769684313
  endloop
endfacet
facet normal -0.6872983801688086 -0.7263752037461985 1.841779102889938e-08
  outer loop
    vertex -11.593196738728784 20.20137087338586 9.010412478372402
    vertex -13.029035254069964 21.559965551024106 9.010412446937531
    vertex -13.029035256963397 21.55996548183742 6.173800808419076
  endloop
endfacet
facet normal 0.024677670057056365 -0.7066760480875701 -0.7071067639754901
  outer loop
    vertex -11.593196746485301 7.629475809286055 1.4078764439074767
    vertex -11.642330950130605 9.036495234257416 -6.903604546766593e-07
    vertex -8.807447298779712 9.135491552782167 -6.956667411794636e-07
  endloop
endfacet
facet normal -0.1830138776008613 -0.9590044063546808 -0.21637113762654042
  outer loop
    vertex -7.794244202469361 20.334033126634868 5.209144301260716
    vertex -11.593196738728784 20.20137087338586 9.010412478372402
    vertex -11.617763842993323 20.904880527495294 5.913082841238488
  endloop
endfacet
facet normal -0.1830138776008613 -0.9590044063546808 -0.21637113762654042
  outer loop
    vertex -11.593196738728784 20.20137087338586 9.010412478372402
    vertex -7.794244202469361 20.334033126634868 5.209144301260716
    vertex -8.473186827141614 19.60595638859049 9.010412489711767
  endloop
endfacet
facet normal -0.13420847512252393 0.7032610991927171 -0.6981489179018602
  outer loop
    vertex -8.452871451991031 17.065649121410647 1.4078762435141658
    vertex -11.622015562089622 15.063215188163177 -8.802526178177038e-07
    vertex -11.572881372103756 16.47023468128956 1.4078761863784006
  endloop
endfacet
facet normal 0.182938590829119 -0.6921861108950298 -0.698148880876758
  outer loop
    vertex -7.066167375587987 7.083195526699682 1.4078764526129
    vertex -4.044425869855244 9.30181992618592 -7.045834625073626e-07
    vertex -3.995291666209862 7.894800501214646 1.4078764296843116
  endloop
endfacet
facet normal 0.5971477915198217 0.5568493347950302 0.5773502692658349
  outer loop
    vertex -4.024110725148977 2.225995764219491 10.418290146477585
    vertex -2.6170912341725083 2.176861507344293 9.01041308003238
    vertex -3.974976470423696 3.6330151883065214 9.010413013108757
  endloop
endfacet
facet normal 0.49713425331287125 0.8452623856770569 -0.19593119594026967
  outer loop
    vertex -2.6170911689541607 14.748756316462917 6.173801135978997
    vertex -3.9995435103881447 15.50140026172919 5.9130831042582015
    vertex -3.9749764704237074 16.204910066975827 9.010412707573646
  endloop
endfacet
facet normal 0.024677671499619448 -0.7066760135940795 0.7071067983976235
  outer loop
    vertex -3.995291658453499 20.46669556531445 9.010412464149226
    vertex -4.044425859226008 21.873715058963676 10.418289529881307
    vertex -6.879309510576912 21.774718740438914 10.418289535187597
  endloop
endfacet
facet normal 0.019358756820068275 -0.5543623081472704 -0.832050280836448
  outer loop
    vertex -7.066167375587987 7.083195526699682 1.4078764526129
    vertex -8.807447298779712 9.135491552782167 -6.956667411794636e-07
    vertex -4.044425869855244 9.30181992618592 -7.045834625073626e-07
  endloop
endfacet
facet normal -0.16572507105366086 -0.8684099433091802 0.46733218505256546
  outer loop
    vertex -3.9952916584534357 7.894800686645087 9.010412769684313
    vertex -6.879309510576909 9.202823861769605 10.418289840722684
    vertex -7.115301570040356 8.490215171440454 9.01041275834487
  endloop
endfacet
facet normal -0.1830138686232372 0.9590044090029708 0.21637113348230874
  outer loop
    vertex -7.773928921263798 16.337572374132748 5.2091444469761345
    vertex -11.572881372103756 16.47023468128956 1.4078761863784006
    vertex -11.597448554494813 15.766725027929615 4.5052058230628385
  endloop
endfacet
facet normal -0.1830138686232372 0.9590044090029708 0.21637113348230874
  outer loop
    vertex -11.572881372103756 16.47023468128956 1.4078761863784006
    vertex -7.773928921263798 16.337572374132748 5.2091444469761345
    vertex -8.452871451991031 17.065649121410647 1.4078762435141658
  endloop
endfacet
facet normal 0.02467766463928418 0.7066760478249776 0.7071067644269999
  outer loop
    vertex -3.999543510388132 2.9295053830598965 5.9130834097932885
    vertex -3.95040925566291 4.336524807147 4.505206276424359
    vertex -7.773928921263773 3.7656774954634473 5.2091447525112216
  endloop
endfacet
facet normal 0.8509021894488933 -0.5253241513495066 1.1944766262396522e-08
  outer loop
    vertex -2.637406401352183 9.350954348164272 9.01041273278244
    vertex -3.970724560508905 7.191290881444137 5.913083166818177
    vertex -2.637406406215074 9.350954231920449 4.244488031300772
  endloop
endfacet
facet normal -0.16572504835117835 0.8684099456221536 -0.46733218880527333
  outer loop
    vertex -3.9749762956275334 16.20490988056948 1.407876367573658
    vertex -6.858994135546765 14.896886746559517 -7.666632476615519e-07
    vertex -7.094986215739946 15.609495440448462 1.407876310437951
  endloop
endfacet
facet normal -0.6657035890547831 -0.7138797041155676 -0.2172889771052597
  outer loop
    vertex -7.066167375587987 7.083195526699682 1.4078764526129
    vertex -8.522321037107268 8.441080783801013 1.407876420978892
    vertex -8.807447298779712 9.135491552782167 -6.956667411794636e-07
  endloop
endfacet
facet normal -0.8121846657573258 0.5834004359860042 -3.2978104598679624e-08
  outer loop
    vertex -13.02903522786223 15.112349631444868 9.010412526192699
    vertex -11.548314364508922 17.173744521055983 5.9130828896938255
    vertex -13.029035118284295 15.112349514589205 4.244487824711142
  endloop
endfacet
facet normal -0.5625419081428685 -0.5945256031392949 0.5745310337961196
  outer loop
    vertex -11.593196738728771 7.629475994716488 9.010412783907473
    vertex -11.642330939501345 9.036495488365755 10.418289849639569
    vertex -13.02903525406995 8.988070672354798 9.010412752472613
  endloop
endfacet
facet normal 0.5971477962317966 -0.5568493432712593 -0.5773502562170347
  outer loop
    vertex -3.9952916662098774 20.466695379883962 1.4078761241492233
    vertex -4.0444258698552815 21.873714804855226 -1.0101185492659454e-06
    vertex -2.6374064091085936 21.92284904140305 1.4078760872474054
  endloop
endfacet
facet normal 0.7220886494384405 -0.6733585551091019 0.15867021968079356
  outer loop
    vertex -3.9952916584534357 7.894800686645087 9.010412769684313
    vertex -3.970724560508905 7.191290881444137 5.913083166818177
    vertex -2.637406401352183 9.350954348164272 9.01041273278244
  endloop
endfacet
facet normal 0.18293858540084784 0.6921861083652311 0.6981488848073404
  outer loop
    vertex -4.02411072514899 14.797890642888857 10.418289840942496
    vertex -3.9749764704237074 16.204910066975827 9.010412707573646
    vertex -7.045852168180756 17.016515085461545 9.01041261706886
  endloop
endfacet
facet normal 0.597147818068553 0.5568493064829955 -0.5773502691134501
  outer loop
    vertex -2.6170910593763868 14.748756199607262 1.4078764344973462
    vertex -4.02411048561334 14.797890387443084 -6.990573615082818e-07
    vertex -3.9749762956275334 16.20490988056948 1.407876367573658
  endloop
endfacet
facet normal 0.5971478180685508 0.5568493064829882 -0.5773502691134591
  outer loop
    vertex -2.617091059376374 2.1768613209379266 1.4078767400324315
    vertex -4.024110485613327 2.2259955087737295 -3.9352227384730996e-07
    vertex -3.974976295627542 3.6330150019001604 1.407876673108744
  endloop
endfacet
facet normal 0.4971342369049667 -0.8452623928204785 0.19593120675460388
  outer loop
    vertex -2.637406406215074 9.350954231920449 4.244488031300772
    vertex -4.019858764154332 8.59831030641546 4.505206032550304
    vertex -3.995291666209862 7.894800501214646 1.4078764296843116
  endloop
endfacet
facet normal -0.16572504835119362 0.868409945622149 -0.4673321888052766
  outer loop
    vertex -3.974976295627542 3.6330150019001604 1.407876673108744
    vertex -6.858994135546752 2.3249918678901413 -4.611281600005801e-07
    vertex -7.094986215739922 3.037600561779082 1.4078766159730396
  endloop
endfacet
facet normal 0.24124467750171763 0.6822083807220752 0.6902120912079533
  outer loop
    vertex -2.6170911689541607 14.748756316462917 6.173801135978997
    vertex -3.9504092556628776 16.908419685816277 4.505205970889281
    vertex -3.9995435103881447 15.50140026172919 5.9130831042582015
  endloop
endfacet
facet normal 0.0193587518314816 0.5543623027078219 0.8320502845766043
  outer loop
    vertex -7.045852168180737 4.444620206792269 9.010412922603969
    vertex -4.044425915468219 2.226705610556872 10.418289789979585
    vertex -4.024110725148977 2.225995764219491 10.418290146477585
  endloop
endfacet
facet normal 0.0193587518314816 0.5543623027078219 0.8320502845766043
  outer loop
    vertex -4.044425915468219 2.226705610556872 10.418289789979585
    vertex -7.045852168180737 4.444620206792269 9.010412922603969
    vertex -6.879309566819155 2.3257019290816485 10.418289790474047
  endloop
endfacet
facet normal 0.0193587518314816 0.5543623027078219 0.8320502845766043
  outer loop
    vertex -6.879309566819155 2.3257019290816485 10.418289790474047
    vertex -7.045852168180737 4.444620206792269 9.010412922603969
    vertex -8.787132151691806 2.392324205823241 10.418290032888367
  endloop
endfacet
facet normal 0.22589859128402043 0.8547341633271492 0.46733214793905775
  outer loop
    vertex -8.502005849143064 15.658629849210387 9.010412616883189
    vertex -11.572881546900087 16.47023486769602 9.010412526378406
    vertex -8.78713215169182 14.96421908449258 10.418289727353272
  endloop
endfacet
facet normal 0.024677664639436596 0.7066760478250083 0.707106764426964
  outer loop
    vertex -8.78713215169182 14.96421908449258 10.418289727353272
    vertex -11.572881546900087 16.47023486769602 9.010412526378406
    vertex -11.62201580162525 15.063215443609003 10.418289659747392
  endloop
endfacet
facet normal -9.642422503469551e-09 -0.19509031728976362 0.9807852813433626
  outer loop
    vertex -5.038003293624205 1.043369635222838 18.169732227084687
    vertex 45.261996716205665 0.8894182190277733 18.139109881714948
    vertex 45.26199671571958 1.0433696427898405 18.16973272496266
  endloop
endfacet
facet normal -9.642422503469551e-09 -0.19509031728976362 0.9807852813433626
  outer loop
    vertex 45.261996716205665 0.8894182190277733 18.139109881714948
    vertex -5.038003293624205 1.043369635222838 18.169732227084687
    vertex -5.038003293329599 0.8894182107500775 18.139109387409544
  endloop
endfacet
facet normal 0.7138796990374666 -0.6657035835332676 0.2172890107049636
  outer loop
    vertex -6.879309510576909 9.202823861769605 10.418289840722684
    vertex -8.47318682714161 7.034061509921196 9.010412795246841
    vertex -7.115301570040356 8.490215171440454 9.01041275834487
  endloop
endfacet
facet normal -0.4369607103801592 0.8778817232722245 0.1959311550740615
  outer loop
    vertex -11.572881372103742 3.898339802620328 1.4078764919134874
    vertex -13.029035118284295 2.5404546359198124 4.244488130246236
    vertex -11.597448554494802 3.194830149260307 4.505206128597928
  endloop
endfacet
facet normal 0.024677664639289682 0.7066760478249876 0.7071067644269896
  outer loop
    vertex -3.9995435103881447 15.50140026172919 5.9130831042582015
    vertex -3.9504092556628776 16.908419685816277 4.505205970889281
    vertex -7.773928921263798 16.337572374132748 5.2091444469761345
  endloop
endfacet
facet normal -0.6819983495905656 0.7313537113844051 -3.361228390758384e-08
  outer loop
    vertex -11.572881372103742 3.898339802620328 1.4078764919134874
    vertex -13.029035053065945 2.5404545663690783 1.4078764917277964
    vertex -13.029035118284295 2.5404546359198124 4.244488130246236
  endloop
endfacet
facet normal -0.5568493339133774 0.5971478189502049 0.5773502417452003
  outer loop
    vertex -11.57288154690007 3.898339989026711 9.010412831913476
    vertex -13.029035227862217 2.5404547527755295 9.010412831727804
    vertex -11.62201580162524 2.4913205649396417 10.41828996528248
  endloop
endfacet
facet normal 0.7313537113844111 0.6819983495905599 9.313232390351485e-11
  outer loop
    vertex -2.617091234172476 14.748756386013623 9.010412774497288
    vertex -2.6170911689541607 14.748756316462917 6.173801135978997
    vertex -3.9749764704237074 16.204910066975827 9.010412707573646
  endloop
endfacet
facet normal 0.1829385854008411 0.69218610836522 0.6981488848073532
  outer loop
    vertex -4.024110725148977 2.225995764219491 10.418290146477585
    vertex -3.974976470423696 3.6330151883065214 9.010413013108757
    vertex -7.045852168180737 4.444620206792269 9.010412922603969
  endloop
endfacet
facet normal 0.7138797133435993 0.6657035732836137 -0.21728899510534028
  outer loop
    vertex -7.094986215739946 15.609495440448462 1.407876310437951
    vertex -6.858994135546765 14.896886746559517 -7.666632476615519e-07
    vertex -8.452871451991031 17.065649121410647 1.4078762435141658
  endloop
endfacet
facet normal -0.6733585522880045 0.7220886628085383 0.15867017080717985
  outer loop
    vertex -11.548314364508922 17.173744521055983 5.9130828896938255
    vertex -13.02903522786223 15.112349631444868 9.010412526192699
    vertex -11.572881546900087 16.47023486769602 9.010412526378406
  endloop
endfacet
facet normal -0.1830138586737195 0.95900439839256 -0.21637118892560492
  outer loop
    vertex -3.95040925566291 4.336524807147 4.505206276424359
    vertex -7.094986215739922 3.037600561779082 1.4078766159730396
    vertex -7.773928921263773 3.7656774954634473 5.2091447525112216
  endloop
endfacet
facet normal -0.1830138586737195 0.95900439839256 -0.21637118892560492
  outer loop
    vertex -7.094986215739922 3.037600561779082 1.4078766159730396
    vertex -3.95040925566291 4.336524807147 4.505206276424359
    vertex -3.974976295627542 3.6330150019001604 1.407876673108744
  endloop
endfacet
facet normal -0.8121846657573344 0.5834004359859922 -3.297810901851253e-08
  outer loop
    vertex -13.029035227862217 2.5404547527755295 9.010412831727804
    vertex -11.548314364508911 4.601849642386679 5.9130831952289125
    vertex -13.029035118284295 2.5404546359198124 4.244488130246236
  endloop
endfacet
facet normal 0.4971342369049636 -0.8452623928204811 0.19593120675460035
  outer loop
    vertex -2.6374064062151095 21.92284911058968 4.244487725765684
    vertex -4.019858764154299 21.170205185084775 4.505205727015216
    vertex -3.9952916662098774 20.466695379883962 1.4078761241492233
  endloop
endfacet
facet normal 0.8509021969708113 0.5253241391657599 6.683463950329313e-09
  outer loop
    vertex -2.6170911689541607 14.748756316462917 6.173801135978997
    vertex -2.6170910593763868 14.748756199607262 1.4078764344973462
    vertex -3.9504092556628776 16.908419685816277 4.505205970889281
  endloop
endfacet
facet normal -0.19611331044436806 -0.6970005274684146 0.6897317117367467
  outer loop
    vertex -11.568629642220733 6.925966155176733 4.5052060810415275
    vertex -11.61776384299331 8.332985648825906 5.9130831467735785
    vertex -13.029035256963382 8.988070603168195 6.173801113954161
  endloop
endfacet
facet normal -0.5568493073646836 0.5971477906381563 -0.5773502966340632
  outer loop
    vertex -11.572881372103756 16.47023468128956 1.4078761863784006
    vertex -11.622015562089622 15.063215188163177 -8.802526178177038e-07
    vertex -13.029035053065959 15.112349445038456 1.4078761861927103
  endloop
endfacet
facet normal 0.03489949907458559 0.9993908269362604 -2.362231027544463e-08
  outer loop
    vertex -1.9568666253402984 14.725700889439286 10.418289874081108
    vertex -2.617091234172476 14.748756386013623 9.010412774497288
    vertex -4.02411072514899 14.797890642888857 10.418289840942496
  endloop
endfacet
facet normal 0.03489949907458559 0.9993908269362604 -2.362231027544463e-08
  outer loop
    vertex -2.617091234172476 14.748756386013623 9.010412774497288
    vertex -1.9568666253402984 14.725700889439286 10.418289874081108
    vertex -2.6170911689541607 14.748756316462917 6.173801135978997
  endloop
endfacet
facet normal 0.03489949907458559 0.9993908269362604 -2.362231027544463e-08
  outer loop
    vertex -2.6170911689541607 14.748756316462917 6.173801135978997
    vertex -1.9568666253402984 14.725700889439286 10.418289874081108
    vertex -2.6170910593763868 14.748756199607262 1.4078764344973462
  endloop
endfacet
facet normal 0.03489949907458559 0.9993908269362604 -2.362231027544463e-08
  outer loop
    vertex -2.6170910593763868 14.748756199607262 1.4078764344973462
    vertex -1.956866385804702 14.725700633993455 -6.659189845085519e-07
    vertex -4.02411048561334 14.797890387443084 -6.990573615082818e-07
  endloop
endfacet
facet normal 0.03489949907458559 0.9993908269362604 -2.362231027544463e-08
  outer loop
    vertex -1.956866385804702 14.725700633993455 -6.659189845085519e-07
    vertex -2.6170910593763868 14.748756199607262 1.4078764344973462
    vertex -1.9568666253402984 14.725700889439286 10.418289874081108
  endloop
endfacet
facet normal -0.1342085005316974 -0.7032610973606482 0.6981489148628179
  outer loop
    vertex -8.47318682714161 7.034061509921196 9.010412795246841
    vertex -11.642330939501345 9.036495488365755 10.418289849639569
    vertex -11.593196738728771 7.629475994716488 9.010412783907473
  endloop
endfacet
facet normal -0.5568493339133772 0.5971478189502133 0.5773502417451916
  outer loop
    vertex -11.572881546900087 16.47023486769602 9.010412526378406
    vertex -13.02903522786223 15.112349631444868 9.010412526192699
    vertex -11.62201580162525 15.063215443609003 10.418289659747392
  endloop
endfacet
facet normal 0.2412446775017178 0.6822083807220674 0.6902120912079611
  outer loop
    vertex -2.6170911689541736 2.176861437793649 6.173801441514084
    vertex -3.95040925566291 4.336524807147 4.505206276424359
    vertex -3.999543510388132 2.9295053830598965 5.9130834097932885
  endloop
endfacet
facet normal 0.24946483863791433 0.943901913556555 0.21637114379610137
  outer loop
    vertex -8.502005849143064 15.658629849210387 9.010412616883189
    vertex -11.548314364508922 17.173744521055983 5.9130828896938255
    vertex -11.572881546900087 16.47023486769602 9.010412526378406
  endloop
endfacet
facet normal 0.24946483863791433 0.943901913556555 0.21637114379610137
  outer loop
    vertex -11.548314364508922 17.173744521055983 5.9130828896938255
    vertex -8.502005849143064 15.658629849210387 9.010412616883189
    vertex -7.773928921263798 16.337572374132748 5.2091444469761345
  endloop
endfacet
facet normal 0.24946483863791433 0.943901913556555 0.21637114379610137
  outer loop
    vertex -7.773928921263798 16.337572374132748 5.2091444469761345
    vertex -8.502005849143064 15.658629849210387 9.010412616883189
    vertex -7.833007106659657 16.28248109074674 5.51758991074841
  endloop
endfacet
facet normal -0.44237945199199485 -0.8753041003176777 -0.1953027199562852
  outer loop
    vertex -11.593196738728771 7.629475994716488 9.010412783907473
    vertex -13.029035256963382 8.988070603168195 6.173801113954161
    vertex -11.61776384299331 8.332985648825906 5.9130831467735785
  endloop
endfacet
facet normal 0.722088662566235 0.6733585447494255 -0.15867020390180983
  outer loop
    vertex -3.9504092556628776 16.908419685816277 4.505205970889281
    vertex -2.6170910593763868 14.748756199607262 1.4078764344973462
    vertex -3.9749762956275334 16.20490988056948 1.407876367573658
  endloop
endfacet
facet normal 0.49713425331287736 0.8452623856770538 -0.195931195940267
  outer loop
    vertex -2.6170911689541736 2.176861437793649 6.173801441514084
    vertex -3.999543510388132 2.9295053830598965 5.9130834097932885
    vertex -3.974976470423696 3.6330151883065214 9.010413013108757
  endloop
endfacet
facet normal -0.19306854776548266 0.6973749062369562 -0.6902121239262059
  outer loop
    vertex -11.548314364508922 17.173744521055983 5.9130828896938255
    vertex -11.597448554494813 15.766725027929615 4.5052058230628385
    vertex -13.029035118284295 15.112349514589205 4.244487824711142
  endloop
endfacet
facet normal -0.19611331044431748 -0.6970005274684161 0.6897317117367594
  outer loop
    vertex -11.568629642220747 19.497861033846068 4.5052057755064405
    vertex -11.617763842993323 20.904880527495294 5.913082841238488
    vertex -13.029035256963397 21.55996548183742 6.173800808419076
  endloop
endfacet
facet normal 0.7138797133436222 0.6657035732835929 -0.21728899510532917
  outer loop
    vertex -7.094986215739922 3.037600561779082 1.4078766159730396
    vertex -6.858994135546752 2.3249918678901413 -4.611281600005801e-07
    vertex -8.452871451991008 4.4937542427413835 1.4078765490492553
  endloop
endfacet
facet normal -0.6819983600624947 -0.7313537016191738 1.85339809912791e-08
  outer loop
    vertex -7.066167375587987 7.083195526699682 1.4078764526129
    vertex -7.853322380299385 7.817229532237068 4.900699141732559
    vertex -8.522321037107268 8.441080783801013 1.407876420978892
  endloop
endfacet
facet normal -0.6819983600624947 -0.7313537016191738 1.85339809912791e-08
  outer loop
    vertex -7.853322380299385 7.817229532237068 4.900699141732559
    vertex -7.066167375587987 7.083195526699682 1.4078764526129
    vertex -7.794244202469358 7.7621382479655585 5.20914460679581
  endloop
endfacet
facet normal -0.19306854776552182 0.6973749062369511 -0.6902121239262
  outer loop
    vertex -11.548314364508911 4.601849642386679 5.9130831952289125
    vertex -11.597448554494802 3.194830149260307 4.505206128597928
    vertex -13.029035118284295 2.5404546359198124 4.244488130246236
  endloop
endfacet
facet normal 0.2494648386379152 0.9439019135565546 0.2163711437961018
  outer loop
    vertex -8.50200584914306 3.086734970541076 9.010412922418256
    vertex -11.548314364508911 4.601849642386679 5.9130831952289125
    vertex -11.57288154690007 3.898339989026711 9.010412831913476
  endloop
endfacet
facet normal 0.2494648386379152 0.9439019135565546 0.2163711437961018
  outer loop
    vertex -11.548314364508911 4.601849642386679 5.9130831952289125
    vertex -8.50200584914306 3.086734970541076 9.010412922418256
    vertex -7.773928921263773 3.7656774954634473 5.2091447525112216
  endloop
endfacet
facet normal 0.2494648386379152 0.9439019135565546 0.2163711437961018
  outer loop
    vertex -7.773928921263773 3.7656774954634473 5.2091447525112216
    vertex -8.50200584914306 3.086734970541076 9.010412922418256
    vertex -7.833007106659645 3.71058621207741 5.517590216283489
  endloop
endfacet
facet normal 0.22589859128401898 0.854734163327143 0.46733214793906974
  outer loop
    vertex -8.50200584914306 3.086734970541076 9.010412922418256
    vertex -11.57288154690007 3.898339989026711 9.010412831913476
    vertex -8.787132151691806 2.392324205823241 10.418290032888367
  endloop
endfacet
facet normal 0.24946484858746104 0.943901902946155 -0.21637117861180727
  outer loop
    vertex -7.045852168180737 4.444620206792269 9.010412922603969
    vertex -3.999543510388132 2.9295053830598965 5.9130834097932885
    vertex -7.773928921263773 3.7656774954634473 5.2091447525112216
  endloop
endfacet
facet normal 0.24946484858746104 0.943901902946155 -0.21637117861180727
  outer loop
    vertex -3.999543510388132 2.9295053830598965 5.9130834097932885
    vertex -7.045852168180737 4.444620206792269 9.010412922603969
    vertex -3.974976470423696 3.6330151883065214 9.010413013108757
  endloop
endfacet
facet normal 0.01935878473720397 0.5543622671748536 -0.8320503074852235
  outer loop
    vertex -6.858994135546752 2.3249918678901413 -4.611281600005801e-07
    vertex -11.622015562089612 2.4913203094937675 -5.747175301567316e-07
    vertex -8.452871451991008 4.4937542427413835 1.4078765490492553
  endloop
endfacet
facet normal 0.7313537113844718 0.6819983495904947 9.329420447122867e-11
  outer loop
    vertex -7.773928921263773 3.7656774954634473 5.2091447525112216
    vertex -7.094986215739922 3.037600561779082 1.4078766159730396
    vertex -8.452871451991008 4.4937542427413835 1.4078765490492553
  endloop
endfacet
facet normal 0.7220886625662378 0.673358544749421 -0.1586702039018159
  outer loop
    vertex -3.95040925566291 4.336524807147 4.505206276424359
    vertex -2.617091059376374 2.1768613209379266 1.4078767400324315
    vertex -3.974976295627542 3.6330150019001604 1.407876673108744
  endloop
endfacet
facet normal 0.024677671499614195 -0.706676013594077 0.7071067983976262
  outer loop
    vertex -3.9952916584534357 7.894800686645087 9.010412769684313
    vertex -4.044425859225953 9.301820180294317 10.418289835416394
    vertex -6.879309510576909 9.202823861769605 10.418289840722684
  endloop
endfacet
facet normal -4.95781151347392e-09 -0.8314696070946802 0.5555702408137229
  outer loop
    vertex 45.261996725081104 0.16077058828515378 17.579998885141702
    vertex -5.038003289205908 0.24797704625184983 17.710512121159482
    vertex -5.038003287950202 0.16077056703279785 17.579998407745215
  endloop
endfacet
facet normal -4.95781151347392e-09 -0.8314696070946802 0.5555702408137229
  outer loop
    vertex -5.038003289205908 0.24797704625184983 17.710512121159482
    vertex 45.261996725081104 0.16077058828515378 17.579998885141702
    vertex 45.2619967230093 0.24797706447543202 17.710512600579673
  endloop
endfacet
facet normal -8.632907069891488e-09 -0.4422886845352578 0.8968727443356003
  outer loop
    vertex -5.038003292844157 0.7407809446748064 18.088653837262502
    vertex 45.26199671810869 0.6000010728598455 18.019229372674737
    vertex 45.26199671700666 0.740780954123341 18.08865432811864
  endloop
endfacet
facet normal -8.632907069891488e-09 -0.4422886845352578 0.8968727443356003
  outer loop
    vertex 45.26199671810869 0.6000010728598455 18.019229372674737
    vertex -5.038003292844157 0.7407809446748064 18.088653837262502
    vertex -5.03800329217617 0.600001061800219 18.019228885085518
  endloop
endfacet
facet normal -0.5625419081428583 -0.5945256031393042 0.5745310337961201
  outer loop
    vertex -11.593196738728784 20.20137087338586 9.010412478372402
    vertex -11.642330939501356 21.608390367035106 10.41828954410448
    vertex -13.029035254069964 21.559965551024106 9.010412446937531
  endloop
endfacet
facet normal -0.18301386862323824 0.9590044090029682 0.2163711334823197
  outer loop
    vertex -7.773928921263773 3.7656774954634473 5.2091447525112216
    vertex -11.572881372103742 3.898339802620328 1.4078764919134874
    vertex -11.597448554494802 3.194830149260307 4.505206128597928
  endloop
endfacet
facet normal -0.18301386862323824 0.9590044090029682 0.2163711334823197
  outer loop
    vertex -11.572881372103742 3.898339802620328 1.4078764919134874
    vertex -7.773928921263773 3.7656774954634473 5.2091447525112216
    vertex -8.452871451991008 4.4937542427413835 1.4078765490492553
  endloop
endfacet
facet normal -9.216513342069742e-09 -0.3214394600210531 0.9469301312881397
  outer loop
    vertex -5.038003293329599 0.8894182107500775 18.139109387409544
    vertex 45.26199671700666 0.740780954123341 18.08865432811864
    vertex 45.261996716205665 0.8894182190277733 18.139109881714948
  endloop
endfacet
facet normal -9.216513342069742e-09 -0.3214394600210531 0.9469301312881397
  outer loop
    vertex 45.26199671700666 0.740780954123341 18.08865432811864
    vertex -5.038003293329599 0.8894182107500775 18.139109387409544
    vertex -5.038003292844157 0.7407809446748064 18.088653837262502
  endloop
endfacet
facet normal -6.048186081344137e-09 -0.7518398017988083 0.6593458215770603
  outer loop
    vertex 45.2619967230093 0.24797706447543202 17.710512600579673
    vertex -5.038003290341371 0.3514729199069442 17.828526542072098
    vertex -5.038003289205908 0.24797704625184983 17.710512121159482
  endloop
endfacet
facet normal -6.048186081344137e-09 -0.7518398017988083 0.6593458215770603
  outer loop
    vertex -5.038003290341371 0.3514729199069442 17.828526542072098
    vertex 45.2619967230093 0.24797706447543202 17.710512600579673
    vertex 45.26199672113592 0.3514729353919328 17.828527023893997
  endloop
endfacet
facet normal 0.02467769715468363 0.7066760131499521 -0.7071067979461308
  outer loop
    vertex -11.597448554494802 3.194830149260307 4.505206128597928
    vertex -11.548314364508911 4.601849642386679 5.9130831952289125
    vertex -7.773928921263773 3.7656774954634473 5.2091447525112216
  endloop
endfacet
facet normal -0.13420847512251813 0.7032610991926922 -0.6981489179018864
  outer loop
    vertex -8.452871451991008 4.4937542427413835 1.4078765490492553
    vertex -11.622015562089612 2.4913203094937675 -5.747175301567316e-07
    vertex -11.572881372103742 3.898339802620328 1.4078764919134874
  endloop
endfacet
facet normal -0.6819983495905155 0.7313537113844516 -3.361245278206722e-08
  outer loop
    vertex -7.045852168180737 4.444620206792269 9.010412922603969
    vertex -7.833007106659645 3.71058621207741 5.517590216283489
    vertex -8.50200584914306 3.086734970541076 9.010412922418256
  endloop
endfacet
facet normal -0.6819983495905155 0.7313537113844516 -3.361245278206722e-08
  outer loop
    vertex -7.833007106659645 3.71058621207741 5.517590216283489
    vertex -7.045852168180737 4.444620206792269 9.010412922603969
    vertex -7.773928921263773 3.7656774954634473 5.2091447525112216
  endloop
endfacet
facet normal 0.024677697154511413 0.7066760131499525 -0.7071067979461364
  outer loop
    vertex -4.024110485613327 2.2259955087737295 -3.9352227384730996e-07
    vertex -6.858994135546752 2.3249918678901413 -4.611281600005801e-07
    vertex -3.974976295627542 3.6330150019001604 1.407876673108744
  endloop
endfacet
facet normal -0.9996836612986854 0.025151090084817293 -2.3601251074459333e-08
  outer loop
    vertex -13.081457435119248 0.4568153026823003 1.4078765420547743
    vertex -13.029035118284295 2.5404546359198124 4.244488130246236
    vertex -13.029035053065945 2.5404545663690783 1.4078764917277964
  endloop
endfacet
facet normal -0.9996836612986854 0.025151090084817293 -2.3601251074459333e-08
  outer loop
    vertex -13.029035118284295 2.5404546359198124 4.244488130246236
    vertex -13.081457435119248 0.4568153026823003 1.4078765420547743
    vertex -13.08145760991556 0.4568154890887117 9.01041288205477
  endloop
endfacet
facet normal -0.9996836612986854 0.025151090084817293 -2.3601251074459333e-08
  outer loop
    vertex -13.029035118284295 2.5404546359198124 4.244488130246236
    vertex -13.08145760991556 0.4568154890887117 9.01041288205477
    vertex -13.029035227862217 2.5404547527755295 9.010412831727804
  endloop
endfacet
facet normal 2.341580157675673e-09 -0.9978588484598918 0.06540427012281866
  outer loop
    vertex 45.08305868646249 1.0691655438321846e-06 16.979998883629943
    vertex -5.038003302268128 0.005365305778203577 17.06184130075188
    vertex -5.119846213438232 6.889719212033185e-07 16.97999840517812
  endloop
endfacet
facet normal 2.341580157675673e-09 -0.9978588484598918 0.06540427012281866
  outer loop
    vertex -5.038003302268128 0.005365305778203577 17.06184130075188
    vertex 45.08305868646249 1.0691655438321846e-06 16.979998883629943
    vertex -5.038003283684409 0.010267207442356473 17.136629840294002
  endloop
endfacet
facet normal 2.341580157675673e-09 -0.9978588484598918 0.06540427012281866
  outer loop
    vertex -5.038003283684409 0.010267207442356473 17.136629840294002
    vertex 45.08305868646249 1.0691655438321846e-06 16.979998883629943
    vertex 45.241353620716154 0.010267238964026414 17.13663031594801
  endloop
endfacet
facet normal 0.8509021969708136 0.525324139165756 6.683462456672347e-09
  outer loop
    vertex -2.6170911689541736 2.176861437793649 6.173801441514084
    vertex -2.617091059376374 2.1768613209379266 1.4078767400324315
    vertex -3.95040925566291 4.336524807147 4.505206276424359
  endloop
endfacet
facet normal -0.6819983495905154 0.7313537113844516 -3.3612451616451155e-08
  outer loop
    vertex -7.045852168180756 17.016515085461545 9.01041261706886
    vertex -7.833007106659657 16.28248109074674 5.51758991074841
    vertex -8.502005849143064 15.658629849210387 9.010412616883189
  endloop
endfacet
facet normal -0.6819983495905154 0.7313537113844516 -3.3612451616451155e-08
  outer loop
    vertex -7.833007106659657 16.28248109074674 5.51758991074841
    vertex -7.045852168180756 17.016515085461545 9.01041261706886
    vertex -7.773928921263798 16.337572374132748 5.2091444469761345
  endloop
endfacet
facet normal 0.02467769715451496 0.7066760131499644 -0.7071067979461244
  outer loop
    vertex -4.02411048561334 14.797890387443084 -6.990573615082818e-07
    vertex -6.858994135546765 14.896886746559517 -7.666632476615519e-07
    vertex -3.9749762956275334 16.20490988056948 1.407876367573658
  endloop
endfacet
facet normal -0.556849307364701 0.5971477906381275 -0.5773502966340762
  outer loop
    vertex -11.572881372103742 3.898339802620328 1.4078764919134874
    vertex -11.622015562089612 2.4913203094937675 -5.747175301567316e-07
    vertex -13.029035053065945 2.5404545663690783 1.4078764917277964
  endloop
endfacet
facet normal -0.6733585522880114 0.7220886628085317 0.15867017080718063
  outer loop
    vertex -11.548314364508911 4.601849642386679 5.9130831952289125
    vertex -13.029035227862217 2.5404547527755295 9.010412831727804
    vertex -11.57288154690007 3.898339989026711 9.010412831913476
  endloop
endfacet
facet normal -9.903346835571255e-09 -0.06540312517905349 0.9978589235041259
  outer loop
    vertex -5.038003293722972 1.2000010665675178 18.17999839101692
    vertex 45.26199671571958 1.0433696427898405 18.16973272496266
    vertex 45.26199671555654 1.2000010738962723 18.179998892529646
  endloop
endfacet
facet normal -9.903346835571255e-09 -0.06540312517905349 0.9978589235041259
  outer loop
    vertex 45.26199671571958 1.0433696427898405 18.16973272496266
    vertex -5.038003293722972 1.2000010665675178 18.17999839101692
    vertex -5.038003293624205 1.043369635222838 18.169732227084687
  endloop
endfacet
facet normal -7.035073866957271e-09 -0.6593458091938327 0.7518398126586072
  outer loop
    vertex -5.038003291337158 0.4694873449258899 17.932022411044795
    vertex 45.26199672113592 0.3514729353919328 17.828527023893997
    vertex 45.26199671949303 0.46948735800915825 17.932022895605325
  endloop
endfacet
facet normal -7.035073866957271e-09 -0.6593458091938327 0.7518398126586072
  outer loop
    vertex 45.26199672113592 0.3514729353919328 17.828527023893997
    vertex -5.038003291337158 0.4694873449258899 17.932022411044795
    vertex -5.038003290341371 0.3514729199069442 17.828526542072098
  endloop
endfacet
facet normal 0.7313537016191838 -0.6819983600624839 1.5888164667124283e-08
  outer loop
    vertex -8.47318682714161 7.034061509921196 9.010412795246841
    vertex -7.794244202469358 7.7621382479655585 5.20914460679581
    vertex -7.115301570040356 8.490215171440454 9.01041275834487
  endloop
endfacet
facet normal -0.6819983600624865 -0.7313537016191812 1.8533994006054695e-08
  outer loop
    vertex -7.066167375588 19.65509040536901 1.4078761470778138
    vertex -7.853322380299405 20.389124410906447 4.900698836197479
    vertex -8.52232103710727 21.012975662470243 1.407876115443806
  endloop
endfacet
facet normal -0.6819983600624865 -0.7313537016191812 1.8533994006054695e-08
  outer loop
    vertex -7.853322380299405 20.389124410906447 4.900698836197479
    vertex -7.066167375588 19.65509040536901 1.4078761470778138
    vertex -7.794244202469361 20.334033126634868 5.209144301260716
  endloop
endfacet
facet normal -0.8160714566297045 -0.5779510166737941 1.4929279297135754e-08
  outer loop
    vertex -13.029035256963397 21.55996548183742 6.173800808419076
    vertex -13.029035261826426 21.559965365593616 1.4078761069375174
    vertex -11.568629642220747 19.497861033846068 4.5052057755064405
  endloop
endfacet
facet normal 0.24946483031805747 -0.9439019065459253 0.21637118397178023
  outer loop
    vertex -7.066167375588 19.65509040536901 1.4078761470778138
    vertex -4.019858764154299 21.170205185084775 4.505205727015216
    vertex -7.794244202469361 20.334033126634868 5.209144301260716
  endloop
endfacet
facet normal 0.24946483031805747 -0.9439019065459253 0.21637118397178023
  outer loop
    vertex -4.019858764154299 21.170205185084775 4.505205727015216
    vertex -7.066167375588 19.65509040536901 1.4078761470778138
    vertex -3.9952916662098774 20.466695379883962 1.4078761241492233
  endloop
endfacet
facet normal -0.03480087074165855 -0.9965647937861377 -0.07514992469467299
  outer loop
    vertex -6.759543439871507e-07 3.664734535835379e-07 11.418290302549607
    vertex -7.300699892345477 1.0763201259145204e-07 14.799144624598659
    vertex -10.675047192427098 0.37278186759564247 11.41829022520872
  endloop
endfacet
facet normal 0.019358758518041454 -0.5543622675588561 0.8320503078394018
  outer loop
    vertex -8.473186827141614 19.60595638859049 9.010412489711767
    vertex -6.879309510576912 21.774718740438914 10.418289535187597
    vertex -11.642330939501356 21.608390367035106 10.41828954410448
  endloop
endfacet
facet normal 0.01935875851804369 -0.5543622675588538 0.8320503078394034
  outer loop
    vertex -8.47318682714161 7.034061509921196 9.010412795246841
    vertex -6.879309510576909 9.202823861769605 10.418289840722684
    vertex -11.642330939501345 9.036495488365755 10.418289849639569
  endloop
endfacet
facet normal -0.6819983495905377 0.731353711384431 -3.3612288319403104e-08
  outer loop
    vertex -11.572881372103756 16.47023468128956 1.4078761863784006
    vertex -13.029035053065959 15.112349445038456 1.4078761861927103
    vertex -13.029035118284295 15.112349514589205 4.244487824711142
  endloop
endfacet
facet normal -0.9996836612986819 0.02515109008495725 -2.3601250202643693e-08
  outer loop
    vertex -13.050216026075663 14.27046654545479 1.4078762065270454
    vertex -13.029035118284295 15.112349514589205 4.244487824711142
    vertex -13.029035053065959 15.112349445038456 1.4078761861927103
  endloop
endfacet
facet normal -0.9996836612986819 0.02515109008495725 -2.3601250202643693e-08
  outer loop
    vertex -13.029035118284295 15.112349514589205 4.244487824711142
    vertex -13.050216026075663 14.27046654545479 1.4078762065270454
    vertex -13.050216200871962 14.270466731861196 9.010412546527032
  endloop
endfacet
facet normal -0.9996836612986819 0.02515109008495725 -2.3601250202643693e-08
  outer loop
    vertex -13.029035118284295 15.112349514589205 4.244487824711142
    vertex -13.050216200871962 14.270466731861196 9.010412546527032
    vertex -13.02903522786223 15.112349631444868 9.010412526192699
  endloop
endfacet
facet normal -7.901589555309112e-09 -0.5555702271189428 0.8314696162452396
  outer loop
    vertex -5.03800329217617 0.600001061800219 18.019228885085518
    vertex 45.26199671949303 0.46948735800915825 17.932022895605325
    vertex 45.26199671810869 0.6000010728598455 18.019229372674737
  endloop
endfacet
facet normal -7.901589555309112e-09 -0.5555702271189428 0.8314696162452396
  outer loop
    vertex 45.26199671949303 0.46948735800915825 17.932022895605325
    vertex -5.03800329217617 0.600001061800219 18.019228885085518
    vertex -5.038003291337158 0.4694873449258899 17.932022411044795
  endloop
endfacet
facet normal 0.7313537113844503 0.6819983495905179 9.329811006275797e-11
  outer loop
    vertex -7.773928921263798 16.337572374132748 5.2091444469761345
    vertex -7.094986215739946 15.609495440448462 1.407876310437951
    vertex -8.452871451991031 17.065649121410647 1.4078762435141658
  endloop
endfacet
facet normal -0.034899551297512404 -0.999390825112594 3.01530999080396e-08
  outer loop
    vertex -13.081457435119248 0.4568153026823003 1.4078765420547743
    vertex -10.675047192427098 0.37278186759564247 11.41829022520872
    vertex -13.08145760991556 0.4568154890887117 9.01041288205477
  endloop
endfacet
facet normal -0.034899551297512404 -0.999390825112594 3.01530999080396e-08
  outer loop
    vertex -10.675047192427098 0.37278186759564247 11.41829022520872
    vertex -13.081457435119248 0.4568153026823003 1.4078765420547743
    vertex -11.674437944142955 0.40768104580698933 -5.243905504508405e-07
  endloop
endfacet
facet normal -0.034899551297512404 -0.999390825112594 3.01530999080396e-08
  outer loop
    vertex -10.675047192427098 0.37278186759564247 11.41829022520872
    vertex -11.674437944142955 0.40768104580698933 -5.243905504508405e-07
    vertex -2.8199664825478975e-15 -1.127986593019159e-14 2.0169972056493024e-21
  endloop
endfacet
facet normal -0.034899551297512404 -0.999390825112594 3.01530999080396e-08
  outer loop
    vertex -10.675047192427098 0.37278186759564247 11.41829022520872
    vertex -2.8199664825478975e-15 -1.127986593019159e-14 2.0169972056493024e-21
    vertex -6.759543439871507e-07 3.664734535835379e-07 11.418290302549607
  endloop
endfacet
facet normal 0.18293859082911693 -0.692186110895031 -0.6981488808767574
  outer loop
    vertex -7.066167375588 19.65509040536901 1.4078761470778138
    vertex -4.0444258698552815 21.873714804855226 -1.0101185492659454e-06
    vertex -3.9952916662098774 20.466695379883962 1.4078761241492233
  endloop
endfacet
facet normal 0.24946482987654614 -0.9439019171007782 -0.21637113843611713
  outer loop
    vertex -8.52232103710727 21.012975662470243 1.407876115443806
    vertex -11.568629642220747 19.497861033846068 4.5052057755064405
    vertex -11.593196746485313 20.201370687955347 1.4078761383723901
  endloop
endfacet
facet normal 0.24946482987654614 -0.9439019171007782 -0.21637113843611713
  outer loop
    vertex -11.568629642220747 19.497861033846068 4.5052057755064405
    vertex -8.52232103710727 21.012975662470243 1.407876115443806
    vertex -7.794244202469361 20.334033126634868 5.209144301260716
  endloop
endfacet
facet normal 0.24946482987654614 -0.9439019171007782 -0.21637113843611713
  outer loop
    vertex -7.794244202469361 20.334033126634868 5.209144301260716
    vertex -8.52232103710727 21.012975662470243 1.407876115443806
    vertex -7.853322380299405 20.389124410906447 4.900698836197479
  endloop
endfacet
facet normal -0.7068999216299875 0.017784946750011545 0.707089949347759
  outer loop
    vertex -13.050216200871962 14.270466731861196 9.010412546527032
    vertex -11.62201580162525 15.063215443609003 10.418289659747392
    vertex -13.02903522786223 15.112349631444868 9.010412526192699
  endloop
endfacet
facet normal -0.7068999216299875 0.017784946750011545 0.707089949347759
  outer loop
    vertex -11.62201580162525 15.063215443609003 10.418289659747392
    vertex -13.050216200871962 14.270466731861196 9.010412546527032
    vertex -11.65464075700362 13.76646708270573 10.418289691068285
  endloop
endfacet
facet normal -0.12984213765542915 -0.9915346788131357 1.932976316438599e-08
  outer loop
    vertex -10.754221681569778 13.441288511205512 -8.010667341634285e-07
    vertex -7.695434549406036 13.040738467947973 10.41829077452745
    vertex -10.754222140346462 13.441288774385054 10.418290629713185
  endloop
endfacet
facet normal -0.12984213765542915 -0.9915346788131357 1.932976316438599e-08
  outer loop
    vertex -7.695434549406036 13.040738467947973 10.41829077452745
    vertex -10.754221681569778 13.441288511205512 -8.010667341634285e-07
    vertex -7.6954340906293535 13.040738204768411 -6.562524733859935e-07
  endloop
endfacet
facet normal 0.5971477915198119 0.5568493347950446 0.577350269265831
  outer loop
    vertex -4.02411072514899 14.797890642888857 10.418289840942496
    vertex -2.617091234172476 14.748756386013623 9.010412774497288
    vertex -3.9749764704237074 16.204910066975827 9.010412707573646
  endloop
endfacet
facet normal 0.0348995086403352 -0.999390826602217 2.4419471955383115e-08
  outer loop
    vertex -1.9771817711669202 9.374009711718582 -7.199478631136363e-07
    vertex -2.637406409108536 9.350954162733794 1.407876392782492
    vertex -4.044425869855244 9.30181992618592 -7.045834625073626e-07
  endloop
endfacet
facet normal 0.0348995086403352 -0.999390826602217 2.4419471955383115e-08
  outer loop
    vertex -2.637406409108536 9.350954162733794 1.407876392782492
    vertex -1.9771817711669202 9.374009711718582 -7.199478631136363e-07
    vertex -2.637406406215074 9.350954231920449 4.244488031300772
  endloop
endfacet
facet normal 0.0348995086403352 -0.999390826602217 2.4419471955383115e-08
  outer loop
    vertex -2.637406406215074 9.350954231920449 4.244488031300772
    vertex -1.9771817711669202 9.374009711718582 -7.199478631136363e-07
    vertex -2.637406401352183 9.350954348164272 9.01041273278244
  endloop
endfacet
facet normal 0.0348995086403352 -0.999390826602217 2.4419471955383115e-08
  outer loop
    vertex -2.637406401352183 9.350954348164272 9.01041273278244
    vertex -1.977181760537698 9.37400996582718 10.418289820052237
    vertex -4.044425859225953 9.301820180294317 10.418289835416394
  endloop
endfacet
facet normal 0.0348995086403352 -0.999390826602217 2.4419471955383115e-08
  outer loop
    vertex -1.977181760537698 9.37400996582718 10.418289820052237
    vertex -2.637406401352183 9.350954348164272 9.01041273278244
    vertex -1.9771817711669202 9.374009711718582 -7.199478631136363e-07
  endloop
endfacet
facet normal 0.24946484858746323 0.9439019029461537 -0.21637117861181013
  outer loop
    vertex -7.045852168180756 17.016515085461545 9.01041261706886
    vertex -3.9995435103881447 15.50140026172919 5.9130831042582015
    vertex -7.773928921263798 16.337572374132748 5.2091444469761345
  endloop
endfacet
facet normal 0.24946484858746323 0.9439019029461537 -0.21637117861181013
  outer loop
    vertex -3.9995435103881447 15.50140026172919 5.9130831042582015
    vertex -7.045852168180756 17.016515085461545 9.01041261706886
    vertex -3.9749764704237074 16.204910066975827 9.010412707573646
  endloop
endfacet
facet normal -0.8160714566297149 -0.5779510166737795 1.4929281905918623e-08
  outer loop
    vertex -13.029035256963382 8.988070603168195 6.173801113954161
    vertex -13.029035261826412 8.98807048692431 1.4078764124726058
    vertex -11.568629642220733 6.925966155176733 4.5052060810415275
  endloop
endfacet
facet normal 0.5971477974099417 -0.5568493151074329 0.5773502821622571
  outer loop
    vertex -4.044425859225953 9.301820180294317 10.418289835416394
    vertex -3.9952916584534357 7.894800686645087 9.010412769684313
    vertex -2.637406401352183 9.350954348164272 9.01041273278244
  endloop
endfacet
facet normal 0.01935874647631442 0.5543623079768943 0.8320502811906242
  outer loop
    vertex -4.02411072514899 14.797890642888857 10.418289840942496
    vertex -7.045852168180756 17.016515085461545 9.01041261706886
    vertex -8.78713215169182 14.96421908449258 10.418289727353272
  endloop
endfacet
facet normal -0.18301385867370296 0.9590043983925672 -0.21637118892558688
  outer loop
    vertex -3.9504092556628776 16.908419685816277 4.505205970889281
    vertex -7.094986215739946 15.609495440448462 1.407876310437951
    vertex -7.773928921263798 16.337572374132748 5.2091444469761345
  endloop
endfacet
facet normal -0.18301385867370296 0.9590043983925672 -0.21637118892558688
  outer loop
    vertex -7.094986215739946 15.609495440448462 1.407876310437951
    vertex -3.9504092556628776 16.908419685816277 4.505205970889281
    vertex -3.9749762956275334 16.20490988056948 1.407876367573658
  endloop
endfacet
facet normal -0.4369607103801164 0.8778817232722473 0.19593115507405476
  outer loop
    vertex -11.572881372103756 16.47023468128956 1.4078761863784006
    vertex -13.029035118284295 15.112349514589205 4.244487824711142
    vertex -11.597448554494813 15.766725027929615 4.5052058230628385
  endloop
endfacet
facet normal -2.5426830544680627e-09 -0.9469301259938607 0.3214394756174964
  outer loop
    vertex 45.26199672967537 0.04089008119421926 17.290581738166324
    vertex -5.038003286595716 0.09134560927017565 17.43921852762513
    vertex -5.038003285165598 0.04089005322574657 17.290581263551786
  endloop
endfacet
facet normal -2.5426830544680627e-09 -0.9469301259938607 0.3214394756174964
  outer loop
    vertex -5.038003286595716 0.09134560927017565 17.43921852762513
    vertex 45.26199672967537 0.04089008119421926 17.290581738166324
    vertex 45.26199672731579 0.09134563378938378 17.43921900341056
  endloop
endfacet
facet normal -0.7068998891244364 0.017784911774920933 -0.7070899827242765
  outer loop
    vertex -11.622015562089612 2.4913203094937675 -5.747175301567316e-07
    vertex -13.081457435119248 0.4568153026823003 1.4078765420547743
    vertex -13.029035053065945 2.5404545663690783 1.4078764917277964
  endloop
endfacet
facet normal -0.7068998891244364 0.017784911774920933 -0.7070899827242765
  outer loop
    vertex -13.081457435119248 0.4568153026823003 1.4078765420547743
    vertex -11.622015562089612 2.4913203094937675 -5.747175301567316e-07
    vertex -11.674437944142955 0.40768104580698933 -5.243905504508405e-07
  endloop
endfacet
facet normal 0.024677671499782932 -0.7066760135940694 0.7071067983976278
  outer loop
    vertex -11.568629642220747 19.497861033846068 4.5052057755064405
    vertex -7.794244202469361 20.334033126634868 5.209144301260716
    vertex -11.617763842993323 20.904880527495294 5.913082841238488
  endloop
endfacet
facet normal 0.72208864943843 -0.6733585551091096 0.15867021968080983
  outer loop
    vertex -3.995291658453499 20.46669556531445 9.010412464149226
    vertex -3.970724560508918 19.763185760113455 5.913082861283085
    vertex -2.637406401352214 21.922849226833616 9.010412427247353
  endloop
endfacet
facet normal 0.5971477962318006 -0.5568493432712576 -0.5773502562170324
  outer loop
    vertex -3.995291666209862 7.894800501214646 1.4078764296843116
    vertex -4.044425869855244 9.30181992618592 -7.045834625073626e-07
    vertex -2.637406409108536 9.350954162733794 1.407876392782492
  endloop
endfacet
facet normal -0.6872983801688193 -0.7263752037461884 1.8417778130540326e-08
  outer loop
    vertex -11.593196738728771 7.629475994716488 9.010412783907473
    vertex -13.02903525406995 8.988070672354798 9.010412752472613
    vertex -13.029035256963382 8.988070603168195 6.173801113954161
  endloop
endfacet
facet normal -0.03489954804320788 -0.9993908252262369 2.5664885801068445e-08
  outer loop
    vertex -7.6954340906293535 13.040738204768411 -6.562524733859935e-07
    vertex -9.854071531645304e-07 12.77200763089714 10.418289696514133
    vertex -7.695434549406036 13.040738467947973 10.41829077452745
  endloop
endfacet
facet normal -0.03489954804320788 -0.9993908252262369 2.5664885801068445e-08
  outer loop
    vertex -9.854071531645304e-07 12.77200763089714 10.418289696514133
    vertex -7.6954340906293535 13.040738204768411 -6.562524733859935e-07
    vertex -8.86503176533715e-07 12.772007339507551 -3.1059022797502747e-07
  endloop
endfacet
facet normal 0.03489952961366593 0.9993908258698115 -2.5446890171498242e-08
  outer loop
    vertex -11.392149345518327 2.4832935828181344 10.648296541554922
    vertex -8.787132151691806 2.392324205823241 10.418290032888367
    vertex -11.62201580162524 2.4913205649396417 10.41828996528248
  endloop
endfacet
facet normal 0.03489952961366593 0.9993908258698115 -2.5446890171498242e-08
  outer loop
    vertex -8.787132151691806 2.392324205823241 10.418290032888367
    vertex -11.392149345518327 2.4832935828181344 10.648296541554922
    vertex -6.768168025361731e-07 2.085470324063304 10.618289840691604
  endloop
endfacet
facet normal 0.03489952961366593 0.9993908258698115 -2.5446890171498242e-08
  outer loop
    vertex -8.787132151691806 2.392324205823241 10.418290032888367
    vertex -6.768168025361731e-07 2.085470324063304 10.618289840691604
    vertex -6.879309566819155 2.3257019290816485 10.418289790474047
  endloop
endfacet
facet normal 0.03489952961366593 0.9993908258698115 -2.5446890171498242e-08
  outer loop
    vertex -6.879309566819155 2.3257019290816485 10.418289790474047
    vertex -6.768168025361731e-07 2.085470324063304 10.618289840691604
    vertex -4.044425915468219 2.226705610556872 10.418289789979585
  endloop
endfacet
facet normal 0.03489952961366593 0.9993908258698115 -2.5446890171498242e-08
  outer loop
    vertex -4.044425915468219 2.226705610556872 10.418289789979585
    vertex -6.768168025361731e-07 2.085470324063304 10.618289840691604
    vertex -4.024110725148977 2.225995764219491 10.418290146477585
  endloop
endfacet
facet normal 0.03489952961366593 0.9993908258698115 -2.5446890171498242e-08
  outer loop
    vertex -4.024110725148977 2.225995764219491 10.418290146477585
    vertex -6.768168025361731e-07 2.085470324063304 10.618289840691604
    vertex -2.6170912341725083 2.176861507344293 9.01041308003238
  endloop
endfacet
facet normal 0.03489952961366593 0.9993908258698115 -2.5446890171498242e-08
  outer loop
    vertex -2.6170912341725083 2.176861507344293 9.01041308003238
    vertex -6.768168025361731e-07 2.085470324063304 10.618289840691604
    vertex -2.6170911689541736 2.176861437793649 6.173801441514084
  endloop
endfacet
facet normal 0.03489952961366593 0.9993908258698115 -2.5446890171498242e-08
  outer loop
    vertex -2.6170911689541736 2.176861437793649 6.173801441514084
    vertex -6.768168025361731e-07 2.085470324063304 10.618289840691604
    vertex -2.617091059376374 2.1768613209379266 1.4078767400324315
  endloop
endfacet
facet normal 0.03489952961366593 0.9993908258698115 -2.5446890171498242e-08
  outer loop
    vertex -2.617091059376374 2.1768613209379266 1.4078767400324315
    vertex -7.404054929160963e-08 2.0854703517700894 -5.04655814827278e-07
    vertex -4.024110485613327 2.2259955087737295 -3.9352227384730996e-07
  endloop
endfacet
facet normal 0.03489952961366593 0.9993908258698115 -2.5446890171498242e-08
  outer loop
    vertex -7.404054929160963e-08 2.0854703517700894 -5.04655814827278e-07
    vertex -2.617091059376374 2.1768613209379266 1.4078767400324315
    vertex -6.768168025361731e-07 2.085470324063304 10.618289840691604
  endloop
endfacet
facet normal -2.9191864928440094e-05 -0.9999999995559253 5.998689905118524e-06
  outer loop
    vertex 4.4000000846409275 12.771831610929175 -2.5274706621049884e-07
    vertex -9.854071531645304e-07 12.77200763089714 10.418289696514133
    vertex -8.86503176533715e-07 12.772007339507551 -3.1059022797502747e-07
  endloop
endfacet
facet normal -2.9191864928440094e-05 -0.9999999995559253 5.998689905118524e-06
  outer loop
    vertex -9.854071531645304e-07 12.77200763089714 10.418289696514133
    vertex 4.4000000846409275 12.771831610929175 -2.5274706621049884e-07
    vertex 2.604539672760019 12.772006726248792 10.418288999991661
  endloop
endfacet
facet normal -2.9191864928440094e-05 -0.9999999995559253 5.998689905118524e-06
  outer loop
    vertex 2.604539672760019 12.772006726248792 10.418288999991661
    vertex 4.4000000846409275 12.771831610929175 -2.5274706621049884e-07
    vertex 4.399999984403203 12.771919747511143 10.418289738850097
  endloop
endfacet
facet normal -0.5625419094470694 -0.5945256311043842 -0.5745310035808152
  outer loop
    vertex -11.593196746485301 7.629475809286055 1.4078764439074767
    vertex -13.029035261826412 8.98807048692431 1.4078764124726058
    vertex -11.642330950130605 9.036495234257416 -6.903604546766593e-07
  endloop
endfacet
facet normal -0.9984743232014198 -0.05521798536225575 -9.503217720319722e-09
  outer loop
    vertex -13.029035261826412 8.98807048692431 1.4078764124726058
    vertex -13.075561775863262 9.829380793857926 9.010412705923574
    vertex -13.075561601066964 9.829380610735042 1.4078763659235736
  endloop
endfacet
facet normal -0.9984743232014198 -0.05521798536225575 -9.503217720319722e-09
  outer loop
    vertex -13.075561775863262 9.829380793857926 9.010412705923574
    vertex -13.029035261826412 8.98807048692431 1.4078764124726058
    vertex -13.029035256963382 8.988070603168195 6.173801113954161
  endloop
endfacet
facet normal -0.9984743232014198 -0.05521798536225575 -9.503217720319722e-09
  outer loop
    vertex -13.075561775863262 9.829380793857926 9.010412705923574
    vertex -13.029035256963382 8.988070603168195 6.173801113954161
    vertex -13.02903525406995 8.988070672354798 9.010412752472613
  endloop
endfacet
facet normal -0.18301387715935846 -0.9590043957998299 0.21637118478139056
  outer loop
    vertex -3.970724560508918 19.763185760113455 5.913082861283085
    vertex -7.115301570040357 21.06211005010976 9.010412452809804
    vertex -7.794244202469361 20.334033126634868 5.209144301260716
  endloop
endfacet
facet normal -0.18301387715935846 -0.9590043957998299 0.21637118478139056
  outer loop
    vertex -7.115301570040357 21.06211005010976 9.010412452809804
    vertex -3.970724560508918 19.763185760113455 5.913082861283085
    vertex -3.995291658453499 20.46669556531445 9.010412464149226
  endloop
endfacet
facet normal -0.12772918867743552 0.9918090816078441 9.392321452765331e-08
  outer loop
    vertex -7.700464592534724 11.059817312977838 10.418296532971869
    vertex -10.759251901201624 10.66589528705779 -7.049677317881007e-07
    vertex -10.75925218347515 10.665894264104388 10.418296411418435
  endloop
endfacet
facet normal -0.12772918867743552 0.9918090816078441 9.392321452765331e-08
  outer loop
    vertex -10.759251901201624 10.66589528705779 -7.049677317881007e-07
    vertex -7.700464592534724 11.059817312977838 10.418296532971869
    vertex -7.7004643102611965 11.059818335931338 -5.834143006982649e-07
  endloop
endfacet
facet normal -0.33966945880913574 -0.9405448733326384 1.3957257149095383e-08
  outer loop
    vertex -13.050216026075663 14.27046654545479 1.4078762065270454
    vertex -11.65464075700362 13.76646708270573 10.418289691068285
    vertex -13.050216200871962 14.270466731861196 9.010412546527032
  endloop
endfacet
facet normal -0.33966945880913574 -0.9405448733326384 1.3957257149095383e-08
  outer loop
    vertex -11.65464075700362 13.76646708270573 10.418289691068285
    vertex -13.050216026075663 14.27046654545479 1.4078762065270454
    vertex -11.654640518343935 13.766466792441399 -8.489317302354666e-07
  endloop
endfacet
facet normal -0.33966945880913574 -0.9405448733326384 1.3957257149095383e-08
  outer loop
    vertex -11.65464075700362 13.76646708270573 10.418289691068285
    vertex -11.654640518343935 13.766466792441399 -8.489317302354666e-07
    vertex -10.754222140346462 13.441288774385054 10.418290629713185
  endloop
endfacet
facet normal -0.33966945880913574 -0.9405448733326384 1.3957257149095383e-08
  outer loop
    vertex -10.754222140346462 13.441288774385054 10.418290629713185
    vertex -11.654640518343935 13.766466792441399 -8.489317302354666e-07
    vertex -10.754221681569778 13.441288511205512 -8.010667341634285e-07
  endloop
endfacet
facet normal 0.7313537016191795 -0.6819983600624886 1.5888164435725718e-08
  outer loop
    vertex -8.473186827141614 19.60595638859049 9.010412489711767
    vertex -7.794244202469361 20.334033126634868 5.209144301260716
    vertex -7.115301570040357 21.06211005010976 9.010412452809804
  endloop
endfacet
facet normal -0.9999999999999104 4.233274356579361e-07 -2.815081354826122e-10
  outer loop
    vertex 4.399999473720501 11.328724998819652 -2.0135030846588863e-07
    vertex 4.399999984403203 12.771919747511143 10.418289738850097
    vertex 4.4000000846409275 12.771831610929175 -2.5274706621049884e-07
  endloop
endfacet
facet normal -0.9999999999999104 4.233274356579361e-07 -2.815081354826122e-10
  outer loop
    vertex 4.399999984403203 12.771919747511143 10.418289738850097
    vertex 4.399999473720501 11.328724998819652 -2.0135030846588863e-07
    vertex 4.399999373482779 11.32872510650714 10.418289922142602
  endloop
endfacet
facet normal -0.9999999999999104 4.233274356579361e-07 -2.815081354826122e-10
  outer loop
    vertex 4.399999984403203 12.771919747511143 10.418289738850097
    vertex 4.399999373482779 11.32872510650714 10.418289922142602
    vertex 4.399999941123956 12.050366239376707 11.139931165444533
  endloop
endfacet
facet normal -0.7119358561112017 -0.020671229136419982 0.7019401947952545
  outer loop
    vertex -11.642330939501345 9.036495488365755 10.418289849639569
    vertex -11.679986331994924 10.333380511444732 10.418289825967378
    vertex -13.02903525406995 8.988070672354798 9.010412752472613
  endloop
endfacet
facet normal -0.13420850053170313 -0.703261097360653 0.6981489148628118
  outer loop
    vertex -8.473186827141614 19.60595638859049 9.010412489711767
    vertex -11.642330939501356 21.608390367035106 10.41828954410448
    vertex -11.593196738728784 20.20137087338586 9.010412478372402
  endloop
endfacet
facet normal -0.7193848425035017 0.694611724901401 -2.3900665883694526e-06
  outer loop
    vertex 2.9999944968992565 14.86200663884119 10.418282252855592
    vertex 4.4000038254531315 16.311887526402845 -6.619173691787337e-07
    vertex 2.9999955607087054 14.861887526402896 -8.690776525872856e-07
  endloop
endfacet
facet normal -0.7193848425035017 0.694611724901401 -2.3900665883694526e-06
  outer loop
    vertex 4.4000038254531315 16.311887526402845 -6.619173691787337e-07
    vertex 2.9999944968992565 14.86200663884119 10.418282252855592
    vertex 4.400004661960271 16.31188687917205 10.418276919760245
  endloop
endfacet
facet normal -0.7193848425035017 0.694611724901401 -2.3900665883694526e-06
  outer loop
    vertex 4.400004661960271 16.31188687917205 10.418276919760245
    vertex 2.9999944968992565 14.86200663884119 10.418282252855592
    vertex 3.70011396064295 15.587004385486823 11.143279479125646
  endloop
endfacet
facet normal -0.7026763023961597 -0.0388596908450497 0.7104477028453873
  outer loop
    vertex -13.02903525406995 8.988070672354798 9.010412752472613
    vertex -11.679986331994924 10.333380511444732 10.418289825967378
    vertex -13.075561775863262 9.829380793857926 9.010412705923574
  endloop
endfacet
facet normal -0.7068998891244317 0.017784911774914498 -0.7070899827242813
  outer loop
    vertex -11.622015562089622 15.063215188163177 -8.802526178177038e-07
    vertex -13.050216026075663 14.27046654545479 1.4078762065270454
    vertex -13.029035053065959 15.112349445038456 1.4078761861927103
  endloop
endfacet
facet normal -0.7068998891244317 0.017784911774914498 -0.7070899827242813
  outer loop
    vertex -13.050216026075663 14.27046654545479 1.4078762065270454
    vertex -11.622015562089622 15.063215188163177 -8.802526178177038e-07
    vertex -11.654640518343935 13.766466792441399 -8.489317302354666e-07
  endloop
endfacet
facet normal -2.567148269665823e-07 0.7071063812738144 -0.7071071810990079
  outer loop
    vertex 4.400004229123474 7.788724588924255 10.418287855566238
    vertex 1.7705167335192253 8.513725664539479 11.143289090561478
    vertex 3.7000032485977967 8.513725932744983 11.143289323056507
  endloop
endfacet
facet normal -2.567148269665823e-07 0.7071063812738144 -0.7071071810990079
  outer loop
    vertex 1.7705167335192253 8.513725664539479 11.143289090561478
    vertex 4.400004229123474 7.788724588924255 10.418287855566238
    vertex 2.604533104462022 7.788719448767789 10.418284081667327
  endloop
endfacet
facet normal -2.9030286192242383e-09 0.9999999999999994 2.7956512424773543e-08
  outer loop
    vertex 2.604540018396873 11.328724056350262 10.41828918328632
    vertex -4.433117593016789e-07 11.328724998819574 -2.587505274083505e-07
    vertex -6.397702655425164e-07 11.328724960998565 10.41828987980879
  endloop
endfacet
facet normal -2.9030286192242383e-09 0.9999999999999994 2.7956512424773543e-08
  outer loop
    vertex -4.433117593016789e-07 11.328724998819574 -2.587505274083505e-07
    vertex 2.604540018396873 11.328724056350262 10.41828918328632
    vertex 4.399999473720501 11.328724998819652 -2.0135030846588863e-07
  endloop
endfacet
facet normal -2.9030286192242383e-09 0.9999999999999994 2.7956512424773543e-08
  outer loop
    vertex 4.399999473720501 11.328724998819652 -2.0135030846588863e-07
    vertex 2.604540018396873 11.328724056350262 10.41828918328632
    vertex 4.399999373482779 11.32872510650714 10.418289922142602
  endloop
endfacet
facet normal -0.3396692393333767 0.9405449525943377 1.5649413489673892e-08
  outer loop
    vertex -11.679986331994924 10.333380511444732 10.418289825967378
    vertex -13.075561601066964 9.829380610735042 1.4078763659235736
    vertex -13.075561775863262 9.829380793857926 9.010412705923574
  endloop
endfacet
facet normal -0.3396692393333767 0.9405449525943377 1.5649413489673892e-08
  outer loop
    vertex -13.075561601066964 9.829380610735042 1.4078763659235736
    vertex -11.679986331994924 10.333380511444732 10.418289825967378
    vertex -11.679986093335248 10.33338029531712 -7.140326385254057e-07
  endloop
endfacet
facet normal -0.3396692393333767 0.9405449525943377 1.5649413489673892e-08
  outer loop
    vertex -11.679986093335248 10.33338029531712 -7.140326385254057e-07
    vertex -11.679986331994924 10.333380511444732 10.418289825967378
    vertex -10.75925218347515 10.665894264104388 10.418296411418435
  endloop
endfacet
facet normal -0.3396692393333767 0.9405449525943377 1.5649413489673892e-08
  outer loop
    vertex -11.679986093335248 10.33338029531712 -7.140326385254057e-07
    vertex -10.75925218347515 10.665894264104388 10.418296411418435
    vertex -10.759251901201624 10.66589528705779 -7.049677317881007e-07
  endloop
endfacet
facet normal -6.695732162738688e-09 0.7071066235983361 -0.7071069387747236
  outer loop
    vertex 2.9999944968992565 14.86200663884119 10.418282252855592
    vertex 1.770523817040256 15.587003883059738 11.143279059805671
    vertex 3.70011396064295 15.587004385486823 11.143279479125646
  endloop
endfacet
facet normal -6.695732162738688e-09 0.7071066235983361 -0.7071069387747236
  outer loop
    vertex 1.770523817040256 15.587003883059738 11.143279059805671
    vertex 2.9999944968992565 14.86200663884119 10.418282252855592
    vertex 2.6045358793534468 14.862006689876207 10.418281991279986
  endloop
endfacet
facet normal -0.03489963025250435 0.9993908223554165 5.007638991090701e-08
  outer loop
    vertex -6.397702655425164e-07 11.328724960998565 10.41828987980879
    vertex -7.7004643102611965 11.059818335931338 -5.834143006982649e-07
    vertex -7.700464592534724 11.059817312977838 10.418296532971869
  endloop
endfacet
facet normal -0.03489963025250435 0.9993908223554165 5.007638991090701e-08
  outer loop
    vertex -7.7004643102611965 11.059818335931338 -5.834143006982649e-07
    vertex -6.397702655425164e-07 11.328724960998565 10.41828987980879
    vertex -4.433117593016789e-07 11.328724998819574 -2.587505274083505e-07
  endloop
endfacet
facet normal -1.2575414997055686e-09 -0.9807852781366342 0.19509033341107676
  outer loop
    vertex 45.241353620716154 0.010267238964026414 17.13663031594801
    vertex -5.038003285165598 0.04089005322574657 17.290581263551786
    vertex -5.038003283684409 0.010267207442356473 17.136629840294002
  endloop
endfacet
facet normal -1.2575414997055686e-09 -0.9807852781366342 0.19509033341107676
  outer loop
    vertex -5.038003285165598 0.04089005322574657 17.290581263551786
    vertex 45.241353620716154 0.010267238964026414 17.13663031594801
    vertex 45.26199672967537 0.04089008119421926 17.290581738166324
  endloop
endfacet
facet normal -1.2575414997055686e-09 -0.9807852781366342 0.19509033341107676
  outer loop
    vertex 45.26199672967537 0.04089008119421926 17.290581738166324
    vertex 45.241353620716154 0.010267238964026414 17.13663031594801
    vertex 45.2619967288208 0.014704301256198926 17.158936932585107
  endloop
endfacet
facet normal -0.002114097059128119 0.8402772754887143 -0.5421527744933966
  outer loop
    vertex -5.849890439391103e-07 1.58546864171694 14.77067377089723
    vertex -7.300699888645525 1.5854700083455766 14.799144593146263
    vertex -6.528764805877575 2.0854700896236875 15.571079700816272
  endloop
endfacet
facet normal -0.9999999999988658 -1.481585218598707e-06 2.704954663120323e-07
  outer loop
    vertex -2.255079997946954 3.5354671311056785 14.642682800961847
    vertex -2.255090260285764 7.788722057627285 -1.4129107433612186e-07
    vertex -2.2550827929108497 3.535467410577802 -3.232181932939298e-07
  endloop
endfacet
facet normal -0.9999999999988658 -1.481585218598707e-06 2.704954663120323e-07
  outer loop
    vertex -2.255090260285764 7.788722057627285 -1.4129107433612186e-07
    vertex -2.255079997946954 3.5354671311056785 14.642682800961847
    vertex -2.2550851336891835 7.788721750397634 14.642687209063983
  endloop
endfacet
facet normal 1.9127288000847929e-07 -0.7071081265594341 -0.7071054358110751
  outer loop
    vertex 2.604546225416192 9.238724639959205 10.418287519511477
    vertex 3.7000032485977967 8.513725932744983 11.143289323056507
    vertex 1.7705167335192253 8.513725664539479 11.143289090561478
  endloop
endfacet
facet normal 1.9127288000847929e-07 -0.7071081265594341 -0.7071054358110751
  outer loop
    vertex 3.7000032485977967 8.513725932744983 11.143289323056507
    vertex 2.604546225416192 9.238724639959205 10.418287519511477
    vertex 3.0000048429620043 9.2387245889242 10.418287781087082
  endloop
endfacet
facet normal -0.3096413877122248 0.9508534119493115 -2.3427690672457363e-08
  outer loop
    vertex -13.071397176183757 23.243731869732667 9.010412408277585
    vertex -11.694753299502459 23.692029896375576 -1.043736747329393e-06
    vertex -13.071397139620528 23.243731686039673 1.4078760682775684
  endloop
endfacet
facet normal -0.3096413877122248 0.9508534119493115 -2.3427690672457363e-08
  outer loop
    vertex -11.694753299502459 23.692029896375576 -1.043736747329393e-06
    vertex -13.071397176183757 23.243731869732667 9.010412408277585
    vertex -11.694753288873127 23.692030150483973 10.418289496263263
  endloop
endfacet
facet normal -0.06948739743527911 0.9975828294420825 -2.525832936070296e-08
  outer loop
    vertex -4.778813685835104e-06 14.862007594524526 10.41828268780246
    vertex -1.956866385804702 14.725700633993455 -6.659189845085519e-07
    vertex -1.9568666253402984 14.725700889439286 10.418289874081108
  endloop
endfacet
facet normal -0.06948739743527911 0.9975828294420825 -2.525832936070296e-08
  outer loop
    vertex -1.956866385804702 14.725700633993455 -6.659189845085519e-07
    vertex -4.778813685835104e-06 14.862007594524526 10.41828268780246
    vertex -4.7465772277099916e-06 14.8620073413286 -3.5049453286014114e-07
  endloop
endfacet
facet normal 3.4695687609978564e-07 1.5405854522902529e-06 0.9999999999987531
  outer loop
    vertex -11.65464075700362 13.76646708270573 10.418289691068285
    vertex -8.78713215169182 14.96421908449258 10.418289727353272
    vertex -11.62201580162525 15.063215443609003 10.418289659747392
  endloop
endfacet
facet normal 3.4695687609978564e-07 1.5405854522902529e-06 0.9999999999987531
  outer loop
    vertex -8.78713215169182 14.96421908449258 10.418289727353272
    vertex -11.65464075700362 13.76646708270573 10.418289691068285
    vertex -4.02411072514899 14.797890642888857 10.418289840942496
  endloop
endfacet
facet normal 3.4695687609978564e-07 1.5405854522902529e-06 0.9999999999987531
  outer loop
    vertex -4.02411072514899 14.797890642888857 10.418289840942496
    vertex -11.65464075700362 13.76646708270573 10.418289691068285
    vertex -1.9568666253402984 14.725700889439286 10.418289874081108
  endloop
endfacet
facet normal 3.4695687609978564e-07 1.5405854522902529e-06 0.9999999999987531
  outer loop
    vertex -1.9568666253402984 14.725700889439286 10.418289874081108
    vertex 2.6045358793534468 14.862006689876207 10.418281991279986
    vertex -4.778813685835104e-06 14.862007594524526 10.41828268780246
  endloop
endfacet
facet normal 3.4695687609978564e-07 1.5405854522902529e-06 0.9999999999987531
  outer loop
    vertex 2.6045358793534468 14.862006689876207 10.418281991279986
    vertex -1.9568666253402984 14.725700889439286 10.418289874081108
    vertex 2.604539672760019 12.772006726248792 10.418288999991661
  endloop
endfacet
facet normal 3.4695687609978564e-07 1.5405854522902529e-06 0.9999999999987531
  outer loop
    vertex 2.604539672760019 12.772006726248792 10.418288999991661
    vertex -1.9568666253402984 14.725700889439286 10.418289874081108
    vertex -11.65464075700362 13.76646708270573 10.418289691068285
  endloop
endfacet
facet normal 3.4695687609978564e-07 1.5405854522902529e-06 0.9999999999987531
  outer loop
    vertex 2.604539672760019 12.772006726248792 10.418288999991661
    vertex -11.65464075700362 13.76646708270573 10.418289691068285
    vertex -10.754222140346462 13.441288774385054 10.418290629713185
  endloop
endfacet
facet normal 3.4695687609978564e-07 1.5405854522902529e-06 0.9999999999987531
  outer loop
    vertex 2.604539672760019 12.772006726248792 10.418288999991661
    vertex -10.754222140346462 13.441288774385054 10.418290629713185
    vertex -7.695434549406036 13.040738467947973 10.41829077452745
  endloop
endfacet
facet normal 3.4695687609978564e-07 1.5405854522902529e-06 0.9999999999987531
  outer loop
    vertex 2.604539672760019 12.772006726248792 10.418288999991661
    vertex -7.695434549406036 13.040738467947973 10.41829077452745
    vertex -9.854071531645304e-07 12.77200763089714 10.418289696514133
  endloop
endfacet
facet normal -0.7194016127983072 -0.694594356083602 3.0515242809071296e-08
  outer loop
    vertex 4.400003383756358 7.788724998819629 -4.4316763808729423e-07
    vertex 3.0000048429620043 9.2387245889242 10.418287781087082
    vertex 3.0000039975949027 9.238724998819587 -5.176467908421249e-07
  endloop
endfacet
facet normal -0.7194016127983072 -0.694594356083602 3.0515242809071296e-08
  outer loop
    vertex 3.0000048429620043 9.2387245889242 10.418287781087082
    vertex 4.400003383756358 7.788724998819629 -4.4316763808729423e-07
    vertex 4.400004229123474 7.788724588924255 10.418287855566238
  endloop
endfacet
facet normal -0.7194016127983072 -0.694594356083602 3.0515242809071296e-08
  outer loop
    vertex 3.0000048429620043 9.2387245889242 10.418287781087082
    vertex 4.400004229123474 7.788724588924255 10.418287855566238
    vertex 3.7000032485977967 8.513725932744983 11.143289323056507
  endloop
endfacet
facet normal 0.002258267001725063 0.8152942803324889 0.5790424308177059
  outer loop
    vertex -5.849890439391103e-07 1.58546864171694 14.77067377089723
    vertex -8.115129607472808 2.1764153510146564 13.970267238804192
    vertex -7.300699888645525 1.5854700083455766 14.799144593146263
  endloop
endfacet
facet normal 0.009504467185522163 0.8480808703562899 0.5297815610600628
  outer loop
    vertex -5.233563922901751e-07 2.085468675428132 13.970267536476241
    vertex -8.115129607472808 2.1764153510146564 13.970267238804192
    vertex -5.849890439391103e-07 1.58546864171694 14.77067377089723
  endloop
endfacet
facet normal -0.7120212043338632 -0.01791374452005592 0.7019294140696949
  outer loop
    vertex -13.029035254069964 21.559965551024106 9.010412446937531
    vertex -11.694753288873127 23.692030150483973 10.418289496263263
    vertex -13.071397176183757 23.243731869732667 9.010412408277585
  endloop
endfacet
facet normal -0.7120212043338632 -0.01791374452005592 0.7019294140696949
  outer loop
    vertex -11.694753288873127 23.692030150483973 10.418289496263263
    vertex -13.029035254069964 21.559965551024106 9.010412446937531
    vertex -11.642330939501356 21.608390367035106 10.41828954410448
  endloop
endfacet
facet normal 1.2323206957265813e-07 0.8481189913521485 -0.5298057913120608
  outer loop
    vertex 1.8000039807189847 2.0854688711193794 15.571079801947729
    vertex -5.849890439391103e-07 1.58546864171694 14.77067377089723
    vertex -6.528764805877575 2.0854700896236875 15.571079700816272
  endloop
endfacet
facet normal 1.2323206957265813e-07 0.8481189913521485 -0.5298057913120608
  outer loop
    vertex -5.849890439391103e-07 1.58546864171694 14.77067377089723
    vertex 1.8000039807189847 2.0854688711193794 15.571079801947729
    vertex 1.317245809584522 1.5854688086142028 14.770673620698886
  endloop
endfacet
facet normal -0.999683662167943 -0.02515105553430589 -1.2523940892420673e-09
  outer loop
    vertex -13.029035261826426 21.559965365593616 1.4078761069375174
    vertex -13.071397176183757 23.243731869732667 9.010412408277585
    vertex -13.071397139620528 23.243731686039673 1.4078760682775684
  endloop
endfacet
facet normal -0.999683662167943 -0.02515105553430589 -1.2523940892420673e-09
  outer loop
    vertex -13.071397176183757 23.243731869732667 9.010412408277585
    vertex -13.029035261826426 21.559965365593616 1.4078761069375174
    vertex -13.029035256963397 21.55996548183742 6.173800808419076
  endloop
endfacet
facet normal -0.999683662167943 -0.02515105553430589 -1.2523940892420673e-09
  outer loop
    vertex -13.071397176183757 23.243731869732667 9.010412408277585
    vertex -13.029035256963397 21.55996548183742 6.173800808419076
    vertex -13.029035254069964 21.559965551024106 9.010412446937531
  endloop
endfacet
facet normal -0.06826360905683032 -0.9976673191392684 3.634825850230651e-08
  outer loop
    vertex -8.072649792301156e-06 9.238724998819599 4.494667660420819e-09
    vertex -1.977181760537698 9.37400996582718 10.418289820052237
    vertex -1.9771817711669202 9.374009711718582 -7.199478631136363e-07
  endloop
endfacet
facet normal -0.06826360905683032 -0.9976673191392684 3.634825850230651e-08
  outer loop
    vertex -1.977181760537698 9.37400996582718 10.418289820052237
    vertex -8.072649792301156e-06 9.238724998819599 4.494667660420819e-09
    vertex -4.4026612274539185e-06 9.238725252015598 10.418289932947694
  endloop
endfacet
facet normal -0.7120212122980665 -0.017913769542562217 -0.7019294053523955
  outer loop
    vertex -11.642330950130617 21.60839011292673 -9.958955414352408e-07
    vertex -13.071397139620528 23.243731686039673 1.4078760682775684
    vertex -11.694753299502459 23.692029896375576 -1.043736747329393e-06
  endloop
endfacet
facet normal -0.7120212122980665 -0.017913769542562217 -0.7019294053523955
  outer loop
    vertex -13.071397139620528 23.243731686039673 1.4078760682775684
    vertex -11.642330950130617 21.60839011292673 -9.958955414352408e-07
    vertex -13.029035261826426 21.559965365593616 1.4078761069375174
  endloop
endfacet
facet normal 1.38153345064614e-06 0.9999999999990453 2.2657545101810376e-08
  outer loop
    vertex 1.8000037957826218 2.085467624420161 10.618290225505257
    vertex -7.404054929160963e-08 2.0854703517700894 -5.04655814827278e-07
    vertex -6.768168025361731e-07 2.085470324063304 10.618289840691604
  endloop
endfacet
facet normal 1.38153345064614e-06 0.9999999999990453 2.2657545101810376e-08
  outer loop
    vertex -7.404054929160963e-08 2.0854703517700894 -5.04655814827278e-07
    vertex 1.8000037957826218 2.085467624420161 10.618290225505257
    vertex 1.8000039975949078 2.0854680778810417 -3.4346708834912275e-07
  endloop
endfacet
facet normal 1.9026226066075196e-07 -0.9999999999999819 1.3329852455410727e-09
  outer loop
    vertex 3.2000033837564086 3.5354680778811236 -3.394667110684887e-07
    vertex -2.255079997946954 3.5354671311056785 14.642682800961847
    vertex -2.2550827929108497 3.535467410577802 -3.232181932939298e-07
  endloop
endfacet
facet normal 1.9026226066075196e-07 -0.9999999999999819 1.3329852455410727e-09
  outer loop
    vertex -2.255079997946954 3.5354671311056785 14.642682800961847
    vertex 3.2000033837564086 3.5354680778811236 -3.394667110684887e-07
    vertex 3.2000030020433146 3.5354685332749107 9.900652473404241
  endloop
endfacet
facet normal -1.2240373043605731e-07 -0.9999999999999923 -1.2169571107969915e-08
  outer loop
    vertex 3.0000039975949027 9.238724998819587 -5.176467908421249e-07
    vertex -4.4026612274539185e-06 9.238725252015598 10.418289932947694
    vertex -8.072649792301156e-06 9.238724998819599 4.494667660420819e-09
  endloop
endfacet
facet normal -1.2240373043605731e-07 -0.9999999999999923 -1.2169571107969915e-08
  outer loop
    vertex -4.4026612274539185e-06 9.238725252015598 10.418289932947694
    vertex 3.0000039975949027 9.238724998819587 -5.176467908421249e-07
    vertex 2.604546225416192 9.238724639959205 10.418287519511477
  endloop
endfacet
facet normal -1.2240373043605731e-07 -0.9999999999999923 -1.2169571107969915e-08
  outer loop
    vertex 2.604546225416192 9.238724639959205 10.418287519511477
    vertex 3.0000039975949027 9.238724998819587 -5.176467908421249e-07
    vertex 3.0000048429620043 9.2387245889242 10.418287781087082
  endloop
endfacet
facet normal -1.0732458629811847e-05 -0.7071255235389768 -0.7070880382558754
  outer loop
    vertex 2.604539672760019 12.772006726248792 10.418288999991661
    vertex 4.399999941123956 12.050366239376707 11.139931165444533
    vertex 1.7743776320639169 12.050365982215538 11.139930935061203
  endloop
endfacet
facet normal -1.0732458629811847e-05 -0.7071255235389768 -0.7070880382558754
  outer loop
    vertex 4.399999941123956 12.050366239376707 11.139931165444533
    vertex 2.604539672760019 12.772006726248792 10.418288999991661
    vertex 4.399999984403203 12.771919747511143 10.418289738850097
  endloop
endfacet
facet normal 1.8492196975709224e-05 0.9999999998087403 -6.368515986250751e-06
  outer loop
    vertex -4.778813685835104e-06 14.862007594524526 10.41828268780246
    vertex 2.9999955607087054 14.861887526402896 -8.690776525872856e-07
    vertex -4.7465772277099916e-06 14.8620073413286 -3.5049453286014114e-07
  endloop
endfacet
facet normal 1.8492196975709224e-05 0.9999999998087403 -6.368515986250751e-06
  outer loop
    vertex 2.9999955607087054 14.861887526402896 -8.690776525872856e-07
    vertex -4.778813685835104e-06 14.862007594524526 10.41828268780246
    vertex 2.6045358793534468 14.862006689876207 10.418281991279986
  endloop
endfacet
facet normal 1.8492196975709224e-05 0.9999999998087403 -6.368515986250751e-06
  outer loop
    vertex 2.9999955607087054 14.861887526402896 -8.690776525872856e-07
    vertex 2.6045358793534468 14.862006689876207 10.418281991279986
    vertex 2.9999944968992565 14.86200663884119 10.418282252855592
  endloop
endfacet
facet normal -1.738288610528941e-07 0.8198717738275603 -0.5725471810085346
  outer loop
    vertex 1.8000038644337415 2.0854689441354686 12.200523855551488
    vertex -6.279825067290189e-07 1.5182221299271417 11.388242605260075
    vertex -7.62907040408045e-07 2.085468681021756 12.200524034618939
  endloop
endfacet
facet normal -1.738288610528941e-07 0.8198717738275603 -0.5725471810085346
  outer loop
    vertex -6.279825067290189e-07 1.5182221299271417 11.388242605260075
    vertex 1.8000038644337415 2.0854689441354686 12.200523855551488
    vertex 1.2523186523637257 1.5182222838841648 11.388242458944404
  endloop
endfacet
facet normal -4.397667033224635e-08 0.707106752945038 -0.7071068094280545
  outer loop
    vertex 4.399999373482779 11.32872510650714 10.418289922142602
    vertex 1.7743776320639169 12.050365982215538 11.139930935061203
    vertex 4.399999941123956 12.050366239376707 11.139931165444533
  endloop
endfacet
facet normal -4.397667033224635e-08 0.707106752945038 -0.7071068094280545
  outer loop
    vertex 1.7743776320639169 12.050365982215538 11.139930935061203
    vertex 4.399999373482779 11.32872510650714 10.418289922142602
    vertex 2.604540018396873 11.328724056350262 10.41828918328632
  endloop
endfacet
facet normal -2.905090429931359e-07 0.999999999999951 1.1595840163260352e-07
  outer loop
    vertex -2.2550851336891835 7.788721750397634 14.642687209063983
    vertex 4.400003383756358 7.788724998819629 -4.4316763808729423e-07
    vertex -2.255090260285764 7.788722057627285 -1.4129107433612186e-07
  endloop
endfacet
facet normal -2.905090429931359e-07 0.999999999999951 1.1595840163260352e-07
  outer loop
    vertex 4.400003383756358 7.788724998819629 -4.4316763808729423e-07
    vertex -2.2550851336891835 7.788721750397634 14.642687209063983
    vertex 2.604533104462022 7.788719448767789 10.418284081667327
  endloop
endfacet
facet normal -2.905090429931359e-07 0.999999999999951 1.1595840163260352e-07
  outer loop
    vertex 4.400003383756358 7.788724998819629 -4.4316763808729423e-07
    vertex 2.604533104462022 7.788719448767789 10.418284081667327
    vertex 4.400004229123474 7.788724588924255 10.418287855566238
  endloop
endfacet
facet normal -2.1463035030936283e-05 -0.707124878538705 -0.7070886830454578
  outer loop
    vertex 2.6045373012684543 16.312004848367245 10.418277381222156
    vertex 3.70011396064295 15.587004385486823 11.143279479125646
    vertex 1.770523817040256 15.587003883059738 11.143279059805671
  endloop
endfacet
facet normal -2.1463035030936283e-05 -0.707124878538705 -0.7070886830454578
  outer loop
    vertex 3.70011396064295 15.587004385486823 11.143279479125646
    vertex 2.6045373012684543 16.312004848367245 10.418277381222156
    vertex 4.400004661960271 16.31188687917205 10.418276919760245
  endloop
endfacet
facet normal -0.7132959537748526 1.556825145194602e-08 0.7008629554545046
  outer loop
    vertex -7.300699892345477 1.0763201259145204e-07 14.799144624598659
    vertex -9.85402587704262 2.3705935756295173 12.200523715497306
    vertex -10.216596651968512 2.1561806989104877 11.831521100419867
  endloop
endfacet
facet normal -0.7132959537748526 1.556825145194602e-08 0.7008629554545046
  outer loop
    vertex -9.85402587704262 2.3705935756295173 12.200523715497306
    vertex -7.300699892345477 1.0763201259145204e-07 14.799144624598659
    vertex -8.115129607472808 2.1764153510146564 13.970267238804192
  endloop
endfacet
facet normal -0.7132959537748526 1.556825145194602e-08 0.7008629554545046
  outer loop
    vertex -8.115129607472808 2.1764153510146564 13.970267238804192
    vertex -7.300699892345477 1.0763201259145204e-07 14.799144624598659
    vertex -7.300699888645525 1.5854700083455766 14.799144593146263
  endloop
endfacet
facet normal 0.011206348515302472 0.9999372069049903 1.6436327305797653e-09
  outer loop
    vertex -5.233563922901751e-07 2.085468675428132 13.970267536476241
    vertex -7.62907040408045e-07 2.085468681021756 12.200524034618939
    vertex -8.115129607472808 2.1764153510146564 13.970267238804192
  endloop
endfacet
facet normal -1.5581870727463163e-05 -0.9999999998772253 1.6596932105388302e-06
  outer loop
    vertex 4.4000038254531315 16.311887526402845 -6.619173691787337e-07
    vertex -2.2550971866703073 16.312007798871512 14.642697756763495
    vertex -2.255100446357136 16.312008343435934 -4.726949155328339e-07
  endloop
endfacet
facet normal -1.5581870727463163e-05 -0.9999999998772253 1.6596932105388302e-06
  outer loop
    vertex -2.2550971866703073 16.312007798871512 14.642697756763495
    vertex 4.4000038254531315 16.311887526402845 -6.619173691787337e-07
    vertex 2.6045373012684543 16.312004848367245 10.418277381222156
  endloop
endfacet
facet normal -1.5581870727463163e-05 -0.9999999998772253 1.6596932105388302e-06
  outer loop
    vertex 2.6045373012684543 16.312004848367245 10.418277381222156
    vertex 4.4000038254531315 16.311887526402845 -6.619173691787337e-07
    vertex 4.400004661960271 16.31188687917205 10.418276919760245
  endloop
endfacet
facet normal 2.893332432630595e-07 -1.5050639028087243e-06 0.9999999999988256
  outer loop
    vertex -11.642330939501345 9.036495488365755 10.418289849639569
    vertex -1.977181760537698 9.37400996582718 10.418289820052237
    vertex -11.679986331994924 10.333380511444732 10.418289825967378
  endloop
endfacet
facet normal 2.893332432630595e-07 -1.5050639028087243e-06 0.9999999999988256
  outer loop
    vertex -1.977181760537698 9.37400996582718 10.418289820052237
    vertex -11.642330939501345 9.036495488365755 10.418289849639569
    vertex -6.879309510576909 9.202823861769605 10.418289840722684
  endloop
endfacet
facet normal 2.893332432630595e-07 -1.5050639028087243e-06 0.9999999999988256
  outer loop
    vertex -1.977181760537698 9.37400996582718 10.418289820052237
    vertex -6.879309510576909 9.202823861769605 10.418289840722684
    vertex -4.044425859225953 9.301820180294317 10.418289835416394
  endloop
endfacet
facet normal 2.893332432630595e-07 -1.5050639028087243e-06 0.9999999999988256
  outer loop
    vertex -7.700464592534724 11.059817312977838 10.418296532971869
    vertex 2.604540018396873 11.328724056350262 10.41828918328632
    vertex -6.397702655425164e-07 11.328724960998565 10.41828987980879
  endloop
endfacet
facet normal 2.893332432630595e-07 -1.5050639028087243e-06 0.9999999999988256
  outer loop
    vertex 2.604540018396873 11.328724056350262 10.41828918328632
    vertex -7.700464592534724 11.059817312977838 10.418296532971869
    vertex 2.604546225416192 9.238724639959205 10.418287519511477
  endloop
endfacet
facet normal 2.893332432630595e-07 -1.5050639028087243e-06 0.9999999999988256
  outer loop
    vertex 2.604546225416192 9.238724639959205 10.418287519511477
    vertex -7.700464592534724 11.059817312977838 10.418296532971869
    vertex -10.75925218347515 10.665894264104388 10.418296411418435
  endloop
endfacet
facet normal 2.893332432630595e-07 -1.5050639028087243e-06 0.9999999999988256
  outer loop
    vertex 2.604546225416192 9.238724639959205 10.418287519511477
    vertex -10.75925218347515 10.665894264104388 10.418296411418435
    vertex -11.679986331994924 10.333380511444732 10.418289825967378
  endloop
endfacet
facet normal 2.893332432630595e-07 -1.5050639028087243e-06 0.9999999999988256
  outer loop
    vertex 2.604546225416192 9.238724639959205 10.418287519511477
    vertex -11.679986331994924 10.333380511444732 10.418289825967378
    vertex -1.977181760537698 9.37400996582718 10.418289820052237
  endloop
endfacet
facet normal 2.893332432630595e-07 -1.5050639028087243e-06 0.9999999999988256
  outer loop
    vertex 2.604546225416192 9.238724639959205 10.418287519511477
    vertex -1.977181760537698 9.37400996582718 10.418289820052237
    vertex -4.4026612274539185e-06 9.238725252015598 10.418289932947694
  endloop
endfacet
facet normal -1.4617391454880864e-07 0.9999999999999892 3.1607082718426055e-09
  outer loop
    vertex -5.233563922901751e-07 2.085468675428132 13.970267536476241
    vertex 1.8000038644337415 2.0854689441354686 12.200523855551488
    vertex -7.62907040408045e-07 2.085468681021756 12.200524034618939
  endloop
endfacet
facet normal -1.4617391454880864e-07 0.9999999999999892 3.1607082718426055e-09
  outer loop
    vertex 1.8000038644337415 2.0854689441354686 12.200523855551488
    vertex -5.233563922901751e-07 2.085468675428132 13.970267536476241
    vertex 1.8000041039843895 2.085468938541896 13.970267357408787
  endloop
endfacet
facet normal -3.081843280538573e-08 -0.7071072594593806 -0.7071063029133904
  outer loop
    vertex -4.115588639903026 3.0854692306919556 16.259998396614783
    vertex 2.282762464333795 2.585468959100725 16.759999070364238
    vertex -4.857015507484542 2.5854700283371406 16.75999855929016
  endloop
endfacet
facet normal -3.081843280538573e-08 -0.7071072594593806 -0.7071063029133904
  outer loop
    vertex 2.282762464333795 2.585468959100725 16.759999070364238
    vertex -4.115588639903026 3.0854692306919556 16.259998396614783
    vertex 2.7655201809687746 3.0854685431329165 16.2599990405384
  endloop
endfacet
facet normal -0.7071068076619372 -1.2149192967920004e-08 0.7071067547111566
  outer loop
    vertex -7.300699892345477 1.0763201259145204e-07 14.799144624598659
    vertex -6.528764805877575 2.0854700896236875 15.571079700816272
    vertex -7.300699888645525 1.5854700083455766 14.799144593146263
  endloop
endfacet
facet normal -0.7071068076619372 -1.2149192967920004e-08 0.7071067547111566
  outer loop
    vertex -6.528764805877575 2.0854700896236875 15.571079700816272
    vertex -7.300699892345477 1.0763201259145204e-07 14.799144624598659
    vertex -5.119846213438232 6.889719212033185e-07 16.97999840517812
  endloop
endfacet
facet normal -0.7071068076619372 -1.2149192967920004e-08 0.7071067547111566
  outer loop
    vertex -6.528764805877575 2.0854700896236875 15.571079700816272
    vertex -5.119846213438232 6.889719212033185e-07 16.97999840517812
    vertex -5.038003260475804 2.0854686085474214 17.06184147685928
  endloop
endfacet
facet normal -0.7071068076619372 -1.2149192967920004e-08 0.7071067547111566
  outer loop
    vertex -5.038003260475804 2.0854686085474214 17.06184147685928
    vertex -5.119846213438232 6.889719212033185e-07 16.97999840517812
    vertex -5.038003302268128 0.005365305778203577 17.06184130075188
  endloop
endfacet
facet normal -0.7066948049265409 0.017779786138011053 0.7072950812035417
  outer loop
    vertex -10.636206400002708 1.9165919312794595 11.418290187679164
    vertex -7.300699892345477 1.0763201259145204e-07 14.799144624598659
    vertex -10.216596651968512 2.1561806989104877 11.831521100419867
  endloop
endfacet
facet normal -0.7066948049265409 0.017779786138011053 0.7072950812035417
  outer loop
    vertex -7.300699892345477 1.0763201259145204e-07 14.799144624598659
    vertex -10.636206400002708 1.9165919312794595 11.418290187679164
    vertex -10.675047192427098 0.37278186759564247 11.41829022520872
  endloop
endfacet
facet normal 0.02371622595998327 0.8196411747312176 -0.5723861330530682
  outer loop
    vertex -6.279825067290189e-07 1.5182221299271417 11.388242605260075
    vertex -9.85402587704262 2.3705935756295173 12.200523715497306
    vertex -7.62907040408045e-07 2.085468681021756 12.200524034618939
  endloop
endfacet
facet normal 2.1791737463598072e-08 -2.0467313835312544e-07 -0.9999999999999788
  outer loop
    vertex 40.2830589446444 24.100421232054543 12.179998998375202
    vertex -9.919845364393867 29.900420505395722 12.179998482832833
    vertex 40.283058947680466 29.900421232054697 12.179999028746254
  endloop
endfacet
facet normal 2.1791737463598072e-08 -2.0467313835312544e-07 -0.9999999999999788
  outer loop
    vertex -9.919845364393867 29.900420505395722 12.179998482832833
    vertex 40.2830589446444 24.100421232054543 12.179998998375202
    vertex 0.5779139341823084 24.50042054129719 12.17999865854897
  endloop
endfacet
facet normal 2.1791737463598072e-08 -2.0467313835312544e-07 -0.9999999999999788
  outer loop
    vertex -9.919845364393867 29.900420505395722 12.179998482832833
    vertex 0.5779139341823084 24.50042054129719 12.17999865854897
    vertex -9.91984538413743 24.500420598870342 12.179998546918634
  endloop
endfacet
facet normal 2.1791737463598072e-08 -2.0467313835312544e-07 -0.9999999999999788
  outer loop
    vertex 0.5779139341823084 24.50042054129719 12.17999865854897
    vertex 40.2830589446444 24.100421232054543 12.179998998375202
    vertex 31.246020207027296 24.100421446618032 12.180000257283512
  endloop
endfacet
facet normal 2.1791737463598072e-08 -2.0467313835312544e-07 -0.9999999999999788
  outer loop
    vertex 0.5779139341823084 24.50042054129719 12.17999865854897
    vertex 31.246020207027296 24.100421446618032 12.180000257283512
    vertex 27.55981689163841 24.100421447700562 12.180000196302435
  endloop
endfacet
facet normal 2.1791737463598072e-08 -2.0467313835312544e-07 -0.9999999999999788
  outer loop
    vertex 0.5779139341823084 24.50042054129719 12.17999865854897
    vertex 27.55981689163841 24.100421447700562 12.180000196302435
    vertex 27.276609507627217 24.100421447783727 12.180000194204988
  endloop
endfacet
facet normal 2.1791737463598072e-08 -2.0467313835312544e-07 -0.9999999999999788
  outer loop
    vertex 0.5779139341823084 24.50042054129719 12.17999865854897
    vertex 23.3071988078527 24.10042144661803 12.180000131126496
    vertex 0.5779139341823084 24.100420502528063 12.179998701971671
  endloop
endfacet
facet normal 2.1791737463598072e-08 -2.0467313835312544e-07 -0.9999999999999788
  outer loop
    vertex 23.3071988078527 24.10042144661803 12.180000131126496
    vertex 0.5779139341823084 24.50042054129719 12.17999865854897
    vertex 26.99340292307366 24.100421447700562 12.180000187185776
  endloop
endfacet
facet normal 2.1791737463598072e-08 -2.0467313835312544e-07 -0.9999999999999788
  outer loop
    vertex 26.99340292307366 24.100421447700562 12.180000187185776
    vertex 0.5779139341823084 24.50042054129719 12.17999865854897
    vertex 27.276609507627217 24.100421447783727 12.180000194204988
  endloop
endfacet
facet normal 2.1791737463598072e-08 -2.0467313835312544e-07 -0.9999999999999788
  outer loop
    vertex 0.5779139341823084 24.100420502528063 12.179998701971671
    vertex 23.3071988078527 24.10042144661803 12.180000131126496
    vertex 17.116794849853584 24.100418880541213 12.180000007514197
  endloop
endfacet
facet normal 2.1791737463598072e-08 -2.0467313835312544e-07 -0.9999999999999788
  outer loop
    vertex 0.5779139341823084 24.100420502528063 12.179998701971671
    vertex 17.116794849853584 24.100418880541213 12.180000007514197
    vertex 13.430590734632736 24.10041888162371 12.179999952408831
  endloop
endfacet
facet normal 2.1791737463598072e-08 -2.0467313835312544e-07 -0.9999999999999788
  outer loop
    vertex 0.5779139341823084 24.100420502528063 12.179998701971671
    vertex 13.430590734632736 24.10041888162371 12.179999952408831
    vertex 13.147384150079144 24.100418881706876 12.17999995088735
  endloop
endfacet
facet normal 2.1791737463598072e-08 -2.0467313835312544e-07 -0.9999999999999788
  outer loop
    vertex 13.430590734632736 24.10041888162371 12.179999952408831
    vertex 13.17429218119382 24.098539592554047 12.179999949383857
    vertex 13.147384150079144 24.100418881706876 12.17999995088735
  endloop
endfacet
facet normal 2.1791737463598072e-08 -2.0467313835312544e-07 -0.9999999999999788
  outer loop
    vertex 13.17429218119382 24.098539592554047 12.179999949383857
    vertex 13.430590734632736 24.10041888162371 12.179999952408831
    vertex 13.201200212099765 24.09290171941105 12.179999949013077
  endloop
endfacet
facet normal 2.1791737463598072e-08 -2.0467313835312544e-07 -0.9999999999999788
  outer loop
    vertex 13.201200212099765 24.09290171941105 12.179999949013077
    vertex 13.430590734632736 24.10041888162371 12.179999952408831
    vertex 13.228108243005641 24.083505264172704 12.179999948140244
  endloop
endfacet
facet normal 2.1791737463598072e-08 -2.0467313835312544e-07 -0.9999999999999788
  outer loop
    vertex 13.228108243005641 24.083505264172704 12.179999948140244
    vertex 13.430590734632736 24.10041888162371 12.179999952408831
    vertex 13.255016273911512 24.070350226839 12.17999994676549
  endloop
endfacet
facet normal 2.1791737463598072e-08 -2.0467313835312544e-07 -0.9999999999999788
  outer loop
    vertex 13.255016273911512 24.070350226839 12.17999994676549
    vertex 13.430590734632736 24.10041888162371 12.179999952408831
    vertex 13.281924304817444 24.05343660741 12.179999944888687
  endloop
endfacet
facet normal 2.1791737463598072e-08 -2.0467313835312544e-07 -0.9999999999999788
  outer loop
    vertex 13.281924304817444 24.05343660741 12.179999944888687
    vertex 13.430590734632736 24.10041888162371 12.179999952408831
    vertex 13.308832335723388 24.032764405885647 12.179999942509953
  endloop
endfacet
facet normal 2.1791737463598072e-08 -2.0467313835312544e-07 -0.9999999999999788
  outer loop
    vertex 13.308832335723388 24.032764405885647 12.179999942509953
    vertex 13.430590734632736 24.10041888162371 12.179999952408831
    vertex 13.335740366629302 24.008333622265916 12.179999939629212
  endloop
endfacet
facet normal 2.1791737463598072e-08 -2.0467313835312544e-07 -0.9999999999999788
  outer loop
    vertex 13.335740366629302 24.008333622265916 12.179999939629212
    vertex 13.430590734632736 24.10041888162371 12.179999952408831
    vertex 13.36264839753528 23.980144256550883 12.179999936246562
  endloop
endfacet
facet normal 2.1791737463598072e-08 -2.0467313835312544e-07 -0.9999999999999788
  outer loop
    vertex 13.36264839753528 23.980144256550883 12.179999936246562
    vertex 13.430590734632736 24.10041888162371 12.179999952408831
    vertex 13.38955642844114 23.948196308740524 12.179999932361829
  endloop
endfacet
facet normal 2.1791737463598072e-08 -2.0467313835312544e-07 -0.9999999999999788
  outer loop
    vertex 13.38955642844114 23.948196308740524 12.179999932361829
    vertex 13.430590734632736 24.10041888162371 12.179999952408831
    vertex 13.4164644593471 23.912489778834786 12.179999927975214
  endloop
endfacet
facet normal 2.1791737463598072e-08 -2.0467313835312544e-07 -0.9999999999999788
  outer loop
    vertex 13.4164644593471 23.912489778834786 12.179999927975214
    vertex 13.430590734632736 24.10041888162371 12.179999952408831
    vertex 13.430590734571734 23.89275672146462 12.17999992552581
  endloop
endfacet
facet normal 2.1791737463598072e-08 -2.0467313835312544e-07 -0.9999999999999788
  outer loop
    vertex 13.120476119381973 24.098539592554047 12.179999948715247
    vertex 12.864176766067976 24.10041888162371 12.179999944444113
    vertex 13.147384150079144 24.100418881706876 12.17999995088735
  endloop
endfacet
facet normal 2.1791737463598072e-08 -2.0467313835312544e-07 -0.9999999999999788
  outer loop
    vertex 12.864176766067976 24.10041888162371 12.179999944444113
    vertex 13.120476119381973 24.098539592554047 12.179999948715247
    vertex 13.093568088476014 24.09290171941105 12.17999994755686
  endloop
endfacet
facet normal 2.1791737463598072e-08 -2.0467313835312544e-07 -0.9999999999999788
  outer loop
    vertex 12.864176766067976 24.10041888162371 12.179999944444113
    vertex 13.093568088476014 24.09290171941105 12.17999994755686
    vertex 13.066660057570068 24.083505264172704 12.179999945891463
  endloop
endfacet
facet normal 2.1791737463598072e-08 -2.0467313835312544e-07 -0.9999999999999788
  outer loop
    vertex 12.864176766067976 24.10041888162371 12.179999944444113
    vertex 13.066660057570068 24.083505264172704 12.179999945891463
    vertex 13.039752026664239 24.070350226839 12.179999943719151
  endloop
endfacet
facet normal 2.1791737463598072e-08 -2.0467313835312544e-07 -0.9999999999999788
  outer loop
    vertex 12.864176766067976 24.10041888162371 12.179999944444113
    vertex 13.039752026664239 24.070350226839 12.179999943719151
    vertex 13.012843995758306 24.05343660741 12.179999941039727
  endloop
endfacet
facet normal 2.1791737463598072e-08 -2.0467313835312544e-07 -0.9999999999999788
  outer loop
    vertex 12.864176766067976 24.10041888162371 12.179999944444113
    vertex 13.012843995758306 24.05343660741 12.179999941039727
    vertex 12.985935964852374 24.032764405885647 12.179999937853335
  endloop
endfacet
facet normal 2.1791737463598072e-08 -2.0467313835312544e-07 -0.9999999999999788
  outer loop
    vertex 12.864176766067976 24.10041888162371 12.179999944444113
    vertex 12.985935964852374 24.032764405885647 12.179999937853335
    vertex 12.959027933946459 24.008333622265916 12.179999934159897
  endloop
endfacet
facet normal 2.1791737463598072e-08 -2.0467313835312544e-07 -0.9999999999999788
  outer loop
    vertex 12.864176766067976 24.10041888162371 12.179999944444113
    vertex 12.959027933946459 24.008333622265916 12.179999934159897
    vertex 12.932119903040498 23.98014425655088 12.179999929959562
  endloop
endfacet
facet normal 2.1791737463598072e-08 -2.0467313835312544e-07 -0.9999999999999788
  outer loop
    vertex 12.864176766067976 24.10041888162371 12.179999944444113
    vertex 12.932119903040498 23.98014425655088 12.179999929959562
    vertex 12.905211872134565 23.948196308740524 12.179999925252167
  endloop
endfacet
facet normal 2.1791737463598072e-08 -2.0467313835312544e-07 -0.9999999999999788
  outer loop
    vertex 12.864176766067976 24.10041888162371 12.179999944444113
    vertex 12.905211872134565 23.948196308740524 12.179999925252167
    vertex 12.878303841228679 23.912489778834786 12.179999920037735
  endloop
endfacet
facet normal 2.1791737463598072e-08 -2.0467313835312544e-07 -0.9999999999999788
  outer loop
    vertex 12.864176766067976 24.10041888162371 12.179999944444113
    vertex 12.878303841228679 23.912489778834786 12.179999920037735
    vertex 12.864176766067992 23.892756721464618 12.179999917435875
  endloop
endfacet
facet normal 2.1791737463598072e-08 -2.0467313835312544e-07 -0.9999999999999788
  outer loop
    vertex 13.147384150079144 24.100418881706876 12.17999995088735
    vertex 9.17797345067907 24.10041888054126 12.17999989426051
    vertex 0.5779139341823084 24.100420502528063 12.179998701971671
  endloop
endfacet
facet normal 2.1791737463598072e-08 -2.0467313835312544e-07 -0.9999999999999788
  outer loop
    vertex 9.17797345067907 24.10041888054126 12.17999989426051
    vertex 13.147384150079144 24.100418881706876 12.17999995088735
    vertex 12.864176766067976 24.10041888162371 12.179999944444113
  endloop
endfacet
facet normal 2.1791737463598072e-08 -2.0467313835312544e-07 -0.9999999999999788
  outer loop
    vertex 27.55981689163841 24.100421447700562 12.180000196302435
    vertex 27.30351753832442 24.09854215863088 12.18000019311242
    vertex 27.276609507627217 24.100421447783727 12.180000194204988
  endloop
endfacet
facet normal 2.1791737463598072e-08 -2.0467313835312544e-07 -0.9999999999999788
  outer loop
    vertex 27.30351753832442 24.09854215863088 12.18000019311242
    vertex 27.55981689163841 24.100421447700562 12.180000196302435
    vertex 27.330425569230332 24.0929042854879 12.180000193569652
  endloop
endfacet
facet normal 2.1791737463598072e-08 -2.0467313835312544e-07 -0.9999999999999788
  outer loop
    vertex 27.330425569230332 24.0929042854879 12.180000193569652
    vertex 27.55981689163841 24.100421447700562 12.180000196302435
    vertex 27.357333600136258 24.08350783024954 12.180000194056017
  endloop
endfacet
facet normal 2.1791737463598072e-08 -2.0467313835312544e-07 -0.9999999999999788
  outer loop
    vertex 27.357333600136258 24.08350783024954 12.180000194056017
    vertex 27.55981689163841 24.100421447700562 12.180000196302435
    vertex 27.38424163104216 24.070352792915862 12.180000194571523
  endloop
endfacet
facet normal 2.1791737463598072e-08 -2.0467313835312544e-07 -0.9999999999999788
  outer loop
    vertex 27.38424163104216 24.070352792915862 12.180000194571523
    vertex 27.55981689163841 24.100421447700562 12.180000196302435
    vertex 27.411149661948095 24.053439173486858 12.18000019511611
  endloop
endfacet
facet normal 2.1791737463598072e-08 -2.0467313835312544e-07 -0.9999999999999788
  outer loop
    vertex 27.411149661948095 24.053439173486858 12.18000019511611
    vertex 27.55981689163841 24.100421447700562 12.180000196302435
    vertex 27.438057692854024 24.03276697196251 12.180000195689798
  endloop
endfacet
facet normal 2.1791737463598072e-08 -2.0467313835312544e-07 -0.9999999999999788
  outer loop
    vertex 27.438057692854024 24.03276697196251 12.180000195689798
    vertex 27.55981689163841 24.100421447700562 12.180000196302435
    vertex 27.46496572375996 24.008336188342778 12.180000196292614
  endloop
endfacet
facet normal 2.1791737463598072e-08 -2.0467313835312544e-07 -0.9999999999999788
  outer loop
    vertex 27.46496572375996 24.008336188342778 12.180000196292614
    vertex 27.55981689163841 24.100421447700562 12.180000196302435
    vertex 27.49187375466587 23.980146822627727 12.18000019692456
  endloop
endfacet
facet normal 2.1791737463598072e-08 -2.0467313835312544e-07 -0.9999999999999788
  outer loop
    vertex 27.49187375466587 23.980146822627727 12.18000019692456
    vertex 27.55981689163841 24.100421447700562 12.180000196302435
    vertex 27.518781785571804 23.948198874817383 12.180000197585596
  endloop
endfacet
facet normal 2.1791737463598072e-08 -2.0467313835312544e-07 -0.9999999999999788
  outer loop
    vertex 27.518781785571804 23.948198874817383 12.180000197585596
    vertex 27.55981689163841 24.100421447700562 12.180000196302435
    vertex 27.54568981647771 23.91249234491163 12.180000198275756
  endloop
endfacet
facet normal 2.1791737463598072e-08 -2.0467313835312544e-07 -0.9999999999999788
  outer loop
    vertex 27.54568981647771 23.91249234491163 12.180000198275756
    vertex 27.55981689163841 24.100421447700562 12.180000196302435
    vertex 27.55981689163841 23.892759287541462 12.18000019891454
  endloop
endfacet
facet normal 2.1791737463598072e-08 -2.0467313835312544e-07 -0.9999999999999788
  outer loop
    vertex 27.249701476512563 24.09854215863088 12.180000192158131
    vertex 26.99340292307366 24.100421447700562 12.180000187185776
    vertex 27.276609507627217 24.100421447783727 12.180000194204988
  endloop
endfacet
facet normal 2.1791737463598072e-08 -2.0467313835312544e-07 -0.9999999999999788
  outer loop
    vertex 26.99340292307366 24.100421447700562 12.180000187185776
    vertex 27.249701476512563 24.09854215863088 12.180000192158131
    vertex 27.222793445606637 24.0929042854879 12.180000191779996
  endloop
endfacet
facet normal 2.1791737463598072e-08 -2.0467313835312544e-07 -0.9999999999999788
  outer loop
    vertex 26.99340292307366 24.100421447700562 12.180000187185776
    vertex 27.222793445606637 24.0929042854879 12.180000191779996
    vertex 27.195885414700726 24.08350783024954 12.180000191435992
  endloop
endfacet
facet normal 2.1791737463598072e-08 -2.0467313835312544e-07 -0.9999999999999788
  outer loop
    vertex 26.99340292307366 24.100421447700562 12.180000187185776
    vertex 27.195885414700726 24.08350783024954 12.180000191435992
    vertex 27.168977383794804 24.070352792915862 12.180000191126156
  endloop
endfacet
facet normal 2.1791737463598072e-08 -2.0467313835312544e-07 -0.9999999999999788
  outer loop
    vertex 26.99340292307366 24.100421447700562 12.180000187185776
    vertex 27.168977383794804 24.070352792915862 12.180000191126156
    vertex 27.14206935288889 24.053439173486858 12.180000190850462
  endloop
endfacet
facet normal 2.1791737463598072e-08 -2.0467313835312544e-07 -0.9999999999999788
  outer loop
    vertex 26.99340292307366 24.100421447700562 12.180000187185776
    vertex 27.14206935288889 24.053439173486858 12.180000190850462
    vertex 27.115161321982956 24.03276697196251 12.180000190608865
  endloop
endfacet
facet normal 2.1791737463598072e-08 -2.0467313835312544e-07 -0.9999999999999788
  outer loop
    vertex 26.99340292307366 24.100421447700562 12.180000187185776
    vertex 27.115161321982956 24.03276697196251 12.180000190608865
    vertex 27.08825329107704 24.008336188342778 12.180000190401445
  endloop
endfacet
facet normal 2.1791737463598072e-08 -2.0467313835312544e-07 -0.9999999999999788
  outer loop
    vertex 26.99340292307366 24.100421447700562 12.180000187185776
    vertex 27.08825329107704 24.008336188342778 12.180000190401445
    vertex 27.061345260171116 23.980146822627727 12.18000019022813
  endloop
endfacet
facet normal 2.1791737463598072e-08 -2.0467313835312544e-07 -0.9999999999999788
  outer loop
    vertex 26.99340292307366 24.100421447700562 12.180000187185776
    vertex 27.061345260171116 23.980146822627727 12.18000019022813
    vertex 27.0344372292652 23.948198874817383 12.180000190088958
  endloop
endfacet
facet normal 2.1791737463598072e-08 -2.0467313835312544e-07 -0.9999999999999788
  outer loop
    vertex 26.99340292307366 24.100421447700562 12.180000187185776
    vertex 27.0344372292652 23.948198874817383 12.180000190088958
    vertex 27.00752919835927 23.91249234491163 12.180000189983913
  endloop
endfacet
facet normal 2.1791737463598072e-08 -2.0467313835312544e-07 -0.9999999999999788
  outer loop
    vertex 26.99340292307366 24.100421447700562 12.180000187185776
    vertex 27.00752919835927 23.91249234491163 12.180000189983913
    vertex 26.99340292313464 23.892759287541462 12.180000189923145
  endloop
endfacet
facet normal -0.7194017292169942 0.6945942355070307 -4.45857064258188e-08
  outer loop
    vertex 1.8000039975949078 2.0854680778810417 -3.4346708834912275e-07
    vertex 3.2000030020433146 3.5354685332749107 9.900652473404241
    vertex 3.2000033837564086 3.5354680778811236 -3.394667110684887e-07
  endloop
endfacet
facet normal -0.7194017292169942 0.6945942355070307 -4.45857064258188e-08
  outer loop
    vertex 3.2000030020433146 3.5354685332749107 9.900652473404241
    vertex 1.8000039975949078 2.0854680778810417 -3.4346708834912275e-07
    vertex 1.8000037957826218 2.085467624420161 10.618290225505257
  endloop
endfacet
facet normal -0.7194017292169942 0.6945942355070307 -4.45857064258188e-08
  outer loop
    vertex 3.2000030020433146 3.5354685332749107 9.900652473404241
    vertex 1.8000037957826218 2.085467624420161 10.618290225505257
    vertex 2.7655202108761325 3.0854683316910854 10.278342113670602
  endloop
endfacet
facet normal -0.7194017292169942 0.6945942355070307 -4.45857064258188e-08
  outer loop
    vertex 2.7655202108761325 3.0854683316910854 10.278342113670602
    vertex 1.8000037957826218 2.085467624420161 10.618290225505257
    vertex 2.7655201809687746 3.0854685431329165 16.2599990405384
  endloop
endfacet
facet normal -0.7194017292169942 0.6945942355070307 -4.45857064258188e-08
  outer loop
    vertex 2.7655201809687746 3.0854685431329165 16.2599990405384
    vertex 1.8000037957826218 2.085467624420161 10.618290225505257
    vertex 1.8000038644337415 2.0854689441354686 12.200523855551488
  endloop
endfacet
facet normal -0.7194017292169942 0.6945942355070307 -4.45857064258188e-08
  outer loop
    vertex 1.8000038644337415 2.0854689441354686 12.200523855551488
    vertex 1.8000037957826218 2.085467624420161 10.618290225505257
    vertex 1.2523186523637257 1.5182222838841648 11.388242458944404
  endloop
endfacet
facet normal -0.7194017292169942 0.6945942355070307 -4.45857064258188e-08
  outer loop
    vertex 2.7655201809687746 3.0854685431329165 16.2599990405384
    vertex 1.8000038644337415 2.0854689441354686 12.200523855551488
    vertex 1.8000041039843895 2.085468938541896 13.970267357408787
  endloop
endfacet
facet normal -0.7194017292169942 0.6945942355070307 -4.45857064258188e-08
  outer loop
    vertex 2.7655201809687746 3.0854685431329165 16.2599990405384
    vertex 1.8000041039843895 2.085468938541896 13.970267357408787
    vertex 1.317245809584522 1.5854688086142028 14.770673620698886
  endloop
endfacet
facet normal -0.7194017292169942 0.6945942355070307 -4.45857064258188e-08
  outer loop
    vertex 2.7655201809687746 3.0854685431329165 16.2599990405384
    vertex 1.317245809584522 1.5854688086142028 14.770673620698886
    vertex 1.8000039807189847 2.0854688711193794 15.571079801947729
  endloop
endfacet
facet normal -0.7194017292169942 0.6945942355070307 -4.45857064258188e-08
  outer loop
    vertex 2.7655201809687746 3.0854685431329165 16.2599990405384
    vertex 1.8000039807189847 2.0854688711193794 15.571079801947729
    vertex 1.8000040532664294 2.085468909167388 16.259999040089124
  endloop
endfacet
facet normal -0.7194017292169942 0.6945942355070307 -4.45857064258188e-08
  outer loop
    vertex 2.7655201809687746 3.0854685431329165 16.2599990405384
    vertex 1.8000040532664294 2.085468909167388 16.259999040089124
    vertex 2.282762464333795 2.585468959100725 16.759999070364238
  endloop
endfacet
facet normal 7.185219163916794e-07 0.8050989840205272 0.5931404773985658
  outer loop
    vertex -6.279825067290189e-07 1.5182221299271417 11.388242605260075
    vertex 1.8000037957826218 2.085467624420161 10.618290225505257
    vertex -6.768168025361731e-07 2.085470324063304 10.618289840691604
  endloop
endfacet
facet normal 7.185219163916794e-07 0.8050989840205272 0.5931404773985658
  outer loop
    vertex 1.8000037957826218 2.085467624420161 10.618290225505257
    vertex -6.279825067290189e-07 1.5182221299271417 11.388242605260075
    vertex 1.2523186523637257 1.5182222838841648 11.388242458944404
  endloop
endfacet
facet normal -9.991980674937433e-08 -0.9999999999999942 3.5348370865626424e-08
  outer loop
    vertex 2.7655201809687746 3.0854685431329165 16.2599990405384
    vertex -4.115588639903026 3.0854692306919556 16.259998396614783
    vertex 2.7655202108761325 3.0854683316910854 10.278342113670602
  endloop
endfacet
facet normal 0.03489966969788866 -0.9993908209779486 8.740838624776577e-09
  outer loop
    vertex -5.15737435047292e-07 22.014950112402666 -9.7739138802884e-07
    vertex -2.6374064091085936 21.92284904140305 1.4078760872474054
    vertex -4.0444258698552815 21.873714804855226 -1.0101185492659454e-06
  endloop
endfacet
facet normal 0.03489966969788866 -0.9993908209779486 8.740838624776577e-09
  outer loop
    vertex -2.6374064091085936 21.92284904140305 1.4078760872474054
    vertex -5.15737435047292e-07 22.014950112402666 -9.7739138802884e-07
    vertex -2.6374064062151095 21.92284911058968 4.244487725765684
  endloop
endfacet
facet normal 0.03489966969788866 -0.9993908209779486 8.740838624776577e-09
  outer loop
    vertex -2.6374064062151095 21.92284911058968 4.244487725765684
    vertex -5.15737435047292e-07 22.014950112402666 -9.7739138802884e-07
    vertex -2.637406401352214 21.922849226833616 9.010412427247353
  endloop
endfacet
facet normal 0.03489966969788866 -0.9993908209779486 8.740838624776577e-09
  outer loop
    vertex -2.637406401352214 21.922849226833616 9.010412427247353
    vertex -6.037751699716765e-07 22.01494992607966 10.418289522311005
    vertex -4.044425859226008 21.873715058963676 10.418289529881307
  endloop
endfacet
facet normal 0.03489966969788866 -0.9993908209779486 8.740838624776577e-09
  outer loop
    vertex -6.037751699716765e-07 22.01494992607966 10.418289522311005
    vertex -2.637406401352214 21.922849226833616 9.010412427247353
    vertex -5.15737435047292e-07 22.014950112402666 -9.7739138802884e-07
  endloop
endfacet
facet normal -1.0 1.9227278735678643e-09 -7.116516693961321e-09
  outer loop
    vertex -5.038003260475804 2.0854686085474214 17.06184147685928
    vertex -5.038003313895982 3.085470363682371 17.061841246080338
    vertex -5.038003257571666 2.085468606378185 16.759999208466173
  endloop
endfacet
facet normal -1.0 1.9227278735678643e-09 -7.116516693961321e-09
  outer loop
    vertex -5.038003283684409 0.010267207442356473 17.136629840294002
    vertex -5.038003260475804 2.0854686085474214 17.06184147685928
    vertex -5.038003302268128 0.005365305778203577 17.06184130075188
  endloop
endfacet
facet normal -1.0 1.9227278735678643e-09 -7.116516693961321e-09
  outer loop
    vertex -5.038003260475804 2.0854686085474214 17.06184147685928
    vertex -5.038003283684409 0.010267207442356473 17.136629840294002
    vertex -5.038003227856417 29.890154057950973 17.136630010713922
  endloop
endfacet
facet normal -1.0 1.9227278735678643e-09 -7.116516693961321e-09
  outer loop
    vertex -5.038003227856417 29.890154057950973 17.136630010713922
    vertex -5.038003283684409 0.010267207442356473 17.136629840294002
    vertex -5.03800322933764 29.859531216340347 17.290581435014726
  endloop
endfacet
facet normal -1.0 1.9227278735678643e-09 -7.116516693961321e-09
  outer loop
    vertex -5.03800322933764 29.859531216340347 17.290581435014726
    vertex -5.038003283684409 0.010267207442356473 17.136629840294002
    vertex -5.038003285165598 0.04089005322574657 17.290581263551786
  endloop
endfacet
facet normal -1.0 1.9227278735678643e-09 -7.116516693961321e-09
  outer loop
    vertex -5.03800322933764 29.859531216340347 17.290581435014726
    vertex -5.038003285165598 0.04089005322574657 17.290581263551786
    vertex -5.038003230767711 29.809075664342085 17.439218700682215
  endloop
endfacet
facet normal -1.0 1.9227278735678643e-09 -7.116516693961321e-09
  outer loop
    vertex -5.038003230767711 29.809075664342085 17.439218700682215
    vertex -5.038003285165598 0.04089005322574657 17.290581263551786
    vertex -5.038003286595716 0.09134560927017565 17.43921852762513
  endloop
endfacet
facet normal -1.0 1.9227278735678643e-09 -7.116516693961321e-09
  outer loop
    vertex -5.038003230767711 29.809075664342085 17.439218700682215
    vertex -5.038003286595716 0.09134560927017565 17.43921852762513
    vertex -5.038003232122182 29.739650710425796 17.579998582932078
  endloop
endfacet
facet normal -1.0 1.9227278735678643e-09 -7.116516693961321e-09
  outer loop
    vertex -5.038003232122182 29.739650710425796 17.579998582932078
    vertex -5.038003286595716 0.09134560927017565 17.43921852762513
    vertex -5.038003287950202 0.16077056703279785 17.579998407745215
  endloop
endfacet
facet normal -1.0 1.9227278735678643e-09 -7.116516693961321e-09
  outer loop
    vertex -5.038003232122182 29.739650710425796 17.579998582932078
    vertex -5.038003287950202 0.16077056703279785 17.579998407745215
    vertex -5.038003233377895 29.65244423478195 17.710512298986487
  endloop
endfacet
facet normal -1.0 1.9227278735678643e-09 -7.116516693961321e-09
  outer loop
    vertex -5.038003233377895 29.65244423478195 17.710512298986487
    vertex -5.038003287950202 0.16077056703279785 17.579998407745215
    vertex -5.038003289205908 0.24797704625184983 17.710512121159482
  endloop
endfacet
facet normal -1.0 1.9227278735678643e-09 -7.116516693961321e-09
  outer loop
    vertex -5.038003233377895 29.65244423478195 17.710512298986487
    vertex -5.038003289205908 0.24797704625184983 17.710512121159482
    vertex -5.038003234513369 29.54894836436276 17.82852672301482
  endloop
endfacet
facet normal -1.0 1.9227278735678643e-09 -7.116516693961321e-09
  outer loop
    vertex -5.038003234513369 29.54894836436276 17.82852672301482
    vertex -5.038003289205908 0.24797704625184983 17.710512121159482
    vertex -5.038003290341371 0.3514729199069442 17.828526542072098
  endloop
endfacet
facet normal -1.0 1.9227278735678643e-09 -7.116516693961321e-09
  outer loop
    vertex -5.038003234513369 29.54894836436276 17.82852672301482
    vertex -5.038003290341371 0.3514729199069442 17.828526542072098
    vertex -5.038003235509115 29.430933942176928 17.932022595534896
  endloop
endfacet
facet normal -1.0 1.9227278735678643e-09 -7.116516693961321e-09
  outer loop
    vertex -5.038003235509115 29.430933942176928 17.932022595534896
    vertex -5.038003290341371 0.3514729199069442 17.828526542072098
    vertex -5.038003291337158 0.4694873449258899 17.932022411044795
  endloop
endfacet
facet normal -1.0 1.9227278735678643e-09 -7.116516693961321e-09
  outer loop
    vertex -5.038003235509115 29.430933942176928 17.932022595534896
    vertex -5.038003291337158 0.4694873449258899 17.932022411044795
    vertex -5.038003236348157 29.300420227674923 18.01922907350218
  endloop
endfacet
facet normal -1.0 1.9227278735678643e-09 -7.116516693961321e-09
  outer loop
    vertex -5.038003236348157 29.300420227674923 18.01922907350218
    vertex -5.038003291337158 0.4694873449258899 17.932022411044795
    vertex -5.03800329217617 0.600001061800219 18.019228885085518
  endloop
endfacet
facet normal -1.0 1.9227278735678643e-09 -7.116516693961321e-09
  outer loop
    vertex -5.038003236348157 29.300420227674923 18.01922907350218
    vertex -5.03800329217617 0.600001061800219 18.019228885085518
    vertex -5.038003237016115 29.15964034666103 18.08865402992468
  endloop
endfacet
facet normal -1.0 1.9227278735678643e-09 -7.116516693961321e-09
  outer loop
    vertex -5.038003237016115 29.15964034666103 18.08865402992468
    vertex -5.03800329217617 0.600001061800219 18.019228885085518
    vertex -5.038003292844157 0.7407809446748064 18.088653837262502
  endloop
endfacet
facet normal -1.0 1.9227278735678643e-09 -7.116516693961321e-09
  outer loop
    vertex -5.038003237016115 29.15964034666103 18.08865402992468
    vertex -5.038003292844157 0.7407809446748064 18.088653837262502
    vertex -5.038003237501529 29.011003081891765 18.139109584569002
  endloop
endfacet
facet normal -1.0 1.9227278735678643e-09 -7.116516693961321e-09
  outer loop
    vertex -5.038003237501529 29.011003081891765 18.139109584569002
    vertex -5.038003292844157 0.7407809446748064 18.088653837262502
    vertex -5.038003293329599 0.8894182107500775 18.139109387409544
  endloop
endfacet
facet normal -1.0 1.9227278735678643e-09 -7.116516693961321e-09
  outer loop
    vertex -5.038003237501529 29.011003081891765 18.139109584569002
    vertex -5.038003293329599 0.8894182107500775 18.139109387409544
    vertex -5.0380032377962 28.857051658136108 18.169732428920316
  endloop
endfacet
facet normal -1.0 1.9227278735678643e-09 -7.116516693961321e-09
  outer loop
    vertex -5.0380032377962 28.857051658136108 18.169732428920316
    vertex -5.038003293329599 0.8894182107500775 18.139109387409544
    vertex -5.038003293624205 1.043369635222838 18.169732227084687
  endloop
endfacet
facet normal -1.0 1.9227278735678643e-09 -7.116516693961321e-09
  outer loop
    vertex -5.0380032377962 28.857051658136108 18.169732428920316
    vertex -5.038003293624205 1.043369635222838 18.169732227084687
    vertex -5.038003237894953 28.700420226895165 18.17999859762999
  endloop
endfacet
facet normal -1.0 1.9227278735678643e-09 -7.116516693961321e-09
  outer loop
    vertex -5.038003237894953 28.700420226895165 18.17999859762999
    vertex -5.038003293624205 1.043369635222838 18.169732227084687
    vertex -5.038003293722972 1.2000010665675178 18.17999839101692
  endloop
endfacet
facet normal -1.0 1.9227278735678643e-09 -7.116516693961321e-09
  outer loop
    vertex -5.038003260475866 22.01495074584939 17.061840992512554
    vertex -5.038003227856417 29.890154057950973 17.136630010713922
    vertex -5.038003227130584 29.895055998437773 17.061840847837594
  endloop
endfacet
facet normal -1.0 1.9227278735678643e-09 -7.116516693961321e-09
  outer loop
    vertex -5.038003227856417 29.890154057950973 17.136630010713922
    vertex -5.038003260475866 22.01495074584939 17.061840992512554
    vertex -5.038003313895982 3.085470363682371 17.061841246080338
  endloop
endfacet
facet normal -1.0 1.9227278735678643e-09 -7.116516693961321e-09
  outer loop
    vertex -5.038003227856417 29.890154057950973 17.136630010713922
    vertex -5.038003313895982 3.085470363682371 17.061841246080338
    vertex -5.038003260475804 2.0854686085474214 17.06184147685928
  endloop
endfacet
facet normal 0.02966396793227329 0.8047441906297261 0.5928801199688012
  outer loop
    vertex -6.279825067290189e-07 1.5182221299271417 11.388242605260075
    vertex -6.768168025361731e-07 2.085470324063304 10.618289840691604
    vertex -11.392149345518327 2.4832935828181344 10.648296541554922
  endloop
endfacet
facet normal 1.8539114374217486e-07 0.9999999999995236 9.582355183245742e-07
  outer loop
    vertex -6.528764805877575 2.0854700896236875 15.571079700816272
    vertex -4.115588639902064 2.0854736864548347 16.25999712335022
    vertex 1.8000039807189847 2.0854688711193794 15.571079801947729
  endloop
endfacet
facet normal 1.8539114374217486e-07 0.9999999999995236 9.582355183245742e-07
  outer loop
    vertex -4.115588639902064 2.0854736864548347 16.25999712335022
    vertex -6.528764805877575 2.0854700896236875 15.571079700816272
    vertex -5.038003257571666 2.085468606378185 16.759999208466173
  endloop
endfacet
facet normal 1.8539114374217486e-07 0.9999999999995236 9.582355183245742e-07
  outer loop
    vertex 1.8000039807189847 2.0854688711193794 15.571079801947729
    vertex -4.115588639902064 2.0854736864548347 16.25999712335022
    vertex 1.8000040532664294 2.085468909167388 16.259999040089124
  endloop
endfacet
facet normal 1.8539114374217486e-07 0.9999999999995236 9.582355183245742e-07
  outer loop
    vertex -5.038003260475804 2.0854686085474214 17.06184147685928
    vertex -5.038003257571666 2.085468606378185 16.759999208466173
    vertex -6.528764805877575 2.0854700896236875 15.571079700816272
  endloop
endfacet
facet normal 0.03232177197170188 0.8198510527942928 0.5716638472815113
  outer loop
    vertex -6.279825067290189e-07 1.5182221299271417 11.388242605260075
    vertex -11.392149345518327 2.4832935828181344 10.648296541554922
    vertex -10.636206400002708 1.9165919312794595 11.418290187679164
  endloop
endfacet
facet normal -0.7119358623208041 -0.02067111748728331 -0.7019401917851406
  outer loop
    vertex -13.029035261826412 8.98807048692431 1.4078764124726058
    vertex -11.679986093335248 10.33338029531712 -7.140326385254057e-07
    vertex -11.642330950130605 9.036495234257416 -6.903604546766593e-07
  endloop
endfacet
facet normal -6.282010644092327e-08 0.8481191688297447 0.5298055072038598
  outer loop
    vertex 1.317245809584522 1.5854688086142028 14.770673620698886
    vertex -5.233563922901751e-07 2.085468675428132 13.970267536476241
    vertex -5.849890439391103e-07 1.58546864171694 14.77067377089723
  endloop
endfacet
facet normal -6.282010644092327e-08 0.8481191688297447 0.5298055072038598
  outer loop
    vertex -5.233563922901751e-07 2.085468675428132 13.970267536476241
    vertex 1.317245809584522 1.5854688086142028 14.770673620698886
    vertex 1.8000041039843895 2.085468938541896 13.970267357408787
  endloop
endfacet
facet normal 0.030391575083324126 0.850992594631008 -0.5242975834839787
  outer loop
    vertex -10.216596651968512 2.1561806989104877 11.831521100419867
    vertex -6.279825067290189e-07 1.5182221299271417 11.388242605260075
    vertex -10.636206400002708 1.9165919312794595 11.418290187679164
  endloop
endfacet
facet normal 0.030391575083324126 0.850992594631008 -0.5242975834839787
  outer loop
    vertex -6.279825067290189e-07 1.5182221299271417 11.388242605260075
    vertex -10.216596651968512 2.1561806989104877 11.831521100419867
    vertex -9.85402587704262 2.3705935756295173 12.200523715497306
  endloop
endfacet
facet normal 4.1850539582109937e-07 0.7071086293876088 -0.7071049329805317
  outer loop
    vertex 2.282762464333795 2.585468959100725 16.759999070364238
    vertex -4.115588639902064 2.0854736864548347 16.25999712335022
    vertex -4.857015507484542 2.5854700283371406 16.75999855929016
  endloop
endfacet
facet normal 4.1850539582109937e-07 0.7071086293876088 -0.7071049329805317
  outer loop
    vertex -4.115588639902064 2.0854736864548347 16.25999712335022
    vertex 2.282762464333795 2.585468959100725 16.759999070364238
    vertex 1.8000040532664294 2.085468909167388 16.259999040089124
  endloop
endfacet
facet normal -8.282026341305445e-16 -0.9999999999999998 1.874207838170607e-08
  outer loop
    vertex 18.141055138695172 16.565656230191248 -1.9249962786544824e-07
    vertex 15.992161779156415 16.565656248933255 0.9999998088374407
    vertex 15.992161778534207 16.565656230191255 -1.911625612821722e-07
  endloop
endfacet
facet normal -8.282026341305445e-16 -0.9999999999999998 1.874207838170607e-08
  outer loop
    vertex 15.992161779156415 16.565656248933255 0.9999998088374407
    vertex 18.141055138695172 16.565656230191248 -1.9249962786544824e-07
    vertex 18.141055139317373 16.565656248933294 0.999999807500374
  endloop
endfacet
facet normal 0.9939653635505697 0.10969437570715986 -2.6743570188156517e-09
  outer loop
    vertex 15.992161779156415 16.565656248933255 0.9999998088374407
    vertex 16.287936426421574 13.885575747293823 -1.4111631840818716e-07
    vertex 15.992161778534207 16.565656230191255 -1.911625612821722e-07
  endloop
endfacet
facet normal 0.9939653635505697 0.10969437570715986 -2.6743570188156517e-09
  outer loop
    vertex 16.287936426421574 13.885575747293823 -1.4111631840818716e-07
    vertex 15.992161779156415 16.565656248933255 0.9999998088374407
    vertex 16.28793642704379 13.885575766035876 0.9999998588836835
  endloop
endfacet
facet normal -0.9949031845834971 0.10083478222129426 -1.270823622562986e-09
  outer loop
    vertex 17.869425360023232 13.885575747293826 -1.4210033936178865e-07
    vertex 18.141055139317373 16.565656248933294 0.999999807500374
    vertex 18.141055138695172 16.565656230191248 -1.9249962786544824e-07
  endloop
endfacet
facet normal -0.9949031845834971 0.10083478222129426 -1.270823622562986e-09
  outer loop
    vertex 18.141055139317373 16.565656248933294 0.999999807500374
    vertex 17.869425360023232 13.885575747293826 -1.4210033936178865e-07
    vertex 17.86942536064539 13.88557576603588 0.9999998578996615
  endloop
endfacet
facet normal 1.1383869129557184e-08 0.7071067804220259 -0.7071067819510689
  outer loop
    vertex 39.11415959461189 6.857672007124572 4.505206031503582
    vertex 38.914159572262754 8.265549108669264 5.913083126784049
    vertex 39.11415957226275 8.26554910866927 5.913083129958879
  endloop
endfacet
facet normal 1.1383869129557184e-08 0.7071067804220259 -0.7071067819510689
  outer loop
    vertex 38.914159572262754 8.265549108669264 5.913083126784049
    vertex 39.11415959461189 6.857672007124572 4.505206031503582
    vertex 38.914159578185476 6.8576720071696045 4.505206028283749
  endloop
endfacet
facet normal 0.15867019291130202 0.6981488983389201 0.6981488993256685
  outer loop
    vertex 46.71669584074632 6.153733463612465 10.418289972960226
    vertex 46.716695863095275 7.561610562067696 9.010412871415545
    vertex 43.6193662430949 8.265549112067825 9.010412821475569
  endloop
endfacet
facet normal 1.3938747814684637e-08 0.9999999999999999 -4.1241086513975036e-09
  outer loop
    vertex 37.22661000032594 8.969487668472667 6.17380111184115
    vertex 37.52660990349585 8.969487630579016 -7.571375449245367e-07
    vertex 37.22660990349583 8.96948764010456 -7.472118835666173e-07
  endloop
endfacet
facet normal 1.3938747814684637e-08 0.9999999999999999 -4.1241086513975036e-09
  outer loop
    vertex 37.52660990349585 8.969487630579016 -7.571375449245367e-07
    vertex 37.22661000032594 8.969487668472667 6.17380111184115
    vertex 37.5266100003259 8.969487658947092 6.173801101915491
  endloop
endfacet
facet normal 1.3938747814684637e-08 0.9999999999999999 -4.1241086513975036e-09
  outer loop
    vertex 37.52660990349585 8.969487630579016 -7.571375449245367e-07
    vertex 37.5266100003259 8.969487658947092 6.173801101915491
    vertex 37.52661002037542 8.96948765387037 1.4078764004339186
  endloop
endfacet
facet normal 0.8320502943379142 0.5547001962251232 1.2599636178163077e-08
  outer loop
    vertex 48.124573008123555 6.153733458955541 6.173801256790815
    vertex 48.12457308377939 6.153733453726517 1.4078765553090866
    vertex 46.71669593461184 8.265549107124661 4.505206150643301
  endloop
endfacet
facet normal 0.832050294337898 -0.5547001962251475 1.3816671544922897e-08
  outer loop
    vertex 48.14490049368523 5.374793462067887 9.010412898091934
    vertex 46.73702344285292 3.2629778086695964 5.9130832580599275
    vertex 48.144900569340116 5.374793456838835 4.24448819661034
  endloop
endfacet
facet normal 0.6981488950542026 -0.6981488973987848 0.15867021584234625
  outer loop
    vertex 46.73702339368534 3.966916362067813 9.010412877287683
    vertex 46.73702344285292 3.2629778086695964 5.9130832580599275
    vertex 48.14490049368523 5.374793462067887 9.010412898091934
  endloop
endfacet
facet normal 0.7818794928686373 0.44083129920721886 -0.4408312877629692
  outer loop
    vertex 39.114159643779566 7.561610553726241 1.407876410731275
    vertex 39.11415966612826 6.1537334521815445 -6.877240560942644e-07
    vertex 37.52660990349585 8.969487630579016 -7.571375449245367e-07
  endloop
endfacet
facet normal 0.66350038086282 0.7481759449453639 -6.746019854529545e-08
  outer loop
    vertex 39.114159643779566 7.561610553726241 1.407876410731275
    vertex 37.52660990349585 8.969487630579016 -7.571375449245367e-07
    vertex 37.52661002037542 8.96948765387037 1.4078764004339186
  endloop
endfacet
facet normal 0.70710678118657 0.7071067811865249 1.044902255418103e-08
  outer loop
    vertex 42.915427753437356 7.561610557896777 5.209144641073505
    vertex 43.619366363779605 6.857672003726397 1.4078764830202917
    vertex 42.211489263779754 8.26554910372634 1.407876459126558
  endloop
endfacet
facet normal 0.8357445275484524 0.5491184614204971 2.93092059274993e-09
  outer loop
    vertex 37.5266100003259 8.969487658947092 6.173801101915491
    vertex 38.914159578185476 6.8576720071696045 4.505206028283749
    vertex 37.52661002037542 8.96948765387037 1.4078764004339186
  endloop
endfacet
facet normal -1.122490496788991e-08 -0.7071067804107258 0.707106781962369
  outer loop
    vertex 46.73702339368534 3.966916362067813 9.010412877287683
    vertex 46.737023371336434 5.374793463612538 10.418289975743024
    vertex 43.90041173281807 5.37479346361256 10.418289930713508
  endloop
endfacet
facet normal 0.6489581400740848 0.731777832680341 0.20821752094683907
  outer loop
    vertex 39.114159643779566 7.561610553726241 1.407876410731275
    vertex 37.52661002037542 8.96948765387037 1.4078764004339186
    vertex 38.914159578185476 6.8576720071696045 4.505206028283749
  endloop
endfacet
facet normal -0.1586702150764141 -0.6981488968068879 0.6981488958201754
  outer loop
    vertex 42.23181667368529 3.2629778120677067 9.010412806543437
    vertex 39.134487031336455 5.374793463612479 10.418289855058642
    vertex 39.13448705368532 3.966916362067813 9.010412756603476
  endloop
endfacet
facet normal 0.7071067811865971 -0.7071067811864978 1.2000576170168552e-08
  outer loop
    vertex 42.99287480946067 4.024035888565214 5.517590111569513
    vertex 42.23181667368529 3.2629778120677067 9.010412806543437
    vertex 42.935755284027486 3.966916357897201 5.209144646945641
  endloop
endfacet
facet normal 0.7071067811865971 -0.7071067811864978 1.2000576170168552e-08
  outer loop
    vertex 42.23181667368529 3.2629778120677067 9.010412806543437
    vertex 42.99287480946067 4.024035888565214 5.517590111569513
    vertex 43.63969377368529 4.6708549120678935 9.010412827347706
  endloop
endfacet
facet normal 0.47081927104988297 0.8663754021385434 0.16650188160298418
  outer loop
    vertex 39.114159523095296 7.561610562067558 9.010412750731327
    vertex 38.914159572262754 8.265549108669264 5.913083126784049
    vertex 37.5266100003259 8.969487658947092 6.173801101915491
  endloop
endfacet
facet normal 0.70710678118658 0.7071067811865148 1.0448826920509774e-08
  outer loop
    vertex 48.12457296309499 6.153733462067856 9.010412895309134
    vertex 48.124573008123555 6.153733458955541 6.173801256790815
    vertex 46.716695863095275 7.561610562067696 9.010412871415545
  endloop
endfacet
facet normal -1.320821813400242e-08 0.5547001971380369 0.8320502937293051
  outer loop
    vertex 46.71669584074632 6.153733463612465 10.418289972960226
    vertex 43.6193662430949 8.265549112067825 9.010412821475569
    vertex 41.95077113926461 6.153733463612611 10.418289897304396
  endloop
endfacet
facet normal 0.46733216681251416 0.862097221024641 -0.19593118017281316
  outer loop
    vertex 48.124573008123555 6.153733458955541 6.173801256790815
    vertex 46.71669591226296 6.857672008668997 5.913083252187923
    vertex 46.716695863095275 7.561610562067696 9.010412871415545
  endloop
endfacet
facet normal 0.47081927633609816 -0.8663754021385279 -0.1665018666551719
  outer loop
    vertex 39.134487174369646 3.9669163537265493 1.4078764166034214
    vertex 38.934487125201386 3.2629778071247735 4.50520603420101
    vertex 37.54693756154221 2.5590392568469964 4.244488015017063
  endloop
endfacet
facet normal 0.2203188153165185 0.6897316938016923 -0.6897316943442388
  outer loop
    vertex 38.914159585715616 19.429566947614383 4.505206019432617
    vertex 37.52661000785611 21.541382599391884 6.1738010930643625
    vertex 38.91415957979281 20.837444049114033 5.913083117932915
  endloop
endfacet
facet normal -0.21637115776926932 0.9520331090600194 -0.2163711656831823
  outer loop
    vertex 46.71669593461184 8.265549107124661 4.505206150643301
    vertex 43.619366363779605 6.857672003726397 1.4078764830202917
    vertex 42.915427753437356 7.561610557896777 5.209144641073505
  endloop
endfacet
facet normal -0.21637115776926932 0.9520331090600194 -0.2163711656831823
  outer loop
    vertex 43.619366363779605 6.857672003726397 1.4078764830202917
    vertex 46.71669593461184 8.265549107124661 4.505206150643301
    vertex 46.71669598377956 7.561610553726402 1.4078765314155077
  endloop
endfacet
facet normal 1.1224815769860724e-08 0.7071067804107201 -0.7071067819623749
  outer loop
    vertex 39.11415959461189 6.857672007124572 4.505206031503582
    vertex 39.11415957226275 8.26554910866927 5.913083129958879
    vertex 42.915427753437356 7.561610557896777 5.209144641073505
  endloop
endfacet
facet normal 0.19593117922689082 0.8620972217523923 0.4673321658665988
  outer loop
    vertex 42.21148914309496 6.857672012067483 9.010412800671306
    vertex 39.114159523095296 7.561610562067558 9.010412750731327
    vertex 41.95077113926461 6.153733463612611 10.418289897304396
  endloop
endfacet
facet normal 0.5773502783546136 0.5773502685561688 -0.5773502606580946
  outer loop
    vertex 46.71669600612836 6.153733452181829 -5.670398557372551e-07
    vertex 46.71669598377956 7.561610553726402 1.4078765314155077
    vertex 48.12457308377939 6.153733453726517 1.4078765553090866
  endloop
endfacet
facet normal 0.21728898423950016 0.6902121031455312 0.6902121050804518
  outer loop
    vertex 48.124573008123555 6.153733458955541 6.173801256790815
    vertex 46.71669593461184 8.265549107124661 4.505206150643301
    vertex 46.71669591226296 6.857672008668997 5.913083252187923
  endloop
endfacet
facet normal 0.5773502783546574 -0.577350269823026 -0.5773502593911937
  outer loop
    vertex 48.144900614369554 5.374793453726674 1.4078765580918917
    vertex 46.73702351436967 3.966916353726527 1.4078765372876392
    vertex 46.737023536718496 5.374793452181885 -5.642570509794174e-07
  endloop
endfacet
facet normal 0.6981489000916978 0.6981488973988138 -0.15867019367724006
  outer loop
    vertex 46.71669593461184 8.265549107124661 4.505206150643301
    vertex 48.12457308377939 6.153733453726517 1.4078765553090866
    vertex 46.71669598377956 7.561610553726402 1.4078765314155077
  endloop
endfacet
facet normal -3.348210601338101e-09 0.9751328560346163 0.22162110251907888
  outer loop
    vertex 39.114159602142045 19.429566947569324 4.505206022652453
    vertex 39.11415965130973 20.133505494171008 1.407876401880147
    vertex 38.914159585715616 19.429566947614383 4.505206019432617
  endloop
endfacet
facet normal 0.21637116463870298 0.9520331090599901 -0.21637115881387833
  outer loop
    vertex 43.6193662430949 8.265549112067825 9.010412821475569
    vertex 46.71669591226296 6.857672008668997 5.913083252187923
    vertex 42.915427753437356 7.561610557896777 5.209144641073505
  endloop
endfacet
facet normal 0.21637116463870298 0.9520331090599901 -0.21637115881387833
  outer loop
    vertex 46.71669591226296 6.857672008668997 5.913083252187923
    vertex 43.6193662430949 8.265549112067825 9.010412821475569
    vertex 46.716695863095275 7.561610562067696 9.010412871415545
  endloop
endfacet
facet normal -0.7071067811866436 0.7071067811864514 -1.2000649946790517e-08
  outer loop
    vertex 42.85830821821107 7.504491027905586 5.517590104009262
    vertex 43.6193662430949 8.265549112067825 9.010412821475569
    vertex 42.915427753437356 7.561610557896777 5.209144641073505
  endloop
endfacet
facet normal -0.7071067811866436 0.7071067811864514 -1.2000649946790517e-08
  outer loop
    vertex 43.6193662430949 8.265549112067825 9.010412821475569
    vertex 42.85830821821107 7.504491027905586 5.517590104009262
    vertex 42.21148914309496 6.857672012067483 9.010412800671306
  endloop
endfacet
facet normal 0.15867021507637835 -0.6981488983388927 -0.6981488942881785
  outer loop
    vertex 46.73702351436967 3.966916353726527 1.4078765372876392
    vertex 43.63969389436939 3.26297780372659 1.407876488892304
    vertex 46.737023536718496 5.374793452181885 -5.642570509794174e-07
  endloop
endfacet
facet normal -0.7071067811865319 -0.7071067811865629 -1.0448903713033746e-08
  outer loop
    vertex 43.63969389436939 3.26297780372659 1.407876488892304
    vertex 42.935755284027486 3.966916357897201 5.209144646945641
    vertex 42.2318167943695 4.670854903726425 1.4078764649988178
  endloop
endfacet
facet normal -0.6902120989389894 -0.6902121026266935 -0.21728900539574833
  outer loop
    vertex 43.63969389436939 3.26297780372659 1.407876488892304
    vertex 42.2318167943695 4.670854903726425 1.4078764649988178
    vertex 41.97109883523691 5.3747934521819225 -6.399117421670914e-07
  endloop
endfacet
facet normal 0.46733216059224114 -0.862097221024547 0.1959311950097309
  outer loop
    vertex 48.144900569340116 5.374793456838835 4.24448819661034
    vertex 46.737023465201936 4.670854907124746 4.505206156515264
    vertex 46.73702351436967 3.966916353726527 1.4078765372876392
  endloop
endfacet
facet normal 0.470819271049932 0.8663754021385173 0.16650188160298096
  outer loop
    vertex 39.11415953062551 20.133505502512218 9.010412741880199
    vertex 38.91415957979281 20.837444049114033 5.913083117932915
    vertex 37.52661000785611 21.541382599391884 6.1738010930643625
  endloop
endfacet
facet normal 1.3208248507234736e-08 0.5547001953121918 -0.832050294946535
  outer loop
    vertex 43.88008436761017 6.153733452181457 -6.120682091532385e-07
    vertex 39.11415966612826 6.1537334521815445 -6.877240560942644e-07
    vertex 42.211489263779754 8.26554910372634 1.407876459126558
  endloop
endfacet
facet normal -1.320805747079924e-08 -0.5547001953121958 0.8320502949465324
  outer loop
    vertex 42.23181667368529 3.2629778120677067 9.010412806543437
    vertex 43.90041173281807 5.37479346361256 10.418289930713508
    vertex 39.134487031336455 5.374793463612479 10.418289855058642
  endloop
endfacet
facet normal 0.7071067811866117 -0.7071067811864832 1.2000676273649108e-08
  outer loop
    vertex 48.144900569340116 5.374793456838835 4.24448819661034
    vertex 46.73702351436967 3.966916353726527 1.4078765372876392
    vertex 48.144900614369554 5.374793453726674 1.4078765580918917
  endloop
endfacet
facet normal -0.19593119406389176 -0.8620972207267907 0.4673321615380656
  outer loop
    vertex 46.73702339368534 3.966916362067813 9.010412877287683
    vertex 43.90041173281807 5.37479346361256 10.418289930713508
    vertex 43.63969377368529 4.6708549120678935 9.010412827347706
  endloop
endfacet
facet normal 0.21637115776920862 -0.9520331090600298 0.21637116568319723
  outer loop
    vertex 43.63969389436939 3.26297780372659 1.407876488892304
    vertex 46.737023465201936 4.670854907124746 4.505206156515264
    vertex 42.935755284027486 3.966916357897201 5.209144646945641
  endloop
endfacet
facet normal 0.21637115776920862 -0.9520331090600298 0.21637116568319723
  outer loop
    vertex 46.737023465201936 4.670854907124746 4.505206156515264
    vertex 43.63969389436939 3.26297780372659 1.407876488892304
    vertex 46.73702351436967 3.966916353726527 1.4078765372876392
  endloop
endfacet
facet normal -0.21637116463867181 0.9520331095348087 0.2163711567247064
  outer loop
    vertex 39.11415959461189 6.857672007124572 4.505206031503582
    vertex 42.211489263779754 8.26554910372634 1.407876459126558
    vertex 39.114159643779566 7.561610553726241 1.407876410731275
  endloop
endfacet
facet normal -0.21637116463867181 0.9520331095348087 0.2163711567247064
  outer loop
    vertex 42.211489263779754 8.26554910372634 1.407876459126558
    vertex 39.11415959461189 6.857672007124572 4.505206031503582
    vertex 42.915427753437356 7.561610557896777 5.209144641073505
  endloop
endfacet
facet normal 1.122451638052055e-08 0.7071067804107687 -0.7071067819623263
  outer loop
    vertex 43.88008436761017 6.153733452181457 -6.120682091532385e-07
    vertex 46.71669598377956 7.561610553726402 1.4078765314155077
    vertex 46.71669600612836 6.153733452181829 -5.670398557372551e-07
  endloop
endfacet
facet normal -0.2163711577692378 -0.952033109534806 -0.2163711635941529
  outer loop
    vertex 42.935755284027486 3.966916357897201 5.209144646945641
    vertex 39.13448705368532 3.966916362067813 9.010412756603476
    vertex 39.134487102852994 4.670854908669454 5.9130831358311555
  endloop
endfacet
facet normal -0.2163711577692378 -0.952033109534806 -0.2163711635941529
  outer loop
    vertex 39.13448705368532 3.966916362067813 9.010412756603476
    vertex 42.935755284027486 3.966916357897201 5.209144646945641
    vertex 42.23181667368529 3.2629778120677067 9.010412806543437
  endloop
endfacet
facet normal 0.2172890061530426 -0.6902121031456051 -0.6902120981816702
  outer loop
    vertex 48.144900569340116 5.374793456838835 4.24448819661034
    vertex 46.73702344285292 3.2629778086695964 5.9130832580599275
    vertex 46.737023465201936 4.670854907124746 4.505206156515264
  endloop
endfacet
facet normal 0.8357445275484325 -0.549118461420527 2.3602656633195042e-08
  outer loop
    vertex 37.54693743028117 2.5590392619238385 9.01041271649867
    vertex 37.54693756154221 2.5590392568469964 4.244488015017063
    vertex 38.934487086426564 4.670854908624399 5.9130831327013125
  endloop
endfacet
facet normal 0.22031879341862812 -0.6897316938017146 0.68973170133899
  outer loop
    vertex 37.54693756154221 2.5590392568469964 4.244488015017063
    vertex 38.934487125201386 3.2629778071247735 4.50520603420101
    vertex 38.934487086426564 4.670854908624399 5.9130831327013125
  endloop
endfacet
facet normal -0.6902121058377214 0.6902121026266377 0.2172889834823052
  outer loop
    vertex 43.6193662430949 8.265549112067825 9.010412821475569
    vertex 42.21148914309496 6.857672012067483 9.010412800671306
    vertex 41.95077113926461 6.153733463612611 10.418289897304396
  endloop
endfacet
facet normal 3.518124573588691e-09 -0.9751328560346129 -0.22162110251909456
  outer loop
    vertex 39.13448712520178 3.2629778071247735 4.505206037375895
    vertex 38.934487125201386 3.2629778071247735 4.50520603420101
    vertex 39.134487174369646 3.9669163537265493 1.4078764166034214
  endloop
endfacet
facet normal 0.8357445275484643 0.5491184614204792 2.930927719541694e-09
  outer loop
    vertex 37.52661000785611 21.541382599391884 6.1738010930643625
    vertex 38.914159585715616 19.429566947614383 4.505206019432617
    vertex 37.52661002790564 21.541382594315188 1.4078763915827872
  endloop
endfacet
facet normal -2.7860013269586943e-08 -0.7071067439889652 -0.7071068183841273
  outer loop
    vertex 41.97109883523691 5.3747934521819225 -6.399117421670914e-07
    vertex 37.22661042549589 3.9669163656381894 1.4078764878201648
    vertex 37.22660984685515 5.374793642810224 -6.468072448968965e-07
  endloop
endfacet
facet normal -2.7860013269586943e-08 -0.7071067439889652 -0.7071068183841273
  outer loop
    vertex 37.22661042549589 3.9669163656381894 1.4078764878201648
    vertex 41.97109883523691 5.3747934521819225 -6.399117421670914e-07
    vertex 39.134487174369646 3.9669163537265493 1.4078764166034214
  endloop
endfacet
facet normal -1.122474222917211e-08 -0.7071067804107155 0.7071067819623794
  outer loop
    vertex 39.13448712520178 3.2629778071247735 4.505206037375895
    vertex 42.935755284027486 3.966916357897201 5.209144646945641
    vertex 39.134487102852994 4.670854908669454 5.9130831358311555
  endloop
endfacet
facet normal 0.6902120989390723 -0.6902121021498674 0.2172890069101084
  outer loop
    vertex 43.90041173281807 5.37479346361256 10.418289930713508
    vertex 42.23181667368529 3.2629778120677067 9.010412806543437
    vertex 43.63969377368529 4.6708549120678935 9.010412827347706
  endloop
endfacet
facet normal 1.1383940796525437e-08 0.7071067804220256 -0.7071067819510691
  outer loop
    vertex 39.114159602142045 19.429566947569324 4.505206022652453
    vertex 38.91415957979281 20.837444049114033 5.913083117932915
    vertex 39.114159579792776 20.837444049114033 5.913083121107748
  endloop
endfacet
facet normal 1.1383940796525437e-08 0.7071067804220256 -0.7071067819510691
  outer loop
    vertex 38.91415957979281 20.837444049114033 5.913083117932915
    vertex 39.114159602142045 19.429566947569324 4.505206022652453
    vertex 38.914159585715616 19.429566947614383 4.505206019432617
  endloop
endfacet
facet normal 0.6902121058376135 0.6902121021498574 -0.21728898499712704
  outer loop
    vertex 43.619366363779605 6.857672003726397 1.4078764830202917
    vertex 43.88008436761017 6.153733452181457 -6.120682091532385e-07
    vertex 42.211489263779754 8.26554910372634 1.407876459126558
  endloop
endfacet
facet normal 0.5773502600246968 0.5773502698230633 0.577350277721117
  outer loop
    vertex 48.12457296309499 6.153733462067856 9.010412895309134
    vertex 46.716695863095275 7.561610562067696 9.010412871415545
    vertex 46.71669584074632 6.153733463612465 10.418289972960226
  endloop
endfacet
facet normal 0.6489581400741106 0.731777832680319 0.20821752094683552
  outer loop
    vertex 39.11415965130973 20.133505494171008 1.407876401880147
    vertex 37.52661002790564 21.541382594315188 1.4078763915827872
    vertex 38.914159585715616 19.429566947614383 4.505206019432617
  endloop
endfacet
facet normal -2.0030515863169137e-08 -0.8957405679613952 -0.44457714168431617
  outer loop
    vertex 37.22661042549589 3.9669163656381894 1.4078764878201648
    vertex 37.54693756154221 2.5590392568469964 4.244488015017063
    vertex 37.22661030062888 2.5590392469670014 4.244487994222589
  endloop
endfacet
facet normal -2.0030515863169137e-08 -0.8957405679613952 -0.44457714168431617
  outer loop
    vertex 37.54693756154221 2.5590392568469964 4.244488015017063
    vertex 37.22661042549589 3.9669163656381894 1.4078764878201648
    vertex 39.134487174369646 3.9669163537265493 1.4078764166034214
  endloop
endfacet
facet normal 1.3208032426319523e-08 -0.5547001971380228 -0.8320502937293145
  outer loop
    vertex 43.63969389436939 3.26297780372659 1.407876488892304
    vertex 41.97109883523691 5.3747934521819225 -6.399117421670914e-07
    vertex 46.737023536718496 5.374793452181885 -5.642570509794174e-07
  endloop
endfacet
facet normal -1.1065634971393673e-08 -0.7071067804220277 0.7071067819510671
  outer loop
    vertex 38.934487086426564 4.670854908624399 5.9130831327013125
    vertex 39.13448712520178 3.2629778071247735 4.505206037375895
    vertex 39.134487102852994 4.670854908669454 5.9130831358311555
  endloop
endfacet
facet normal -1.1065634971393673e-08 -0.7071067804220277 0.7071067819510671
  outer loop
    vertex 39.13448712520178 3.2629778071247735 4.505206037375895
    vertex 38.934487086426564 4.670854908624399 5.9130831327013125
    vertex 38.934487125201386 3.2629778071247735 4.50520603420101
  endloop
endfacet
facet normal -0.2163711646386715 -0.9520331090600197 0.21637115881377847
  outer loop
    vertex 46.73702344285292 3.2629778086695964 5.9130832580599275
    vertex 42.99287480946067 4.024035888565214 5.517590111569513
    vertex 42.935755284027486 3.966916357897201 5.209144646945641
  endloop
endfacet
facet normal -0.2163711646386715 -0.9520331090600197 0.21637115881377847
  outer loop
    vertex 42.99287480946067 4.024035888565214 5.517590111569513
    vertex 46.73702344285292 3.2629778086695964 5.9130832580599275
    vertex 43.63969377368529 4.6708549120678935 9.010412827347706
  endloop
endfacet
facet normal -0.2163711646386715 -0.9520331090600197 0.21637115881377847
  outer loop
    vertex 43.63969377368529 4.6708549120678935 9.010412827347706
    vertex 46.73702344285292 3.2629778086695964 5.9130832580599275
    vertex 46.73702339368534 3.966916362067813 9.010412877287683
  endloop
endfacet
facet normal 0.21637115776927318 0.9520331095348037 0.21637116359412772
  outer loop
    vertex 39.114159523095296 7.561610562067558 9.010412750731327
    vertex 42.915427753437356 7.561610557896777 5.209144641073505
    vertex 39.11415957226275 8.26554910866927 5.913083129958879
  endloop
endfacet
facet normal 0.21637115776927318 0.9520331095348037 0.21637116359412772
  outer loop
    vertex 42.915427753437356 7.561610557896777 5.209144641073505
    vertex 39.114159523095296 7.561610562067558 9.010412750731327
    vertex 42.85830821821107 7.504491027905586 5.517590104009262
  endloop
endfacet
facet normal 0.21637115776927318 0.9520331095348037 0.21637116359412772
  outer loop
    vertex 42.85830821821107 7.504491027905586 5.517590104009262
    vertex 39.114159523095296 7.561610562067558 9.010412750731327
    vertex 42.21148914309496 6.857672012067483 9.010412800671306
  endloop
endfacet
facet normal -0.19593117922682715 0.8620972207267396 -0.4673321677586682
  outer loop
    vertex 46.71669598377956 7.561610553726402 1.4078765314155077
    vertex 43.88008436761017 6.153733452181457 -6.120682091532385e-07
    vertex 43.619366363779605 6.857672003726397 1.4078764830202917
  endloop
endfacet
facet normal 0.21637116463867587 -0.9520331095348145 -0.2163711567246774
  outer loop
    vertex 42.2318167943695 4.670854903726425 1.4078764649988178
    vertex 39.13448712520178 3.2629778071247735 4.505206037375895
    vertex 39.134487174369646 3.9669163537265493 1.4078764166034214
  endloop
endfacet
facet normal 0.21637116463867587 -0.9520331095348145 -0.2163711567246774
  outer loop
    vertex 39.13448712520178 3.2629778071247735 4.505206037375895
    vertex 42.2318167943695 4.670854903726425 1.4078764649988178
    vertex 42.935755284027486 3.966916357897201 5.209144646945641
  endloop
endfacet
facet normal 0.19593119406386 -0.8620972217522586 -0.46733215964637737
  outer loop
    vertex 42.2318167943695 4.670854903726425 1.4078764649988178
    vertex 39.134487174369646 3.9669163537265493 1.4078764166034214
    vertex 41.97109883523691 5.3747934521819225 -6.399117421670914e-07
  endloop
endfacet
facet normal 1.1224723416438751e-08 -0.7071067819624013 -0.7071067804106936
  outer loop
    vertex 46.73702344285292 3.2629778086695964 5.9130832580599275
    vertex 42.935755284027486 3.966916357897201 5.209144646945641
    vertex 46.737023465201936 4.670854907124746 4.505206156515264
  endloop
endfacet
facet normal 0.7071067811865656 0.7071067811865295 1.0448808856924674e-08
  outer loop
    vertex 48.124572970625145 18.72562840251255 9.010412886458008
    vertex 48.124573015653624 18.725628399400254 6.173801247939682
    vertex 46.716695870625415 20.13350550251235 9.010412862564426
  endloop
endfacet
facet normal -0.6902120989390247 -0.6902121026266733 -0.21728900539569976
  outer loop
    vertex 43.639693904232665 15.8348727441712 1.4078764834988706
    vertex 42.23181680423273 17.2427498441712 1.4078764596053825
    vertex 41.97109884510016 17.946688392626605 -6.453051787939441e-07
  endloop
endfacet
facet normal 0.6489581466846173 -0.7317778326803818 -0.20821750034343806
  outer loop
    vertex 39.13448705368532 3.966916362067813 9.010412756603476
    vertex 37.54693743028117 2.5590392619238385 9.01041271649867
    vertex 38.934487086426564 4.670854908624399 5.9130831327013125
  endloop
endfacet
facet normal 0.7071067811865623 -0.7071067811865325 1.2000569372971428e-08
  outer loop
    vertex 42.99287481932392 16.59593082900994 5.517590106176085
    vertex 42.23181668354856 15.834872752512432 9.010412801150029
    vertex 42.93575529389074 16.53881129834183 5.209144641552214
  endloop
endfacet
facet normal 0.7071067811865623 -0.7071067811865325 1.2000569372971428e-08
  outer loop
    vertex 42.23181668354856 15.834872752512432 9.010412801150029
    vertex 42.99287481932392 16.59593082900994 5.517590106176085
    vertex 43.63969378354858 17.242749852512507 9.010412821954272
  endloop
endfacet
facet normal 0.6981489000916699 0.6981488973988295 -0.15867019367729446
  outer loop
    vertex 46.716695942142 20.837444047569495 4.505206141792163
    vertex 48.12457309130949 18.72562839417124 1.4078765464579548
    vertex 46.716695991309706 20.133505494171008 1.4078765225643766
  endloop
endfacet
facet normal 3.6878664891419663e-09 -0.9751328560346199 -0.22162110251906406
  outer loop
    vertex 39.13448705368532 3.966916362067813 9.010412756603476
    vertex 38.934487086426564 4.670854908624399 5.9130831327013125
    vertex 39.134487102852994 4.670854908669454 5.9130831358311555
  endloop
endfacet
facet normal -3.633926606763118e-08 0.8957405677168886 0.44457714217695077
  outer loop
    vertex 37.22661004266536 20.133505486222724 9.010412612658333
    vertex 37.52661000785611 21.541382599391884 6.1738010930643625
    vertex 37.22661000785616 21.54138260489383 6.173801106255879
  endloop
endfacet
facet normal -3.633926606763118e-08 0.8957405677168886 0.44457714217695077
  outer loop
    vertex 37.52661000785611 21.541382599391884 6.1738010930643625
    vertex 37.22661004266536 20.133505486222724 9.010412612658333
    vertex 39.11415953062551 20.133505502512218 9.010412741880199
  endloop
endfacet
facet normal 0.8320502943379376 0.554700196225088 1.2599643722372715e-08
  outer loop
    vertex 48.124573015653624 18.725628399400254 6.173801247939682
    vertex 48.12457309130949 18.72562839417124 1.4078765464579548
    vertex 46.716695942142 20.837444047569495 4.505206141792163
  endloop
endfacet
facet normal 0.690212105837656 0.6902121021498374 -0.21728898499705582
  outer loop
    vertex 43.61936637130973 19.429566944171004 1.4078764741691618
    vertex 43.88008437514031 18.725628392626145 -6.209193399398988e-07
    vertex 42.21148927130988 20.83744404417108 1.4078764502754262
  endloop
endfacet
facet normal -0.15867021507641468 -0.6981488968068977 0.6981488958201653
  outer loop
    vertex 42.23181668354856 15.834872752512432 9.010412801150029
    vertex 39.13448704119967 17.94668840405716 10.418289849665229
    vertex 39.13448706354851 16.538811302512524 9.010412751210048
  endloop
endfacet
facet normal 0.15867019291131038 0.6981488983389241 0.6981488993256626
  outer loop
    vertex 46.71669584827638 18.725628404057186 10.418289964109075
    vertex 46.716695870625415 20.13350550251235 9.010412862564426
    vertex 43.619366250625035 20.837444052512534 9.010412812624436
  endloop
endfacet
facet normal -0.1959311792268308 0.862097220726758 -0.46733216775863284
  outer loop
    vertex 46.716695991309706 20.133505494171008 1.4078765225643766
    vertex 43.88008437514031 18.725628392626145 -6.209193399398988e-07
    vertex 43.61936637130973 19.429566944171004 1.4078764741691618
  endloop
endfacet
facet normal -1.3208051570691034e-08 -0.554700195312196 0.8320502949465322
  outer loop
    vertex 42.23181668354856 15.834872752512432 9.010412801150029
    vertex 43.90041174268127 17.946688404057213 10.41828992532004
    vertex 39.13448704119967 17.94668840405716 10.418289849665229
  endloop
endfacet
facet normal -0.2163711577692953 0.9520331090600054 -0.21637116568321826
  outer loop
    vertex 46.716695942142 20.837444047569495 4.505206141792163
    vertex 43.61936637130973 19.429566944171004 1.4078764741691618
    vertex 42.91542776096751 20.13350549834144 5.209144632222373
  endloop
endfacet
facet normal -0.2163711577692953 0.9520331090600054 -0.21637116568321826
  outer loop
    vertex 43.61936637130973 19.429566944171004 1.4078764741691618
    vertex 46.716695942142 20.837444047569495 4.505206141792163
    vertex 46.716695991309706 20.133505494171008 1.4078765225643766
  endloop
endfacet
facet normal -3.5180497198896436e-09 0.9751328560346098 0.22162110251910816
  outer loop
    vertex 39.11415953062551 20.133505502512218 9.010412741880199
    vertex 39.114159579792776 20.837444049114033 5.913083121107748
    vertex 38.91415957979281 20.837444049114033 5.913083117932915
  endloop
endfacet
facet normal 0.8320502943379354 -0.5547001962250913 1.381664423651194e-08
  outer loop
    vertex 48.14490050354851 17.946688402512596 9.010412892698513
    vertex 46.7370234527163 15.834872749114263 5.9130832526664925
    vertex 48.14490057920331 17.946688397283644 4.244488191216903
  endloop
endfacet
facet normal -1.1224787038978394e-08 0.7071067819622354 0.7071067804108594
  outer loop
    vertex 46.716695919793054 19.4295669491137 5.913083243336804
    vertex 46.716695942142 20.837444047569495 4.505206141792163
    vertex 42.91542776096751 20.13350549834144 5.209144632222373
  endloop
endfacet
facet normal 0.5773502783546811 -0.5773502698230328 -0.5773502593911631
  outer loop
    vertex 48.14490062423275 17.946688394171392 1.4078765526984578
    vertex 46.737023524232875 16.53881129417122 1.4078765318942033
    vertex 46.737023546581774 17.946688392626548 -5.696504876062697e-07
  endloop
endfacet
facet normal 0.19593117922689424 0.8620972217524168 0.46733216586655263
  outer loop
    vertex 42.21148915062508 19.429566952512168 9.01041279182018
    vertex 39.11415953062551 20.133505502512218 9.010412741880199
    vertex 41.95077114679472 18.72562840405739 10.41828988845328
  endloop
endfacet
facet normal -0.15867019291129625 0.6981488968069122 -0.6981489008576777
  outer loop
    vertex 39.114159673658484 18.725628392626223 -6.965751868809247e-07
    vertex 39.11415965130973 20.133505494171008 1.407876401880147
    vertex 42.21148927130988 20.83744404417108 1.4078764502754262
  endloop
endfacet
facet normal 0.15867021507640303 -0.6981488983389013 -0.6981488942881642
  outer loop
    vertex 46.737023524232875 16.53881129417122 1.4078765318942033
    vertex 43.639693904232665 15.8348727441712 1.4078764834988706
    vertex 46.737023546581774 17.946688392626548 -5.696504876062697e-07
  endloop
endfacet
facet normal -1.320820553505478e-08 0.5547001971380475 0.8320502937292981
  outer loop
    vertex 46.71669584827638 18.725628404057186 10.418289964109075
    vertex 43.619366250625035 20.837444052512534 9.010412812624436
    vertex 41.95077114679472 18.72562840405739 10.41828988845328
  endloop
endfacet
facet normal 0.7071067811866218 -0.7071067811864732 1.2000696036596055e-08
  outer loop
    vertex 48.14490057920331 17.946688397283644 4.244488191216903
    vertex 46.737023524232875 16.53881129417122 1.4078765318942033
    vertex 48.14490062423275 17.946688394171392 1.4078765526984578
  endloop
endfacet
facet normal -2.536809334095394e-08 -0.895740567366605 -0.44457714288270794
  outer loop
    vertex 37.22661043535917 16.538811313818663 1.407876487006394
    vertex 37.54693757140541 15.130934197291744 4.244488009623625
    vertex 37.22661031049211 15.130934195147598 4.244487993408816
  endloop
endfacet
facet normal -2.536809334095394e-08 -0.895740567366605 -0.44457714288270794
  outer loop
    vertex 37.54693757140541 15.130934197291744 4.244488009623625
    vertex 37.22661043535917 16.538811313818663 1.407876487006394
    vertex 39.1344871842328 16.53881129417125 1.4078764112099849
  endloop
endfacet
facet normal 0.7818794928686503 0.44083129920721437 -0.44083128776295094
  outer loop
    vertex 39.11415965130973 20.133505494171008 1.407876401880147
    vertex 39.114159673658484 18.725628392626223 -6.965751868809247e-07
    vertex 37.526609911026064 21.541382571023817 -7.659886757111949e-07
  endloop
endfacet
facet normal 1.3208247661863211e-08 0.5547001953121813 -0.8320502949465421
  outer loop
    vertex 43.88008437514031 18.725628392626145 -6.209193399398988e-07
    vertex 39.114159673658484 18.725628392626223 -6.965751868809247e-07
    vertex 42.21148927130988 20.83744404417108 1.4078764502754262
  endloop
endfacet
facet normal -0.19593119406388462 -0.8620972207267845 0.46733216153808005
  outer loop
    vertex 46.73702340354857 16.53881130251248 9.010412871894276
    vertex 43.90041174268127 17.946688404057213 10.41828992532004
    vertex 43.63969378354858 17.242749852512507 9.010412821954272
  endloop
endfacet
facet normal 0.7071067811866018 0.7071067811864931 1.0449019534150907e-08
  outer loop
    vertex 42.91542776096751 20.13350549834144 5.209144632222373
    vertex 43.61936637130973 19.429566944171004 1.4078764741691618
    vertex 42.21148927130988 20.83744404417108 1.4078764502754262
  endloop
endfacet
facet normal 0.47081927633605275 -0.8663754021385478 -0.1665018666551968
  outer loop
    vertex 39.1344871842328 16.53881129417125 1.4078764112099849
    vertex 38.93448713506469 15.834872747569484 4.505206028807571
    vertex 37.54693757140541 15.130934197291744 4.244488009623625
  endloop
endfacet
facet normal 0.5773502600246814 -0.5773502685561333 0.5773502789880622
  outer loop
    vertex 46.73702340354857 16.53881130251248 9.010412871894276
    vertex 48.14490050354851 17.946688402512596 9.010412892698513
    vertex 46.73702338119963 17.946688404057234 10.41828997034957
  endloop
endfacet
facet normal 0.5773502783545985 0.5773502685561898 -0.5773502606580888
  outer loop
    vertex 46.71669601365847 18.72562839262651 -5.758909865239157e-07
    vertex 46.716695991309706 20.133505494171008 1.4078765225643766
    vertex 48.12457309130949 18.72562839417124 1.4078765464579548
  endloop
endfacet
facet normal -1.1224897352231989e-08 -0.7071067804107073 0.7071067819623875
  outer loop
    vertex 46.73702340354857 16.53881130251248 9.010412871894276
    vertex 46.73702338119963 17.946688404057234 10.41828997034957
    vertex 43.90041174268127 17.946688404057213 10.41828992532004
  endloop
endfacet
facet normal 0.46733216681251066 0.8620972210246439 -0.1959311801728094
  outer loop
    vertex 48.124573015653624 18.725628399400254 6.173801247939682
    vertex 46.716695919793054 19.4295669491137 5.913083243336804
    vertex 46.716695870625415 20.13350550251235 9.010412862564426
  endloop
endfacet
facet normal 0.21637115776927496 0.9520331095348007 0.21637116359413863
  outer loop
    vertex 39.11415953062551 20.133505502512218 9.010412741880199
    vertex 42.91542776096751 20.13350549834144 5.209144632222373
    vertex 39.114159579792776 20.837444049114033 5.913083121107748
  endloop
endfacet
facet normal 0.21637115776927496 0.9520331095348007 0.21637116359413863
  outer loop
    vertex 42.91542776096751 20.13350549834144 5.209144632222373
    vertex 39.11415953062551 20.133505502512218 9.010412741880199
    vertex 42.858308225741254 20.07638596835036 5.517590095158129
  endloop
endfacet
facet normal 0.21637115776927496 0.9520331095348007 0.21637116359413863
  outer loop
    vertex 42.858308225741254 20.07638596835036 5.517590095158129
    vertex 39.11415953062551 20.133505502512218 9.010412741880199
    vertex 42.21148915062508 19.429566952512168 9.01041279182018
  endloop
endfacet
facet normal -0.21637116463866596 -0.9520331090600236 0.2163711588137673
  outer loop
    vertex 46.7370234527163 15.834872749114263 5.9130832526664925
    vertex 42.99287481932392 16.59593082900994 5.517590106176085
    vertex 42.93575529389074 16.53881129834183 5.209144641552214
  endloop
endfacet
facet normal -0.21637116463866596 -0.9520331090600236 0.2163711588137673
  outer loop
    vertex 42.99287481932392 16.59593082900994 5.517590106176085
    vertex 46.7370234527163 15.834872749114263 5.9130832526664925
    vertex 43.63969378354858 17.242749852512507 9.010412821954272
  endloop
endfacet
facet normal -0.21637116463866596 -0.9520331090600236 0.2163711588137673
  outer loop
    vertex 43.63969378354858 17.242749852512507 9.010412821954272
    vertex 46.7370234527163 15.834872749114263 5.9130832526664925
    vertex 46.73702340354857 16.53881130251248 9.010412871894276
  endloop
endfacet
facet normal 1.1224832459945699e-08 0.7071067804107171 -0.7071067819623779
  outer loop
    vertex 39.114159602142045 19.429566947569324 4.505206022652453
    vertex 39.114159579792776 20.837444049114033 5.913083121107748
    vertex 42.91542776096751 20.13350549834144 5.209144632222373
  endloop
endfacet
facet normal 0.21637116463867628 -0.9520331095348086 -0.21637115672470292
  outer loop
    vertex 42.23181680423273 17.2427498441712 1.4078764596053825
    vertex 39.134487135065086 15.834872747569465 4.505206031982463
    vertex 39.1344871842328 16.53881129417125 1.4078764112099849
  endloop
endfacet
facet normal 0.21637116463867628 -0.9520331095348086 -0.21637115672470292
  outer loop
    vertex 39.134487135065086 15.834872747569465 4.505206031982463
    vertex 42.23181680423273 17.2427498441712 1.4078764596053825
    vertex 42.93575529389074 16.53881129834183 5.209144641552214
  endloop
endfacet
facet normal 0.5773502600246793 0.5773502698230657 0.577350277721132
  outer loop
    vertex 48.124572970625145 18.72562840251255 9.010412886458008
    vertex 46.716695870625415 20.13350550251235 9.010412862564426
    vertex 46.71669584827638 18.725628404057186 10.418289964109075
  endloop
endfacet
facet normal 0.22031879341858704 -0.6897316938017048 0.6897317013390127
  outer loop
    vertex 37.54693757140541 15.130934197291744 4.244488009623625
    vertex 38.93448713506469 15.834872747569484 4.505206028807571
    vertex 38.93448709628978 17.242749849069163 5.91308312730788
  endloop
endfacet
facet normal 3.6876928826648783e-09 -0.9751328560346186 -0.22162110251906933
  outer loop
    vertex 39.13448706354851 16.538811302512524 9.010412751210048
    vertex 38.93448709628978 17.242749849069163 5.91308312730788
    vertex 39.1344871127162 17.242749849114183 5.913083130437725
  endloop
endfacet
facet normal 0.46733216059228755 -0.8620972210245218 0.1959311950097307
  outer loop
    vertex 48.14490057920331 17.946688397283644 4.244488191216903
    vertex 46.73702347506518 17.242749847569478 4.505206151121831
    vertex 46.737023524232875 16.53881129417122 1.4078765318942033
  endloop
endfacet
facet normal 1.122451638052173e-08 0.7071067804107882 -0.7071067819623066
  outer loop
    vertex 43.88008437514031 18.725628392626145 -6.209193399398988e-07
    vertex 46.716695991309706 20.133505494171008 1.4078765225643766
    vertex 46.71669601365847 18.72562839262651 -5.758909865239157e-07
  endloop
endfacet
facet normal 0.6981488950541945 -0.6981488973987863 0.1586702158423765
  outer loop
    vertex 46.73702340354857 16.53881130251248 9.010412871894276
    vertex 46.7370234527163 15.834872749114263 5.9130832526664925
    vertex 48.14490050354851 17.946688402512596 9.010412892698513
  endloop
endfacet
facet normal 0.21637115776923682 -0.9520331090600214 0.21637116568320605
  outer loop
    vertex 43.639693904232665 15.8348727441712 1.4078764834988706
    vertex 46.73702347506518 17.242749847569478 4.505206151121831
    vertex 42.93575529389074 16.53881129834183 5.209144641552214
  endloop
endfacet
facet normal 0.21637115776923682 -0.9520331090600214 0.21637116568320605
  outer loop
    vertex 46.73702347506518 17.242749847569478 4.505206151121831
    vertex 43.639693904232665 15.8348727441712 1.4078764834988706
    vertex 46.737023524232875 16.53881129417122 1.4078765318942033
  endloop
endfacet
facet normal -0.6902121058377334 0.6902121026266405 0.2172889834822587
  outer loop
    vertex 43.619366250625035 20.837444052512534 9.010412812624436
    vertex 42.21148915062508 19.429566952512168 9.01041279182018
    vertex 41.95077114679472 18.72562840405739 10.41828988845328
  endloop
endfacet
facet normal 0.21728900615306385 -0.6902121031455751 -0.6902120981816935
  outer loop
    vertex 48.14490057920331 17.946688397283644 4.244488191216903
    vertex 46.7370234527163 15.834872749114263 5.9130832526664925
    vertex 46.73702347506518 17.242749847569478 4.505206151121831
  endloop
endfacet
facet normal 3.2788718645793106e-09 -1.0 2.80404932370348e-09
  outer loop
    vertex 37.22661030062888 2.5590392469670014 4.244487994222589
    vertex 37.34693738415197 2.5590392657862058 9.243877135767798
    vertex 37.22661005757977 2.5590392693859494 9.123549790951156
  endloop
endfacet
facet normal 3.2788718645793106e-09 -1.0 2.80404932370348e-09
  outer loop
    vertex 37.34693738415197 2.5590392657862058 9.243877135767798
    vertex 37.22661030062888 2.5590392469670014 4.244487994222589
    vertex 37.54693756154221 2.5590392568469964 4.244488015017063
  endloop
endfacet
facet normal 3.2788718645793106e-09 -1.0 2.80404932370348e-09
  outer loop
    vertex 37.34693738415197 2.5590392657862058 9.243877135767798
    vertex 37.54693756154221 2.5590392568469964 4.244488015017063
    vertex 37.54693740348725 2.5590392657861605 9.243877138942649
  endloop
endfacet
facet normal 3.2788718645793106e-09 -1.0 2.80404932370348e-09
  outer loop
    vertex 37.54693740348725 2.5590392657861605 9.243877138942649
    vertex 37.54693756154221 2.5590392568469964 4.244488015017063
    vertex 37.54693743028117 2.5590392619238385 9.01041271649867
  endloop
endfacet
facet normal 0.663500380862846 0.7481759449453408 -6.746020960107415e-08
  outer loop
    vertex 39.11415965130973 20.133505494171008 1.407876401880147
    vertex 37.526609911026064 21.541382571023817 -7.659886757111949e-07
    vertex 37.52661002790564 21.541382594315188 1.4078763915827872
  endloop
endfacet
facet normal 3.5180095874617495e-09 -0.9751328560346122 -0.22162110251909692
  outer loop
    vertex 39.134487135065086 15.834872747569465 4.505206031982463
    vertex 38.93448713506469 15.834872747569484 4.505206028807571
    vertex 39.1344871842328 16.53881129417125 1.4078764112099849
  endloop
endfacet
facet normal -1.1224757842477763e-08 -0.7071067804107073 0.7071067819623876
  outer loop
    vertex 39.134487135065086 15.834872747569465 4.505206031982463
    vertex 42.93575529389074 16.53881129834183 5.209144641552214
    vertex 39.1344871127162 17.242749849114183 5.913083130437725
  endloop
endfacet
facet normal -0.7071067811865605 -0.7071067811865344 -1.0448912604878931e-08
  outer loop
    vertex 42.93575529389074 16.53881129834183 5.209144641552214
    vertex 42.23181680423273 17.2427498441712 1.4078764596053825
    vertex 43.639693904232665 15.8348727441712 1.4078764834988706
  endloop
endfacet
facet normal 0.8547767315769572 -0.5189958951230871 1.39200872466651e-08
  outer loop
    vertex 28.674094551747437 22.059862936713127 14.75192582885748
    vertex 28.6546924784433 22.0279077085724 0.999999818712138
    vertex 28.674094770695547 22.05986292847399 0.9999998189881506
  endloop
endfacet
facet normal 0.8547767315769572 -0.5189958951230871 1.39200872466651e-08
  outer loop
    vertex 28.6546924784433 22.0279077085724 0.999999818712138
    vertex 28.674094551747437 22.059862936713127 14.75192582885748
    vertex 28.6546922591862 22.02790771682395 14.771328120770512
  endloop
endfacet
facet normal -0.21637116463865877 0.9520331095348089 0.21637115672471913
  outer loop
    vertex 39.114159602142045 19.429566947569324 4.505206022652453
    vertex 42.21148927130988 20.83744404417108 1.4078764502754262
    vertex 39.11415965130973 20.133505494171008 1.407876401880147
  endloop
endfacet
facet normal -0.21637116463865877 0.9520331095348089 0.21637115672471913
  outer loop
    vertex 42.21148927130988 20.83744404417108 1.4078764502754262
    vertex 39.114159602142045 19.429566947569324 4.505206022652453
    vertex 42.91542776096751 20.13350549834144 5.209144632222373
  endloop
endfacet
facet normal 0.21637116463870618 0.9520331090599888 -0.21637115881387972
  outer loop
    vertex 43.619366250625035 20.837444052512534 9.010412812624436
    vertex 46.716695919793054 19.4295669491137 5.913083243336804
    vertex 42.91542776096751 20.13350549834144 5.209144632222373
  endloop
endfacet
facet normal 0.21637116463870618 0.9520331090599888 -0.21637115881387972
  outer loop
    vertex 46.716695919793054 19.4295669491137 5.913083243336804
    vertex 43.619366250625035 20.837444052512534 9.010412812624436
    vertex 46.716695870625415 20.13350550251235 9.010412862564426
  endloop
endfacet
facet normal 0.6902120989390252 -0.6902121021498862 0.21728900691019856
  outer loop
    vertex 43.90041174268127 17.946688404057213 10.41828992532004
    vertex 42.23181668354856 15.834872752512432 9.010412801150029
    vertex 43.63969378354858 17.242749852512507 9.010412821954272
  endloop
endfacet
facet normal -0.7071067811866482 0.7071067811864468 -1.200065300099276e-08
  outer loop
    vertex 42.858308225741254 20.07638596835036 5.517590095158129
    vertex 43.619366250625035 20.837444052512534 9.010412812624436
    vertex 42.91542776096751 20.13350549834144 5.209144632222373
  endloop
endfacet
facet normal -0.7071067811866482 0.7071067811864468 -1.200065300099276e-08
  outer loop
    vertex 43.619366250625035 20.837444052512534 9.010412812624436
    vertex 42.858308225741254 20.07638596835036 5.517590095158129
    vertex 42.21148915062508 19.429566952512168 9.01041279182018
  endloop
endfacet
facet normal -0.21637115776924526 -0.9520331095348068 -0.21637116359414182
  outer loop
    vertex 42.93575529389074 16.53881129834183 5.209144641552214
    vertex 39.13448706354851 16.538811302512524 9.010412751210048
    vertex 39.1344871127162 17.242749849114183 5.913083130437725
  endloop
endfacet
facet normal -0.21637115776924526 -0.9520331095348068 -0.21637116359414182
  outer loop
    vertex 39.13448706354851 16.538811302512524 9.010412751210048
    vertex 42.93575529389074 16.53881129834183 5.209144641552214
    vertex 42.23181668354856 15.834872752512432 9.010412801150029
  endloop
endfacet
facet normal 0.6489581466846416 -0.7317778326803596 -0.20821750034344105
  outer loop
    vertex 39.13448706354851 16.538811302512524 9.010412751210048
    vertex 37.54693744014439 15.130934202368469 9.010412711105241
    vertex 38.93448709628978 17.242749849069163 5.91308312730788
  endloop
endfacet
facet normal -3.432960188281558e-08 0.7071067730951689 0.707106789277925
  outer loop
    vertex 37.226610093251 20.020368118128513 9.123549974428592
    vertex 39.11415953062551 20.133505502512218 9.010412741880199
    vertex 37.22661004266536 20.133505486222724 9.010412612658333
  endloop
endfacet
facet normal -3.432960188281558e-08 0.7071067730951689 0.707106789277925
  outer loop
    vertex 39.11415953062551 20.133505502512218 9.010412741880199
    vertex 37.226610093251 20.020368118128513 9.123549974428592
    vertex 38.521349856897736 18.725628392124374 10.418289777138835
  endloop
endfacet
facet normal -3.432960188281558e-08 0.7071067730951689 0.707106789277925
  outer loop
    vertex 39.11415953062551 20.133505502512218 9.010412741880199
    vertex 38.521349856897736 18.725628392124374 10.418289777138835
    vertex 41.95077114679472 18.72562840405739 10.41828988845328
  endloop
endfacet
facet normal 0.8167334842519773 -0.5770150913985047 1.332678434950068e-08
  outer loop
    vertex 28.605387839931662 21.954582284147143 14.820632538386072
    vertex 28.575475872438798 21.912243201547028 0.9999998175688828
    vertex 28.605388059973706 21.954582275864166 0.9999998180020498
  endloop
endfacet
facet normal 0.8167334842519773 -0.5770150913985047 1.332678434950068e-08
  outer loop
    vertex 28.575475872438798 21.912243201547028 0.9999998175688828
    vertex 28.605387839931662 21.954582284147143 14.820632538386072
    vertex 28.575475651929526 21.912243208784574 14.850544725395899
  endloop
endfacet
facet normal 0.21728898423948453 0.6902121031455027 0.6902121050804851
  outer loop
    vertex 48.124573015653624 18.725628399400254 6.173801247939682
    vertex 46.716695942142 20.837444047569495 4.505206141792163
    vertex 46.716695919793054 19.4295669491137 5.913083243336804
  endloop
endfacet
facet normal 0.19593119406388 -0.8620972217522775 -0.467332159646334
  outer loop
    vertex 42.23181680423273 17.2427498441712 1.4078764596053825
    vertex 39.1344871842328 16.53881129417125 1.4078764112099849
    vertex 41.97109884510016 17.946688392626605 -6.453051787939441e-07
  endloop
endfacet
facet normal 0.8363071360226411 -0.5482612280998972 1.3643595777622097e-08
  outer loop
    vertex 28.6546922591862 22.02790771682395 14.771328120770512
    vertex 28.631791918422273 21.992975634620862 0.9999998183832868
    vertex 28.6546924784433 22.0279077085724 0.999999818712138
  endloop
endfacet
facet normal 0.8363071360226411 -0.5482612280998972 1.3643595777622097e-08
  outer loop
    vertex 28.631791918422273 21.992975634620862 0.9999998183832868
    vertex 28.6546922591862 22.02790771682395 14.771328120770512
    vertex 28.631791698800548 21.992975642887 14.79422868039399
  endloop
endfacet
facet normal -0.9999999999999998 3.612652501604073e-15 -1.5855688629976986e-08
  outer loop
    vertex 31.24602038429397 20.086136405729295 0.9999998553543781
    vertex 31.246020207027296 24.100421446618032 12.180000257283512
    vertex 31.24602038429388 24.100421444082375 0.9999998593900483
  endloop
endfacet
facet normal -0.9999999999999998 3.612652501604073e-15 -1.5855688629976986e-08
  outer loop
    vertex 31.246020207027296 24.100421446618032 12.180000257283512
    vertex 31.24602038429397 20.086136405729295 0.9999998553543781
    vertex 31.246020207027346 20.086136408264938 12.18000025324782
  endloop
endfacet
facet normal 1.3208029907694998e-08 -0.5547001971380108 -0.8320502937293224
  outer loop
    vertex 43.639693904232665 15.8348727441712 1.4078764834988706
    vertex 41.97109884510016 17.946688392626605 -6.453051787939441e-07
    vertex 46.737023546581774 17.946688392626548 -5.696504876062697e-07
  endloop
endfacet
facet normal 1.1224734823573636e-08 -0.7071067819623841 -0.7071067804107108
  outer loop
    vertex 46.7370234527163 15.834872749114263 5.9130832526664925
    vertex 42.93575529389074 16.53881129834183 5.209144641552214
    vertex 46.73702347506518 17.242749847569478 4.505206151121831
  endloop
endfacet
facet normal 0.6635003808627793 -0.7481759449453979 8.852527674689669e-08
  outer loop
    vertex 37.54693743028117 2.5590392619238385 9.01041271649867
    vertex 38.16936568685826 3.111023676628507 9.866305466733259
    vertex 37.54693740348725 2.5590392657861605 9.243877138942649
  endloop
endfacet
facet normal 0.6635003808627793 -0.7481759449453979 8.852527674689669e-08
  outer loop
    vertex 38.16936568685826 3.111023676628507 9.866305466733259
    vertex 37.54693743028117 2.5590392619238385 9.01041271649867
    vertex 39.13448705368532 3.966916362067813 9.010412756603476
  endloop
endfacet
facet normal 0.7818794788729178 -0.4408312992073037 0.44083131258636243
  outer loop
    vertex 39.134487031336455 5.374793463612479 10.418289855058642
    vertex 38.16936568685826 3.111023676628507 9.866305466733259
    vertex 39.13448705368532 3.966916362067813 9.010412756603476
  endloop
endfacet
facet normal 0.7818794788729178 -0.4408312992073037 0.44083131258636243
  outer loop
    vertex 38.16936568685826 3.111023676628507 9.866305466733259
    vertex 39.134487031336455 5.374793463612479 10.418289855058642
    vertex 38.72135003287465 4.642033926210511 10.418289860006105
  endloop
endfacet
facet normal 0.8131271738582138 -0.5820860753645926 1.3261515363403418e-08
  outer loop
    vertex 28.575475651929526 21.912243208784574 14.850544725395899
    vertex 27.72660968541769 20.726445785995374 0.9999998052588045
    vertex 28.575475872438798 21.912243201547028 0.9999998175688828
  endloop
endfacet
facet normal 0.8131271738582138 -0.5820860753645926 1.3261515363403418e-08
  outer loop
    vertex 27.72660968541769 20.726445785995374 0.9999998052588045
    vertex 28.575475651929526 21.912243208784574 14.850544725395899
    vertex 27.72660945138928 20.726445794235502 15.699410897793996
  endloop
endfacet
facet normal 3.511762316507663e-11 1.0 -3.694287325626097e-10
  outer loop
    vertex 24.02111055412628 19.259779123200378 12.180000150397413
    vertex 25.776609685417547 19.259779119116672 0.9999997759469332
    vertex 24.02111073139284 19.259779120664682 0.9999997525039273
  endloop
endfacet
facet normal 3.511762316507663e-11 1.0 -3.694287325626097e-10
  outer loop
    vertex 25.776609685417547 19.259779119116672 0.9999997759469332
    vertex 24.02111055412628 19.259779123200378 12.180000150397413
    vertex 25.77660947948148 19.259779125273578 13.935499131328825
  endloop
endfacet
facet normal 5.267826586012381e-10 1.0 -4.124099512749479e-09
  outer loop
    vertex 37.22661000785616 21.54138260489383 6.173801106255879
    vertex 37.526609911026064 21.541382571023817 -7.659886757111949e-07
    vertex 37.22660991102609 21.541382576525812 -7.527971586621308e-07
  endloop
endfacet
facet normal 5.267826586012381e-10 1.0 -4.124099512749479e-09
  outer loop
    vertex 37.526609911026064 21.541382571023817 -7.659886757111949e-07
    vertex 37.22661000785616 21.54138260489383 6.173801106255879
    vertex 37.52661000785611 21.541382599391884 6.1738010930643625
  endloop
endfacet
facet normal 5.267826586012381e-10 1.0 -4.124099512749479e-09
  outer loop
    vertex 37.526609911026064 21.541382571023817 -7.659886757111949e-07
    vertex 37.52661000785611 21.541382599391884 6.1738010930643625
    vertex 37.52661002790564 21.541382594315188 1.4078763915827872
  endloop
endfacet
facet normal 0.8357445275484335 -0.5491184614205254 2.3602638696165447e-08
  outer loop
    vertex 37.54693744014439 15.130934202368469 9.010412711105241
    vertex 37.54693757140541 15.130934197291744 4.244488009623625
    vertex 38.93448709628978 17.242749849069163 5.91308312730788
  endloop
endfacet
facet normal -3.0075337192964926e-08 -0.7071067428730978 -0.7071068194999945
  outer loop
    vertex 41.97109884510016 17.946688392626605 -6.453051787939441e-07
    vertex 37.22661043535917 16.538811313818663 1.407876487006394
    vertex 37.22660985671842 17.946688590990714 -6.476210172884211e-07
  endloop
endfacet
facet normal -3.0075337192964926e-08 -0.7071067428730978 -0.7071068194999945
  outer loop
    vertex 37.22661043535917 16.538811313818663 1.407876487006394
    vertex 41.97109884510016 17.946688392626605 -6.453051787939441e-07
    vertex 39.1344871842328 16.53881129417125 1.4078764112099849
  endloop
endfacet
facet normal -1.1065762857668612e-08 -0.7071067804220191 0.7071067819510759
  outer loop
    vertex 38.93448709628978 17.242749849069163 5.91308312730788
    vertex 39.134487135065086 15.834872747569465 4.505206031982463
    vertex 39.1344871127162 17.242749849114183 5.913083130437725
  endloop
endfacet
facet normal -1.1065762857668612e-08 -0.7071067804220191 0.7071067819510759
  outer loop
    vertex 39.134487135065086 15.834872747569465 4.505206031982463
    vertex 38.93448709628978 17.242749849069163 5.91308312730788
    vertex 38.93448713506469 15.834872747569484 4.505206028807571
  endloop
endfacet
facet normal 0.8239575128006753 -0.5666515835143539 1.3458033383445248e-08
  outer loop
    vertex 28.631791698800548 21.992975642887 14.79422868039399
    vertex 28.605388059973706 21.954582275864166 0.9999998180020498
    vertex 28.631791918422273 21.992975634620862 0.9999998183832868
  endloop
endfacet
facet normal 0.8239575128006753 -0.5666515835143539 1.3458033383445248e-08
  outer loop
    vertex 28.605388059973706 21.954582275864166 0.9999998180020498
    vertex 28.631791698800548 21.992975642887 14.79422868039399
    vertex 28.605387839931662 21.954582284147143 14.820632538386072
  endloop
endfacet
facet normal 0.9999999999999998 -8.108542876783372e-15 1.5855685724251378e-08
  outer loop
    vertex 23.3071988078527 24.10042144661803 12.180000131126496
    vertex 23.30719898511932 20.086136405729313 0.999999729197339
    vertex 23.30719898511928 24.100421444082468 0.9999997332330092
  endloop
endfacet
facet normal 0.9999999999999998 -8.108542876783372e-15 1.5855685724251378e-08
  outer loop
    vertex 23.30719898511932 20.086136405729313 0.999999729197339
    vertex 23.3071988078527 24.10042144661803 12.180000131126496
    vertex 23.307198807852753 20.086136408264917 12.180000127090803
  endloop
endfacet
facet normal 0.9154144475237039 0.4025125951630229 1.4333434920220575e-08
  outer loop
    vertex 28.692123191407507 22.2934325581843 14.733897190004429
    vertex 28.703979148090593 22.266469632518493 0.9999998192395138
    vertex 28.692123410068746 22.293432549956645 0.9999998190195317
  endloop
endfacet
facet normal 0.9154144475237039 0.4025125951630229 1.4333434920220575e-08
  outer loop
    vertex 28.703979148090593 22.266469632518493 0.9999998192395138
    vertex 28.692123191407507 22.2934325581843 14.733897190004429
    vertex 28.7039789296182 22.26646964073851 14.722041452143129
  endloop
endfacet
facet normal 0.9966856589760421 -0.08134922981499207 1.5917230237719476e-08
  outer loop
    vertex 28.71880807024595 22.191941301877158 14.70721231191126
    vertex 28.716821875192256 22.167603882685974 0.9999998195547143
    vertex 28.71880828848225 22.191941293666552 0.9999998195597147
  endloop
endfacet
facet normal 0.9966856589760421 -0.08134922981499207 1.5917230237719476e-08
  outer loop
    vertex 28.716821875192256 22.167603882685974 0.9999998195547143
    vertex 28.71880807024595 22.191941301877158 14.70721231191126
    vertex 28.716821656924285 22.16760389089778 14.70919872514535
  endloop
endfacet
facet normal -0.7567144868201476 0.653745505098521 -1.2146501680947229e-08
  outer loop
    vertex 30.53210863802022 19.259779120664763 0.9999998762399955
    vertex 31.246020207027346 20.086136408264938 12.18000025324782
    vertex 31.24602038429397 20.086136405729295 0.9999998553543781
  endloop
endfacet
facet normal -0.7567144868201476 0.653745505098521 -1.2146501680947229e-08
  outer loop
    vertex 31.246020207027346 20.086136408264938 12.18000025324782
    vertex 30.53210863802022 19.259779120664763 0.9999998762399955
    vertex 30.53210846075359 19.259779123200417 12.18000027413348
  endloop
endfacet
facet normal 0.8245918743432772 0.5657280625592485 1.2789526894082954e-08
  outer loop
    vertex 28.61027093279459 22.424803070566618 14.815749446150837
    vertex 28.63588855155221 22.387463746307137 0.9999998180134794
    vertex 28.61027115275897 22.424803062286752 0.9999998175612509
  endloop
endfacet
facet normal 0.8245918743432772 0.5657280625592485 1.2789526894082954e-08
  outer loop
    vertex 28.63588855155221 22.387463746307137 0.9999998180134794
    vertex 28.61027093279459 22.424803070566618 14.815749446150837
    vertex 28.635888331995705 22.38746375457067 14.79013204772546
  endloop
endfacet
facet normal 0.8832735168979801 0.46885807484426817 1.3781947676438652e-08
  outer loop
    vertex 28.676819491961066 22.322262929134716 14.74920088899404
    vertex 28.692123410068746 22.293432549956645 0.9999998190195317
    vertex 28.67681971086589 22.32226292089731 0.9999998187421684
  endloop
endfacet
facet normal 0.8832735168979801 0.46885807484426817 1.3781947676438652e-08
  outer loop
    vertex 28.692123410068746 22.293432549956645 0.9999998190195317
    vertex 28.676819491961066 22.322262929134716 14.74920088899404
    vertex 28.692123191407507 22.2934325581843 14.733897190004429
  endloop
endfacet
facet normal 0.7818794788729663 -0.4408312992072702 0.4408313125863098
  outer loop
    vertex 39.13448704119967 17.94668840405716 10.418289849665229
    vertex 38.16936564228568 15.682918568798057 9.866305509614909
    vertex 39.13448706354851 16.538811302512524 9.010412751210048
  endloop
endfacet
facet normal 0.7818794788729663 -0.4408312992072702 0.4408313125863098
  outer loop
    vertex 38.16936564228568 15.682918568798057 9.866305509614909
    vertex 39.13448704119967 17.94668840405716 10.418289849665229
    vertex 38.72134993937811 17.213928683331318 10.418289854612667
  endloop
endfacet
facet normal -3.510222578188683e-11 1.0 -3.694267576144093e-10
  outer loop
    vertex 28.77660947948149 19.259779125273656 13.935499179085989
    vertex 30.53210863802022 19.259779120664763 0.9999998762399955
    vertex 28.77660968541757 19.259779119116757 0.9999998237041322
  endloop
endfacet
facet normal -3.510222578188683e-11 1.0 -3.694267576144093e-10
  outer loop
    vertex 30.53210863802022 19.259779120664763 0.9999998762399955
    vertex 28.77660947948149 19.259779125273656 13.935499179085989
    vertex 30.53210846075359 19.259779123200417 12.18000027413348
  endloop
endfacet
facet normal 0.9110977250923132 -0.41219041149887425 1.4752762745588943e-08
  outer loop
    vertex 28.702424456031586 22.116780537369426 14.723595925529807
    vertex 28.690003825837792 22.089325725080897 0.9999998192108666
    vertex 28.702424674528814 22.116780529148404 0.999999819379836
  endloop
endfacet
facet normal 0.9110977250923132 -0.41219041149887425 1.4752762745588943e-08
  outer loop
    vertex 28.690003825837792 22.089325725080897 0.9999998192108666
    vertex 28.702424456031586 22.116780537369426 14.723595925529807
    vertex 28.69000360714282 22.08932573330986 14.736016773996635
  endloop
endfacet
facet normal 0.9454194302422854 -0.3258559511814266 1.5247477730461623e-08
  outer loop
    vertex 28.711362129072494 22.14271177964696 14.714658252798781
    vertex 28.702424674528814 22.116780529148404 0.999999819379836
    vertex 28.71136234742738 22.142711771431653 0.999999819494602
  endloop
endfacet
facet normal 0.9454194302422854 -0.3258559511814266 1.5247477730461623e-08
  outer loop
    vertex 28.702424674528814 22.116780529148404 0.999999819379836
    vertex 28.711362129072494 22.14271177964696 14.714658252798781
    vertex 28.702424456031586 22.116780537369426 14.723595925529807
  endloop
endfacet
facet normal -1.8192547416935935e-08 -0.9999999999999998 2.5293994434188135e-09
  outer loop
    vertex 37.22661031049211 15.130934195147598 4.244487993408816
    vertex 37.34693740696406 15.130934206230874 9.243877232622934
    vertex 37.226610098672246 15.13093421756635 9.123549922813842
  endloop
endfacet
facet normal -1.8192547416935935e-08 -0.9999999999999998 2.5293994434188135e-09
  outer loop
    vertex 37.34693740696406 15.130934206230874 9.243877232622934
    vertex 37.22661031049211 15.130934195147598 4.244487993408816
    vertex 37.54693757140541 15.130934197291744 4.244488009623625
  endloop
endfacet
facet normal -1.8192547416935935e-08 -0.9999999999999998 2.5293994434188135e-09
  outer loop
    vertex 37.34693740696406 15.130934206230874 9.243877232622934
    vertex 37.54693757140541 15.130934197291744 4.244488009623625
    vertex 37.54693741335043 15.13093420623081 9.243877235797774
  endloop
endfacet
facet normal -1.8192547416935935e-08 -0.9999999999999998 2.5293994434188135e-09
  outer loop
    vertex 37.54693741335043 15.13093420623081 9.243877235797774
    vertex 37.54693757140541 15.130934197291744 4.244488009623625
    vertex 37.54693744014439 15.130934202368469 9.010412711105241
  endloop
endfacet
facet normal 0.8131086893204879 0.5821118959027707 1.2375070751909e-08
  outer loop
    vertex 27.54568981647771 23.91249234491163 12.180000198275756
    vertex 27.72660968541761 23.659779119186425 0.9999998020202723
    vertex 27.545689994476845 23.91249233831489 0.9999997988115258
  endloop
endfacet
facet normal 0.8131086893204879 0.5821118959027707 1.2375070751909e-08
  outer loop
    vertex 27.72660968541761 23.659779119186425 0.9999998020202723
    vertex 27.54568981647771 23.91249234491163 12.180000198275756
    vertex 27.55981689163841 23.892759287541462 12.18000019891454
  endloop
endfacet
facet normal 0.8131086893204879 0.5821118959027707 1.2375070751909e-08
  outer loop
    vertex 27.72660968541761 23.659779119186425 0.9999998020202723
    vertex 27.55981689163841 23.892759287541462 12.18000019891454
    vertex 27.726609451384075 23.65977912803057 15.699410900748143
  endloop
endfacet
facet normal 0.8131086893204879 0.5821118959027707 1.2375070751909e-08
  outer loop
    vertex 27.726609451384075 23.65977912803057 15.699410900748143
    vertex 27.55981689163841 23.892759287541462 12.18000019891454
    vertex 27.55981682550014 23.892759315774736 15.8662035288958
  endloop
endfacet
facet normal 0.7567144868201963 0.6537455050984647 1.1849955454908227e-08
  outer loop
    vertex 23.307198807852753 20.086136408264917 12.180000127090803
    vertex 24.02111073139284 19.259779120664682 0.9999997525039273
    vertex 23.30719898511932 20.086136405729313 0.999999729197339
  endloop
endfacet
facet normal 0.7567144868201963 0.6537455050984647 1.1849955454908227e-08
  outer loop
    vertex 24.02111073139284 19.259779120664682 0.9999997525039273
    vertex 23.307198807852753 20.086136408264917 12.180000127090803
    vertex 24.02111055412628 19.259779123200378 12.180000150397413
  endloop
endfacet
facet normal 0.8570405904861045 0.5152488973876889 1.3336468484939028e-08
  outer loop
    vertex 28.65807286193742 22.353445184345148 14.767947518453795
    vertex 28.67681971086589 22.32226292089731 0.9999998187421684
    vertex 28.65807308114079 22.353445176095743 0.9999998184069671
  endloop
endfacet
facet normal 0.8570405904861045 0.5152488973876889 1.3336468484939028e-08
  outer loop
    vertex 28.67681971086589 22.32226292089731 0.9999998187421684
    vertex 28.65807286193742 22.353445184345148 14.767947518453795
    vertex 28.676819491961066 22.322262929134716 14.74920088899404
  endloop
endfacet
facet normal 0.5321715452730101 0.8466365491766443 7.973254409357621e-09
  outer loop
    vertex 27.38424163104216 24.070352792915862 12.180000194571523
    vertex 27.411149839947218 24.05343916689006 0.9999997964921735
    vertex 27.384241809041296 24.070352786319077 0.9999997960443389
  endloop
endfacet
facet normal 0.5321715452730101 0.8466365491766443 7.973254409357621e-09
  outer loop
    vertex 27.411149839947218 24.05343916689006 0.9999997964921735
    vertex 27.38424163104216 24.070352792915862 12.180000194571523
    vertex 27.411149661948095 24.053439173486858 12.18000019511611
  endloop
endfacet
facet normal 0.3296828328793859 0.9440917485629365 4.69188659553581e-09
  outer loop
    vertex 27.330425569230332 24.0929042854879 12.180000193569652
    vertex 27.35733377813538 24.08350782365277 0.9999997956018519
    vertex 27.33042574722946 24.092904278891115 0.9999997951647084
  endloop
endfacet
facet normal 0.3296828328793859 0.9440917485629365 4.69188659553581e-09
  outer loop
    vertex 27.35733377813538 24.08350782365277 0.9999997956018519
    vertex 27.330425569230332 24.0929042854879 12.180000193569652
    vertex 27.357333600136258 24.08350783024954 12.180000194056017
  endloop
endfacet
facet normal 0.20507082842789917 0.9787471355400714 2.6874644080537335e-09
  outer loop
    vertex 27.30351753832442 24.09854215863088 12.18000019311242
    vertex 27.33042574722946 24.092904278891115 0.9999997951647084
    vertex 27.303517716323555 24.09854215203411 0.9999997947329113
  endloop
endfacet
facet normal 0.20507082842789917 0.9787471355400714 2.6874644080537335e-09
  outer loop
    vertex 27.33042574722946 24.092904278891115 0.9999997951647084
    vertex 27.30351753832442 24.09854215863088 12.18000019311242
    vertex 27.330425569230332 24.0929042854879 12.180000193569652
  endloop
endfacet
facet normal -0.5321715452731114 0.8466365491765806 -8.972374929609957e-09
  outer loop
    vertex 27.14206935288889 24.053439173486858 12.180000190850462
    vertex 27.168977561793938 24.070352786319077 0.9999997924925934
    vertex 27.142069530888012 24.05343916689006 0.9999997920861405
  endloop
endfacet
facet normal -0.5321715452731114 0.8466365491765806 -8.972374929609957e-09
  outer loop
    vertex 27.168977561793938 24.070352786319077 0.9999997924925934
    vertex 27.14206935288889 24.053439173486858 12.180000190850462
    vertex 27.168977383794804 24.070352792915862 12.180000191126156
  endloop
endfacet
facet normal 0.7986222801335369 0.6018325794390915 1.2359921461678278e-08
  outer loop
    vertex 27.518781785571804 23.948198874817383 12.180000197585596
    vertex 27.545689994476845 23.91249233831489 0.9999997988115258
    vertex 27.51878196357093 23.948198868220597 0.9999997983369631
  endloop
endfacet
facet normal 0.7986222801335369 0.6018325794390915 1.2359921461678278e-08
  outer loop
    vertex 27.545689994476845 23.91249233831489 0.9999997988115258
    vertex 27.518781785571804 23.948198874817383 12.180000197585596
    vertex 27.54568981647771 23.91249234491163 12.180000198275756
  endloop
endfacet
facet normal 0.998141237704247 0.06094316691995628 1.5855169633718188e-08
  outer loop
    vertex 28.71732639969626 22.21620844334028 14.708693982438279
    vertex 28.71880828848225 22.191941293666552 0.9999998195597147
    vertex 28.717326617956136 22.21620843512871 0.9999998195091518
  endloop
endfacet
facet normal 0.998141237704247 0.06094316691995628 1.5855169633718188e-08
  outer loop
    vertex 28.71880828848225 22.191941293666552 0.9999998195597147
    vertex 28.71732639969626 22.21620844334028 14.708693982438279
    vertex 28.71880807024595 22.191941301877158 14.70721231191126
  endloop
endfacet
facet normal -0.0696715192791638 0.9975699872196101 -1.612685474226907e-09
  outer loop
    vertex 27.249701476512563 24.09854215863088 12.180000192158131
    vertex 27.276609685417622 24.10042144308179 0.9999997943064597
    vertex 27.249701654511686 24.09854215203411 0.9999997937440283
  endloop
endfacet
facet normal -0.0696715192791638 0.9975699872196101 -1.612685474226907e-09
  outer loop
    vertex 27.276609685417622 24.10042144308179 0.9999997943064597
    vertex 27.249701476512563 24.09854215863088 12.180000192158131
    vertex 27.276609507627217 24.100421447783727 12.180000194204988
  endloop
endfacet
facet normal -0.6092240004988401 0.7929981823536477 -1.016749374451022e-08
  outer loop
    vertex 27.115161321982956 24.03276697196251 12.180000190608865
    vertex 27.142069530888012 24.05343916689006 0.9999997920861405
    vertex 27.11516149998209 24.032766965365724 0.9999997916850315
  endloop
endfacet
facet normal -0.6092240004988401 0.7929981823536477 -1.016749374451022e-08
  outer loop
    vertex 27.142069530888012 24.05343916689006 0.9999997920861405
    vertex 27.115161321982956 24.03276697196251 12.180000190608865
    vertex 27.14206935288889 24.053439173486858 12.180000190850462
  endloop
endfacet
facet normal 0.9500546160801867 0.3120836850345255 1.4939131436178942e-08
  outer loop
    vertex 28.7039789296182 22.26646964073851 14.722041452143129
    vertex 28.712381894272657 22.240889737827594 0.9999998194025682
    vertex 28.703979148090593 22.266469632518493 0.9999998192395138
  endloop
endfacet
facet normal 0.9500546160801867 0.3120836850345255 1.4939131436178942e-08
  outer loop
    vertex 28.712381894272657 22.240889737827594 0.9999998194025682
    vertex 28.7039789296182 22.26646964073851 14.722041452143129
    vertex 28.712381675933965 22.240889746042228 14.713638706068327
  endloop
endfacet
facet normal 0.8376274335545187 0.5462419633796638 1.3008785486522798e-08
  outer loop
    vertex 28.635888331995705 22.38746375457067 14.79013204772546
    vertex 28.65807308114079 22.353445176095743 0.9999998184069671
    vertex 28.63588855155221 22.387463746307137 0.9999998180134794
  endloop
endfacet
facet normal 0.8376274335545187 0.5462419633796638 1.3008785486522798e-08
  outer loop
    vertex 28.65807308114079 22.353445176095743 0.9999998184069671
    vertex 28.635888331995705 22.38746375457067 14.79013204772546
    vertex 28.65807286193742 22.353445184345148 14.767947518453795
  endloop
endfacet
facet normal -0.672204713336365 0.7403653310146114 -1.1139165751604752e-08
  outer loop
    vertex 27.08825329107704 24.008336188342778 12.180000190401445
    vertex 27.11516149998209 24.032766965365724 0.9999997916850315
    vertex 27.088253469076164 24.008336181746007 0.9999997912892709
  endloop
endfacet
facet normal -0.672204713336365 0.7403653310146114 -1.1139165751604752e-08
  outer loop
    vertex 27.11516149998209 24.032766965365724 0.9999997916850315
    vertex 27.08825329107704 24.008336188342778 12.180000190401445
    vertex 27.115161321982956 24.03276697196251 12.180000190608865
  endloop
endfacet
facet normal 0.7233555441935351 0.6904757466301584 1.1109280258286268e-08
  outer loop
    vertex 27.46496572375996 24.008336188342778 12.180000196292614
    vertex 27.491873932664998 23.980146816030985 0.9999997978677468
    vertex 27.464965901759086 24.008336181746007 0.9999997974038779
  endloop
endfacet
facet normal 0.7233555441935351 0.6904757466301584 1.1109280258286268e-08
  outer loop
    vertex 27.491873932664998 23.980146816030985 0.9999997978677468
    vertex 27.46496572375996 24.008336188342778 12.180000196292614
    vertex 27.49187375466587 23.980146822627727 12.18000019692456
  endloop
endfacet
facet normal 0.9805159654868241 0.19643940904370752 1.5493391593940635e-08
  outer loop
    vertex 28.712381675933965 22.240889746042228 14.713638706068327
    vertex 28.717326617956136 22.21620843512871 0.9999998195091518
    vertex 28.712381894272657 22.240889737827594 0.9999998194025682
  endloop
endfacet
facet normal 0.9805159654868241 0.19643940904370752 1.5493391593940635e-08
  outer loop
    vertex 28.717326617956136 22.21620843512871 0.9999998195091518
    vertex 28.712381675933965 22.240889746042228 14.713638706068327
    vertex 28.71732639969626 22.21620844334028 14.708693982438279
  endloop
endfacet
facet normal -0.7233555441933952 0.6904757466303049 -1.1924109850990234e-08
  outer loop
    vertex 27.06134543817025 23.980146816030985 0.9999997908988555
    vertex 27.08825329107704 24.008336188342778 12.180000190401445
    vertex 27.088253469076164 24.008336181746007 0.9999997912892709
  endloop
endfacet
facet normal -0.7233555441933952 0.6904757466303049 -1.1924109850990234e-08
  outer loop
    vertex 27.08825329107704 24.008336188342778 12.180000190401445
    vertex 27.06134543817025 23.980146816030985 0.9999997908988555
    vertex 27.061345260171116 23.980146822627727 12.18000019022813
  endloop
endfacet
facet normal 0.06967151981699363 0.9975699871820474 6.045234828166967e-10
  outer loop
    vertex 27.276609507627217 24.100421447783727 12.180000194204988
    vertex 27.303517716323555 24.09854215203411 0.9999997947329113
    vertex 27.276609685417622 24.10042144308179 0.9999997943064597
  endloop
endfacet
facet normal 0.06967151981699363 0.9975699871820474 6.045234828166967e-10
  outer loop
    vertex 27.303517716323555 24.09854215203411 0.9999997947329113
    vertex 27.276609507627217 24.100421447783727 12.180000194204988
    vertex 27.30351753832442 24.09854215863088 12.18000019311242
  endloop
endfacet
facet normal 0.6092240004989438 0.792998182353568 9.231672160574217e-09
  outer loop
    vertex 27.411149661948095 24.053439173486858 12.18000019511611
    vertex 27.438057870853154 24.032766965365724 0.9999997969453519
    vertex 27.411149839947218 24.05343916689006 0.9999997964921735
  endloop
endfacet
facet normal 0.6092240004989438 0.792998182353568 9.231672160574217e-09
  outer loop
    vertex 27.438057870853154 24.032766965365724 0.9999997969453519
    vertex 27.411149661948095 24.053439173486858 12.18000019511611
    vertex 27.438057692854024 24.03276697196251 12.180000195689798
  endloop
endfacet
facet normal 0.9767820824652385 -0.21423529908694236 1.5679941825050993e-08
  outer loop
    vertex 28.716821656924285 22.16760389089778 14.70919872514535
    vertex 28.71136234742738 22.142711771431653 0.999999819494602
    vertex 28.716821875192256 22.167603882685974 0.9999998195547143
  endloop
endfacet
facet normal 0.9767820824652385 -0.21423529908694236 1.5679941825050993e-08
  outer loop
    vertex 28.71136234742738 22.142711771431653 0.999999819494602
    vertex 28.716821656924285 22.16760389089778 14.70919872514535
    vertex 28.711362129072494 22.14271177964696 14.714658252798781
  endloop
endfacet
facet normal 0.8799160735194536 -0.47512914408832807 1.4294032216898143e-08
  outer loop
    vertex 28.69000360714282 22.08932573330986 14.736016773996635
    vertex 28.674094770695547 22.05986292847399 0.9999998189881506
    vertex 28.690003825837792 22.089325725080897 0.9999998192108666
  endloop
endfacet
facet normal 0.8799160735194536 -0.47512914408832807 1.4294032216898143e-08
  outer loop
    vertex 28.674094770695547 22.05986292847399 0.9999998189881506
    vertex 28.69000360714282 22.08932573330986 14.736016773996635
    vertex 28.674094551747437 22.059862936713127 14.75192582885748
  endloop
endfacet
facet normal 0.7648581628233251 0.6441987199323883 1.1797357468143415e-08
  outer loop
    vertex 27.49187375466587 23.980146822627727 12.18000019692456
    vertex 27.51878196357093 23.948198868220597 0.9999997983369631
    vertex 27.491873932664998 23.980146816030985 0.9999997978677468
  endloop
endfacet
facet normal 0.7648581628233251 0.6441987199323883 1.1797357468143415e-08
  outer loop
    vertex 27.51878196357093 23.948198868220597 0.9999997983369631
    vertex 27.49187375466587 23.980146822627727 12.18000019692456
    vertex 27.518781785571804 23.948198874817383 12.180000197585596
  endloop
endfacet
facet normal -0.32968283287946415 0.9440917485629091 -5.806012102367882e-09
  outer loop
    vertex 27.195885414700726 24.08350783024954 12.180000191435992
    vertex 27.222793623605767 24.092904278891115 0.9999997933215382
    vertex 27.19588559269985 24.08350782365277 0.9999997929043938
  endloop
endfacet
facet normal -0.32968283287946415 0.9440917485629091 -5.806012102367882e-09
  outer loop
    vertex 27.222793623605767 24.092904278891115 0.9999997933215382
    vertex 27.195885414700726 24.08350783024954 12.180000191435992
    vertex 27.222793445606637 24.0929042854879 12.180000191779996
  endloop
endfacet
facet normal -0.2050708284278198 0.9787471355400882 -3.842486774964016e-09
  outer loop
    vertex 27.222793445606637 24.0929042854879 12.180000191779996
    vertex 27.249701654511686 24.09854215203411 0.9999997937440283
    vertex 27.222793623605767 24.092904278891115 0.9999997933215382
  endloop
endfacet
facet normal -0.2050708284278198 0.9787471355400882 -3.842486774964016e-09
  outer loop
    vertex 27.249701654511686 24.09854215203411 0.9999997937440283
    vertex 27.222793445606637 24.0929042854879 12.180000191779996
    vertex 27.249701476512563 24.09854215863088 12.180000192158131
  endloop
endfacet
facet normal 0.6722047133362153 0.7403653310147473 1.0265458618999239e-08
  outer loop
    vertex 27.438057692854024 24.03276697196251 12.180000195689798
    vertex 27.464965901759086 24.008336181746007 0.9999997974038779
    vertex 27.438057870853154 24.032766965365724 0.9999997969453519
  endloop
endfacet
facet normal 0.6722047133362153 0.7403653310147473 1.0265458618999239e-08
  outer loop
    vertex 27.464965901759086 24.008336181746007 0.9999997974038779
    vertex 27.438057692854024 24.03276697196251 12.180000195689798
    vertex 27.46496572375996 24.008336188342778 12.180000196292614
  endloop
endfacet
facet normal -0.43921013205632026 0.8983843608940828 -7.522849573750198e-09
  outer loop
    vertex 27.168977383794804 24.070352792915862 12.180000191126156
    vertex 27.19588559269985 24.08350782365277 0.9999997929043938
    vertex 27.168977561793938 24.070352786319077 0.9999997924925934
  endloop
endfacet
facet normal -0.43921013205632026 0.8983843608940828 -7.522849573750198e-09
  outer loop
    vertex 27.19588559269985 24.08350782365277 0.9999997929043938
    vertex 27.168977383794804 24.070352792915862 12.180000191126156
    vertex 27.195885414700726 24.08350783024954 12.180000191435992
  endloop
endfacet
facet normal -0.8131224187830707 -0.5820927177621535 -7.989747148366203e-07
  outer loop
    vertex 26.826609685417708 20.726445785995445 0.9999997908374272
    vertex 25.97772444748078 21.912229727924995 14.850507022932293
    vertex 25.977743498396435 21.912243201546957 0.9999997761973619
  endloop
endfacet
facet normal -0.8131224187830707 -0.5820927177621535 -7.989747148366203e-07
  outer loop
    vertex 25.97772444748078 21.912229727924995 14.850507022932293
    vertex 26.826609685417708 20.726445785995445 0.9999997908374272
    vertex 26.82660945138929 20.726445794235545 15.699410883006664
  endloop
endfacet
facet normal -0.8131242881934743 0.5820901063837587 -1.3525406830481967e-08
  outer loop
    vertex 25.97199345541545 22.46594755478982 0.9999997754957449
    vertex 27.00752919835927 23.91249234491163 12.180000189983913
    vertex 27.007529376358406 23.91249233831489 0.9999997901340566
  endloop
endfacet
facet normal -0.8131242881934743 0.5820901063837587 -1.3525406830481967e-08
  outer loop
    vertex 27.00752919835927 23.91249234491163 12.180000189983913
    vertex 25.97199345541545 22.46594755478982 0.9999997754957449
    vertex 26.99340292313464 23.892759287541462 12.180000189923145
  endloop
endfacet
facet normal -0.8131242881934743 0.5820901063837587 -1.3525406830481967e-08
  outer loop
    vertex 26.99340292313464 23.892759287541462 12.180000189923145
    vertex 25.97199345541545 22.46594755478982 0.9999997754957449
    vertex 25.97199323498862 22.465947563088246 14.844794641222192
  endloop
endfacet
facet normal -0.8131242881934743 0.5820901063837587 -1.3525406830481967e-08
  outer loop
    vertex 26.99340292313464 23.892759287541462 12.180000189923145
    vertex 25.97199323498862 22.465947563088246 14.844794641222192
    vertex 26.99340287172753 23.892759315716756 15.86620431922985
  endloop
endfacet
facet normal -0.9999999999999997 -1.8126251354665904e-08 -1.4950410856481067e-08
  outer loop
    vertex 26.99340292313464 23.892759287541462 12.180000189923145
    vertex 26.993402864260236 24.10042146604702 15.866204304565008
    vertex 26.99340292307366 24.100421447700562 12.180000187185776
  endloop
endfacet
facet normal -0.9999999999999997 -1.8126251354665904e-08 -1.4950410856481067e-08
  outer loop
    vertex 26.993402864260236 24.10042146604702 15.866204304565008
    vertex 26.99340292313464 23.892759287541462 12.180000189923145
    vertex 26.99340287172753 23.892759315716756 15.86620431922985
  endloop
endfacet
facet normal 0.6034212492134653 0.5213114370157761 -0.6034212306790402
  outer loop
    vertex 25.77660947948148 19.259779125273578 13.935499131328825
    vertex 23.307198807852753 20.086136408264917 12.180000127090803
    vertex 26.368206151288156 20.086136411834104 15.241007567708264
  endloop
endfacet
facet normal 0.6034212492134653 0.5213114370157761 -0.6034212306790402
  outer loop
    vertex 23.307198807852753 20.086136408264917 12.180000127090803
    vertex 25.77660947948148 19.259779125273578 13.935499131328825
    vertex 24.02111055412628 19.259779123200378 12.180000150397413
  endloop
endfacet
facet normal -5.265534940294316e-10 -1.0 3.2288527287528e-09
  outer loop
    vertex 31.246020207027296 24.100421446618032 12.180000257283512
    vertex 27.559816832824986 24.100421466091444 15.866203514454792
    vertex 27.55981689163841 24.100421447700562 12.180000196302435
  endloop
endfacet
facet normal -5.265534940294316e-10 -1.0 3.2288527287528e-09
  outer loop
    vertex 27.559816832824986 24.100421466091444 15.866203514454792
    vertex 31.246020207027296 24.100421446618032 12.180000257283512
    vertex 27.99052121222486 24.100421450638173 15.435499148729134
  endloop
endfacet
facet normal 0.7071067210294946 1.8247425479678377e-07 -0.7071068413435718
  outer loop
    vertex 26.99340287172753 23.892759315716756 15.86620431922985
    vertex 23.3071988078527 24.10042144661803 12.180000131126496
    vertex 26.993402864260236 24.10042146604702 15.866204304565008
  endloop
endfacet
facet normal 0.7071067210294946 1.8247425479678377e-07 -0.7071068413435718
  outer loop
    vertex 23.3071988078527 24.10042144661803 12.180000131126496
    vertex 26.99340287172753 23.892759315716756 15.86620431922985
    vertex 23.307198807852753 20.086136408264917 12.180000127090803
  endloop
endfacet
facet normal 0.7071067210294946 1.8247425479678377e-07 -0.7071068413435718
  outer loop
    vertex 23.307198807852753 20.086136408264917 12.180000127090803
    vertex 26.99340287172753 23.892759315716756 15.86620431922985
    vertex 25.97199323498862 22.465947563088246 14.844794641222192
  endloop
endfacet
facet normal 0.7071067210294946 1.8247425479678377e-07 -0.7071068413435718
  outer loop
    vertex 23.307198807852753 20.086136408264917 12.180000127090803
    vertex 25.97199323498862 22.465947563088246 14.844794641222192
    vertex 25.94294799811191 22.424803070566607 14.815749403381984
  endloop
endfacet
facet normal 0.7071067210294946 1.8247425479678377e-07 -0.7071068413435718
  outer loop
    vertex 23.307198807852753 20.086136408264917 12.180000127090803
    vertex 25.94294799811191 22.424803070566607 14.815749403381984
    vertex 25.917330599726537 22.387463754570646 14.79013200414574
  endloop
endfacet
facet normal 0.7071067210294946 1.8247425479678377e-07 -0.7071068413435718
  outer loop
    vertex 23.307198807852753 20.086136408264917 12.180000127090803
    vertex 25.917330599726537 22.387463754570646 14.79013200414574
    vertex 25.895146070491087 22.35344518434506 14.767947474171818
  endloop
endfacet
facet normal 0.7071067210294946 1.8247425479678377e-07 -0.7071068413435718
  outer loop
    vertex 23.307198807852753 20.086136408264917 12.180000127090803
    vertex 25.895146070491087 22.35344518434506 14.767947474171818
    vertex 25.876399441064542 22.32226292913462 14.749200844118684
  endloop
endfacet
facet normal 0.7071067210294946 1.8247425479678377e-07 -0.7071068413435718
  outer loop
    vertex 23.307198807852753 20.086136408264917 12.180000127090803
    vertex 25.876399441064542 22.32226292913462 14.749200844118684
    vertex 25.861095742105277 22.29343255818415 14.733897144644628
  endloop
endfacet
facet normal 0.7071067210294946 1.8247425479678377e-07 -0.7071068413435718
  outer loop
    vertex 23.307198807852753 20.086136408264917 12.180000127090803
    vertex 25.861095742105277 22.29343255818415 14.733897144644628
    vertex 25.849240004272243 22.266469640738517 14.722041406408026
  endloop
endfacet
facet normal 0.7071067210294946 1.8247425479678377e-07 -0.7071068413435718
  outer loop
    vertex 23.307198807852753 20.086136408264917 12.180000127090803
    vertex 25.849240004272243 22.266469640738517 14.722041406408026
    vertex 25.840837258223917 22.240889746042143 14.713638660067277
  endloop
endfacet
facet normal 0.7071067210294946 1.8247425479678377e-07 -0.7071068413435718
  outer loop
    vertex 23.307198807852753 20.086136408264917 12.180000127090803
    vertex 25.840837258223917 22.240889746042143 14.713638660067277
    vertex 25.835892534619234 22.216208443340186 14.708693936280723
  endloop
endfacet
facet normal 0.7071067210294946 1.8247425479678377e-07 -0.7071068413435718
  outer loop
    vertex 23.307198807852753 20.086136408264917 12.180000127090803
    vertex 25.835892534619234 22.216208443340186 14.708693936280723
    vertex 25.83441086411669 22.19194130187702 14.707212265706756
  endloop
endfacet
facet normal 0.7071067210294946 1.8247425479678377e-07 -0.7071068413435718
  outer loop
    vertex 23.307198807852753 20.086136408264917 12.180000127090803
    vertex 25.83441086411669 22.19194130187702 14.707212265706756
    vertex 25.83639727737501 22.167603890897784 14.709198679003716
  endloop
endfacet
facet normal 0.7071067210294946 1.8247425479678377e-07 -0.7071068413435718
  outer loop
    vertex 23.307198807852753 20.086136408264917 12.180000127090803
    vertex 25.83639727737501 22.167603890897784 14.709198679003716
    vertex 25.841856805053002 22.14271177964695 14.71465820683001
  endloop
endfacet
facet normal 0.7071067210294946 1.8247425479678377e-07 -0.7071068413435718
  outer loop
    vertex 23.307198807852753 20.086136408264917 12.180000127090803
    vertex 25.841856805053002 22.14271177964695 14.71465820683001
    vertex 25.850794477809224 22.116780537369337 14.723595879843954
  endloop
endfacet
facet normal 0.7071067210294946 1.8247425479678377e-07 -0.7071068413435718
  outer loop
    vertex 23.307198807852753 20.086136408264917 12.180000127090803
    vertex 25.850794477809224 22.116780537369337 14.723595879843954
    vertex 25.86321532630251 22.089325733309742 14.736016728703987
  endloop
endfacet
facet normal 0.7071067210294946 1.8247425479678377e-07 -0.7071068413435718
  outer loop
    vertex 23.307198807852753 20.086136408264917 12.180000127090803
    vertex 25.86321532630251 22.089325733309742 14.736016728703987
    vertex 25.879124381191595 22.05986293671309 14.751925784068368
  endloop
endfacet
facet normal 0.7071067210294946 1.8247425479678377e-07 -0.7071068413435718
  outer loop
    vertex 23.307198807852753 20.086136408264917 12.180000127090803
    vertex 25.879124381191595 22.05986293671309 14.751925784068368
    vertex 25.898526673134842 22.027907716823893 14.771328076595543
  endloop
endfacet
facet normal 0.7071067210294946 1.8247425479678377e-07 -0.7071068413435718
  outer loop
    vertex 23.307198807852753 20.086136408264917 12.180000127090803
    vertex 25.898526673134842 22.027907716823893 14.771328076595543
    vertex 25.921427232791242 21.992975642887 14.794228636943897
  endloop
endfacet
facet normal 0.7071067210294946 1.8247425479678377e-07 -0.7071068413435718
  outer loop
    vertex 23.307198807852753 20.086136408264917 12.180000127090803
    vertex 25.921427232791242 21.992975642887 14.794228636943897
    vertex 25.947831090819506 21.954582284146994 14.820632495771765
  endloop
endfacet
facet normal 0.7071067210294946 1.8247425479678377e-07 -0.7071068413435718
  outer loop
    vertex 23.307198807852753 20.086136408264917 12.180000127090803
    vertex 25.947831090819506 21.954582284146994 14.820632495771765
    vertex 25.97772444748078 21.912229727924995 14.850507022932293
  endloop
endfacet
facet normal 0.7071067210294946 1.8247425479678377e-07 -0.7071068413435718
  outer loop
    vertex 23.307198807852753 20.086136408264917 12.180000127090803
    vertex 25.97772444748078 21.912229727924995 14.850507022932293
    vertex 26.82660945138929 20.726445794235545 15.699410883006664
  endloop
endfacet
facet normal 0.7071067210294946 1.8247425479678377e-07 -0.7071068413435718
  outer loop
    vertex 23.307198807852753 20.086136408264917 12.180000127090803
    vertex 26.82660945138929 20.726445794235545 15.699410883006664
    vertex 26.368206151288156 20.086136411834104 15.241007567708264
  endloop
endfacet
facet normal 2.936719555395805e-10 -1.0 4.977058815481714e-09
  outer loop
    vertex 26.993402864260236 24.10042146604702 15.866204304565008
    vertex 23.3071988078527 24.10042144661803 12.180000131126496
    vertex 26.99340292307366 24.100421447700562 12.180000187185776
  endloop
endfacet
facet normal -0.7648581628234955 0.644198719932186 -1.2557576647381817e-08
  outer loop
    vertex 27.034437407264328 23.948198868220597 0.9999997905137831
    vertex 27.061345260171116 23.980146822627727 12.18000019022813
    vertex 27.06134543817025 23.980146816030985 0.9999997908988555
  endloop
endfacet
facet normal -0.7648581628234955 0.644198719932186 -1.2557576647381817e-08
  outer loop
    vertex 27.061345260171116 23.980146822627727 12.18000019022813
    vertex 27.034437407264328 23.948198868220597 0.9999997905137831
    vertex 27.0344372292652 23.948198874817383 12.180000190088958
  endloop
endfacet
facet normal 0.8131086863074761 0.582111900111422 1.2637191890458153e-08
  outer loop
    vertex 27.72660945138928 20.726445794235502 15.699410897793996
    vertex 28.77660968541757 19.259779119116757 0.9999998237041322
    vertex 27.72660968541769 20.726445785995374 0.9999998052588045
  endloop
endfacet
facet normal 0.8131086863074761 0.582111900111422 1.2637191890458153e-08
  outer loop
    vertex 28.77660968541757 19.259779119116757 0.9999998237041322
    vertex 27.72660945138928 20.726445794235502 15.699410897793996
    vertex 28.77660947948149 19.259779125273656 13.935499179085989
  endloop
endfacet
facet normal 0.8131086863074761 0.582111900111422 1.2637191890458153e-08
  outer loop
    vertex 28.77660947948149 19.259779125273656 13.935499179085989
    vertex 27.72660945138928 20.726445794235502 15.699410897793996
    vertex 28.18501276594065 20.086136412044848 15.241007597152413
  endloop
endfacet
facet normal -0.8168622287604663 -0.5768328173949192 -8.504867743134715e-07
  outer loop
    vertex 25.977743498396435 21.912243201546957 0.9999997761973619
    vertex 25.947831090819506 21.954582284146994 14.820632495771765
    vertex 25.947831310861524 21.95458227586407 0.999999775680865
  endloop
endfacet
facet normal -0.8168622287604663 -0.5768328173949192 -8.504867743134715e-07
  outer loop
    vertex 25.947831090819506 21.954582284146994 14.820632495771765
    vertex 25.977743498396435 21.912243201546957 0.9999997761973619
    vertex 25.97772444748078 21.912229727924995 14.850507022932293
  endloop
endfacet
facet normal -0.8131086863100682 0.5821119001078013 -1.32532789260115e-08
  outer loop
    vertex 25.776609685417547 19.259779119116672 0.9999997759469332
    vertex 26.82660945138929 20.726445794235545 15.699410883006664
    vertex 26.826609685417708 20.726445785995445 0.9999997908374272
  endloop
endfacet
facet normal -0.8131086863100682 0.5821119001078013 -1.32532789260115e-08
  outer loop
    vertex 26.82660945138929 20.726445794235545 15.699410883006664
    vertex 25.776609685417547 19.259779119116672 0.9999997759469332
    vertex 25.77660947948148 19.259779125273578 13.935499131328825
  endloop
endfacet
facet normal -0.8131086863100682 0.5821119001078013 -1.32532789260115e-08
  outer loop
    vertex 26.82660945138929 20.726445794235545 15.699410883006664
    vertex 25.77660947948148 19.259779125273578 13.935499131328825
    vertex 26.368206151288156 20.086136411834104 15.241007567708264
  endloop
endfacet
facet normal 0.43921013205641596 0.8983843608940361 6.462663492292864e-09
  outer loop
    vertex 27.357333600136258 24.08350783024954 12.180000194056017
    vertex 27.384241809041296 24.070352786319077 0.9999997960443389
    vertex 27.35733377813538 24.08350782365277 0.9999997956018519
  endloop
endfacet
facet normal 0.43921013205641596 0.8983843608940361 6.462663492292864e-09
  outer loop
    vertex 27.384241809041296 24.070352786319077 0.9999997960443389
    vertex 27.357333600136258 24.08350783024954 12.180000194056017
    vertex 27.38424163104216 24.070352792915862 12.180000194571523
  endloop
endfacet
facet normal -0.7071067485658094 -7.02240652230507e-08 -0.7071068138072808
  outer loop
    vertex 27.99052121222486 24.100421450638173 15.435499148729134
    vertex 27.55981682550014 23.892759315774736 15.8662035288958
    vertex 27.559816832824986 24.100421466091444 15.866203514454792
  endloop
endfacet
facet normal -0.7071067485658094 -7.02240652230507e-08 -0.7071068138072808
  outer loop
    vertex 27.55981682550014 23.892759315774736 15.8662035288958
    vertex 27.99052121222486 24.100421450638173 15.435499148729134
    vertex 31.246020207027296 24.100421446618032 12.180000257283512
  endloop
endfacet
facet normal -0.7071067485658094 -7.02240652230507e-08 -0.7071068138072808
  outer loop
    vertex 27.55981682550014 23.892759315774736 15.8662035288958
    vertex 31.246020207027296 24.100421446618032 12.180000257283512
    vertex 31.246020207027346 20.086136408264938 12.18000025324782
  endloop
endfacet
facet normal -0.7071067485658094 -7.02240652230507e-08 -0.7071068138072808
  outer loop
    vertex 27.55981682550014 23.892759315774736 15.8662035288958
    vertex 31.246020207027346 20.086136408264938 12.18000025324782
    vertex 27.726609451384075 23.65977912803057 15.699410900748143
  endloop
endfacet
facet normal -0.7071067485658094 -7.02240652230507e-08 -0.7071068138072808
  outer loop
    vertex 27.726609451384075 23.65977912803057 15.699410900748143
    vertex 31.246020207027346 20.086136408264938 12.18000025324782
    vertex 28.581245079733673 22.46596144079992 14.844755913591825
  endloop
endfacet
facet normal -0.7071067485658094 -7.02240652230507e-08 -0.7071068138072808
  outer loop
    vertex 28.581245079733673 22.46596144079992 14.844755913591825
    vertex 31.246020207027346 20.086136408264938 12.18000025324782
    vertex 28.61027093279459 22.424803070566618 14.815749446150837
  endloop
endfacet
facet normal -0.7071067485658094 -7.02240652230507e-08 -0.7071068138072808
  outer loop
    vertex 28.61027093279459 22.424803070566618 14.815749446150837
    vertex 31.246020207027346 20.086136408264938 12.18000025324782
    vertex 28.635888331995705 22.38746375457067 14.79013204772546
  endloop
endfacet
facet normal -0.7071067485658094 -7.02240652230507e-08 -0.7071068138072808
  outer loop
    vertex 28.635888331995705 22.38746375457067 14.79013204772546
    vertex 31.246020207027346 20.086136408264938 12.18000025324782
    vertex 28.65807286193742 22.353445184345148 14.767947518453795
  endloop
endfacet
facet normal -0.7071067485658094 -7.02240652230507e-08 -0.7071068138072808
  outer loop
    vertex 28.65807286193742 22.353445184345148 14.767947518453795
    vertex 31.246020207027346 20.086136408264938 12.18000025324782
    vertex 28.676819491961066 22.322262929134716 14.74920088899404
  endloop
endfacet
facet normal -0.7071067485658094 -7.02240652230507e-08 -0.7071068138072808
  outer loop
    vertex 28.676819491961066 22.322262929134716 14.74920088899404
    vertex 31.246020207027346 20.086136408264938 12.18000025324782
    vertex 28.692123191407507 22.2934325581843 14.733897190004429
  endloop
endfacet
facet normal -0.7071067485658094 -7.02240652230507e-08 -0.7071068138072808
  outer loop
    vertex 28.692123191407507 22.2934325581843 14.733897190004429
    vertex 31.246020207027346 20.086136408264938 12.18000025324782
    vertex 28.7039789296182 22.26646964073851 14.722041452143129
  endloop
endfacet
facet normal -0.7071067485658094 -7.02240652230507e-08 -0.7071068138072808
  outer loop
    vertex 28.7039789296182 22.26646964073851 14.722041452143129
    vertex 31.246020207027346 20.086136408264938 12.18000025324782
    vertex 28.712381675933965 22.240889746042228 14.713638706068327
  endloop
endfacet
facet normal -0.7071067485658094 -7.02240652230507e-08 -0.7071068138072808
  outer loop
    vertex 28.712381675933965 22.240889746042228 14.713638706068327
    vertex 31.246020207027346 20.086136408264938 12.18000025324782
    vertex 28.71732639969626 22.21620844334028 14.708693982438279
  endloop
endfacet
facet normal -0.7071067485658094 -7.02240652230507e-08 -0.7071068138072808
  outer loop
    vertex 28.71732639969626 22.21620844334028 14.708693982438279
    vertex 31.246020207027346 20.086136408264938 12.18000025324782
    vertex 28.71880807024595 22.191941301877158 14.70721231191126
  endloop
endfacet
facet normal -0.7071067485658094 -7.02240652230507e-08 -0.7071068138072808
  outer loop
    vertex 28.71880807024595 22.191941301877158 14.70721231191126
    vertex 31.246020207027346 20.086136408264938 12.18000025324782
    vertex 28.716821656924285 22.16760389089778 14.70919872514535
  endloop
endfacet
facet normal -0.7071067485658094 -7.02240652230507e-08 -0.7071068138072808
  outer loop
    vertex 28.716821656924285 22.16760389089778 14.70919872514535
    vertex 31.246020207027346 20.086136408264938 12.18000025324782
    vertex 28.711362129072494 22.14271177964696 14.714658252798781
  endloop
endfacet
facet normal -0.7071067485658094 -7.02240652230507e-08 -0.7071068138072808
  outer loop
    vertex 28.711362129072494 22.14271177964696 14.714658252798781
    vertex 31.246020207027346 20.086136408264938 12.18000025324782
    vertex 28.702424456031586 22.116780537369426 14.723595925529807
  endloop
endfacet
facet normal -0.7071067485658094 -7.02240652230507e-08 -0.7071068138072808
  outer loop
    vertex 28.702424456031586 22.116780537369426 14.723595925529807
    vertex 31.246020207027346 20.086136408264938 12.18000025324782
    vertex 28.69000360714282 22.08932573330986 14.736016773996635
  endloop
endfacet
facet normal -0.7071067485658094 -7.02240652230507e-08 -0.7071068138072808
  outer loop
    vertex 28.69000360714282 22.08932573330986 14.736016773996635
    vertex 31.246020207027346 20.086136408264938 12.18000025324782
    vertex 28.674094551747437 22.059862936713127 14.75192582885748
  endloop
endfacet
facet normal -0.7071067485658094 -7.02240652230507e-08 -0.7071068138072808
  outer loop
    vertex 28.674094551747437 22.059862936713127 14.75192582885748
    vertex 31.246020207027346 20.086136408264938 12.18000025324782
    vertex 28.6546922591862 22.02790771682395 14.771328120770512
  endloop
endfacet
facet normal -0.7071067485658094 -7.02240652230507e-08 -0.7071068138072808
  outer loop
    vertex 28.6546922591862 22.02790771682395 14.771328120770512
    vertex 31.246020207027346 20.086136408264938 12.18000025324782
    vertex 28.631791698800548 21.992975642887 14.79422868039399
  endloop
endfacet
facet normal -0.7071067485658094 -7.02240652230507e-08 -0.7071068138072808
  outer loop
    vertex 28.631791698800548 21.992975642887 14.79422868039399
    vertex 31.246020207027346 20.086136408264938 12.18000025324782
    vertex 28.605387839931662 21.954582284147143 14.820632538386072
  endloop
endfacet
facet normal -0.7071067485658094 -7.02240652230507e-08 -0.7071068138072808
  outer loop
    vertex 28.605387839931662 21.954582284147143 14.820632538386072
    vertex 31.246020207027346 20.086136408264938 12.18000025324782
    vertex 28.575475651929526 21.912243208784574 14.850544725395899
  endloop
endfacet
facet normal -0.7071067485658094 -7.02240652230507e-08 -0.7071068138072808
  outer loop
    vertex 28.575475651929526 21.912243208784574 14.850544725395899
    vertex 31.246020207027346 20.086136408264938 12.18000025324782
    vertex 27.72660945138928 20.726445794235502 15.699410897793996
  endloop
endfacet
facet normal -0.7071067485658094 -7.02240652230507e-08 -0.7071068138072808
  outer loop
    vertex 27.72660945138928 20.726445794235502 15.699410897793996
    vertex 31.246020207027346 20.086136408264938 12.18000025324782
    vertex 28.18501276594065 20.086136412044848 15.241007597152413
  endloop
endfacet
facet normal -0.60342123129973 0.5213114320932843 -0.603421252845445
  outer loop
    vertex 31.246020207027346 20.086136408264938 12.18000025324782
    vertex 28.77660947948149 19.259779125273656 13.935499179085989
    vertex 28.18501276594065 20.086136412044848 15.241007597152413
  endloop
endfacet
facet normal -0.60342123129973 0.5213114320932843 -0.603421252845445
  outer loop
    vertex 28.77660947948149 19.259779125273656 13.935499179085989
    vertex 31.246020207027346 20.086136408264938 12.18000025324782
    vertex 30.53210846075359 19.259779123200417 12.18000027413348
  endloop
endfacet
facet normal -0.7986222801333811 0.6018325794392981 -1.307014434046463e-08
  outer loop
    vertex 27.007529376358406 23.91249233831489 0.9999997901340566
    vertex 27.0344372292652 23.948198874817383 12.180000190088958
    vertex 27.034437407264328 23.948198868220597 0.9999997905137831
  endloop
endfacet
facet normal -0.7986222801333811 0.6018325794392981 -1.307014434046463e-08
  outer loop
    vertex 27.0344372292652 23.948198874817383 12.180000190088958
    vertex 27.007529376358406 23.91249233831489 0.9999997901340566
    vertex 27.00752919835927 23.91249234491163 12.180000189983913
  endloop
endfacet
facet normal -0.8363071360227766 -0.5482612280996904 -1.2986543074725047e-08
  outer loop
    vertex 25.921427452412956 21.99297563462079 0.9999997752238216
    vertex 25.898526673134842 22.027907716823893 14.771328076595543
    vertex 25.898526892391928 22.027907708572332 0.999999774825616
  endloop
endfacet
facet normal -0.8363071360227766 -0.5482612280996904 -1.2986543074725047e-08
  outer loop
    vertex 25.898526673134842 22.027907716823893 14.771328076595543
    vertex 25.921427452412956 21.99297563462079 0.9999997752238216
    vertex 25.921427232791242 21.992975642887 14.794228636943897
  endloop
endfacet
facet normal -0.9110977250920572 -0.4121904114994401 -1.4258908526152466e-08
  outer loop
    vertex 25.863215544997463 22.08932572508083 0.9999997742032649
    vertex 25.850794477809224 22.116780537369337 14.723595879843954
    vertex 25.85079469630642 22.116780529148304 0.9999997739778935
  endloop
endfacet
facet normal -0.9110977250920572 -0.4121904114994401 -1.4258908526152466e-08
  outer loop
    vertex 25.850794477809224 22.116780537369337 14.723595879843954
    vertex 25.863215544997463 22.08932572508083 0.9999997742032649
    vertex 25.86321532630251 22.089325733309742 14.736016728703987
  endloop
endfacet
facet normal -0.9454194302429276 -0.32585595117956295 -1.4857081655598036e-08
  outer loop
    vertex 25.85079469630642 22.116780529148304 0.9999997739778935
    vertex 25.841856805053002 22.14271177964695 14.71465820683001
    vertex 25.84185702340788 22.14271177143158 0.9999997738089039
  endloop
endfacet
facet normal -0.9454194302429276 -0.32585595117956295 -1.4857081655598036e-08
  outer loop
    vertex 25.841856805053002 22.14271177964695 14.71465820683001
    vertex 25.85079469630642 22.116780529148304 0.9999997739778935
    vertex 25.850794477809224 22.116780537369337 14.723595879843954
  endloop
endfacet
facet normal 0.8131227271677707 0.5820922869808637 -7.968772368170981e-07
  outer loop
    vertex 27.726609451384075 23.65977912803057 15.699410900748143
    vertex 28.581225915419775 22.465947554789842 0.9999998170498212
    vertex 27.72660968541761 23.659779119186425 0.9999998020202723
  endloop
endfacet
facet normal 0.8131227271677707 0.5820922869808637 -7.968772368170981e-07
  outer loop
    vertex 28.581225915419775 22.465947554789842 0.9999998170498212
    vertex 27.726609451384075 23.65977912803057 15.699410900748143
    vertex 28.581245079733673 22.46596144079992 14.844755913591825
  endloop
endfacet
facet normal -0.8570405904872241 0.5152488973858264 -1.3953883519810519e-08
  outer loop
    vertex 25.87639965996934 22.322262920897224 0.9999997741531425
    vertex 25.895146070491087 22.35344518434506 14.767947474171818
    vertex 25.89514628969443 22.353445176095676 0.9999997744131182
  endloop
endfacet
facet normal -0.8570405904872241 0.5152488973858264 -1.3953883519810519e-08
  outer loop
    vertex 25.895146070491087 22.35344518434506 14.767947474171818
    vertex 25.87639965996934 22.322262920897224 0.9999997741531425
    vertex 25.876399441064542 22.32226292913462 14.749200844118684
  endloop
endfacet
facet normal -0.9154144475243454 0.40251259516156407 -1.4815688610230658e-08
  outer loop
    vertex 25.849240222744633 22.266469632518422 0.999999773788218
    vertex 25.861095742105277 22.29343255818415 14.733897144644628
    vertex 25.861095960766484 22.29343254995656 0.9999997739446365
  endloop
endfacet
facet normal -0.9154144475243454 0.40251259516156407 -1.4815688610230658e-08
  outer loop
    vertex 25.861095742105277 22.29343255818415 14.733897144644628
    vertex 25.849240222744633 22.266469632518422 0.999999773788218
    vertex 25.849240004272243 22.266469640738517 14.722041406408026
  endloop
endfacet
facet normal -0.9805159654873787 0.1964394090409384 -1.5728728821001984e-08
  outer loop
    vertex 25.835892752879115 22.21620843512861 0.9999997736340964
    vertex 25.840837258223917 22.240889746042143 14.713638660067277
    vertex 25.840837476562594 22.240889737827505 0.9999997736844982
  endloop
endfacet
facet normal -0.9805159654873787 0.1964394090409384 -1.5728728821001984e-08
  outer loop
    vertex 25.840837258223917 22.240889746042143 14.713638660067277
    vertex 25.835892752879115 22.21620843512861 0.9999997736340964
    vertex 25.835892534619234 22.216208443340186 14.708693936280723
  endloop
endfacet
facet normal -1.5920509104469728e-08 1.1046190494786617e-09 0.9999999999999999
  outer loop
    vertex 23.30719898511928 24.100421444082468 0.9999997332330092
    vertex 27.249701654511686 24.09854215203411 0.9999997937440283
    vertex 27.276609685417622 24.10042144308179 0.9999997943064597
  endloop
endfacet
facet normal -1.5920509104469728e-08 1.1046190494786617e-09 0.9999999999999999
  outer loop
    vertex 27.249701654511686 24.09854215203411 0.9999997937440283
    vertex 23.30719898511928 24.100421444082468 0.9999997332330092
    vertex 27.222793623605767 24.092904278891115 0.9999997933215382
  endloop
endfacet
facet normal -1.5920509104469728e-08 1.1046190494786617e-09 0.9999999999999999
  outer loop
    vertex 27.222793623605767 24.092904278891115 0.9999997933215382
    vertex 23.30719898511928 24.100421444082468 0.9999997332330092
    vertex 27.19588559269985 24.08350782365277 0.9999997929043938
  endloop
endfacet
facet normal -1.5920509104469728e-08 1.1046190494786617e-09 0.9999999999999999
  outer loop
    vertex 27.19588559269985 24.08350782365277 0.9999997929043938
    vertex 23.30719898511928 24.100421444082468 0.9999997332330092
    vertex 27.168977561793938 24.070352786319077 0.9999997924925934
  endloop
endfacet
facet normal -1.5920509104469728e-08 1.1046190494786617e-09 0.9999999999999999
  outer loop
    vertex 27.168977561793938 24.070352786319077 0.9999997924925934
    vertex 23.30719898511928 24.100421444082468 0.9999997332330092
    vertex 27.142069530888012 24.05343916689006 0.9999997920861405
  endloop
endfacet
facet normal -1.5920509104469728e-08 1.1046190494786617e-09 0.9999999999999999
  outer loop
    vertex 27.142069530888012 24.05343916689006 0.9999997920861405
    vertex 23.30719898511928 24.100421444082468 0.9999997332330092
    vertex 27.11516149998209 24.032766965365724 0.9999997916850315
  endloop
endfacet
facet normal -1.5920509104469728e-08 1.1046190494786617e-09 0.9999999999999999
  outer loop
    vertex 27.11516149998209 24.032766965365724 0.9999997916850315
    vertex 23.30719898511928 24.100421444082468 0.9999997332330092
    vertex 27.088253469076164 24.008336181746007 0.9999997912892709
  endloop
endfacet
facet normal -1.5920509104469728e-08 1.1046190494786617e-09 0.9999999999999999
  outer loop
    vertex 27.088253469076164 24.008336181746007 0.9999997912892709
    vertex 23.30719898511928 24.100421444082468 0.9999997332330092
    vertex 23.30719898511932 20.086136405729313 0.999999729197339
  endloop
endfacet
facet normal -1.5920509104469728e-08 1.1046190494786617e-09 0.9999999999999999
  outer loop
    vertex 27.088253469076164 24.008336181746007 0.9999997912892709
    vertex 23.30719898511932 20.086136405729313 0.999999729197339
    vertex 27.06134543817025 23.980146816030985 0.9999997908988555
  endloop
endfacet
facet normal -1.5920509104469728e-08 1.1046190494786617e-09 0.9999999999999999
  outer loop
    vertex 27.06134543817025 23.980146816030985 0.9999997908988555
    vertex 23.30719898511932 20.086136405729313 0.999999729197339
    vertex 27.034437407264328 23.948198868220597 0.9999997905137831
  endloop
endfacet
facet normal -1.5920509104469728e-08 1.1046190494786617e-09 0.9999999999999999
  outer loop
    vertex 27.034437407264328 23.948198868220597 0.9999997905137831
    vertex 23.30719898511932 20.086136405729313 0.999999729197339
    vertex 27.007529376358406 23.91249233831489 0.9999997901340566
  endloop
endfacet
facet normal -1.5920509104469728e-08 1.1046190494786617e-09 0.9999999999999999
  outer loop
    vertex 27.007529376358406 23.91249233831489 0.9999997901340566
    vertex 23.30719898511932 20.086136405729313 0.999999729197339
    vertex 25.97199345541545 22.46594755478982 0.9999997754957449
  endloop
endfacet
facet normal -1.5920509104469728e-08 1.1046190494786617e-09 0.9999999999999999
  outer loop
    vertex 25.97199345541545 22.46594755478982 0.9999997754957449
    vertex 23.30719898511932 20.086136405729313 0.999999729197339
    vertex 25.942948218076264 22.424803062286667 0.9999997750850327
  endloop
endfacet
facet normal -1.5920509104469728e-08 1.1046190494786617e-09 0.9999999999999999
  outer loop
    vertex 25.942948218076264 22.424803062286667 0.9999997750850327
    vertex 23.30719898511932 20.086136405729313 0.999999729197339
    vertex 25.917330819283016 22.387463746307052 0.9999997747239537
  endloop
endfacet
facet normal -1.5920509104469728e-08 1.1046190494786617e-09 0.9999999999999999
  outer loop
    vertex 25.917330819283016 22.387463746307052 0.9999997747239537
    vertex 23.30719898511932 20.086136405729313 0.999999729197339
    vertex 25.89514628969443 22.353445176095676 0.9999997744131182
  endloop
endfacet
facet normal -1.5920509104469728e-08 1.1046190494786617e-09 0.9999999999999999
  outer loop
    vertex 25.89514628969443 22.353445176095676 0.9999997744131182
    vertex 23.30719898511932 20.086136405729313 0.999999729197339
    vertex 25.87639965996934 22.322262920897224 0.9999997741531425
  endloop
endfacet
facet normal -1.5920509104469728e-08 1.1046190494786617e-09 0.9999999999999999
  outer loop
    vertex 25.87639965996934 22.322262920897224 0.9999997741531425
    vertex 23.30719898511932 20.086136405729313 0.999999729197339
    vertex 25.861095960766484 22.29343254995656 0.9999997739446365
  endloop
endfacet
facet normal -1.5920509104469728e-08 1.1046190494786617e-09 0.9999999999999999
  outer loop
    vertex 25.861095960766484 22.29343254995656 0.9999997739446365
    vertex 23.30719898511932 20.086136405729313 0.999999729197339
    vertex 25.849240222744633 22.266469632518422 0.999999773788218
  endloop
endfacet
facet normal -1.5920509104469728e-08 1.1046190494786617e-09 0.9999999999999999
  outer loop
    vertex 25.849240222744633 22.266469632518422 0.999999773788218
    vertex 23.30719898511932 20.086136405729313 0.999999729197339
    vertex 25.840837476562594 22.240889737827505 0.9999997736844982
  endloop
endfacet
facet normal -1.5920509104469728e-08 1.1046190494786617e-09 0.9999999999999999
  outer loop
    vertex 25.840837476562594 22.240889737827505 0.9999997736844982
    vertex 23.30719898511932 20.086136405729313 0.999999729197339
    vertex 25.835892752879115 22.21620843512861 0.9999997736340964
  endloop
endfacet
facet normal -1.5920509104469728e-08 1.1046190494786617e-09 0.9999999999999999
  outer loop
    vertex 25.835892752879115 22.21620843512861 0.9999997736340964
    vertex 23.30719898511932 20.086136405729313 0.999999729197339
    vertex 25.834411082352972 22.191941293666478 0.9999997736376184
  endloop
endfacet
facet normal -1.5920509104469728e-08 1.1046190494786617e-09 0.9999999999999999
  outer loop
    vertex 25.834411082352972 22.191941293666478 0.9999997736376184
    vertex 23.30719898511932 20.086136405729313 0.999999729197339
    vertex 25.836397495642967 22.16760388268589 0.9999997736956838
  endloop
endfacet
facet normal -1.5920509104469728e-08 1.1046190494786617e-09 0.9999999999999999
  outer loop
    vertex 25.836397495642967 22.16760388268589 0.9999997736956838
    vertex 23.30719898511932 20.086136405729313 0.999999729197339
    vertex 25.84185702340788 22.14271177143158 0.9999997738089039
  endloop
endfacet
facet normal -1.5920509104469728e-08 1.1046190494786617e-09 0.9999999999999999
  outer loop
    vertex 25.84185702340788 22.14271177143158 0.9999997738089039
    vertex 23.30719898511932 20.086136405729313 0.999999729197339
    vertex 25.85079469630642 22.116780529148304 0.9999997739778935
  endloop
endfacet
facet normal -1.5920509104469728e-08 1.1046190494786617e-09 0.9999999999999999
  outer loop
    vertex 25.85079469630642 22.116780529148304 0.9999997739778935
    vertex 23.30719898511932 20.086136405729313 0.999999729197339
    vertex 25.863215544997463 22.08932572508083 0.9999997742032649
  endloop
endfacet
facet normal -1.5920509104469728e-08 1.1046190494786617e-09 0.9999999999999999
  outer loop
    vertex 25.863215544997463 22.08932572508083 0.9999997742032649
    vertex 23.30719898511932 20.086136405729313 0.999999729197339
    vertex 25.879124600139683 22.059862928473905 0.9999997744856356
  endloop
endfacet
facet normal -1.5920509104469728e-08 1.1046190494786617e-09 0.9999999999999999
  outer loop
    vertex 25.879124600139683 22.059862928473905 0.9999997744856356
    vertex 23.30719898511932 20.086136405729313 0.999999729197339
    vertex 25.898526892391928 22.027907708572332 0.999999774825616
  endloop
endfacet
facet normal -1.5920509104469728e-08 1.1046190494786617e-09 0.9999999999999999
  outer loop
    vertex 25.898526892391928 22.027907708572332 0.999999774825616
    vertex 23.30719898511932 20.086136405729313 0.999999729197339
    vertex 25.921427452412956 21.99297563462079 0.9999997752238216
  endloop
endfacet
facet normal -1.5920509104469728e-08 1.1046190494786617e-09 0.9999999999999999
  outer loop
    vertex 25.921427452412956 21.99297563462079 0.9999997752238216
    vertex 23.30719898511932 20.086136405729313 0.999999729197339
    vertex 25.947831310861524 21.95458227586407 0.999999775680865
  endloop
endfacet
facet normal -1.5920509104469728e-08 1.1046190494786617e-09 0.9999999999999999
  outer loop
    vertex 25.947831310861524 21.95458227586407 0.999999775680865
    vertex 23.30719898511932 20.086136405729313 0.999999729197339
    vertex 25.977743498396435 21.912243201546957 0.9999997761973619
  endloop
endfacet
facet normal -1.5920509104469728e-08 1.1046190494786617e-09 0.9999999999999999
  outer loop
    vertex 25.977743498396435 21.912243201546957 0.9999997761973619
    vertex 23.30719898511932 20.086136405729313 0.999999729197339
    vertex 26.826609685417708 20.726445785995445 0.9999997908374272
  endloop
endfacet
facet normal -1.5920509104469728e-08 1.1046190494786617e-09 0.9999999999999999
  outer loop
    vertex 26.826609685417708 20.726445785995445 0.9999997908374272
    vertex 23.30719898511932 20.086136405729313 0.999999729197339
    vertex 25.776609685417547 19.259779119116672 0.9999997759469332
  endloop
endfacet
facet normal -1.5920509104469728e-08 1.1046190494786617e-09 0.9999999999999999
  outer loop
    vertex 25.776609685417547 19.259779119116672 0.9999997759469332
    vertex 23.30719898511932 20.086136405729313 0.999999729197339
    vertex 24.02111073139284 19.259779120664682 0.9999997525039273
  endloop
endfacet
facet normal -0.8376274335538137 0.546241963380745 -1.3663404138756912e-08
  outer loop
    vertex 25.89514628969443 22.353445176095676 0.9999997744131182
    vertex 25.917330599726537 22.387463754570646 14.79013200414574
    vertex 25.917330819283016 22.387463746307052 0.9999997747239537
  endloop
endfacet
facet normal -0.8376274335538137 0.546241963380745 -1.3663404138756912e-08
  outer loop
    vertex 25.917330599726537 22.387463754570646 14.79013200414574
    vertex 25.89514628969443 22.353445176095676 0.9999997744131182
    vertex 25.895146070491087 22.35344518434506 14.767947474171818
  endloop
endfacet
facet normal -1.9775528015336054e-08 2.2325947189822125e-08 0.9999999999999994
  outer loop
    vertex 38.521349856897736 18.725628392124374 10.418289777138835
    vertex 46.71669584827638 18.725628404057186 10.418289964109075
    vertex 41.95077114679472 18.72562840405739 10.41828988845328
  endloop
endfacet
facet normal -1.9775528015336054e-08 2.2325947189822125e-08 0.9999999999999994
  outer loop
    vertex 46.71669584827638 18.725628404057186 10.418289964109075
    vertex 38.521349856897736 18.725628392124374 10.418289777138835
    vertex 46.73702338119963 17.946688404057234 10.41828997034957
  endloop
endfacet
facet normal -1.9775528015336054e-08 2.2325947189822125e-08 0.9999999999999994
  outer loop
    vertex 46.73702338119963 17.946688404057234 10.41828997034957
    vertex 38.521349856897736 18.725628392124374 10.418289777138835
    vertex 43.90041174268127 17.946688404057213 10.41828992532004
  endloop
endfacet
facet normal -1.9775528015336054e-08 2.2325947189822125e-08 0.9999999999999994
  outer loop
    vertex 43.90041174268127 17.946688404057213 10.41828992532004
    vertex 38.521349856897736 18.725628392124374 10.418289777138835
    vertex 39.13448704119967 17.94668840405716 10.418289849665229
  endloop
endfacet
facet normal -1.9775528015336054e-08 2.2325947189822125e-08 0.9999999999999994
  outer loop
    vertex 39.13448704119967 17.94668840405716 10.418289849665229
    vertex 38.521349856897736 18.725628392124374 10.418289777138835
    vertex 38.521349856897764 17.21392868333134 10.41828981511762
  endloop
endfacet
facet normal -1.9775528015336054e-08 2.2325947189822125e-08 0.9999999999999994
  outer loop
    vertex 39.13448704119967 17.94668840405716 10.418289849665229
    vertex 38.521349856897764 17.21392868333134 10.41828981511762
    vertex 38.72134993937811 17.213928683331318 10.418289854612667
  endloop
endfacet
facet normal -1.6387119151796667e-08 1.941581077795456e-09 0.9999999999999998
  outer loop
    vertex 31.24602038429388 24.100421444082375 0.9999998593900483
    vertex 27.464965901759086 24.008336181746007 0.9999997974038779
    vertex 31.24602038429397 20.086136405729295 0.9999998553543781
  endloop
endfacet
facet normal -1.6387119151796667e-08 1.941581077795456e-09 0.9999999999999998
  outer loop
    vertex 27.464965901759086 24.008336181746007 0.9999997974038779
    vertex 31.24602038429388 24.100421444082375 0.9999998593900483
    vertex 27.438057870853154 24.032766965365724 0.9999997969453519
  endloop
endfacet
facet normal -1.6387119151796667e-08 1.941581077795456e-09 0.9999999999999998
  outer loop
    vertex 27.438057870853154 24.032766965365724 0.9999997969453519
    vertex 31.24602038429388 24.100421444082375 0.9999998593900483
    vertex 27.411149839947218 24.05343916689006 0.9999997964921735
  endloop
endfacet
facet normal -1.6387119151796667e-08 1.941581077795456e-09 0.9999999999999998
  outer loop
    vertex 27.411149839947218 24.05343916689006 0.9999997964921735
    vertex 31.24602038429388 24.100421444082375 0.9999998593900483
    vertex 27.384241809041296 24.070352786319077 0.9999997960443389
  endloop
endfacet
facet normal -1.6387119151796667e-08 1.941581077795456e-09 0.9999999999999998
  outer loop
    vertex 27.384241809041296 24.070352786319077 0.9999997960443389
    vertex 31.24602038429388 24.100421444082375 0.9999998593900483
    vertex 27.35733377813538 24.08350782365277 0.9999997956018519
  endloop
endfacet
facet normal -1.6387119151796667e-08 1.941581077795456e-09 0.9999999999999998
  outer loop
    vertex 27.35733377813538 24.08350782365277 0.9999997956018519
    vertex 31.24602038429388 24.100421444082375 0.9999998593900483
    vertex 27.33042574722946 24.092904278891115 0.9999997951647084
  endloop
endfacet
facet normal -1.6387119151796667e-08 1.941581077795456e-09 0.9999999999999998
  outer loop
    vertex 27.33042574722946 24.092904278891115 0.9999997951647084
    vertex 31.24602038429388 24.100421444082375 0.9999998593900483
    vertex 27.303517716323555 24.09854215203411 0.9999997947329113
  endloop
endfacet
facet normal -1.6387119151796667e-08 1.941581077795456e-09 0.9999999999999998
  outer loop
    vertex 27.303517716323555 24.09854215203411 0.9999997947329113
    vertex 31.24602038429388 24.100421444082375 0.9999998593900483
    vertex 27.276609685417622 24.10042144308179 0.9999997943064597
  endloop
endfacet
facet normal -1.6387119151796667e-08 1.941581077795456e-09 0.9999999999999998
  outer loop
    vertex 31.24602038429397 20.086136405729295 0.9999998553543781
    vertex 27.464965901759086 24.008336181746007 0.9999997974038779
    vertex 27.491873932664998 23.980146816030985 0.9999997978677468
  endloop
endfacet
facet normal -1.6387119151796667e-08 1.941581077795456e-09 0.9999999999999998
  outer loop
    vertex 31.24602038429397 20.086136405729295 0.9999998553543781
    vertex 27.491873932664998 23.980146816030985 0.9999997978677468
    vertex 27.51878196357093 23.948198868220597 0.9999997983369631
  endloop
endfacet
facet normal -1.6387119151796667e-08 1.941581077795456e-09 0.9999999999999998
  outer loop
    vertex 31.24602038429397 20.086136405729295 0.9999998553543781
    vertex 27.51878196357093 23.948198868220597 0.9999997983369631
    vertex 27.545689994476845 23.91249233831489 0.9999997988115258
  endloop
endfacet
facet normal -1.6387119151796667e-08 1.941581077795456e-09 0.9999999999999998
  outer loop
    vertex 31.24602038429397 20.086136405729295 0.9999998553543781
    vertex 27.545689994476845 23.91249233831489 0.9999997988115258
    vertex 27.72660968541761 23.659779119186425 0.9999998020202723
  endloop
endfacet
facet normal -1.6387119151796667e-08 1.941581077795456e-09 0.9999999999999998
  outer loop
    vertex 31.24602038429397 20.086136405729295 0.9999998553543781
    vertex 27.72660968541761 23.659779119186425 0.9999998020202723
    vertex 28.581225915419775 22.465947554789842 0.9999998170498212
  endloop
endfacet
facet normal -1.6387119151796667e-08 1.941581077795456e-09 0.9999999999999998
  outer loop
    vertex 31.24602038429397 20.086136405729295 0.9999998553543781
    vertex 28.581225915419775 22.465947554789842 0.9999998170498212
    vertex 28.61027115275897 22.424803062286752 0.9999998175612509
  endloop
endfacet
facet normal -1.6387119151796667e-08 1.941581077795456e-09 0.9999999999999998
  outer loop
    vertex 31.24602038429397 20.086136405729295 0.9999998553543781
    vertex 28.61027115275897 22.424803062286752 0.9999998175612509
    vertex 28.63588855155221 22.387463746307137 0.9999998180134794
  endloop
endfacet
facet normal -1.6387119151796667e-08 1.941581077795456e-09 0.9999999999999998
  outer loop
    vertex 31.24602038429397 20.086136405729295 0.9999998553543781
    vertex 28.63588855155221 22.387463746307137 0.9999998180134794
    vertex 28.65807308114079 22.353445176095743 0.9999998184069671
  endloop
endfacet
facet normal -1.6387119151796667e-08 1.941581077795456e-09 0.9999999999999998
  outer loop
    vertex 31.24602038429397 20.086136405729295 0.9999998553543781
    vertex 28.65807308114079 22.353445176095743 0.9999998184069671
    vertex 28.67681971086589 22.32226292089731 0.9999998187421684
  endloop
endfacet
facet normal -1.6387119151796667e-08 1.941581077795456e-09 0.9999999999999998
  outer loop
    vertex 31.24602038429397 20.086136405729295 0.9999998553543781
    vertex 28.67681971086589 22.32226292089731 0.9999998187421684
    vertex 28.692123410068746 22.293432549956645 0.9999998190195317
  endloop
endfacet
facet normal -1.6387119151796667e-08 1.941581077795456e-09 0.9999999999999998
  outer loop
    vertex 31.24602038429397 20.086136405729295 0.9999998553543781
    vertex 28.692123410068746 22.293432549956645 0.9999998190195317
    vertex 28.703979148090593 22.266469632518493 0.9999998192395138
  endloop
endfacet
facet normal -1.6387119151796667e-08 1.941581077795456e-09 0.9999999999999998
  outer loop
    vertex 31.24602038429397 20.086136405729295 0.9999998553543781
    vertex 28.703979148090593 22.266469632518493 0.9999998192395138
    vertex 28.712381894272657 22.240889737827594 0.9999998194025682
  endloop
endfacet
facet normal -1.6387119151796667e-08 1.941581077795456e-09 0.9999999999999998
  outer loop
    vertex 31.24602038429397 20.086136405729295 0.9999998553543781
    vertex 28.712381894272657 22.240889737827594 0.9999998194025682
    vertex 28.717326617956136 22.21620843512871 0.9999998195091518
  endloop
endfacet
facet normal -1.6387119151796667e-08 1.941581077795456e-09 0.9999999999999998
  outer loop
    vertex 31.24602038429397 20.086136405729295 0.9999998553543781
    vertex 28.717326617956136 22.21620843512871 0.9999998195091518
    vertex 28.71880828848225 22.191941293666552 0.9999998195597147
  endloop
endfacet
facet normal -1.6387119151796667e-08 1.941581077795456e-09 0.9999999999999998
  outer loop
    vertex 31.24602038429397 20.086136405729295 0.9999998553543781
    vertex 28.71880828848225 22.191941293666552 0.9999998195597147
    vertex 28.716821875192256 22.167603882685974 0.9999998195547143
  endloop
endfacet
facet normal -1.6387119151796667e-08 1.941581077795456e-09 0.9999999999999998
  outer loop
    vertex 31.24602038429397 20.086136405729295 0.9999998553543781
    vertex 28.716821875192256 22.167603882685974 0.9999998195547143
    vertex 28.71136234742738 22.142711771431653 0.999999819494602
  endloop
endfacet
facet normal -1.6387119151796667e-08 1.941581077795456e-09 0.9999999999999998
  outer loop
    vertex 31.24602038429397 20.086136405729295 0.9999998553543781
    vertex 28.71136234742738 22.142711771431653 0.999999819494602
    vertex 28.702424674528814 22.116780529148404 0.999999819379836
  endloop
endfacet
facet normal -1.6387119151796667e-08 1.941581077795456e-09 0.9999999999999998
  outer loop
    vertex 31.24602038429397 20.086136405729295 0.9999998553543781
    vertex 28.702424674528814 22.116780529148404 0.999999819379836
    vertex 28.690003825837792 22.089325725080897 0.9999998192108666
  endloop
endfacet
facet normal -1.6387119151796667e-08 1.941581077795456e-09 0.9999999999999998
  outer loop
    vertex 31.24602038429397 20.086136405729295 0.9999998553543781
    vertex 28.690003825837792 22.089325725080897 0.9999998192108666
    vertex 28.674094770695547 22.05986292847399 0.9999998189881506
  endloop
endfacet
facet normal -1.6387119151796667e-08 1.941581077795456e-09 0.9999999999999998
  outer loop
    vertex 31.24602038429397 20.086136405729295 0.9999998553543781
    vertex 28.674094770695547 22.05986292847399 0.9999998189881506
    vertex 28.6546924784433 22.0279077085724 0.999999818712138
  endloop
endfacet
facet normal -1.6387119151796667e-08 1.941581077795456e-09 0.9999999999999998
  outer loop
    vertex 31.24602038429397 20.086136405729295 0.9999998553543781
    vertex 28.6546924784433 22.0279077085724 0.999999818712138
    vertex 28.631791918422273 21.992975634620862 0.9999998183832868
  endloop
endfacet
facet normal -1.6387119151796667e-08 1.941581077795456e-09 0.9999999999999998
  outer loop
    vertex 31.24602038429397 20.086136405729295 0.9999998553543781
    vertex 28.631791918422273 21.992975634620862 0.9999998183832868
    vertex 28.605388059973706 21.954582275864166 0.9999998180020498
  endloop
endfacet
facet normal -1.6387119151796667e-08 1.941581077795456e-09 0.9999999999999998
  outer loop
    vertex 31.24602038429397 20.086136405729295 0.9999998553543781
    vertex 28.605388059973706 21.954582275864166 0.9999998180020498
    vertex 28.575475872438798 21.912243201547028 0.9999998175688828
  endloop
endfacet
facet normal -1.6387119151796667e-08 1.941581077795456e-09 0.9999999999999998
  outer loop
    vertex 31.24602038429397 20.086136405729295 0.9999998553543781
    vertex 28.575475872438798 21.912243201547028 0.9999998175688828
    vertex 27.72660968541769 20.726445785995374 0.9999998052588045
  endloop
endfacet
facet normal -1.6387119151796667e-08 1.941581077795456e-09 0.9999999999999998
  outer loop
    vertex 31.24602038429397 20.086136405729295 0.9999998553543781
    vertex 27.72660968541769 20.726445785995374 0.9999998052588045
    vertex 28.77660968541757 19.259779119116757 0.9999998237041322
  endloop
endfacet
facet normal -1.6387119151796667e-08 1.941581077795456e-09 0.9999999999999998
  outer loop
    vertex 31.24602038429397 20.086136405729295 0.9999998553543781
    vertex 28.77660968541757 19.259779119116757 0.9999998237041322
    vertex 30.53210863802022 19.259779120664763 0.9999998762399955
  endloop
endfacet
facet normal 0.7069864118371376 0.018449803426278652 0.7069864342624835
  outer loop
    vertex 46.71669584074632 6.153733463612465 10.418289972960226
    vertex 48.14490049368523 5.374793462067887 9.010412898091934
    vertex 48.12457296309499 6.153733462067856 9.010412895309134
  endloop
endfacet
facet normal 0.7069864118371376 0.018449803426278652 0.7069864342624835
  outer loop
    vertex 48.14490049368523 5.374793462067887 9.010412898091934
    vertex 46.71669584074632 6.153733463612465 10.418289972960226
    vertex 46.737023371336434 5.374793463612538 10.418289975743024
  endloop
endfacet
facet normal -0.8169485347030448 0.576710578753804 -1.335250889068343e-08
  outer loop
    vertex 25.942948218076264 22.424803062286667 0.9999997750850327
    vertex 25.97199323498862 22.465947563088246 14.844794641222192
    vertex 25.97199345541545 22.46594755478982 0.9999997754957449
  endloop
endfacet
facet normal -0.8169485347030448 0.576710578753804 -1.335250889068343e-08
  outer loop
    vertex 25.97199323498862 22.465947563088246 14.844794641222192
    vertex 25.942948218076264 22.424803062286667 0.9999997750850327
    vertex 25.94294799811191 22.424803070566607 14.815749403381984
  endloop
endfacet
facet normal -0.8832735168971544 0.4688580748458236 -1.434372629418508e-08
  outer loop
    vertex 25.861095960766484 22.29343254995656 0.9999997739446365
    vertex 25.876399441064542 22.32226292913462 14.749200844118684
    vertex 25.87639965996934 22.322262920897224 0.9999997741531425
  endloop
endfacet
facet normal -0.8832735168971544 0.4688580748458236 -1.434372629418508e-08
  outer loop
    vertex 25.876399441064542 22.32226292913462 14.749200844118684
    vertex 25.861095960766484 22.29343254995656 0.9999997739446365
    vertex 25.861095742105277 22.29343255818415 14.733897144644628
  endloop
endfacet
facet normal -0.8245918743432298 0.5657280625593175 -1.3467574442546131e-08
  outer loop
    vertex 25.917330819283016 22.387463746307052 0.9999997747239537
    vertex 25.94294799811191 22.424803070566607 14.815749403381984
    vertex 25.942948218076264 22.424803062286667 0.9999997750850327
  endloop
endfacet
facet normal -0.8245918743432298 0.5657280625593175 -1.3467574442546131e-08
  outer loop
    vertex 25.94294799811191 22.424803070566607 14.815749403381984
    vertex 25.917330819283016 22.387463746307052 0.9999997747239537
    vertex 25.917330599726537 22.387463754570646 14.79013200414574
  endloop
endfacet
facet normal -0.8547767315769174 -0.5189958951231526 -1.3298169385164112e-08
  outer loop
    vertex 25.898526892391928 22.027907708572332 0.999999774825616
    vertex 25.879124381191595 22.05986293671309 14.751925784068368
    vertex 25.879124600139683 22.059862928473905 0.9999997744856356
  endloop
endfacet
facet normal -0.8547767315769174 -0.5189958951231526 -1.3298169385164112e-08
  outer loop
    vertex 25.879124381191595 22.05986293671309 14.751925784068368
    vertex 25.898526892391928 22.027907708572332 0.999999774825616
    vertex 25.898526673134842 22.027907716823893 14.771328076595543
  endloop
endfacet
facet normal 0.9999999999999997 -1.763644625286987e-08 1.6948562162930782e-08
  outer loop
    vertex 27.559816832824986 24.100421466091444 15.866203514454792
    vertex 27.55981689163841 23.892759287541462 12.18000019891454
    vertex 27.55981689163841 24.100421447700562 12.180000196302435
  endloop
endfacet
facet normal 0.9999999999999997 -1.763644625286987e-08 1.6948562162930782e-08
  outer loop
    vertex 27.55981689163841 23.892759287541462 12.18000019891454
    vertex 27.559816832824986 24.100421466091444 15.866203514454792
    vertex 27.55981682550014 23.892759315774736 15.8662035288958
  endloop
endfacet
facet normal -0.9966856589761827 -0.08134922981326953 -1.5819772803295814e-08
  outer loop
    vertex 25.836397495642967 22.16760388268589 0.9999997736956838
    vertex 25.83441086411669 22.19194130187702 14.707212265706756
    vertex 25.834411082352972 22.191941293666478 0.9999997736376184
  endloop
endfacet
facet normal -0.9966856589761827 -0.08134922981326953 -1.5819772803295814e-08
  outer loop
    vertex 25.83441086411669 22.19194130187702 14.707212265706756
    vertex 25.836397495642967 22.16760388268589 0.9999997736956838
    vertex 25.83639727737501 22.167603890897784 14.709198679003716
  endloop
endfacet
facet normal -0.9981412377041841 0.06094316692098581 -1.592817885981235e-08
  outer loop
    vertex 25.834411082352972 22.191941293666478 0.9999997736376184
    vertex 25.835892534619234 22.216208443340186 14.708693936280723
    vertex 25.835892752879115 22.21620843512861 0.9999997736340964
  endloop
endfacet
facet normal -0.9981412377041841 0.06094316692098581 -1.592817885981235e-08
  outer loop
    vertex 25.835892534619234 22.216208443340186 14.708693936280723
    vertex 25.834411082352972 22.191941293666478 0.9999997736376184
    vertex 25.83441086411669 22.19194130187702 14.707212265706756
  endloop
endfacet
facet normal -0.879916073518718 -0.4751291440896905 -1.3724730698816768e-08
  outer loop
    vertex 25.879124600139683 22.059862928473905 0.9999997744856356
    vertex 25.86321532630251 22.089325733309742 14.736016728703987
    vertex 25.863215544997463 22.08932572508083 0.9999997742032649
  endloop
endfacet
facet normal -0.879916073518718 -0.4751291440896905 -1.3724730698816768e-08
  outer loop
    vertex 25.86321532630251 22.089325733309742 14.736016728703987
    vertex 25.879124600139683 22.059862928473905 0.9999997744856356
    vertex 25.879124381191595 22.05986293671309 14.751925784068368
  endloop
endfacet
facet normal -0.8239575128012616 -0.5666515835135014 -1.2778865088734209e-08
  outer loop
    vertex 25.947831310861524 21.95458227586407 0.999999775680865
    vertex 25.921427232791242 21.992975642887 14.794228636943897
    vertex 25.921427452412956 21.99297563462079 0.9999997752238216
  endloop
endfacet
facet normal -0.8239575128012616 -0.5666515835135014 -1.2778865088734209e-08
  outer loop
    vertex 25.921427232791242 21.992975642887 14.794228636943897
    vertex 25.947831310861524 21.95458227586407 0.999999775680865
    vertex 25.947831090819506 21.954582284146994 14.820632495771765
  endloop
endfacet
facet normal 0.8170848850725392 0.5765173809914778 -8.501077657535184e-07
  outer loop
    vertex 28.581245079733673 22.46596144079992 14.844755913591825
    vertex 28.61027115275897 22.424803062286752 0.9999998175612509
    vertex 28.581225915419775 22.465947554789842 0.9999998170498212
  endloop
endfacet
facet normal 0.8170848850725392 0.5765173809914778 -8.501077657535184e-07
  outer loop
    vertex 28.61027115275897 22.424803062286752 0.9999998175612509
    vertex 28.581245079733673 22.46596144079992 14.844755913591825
    vertex 28.61027093279459 22.424803070566618 14.815749446150837
  endloop
endfacet
facet normal -0.9767820824649609 -0.21423529908820782 -1.5423282740121738e-08
  outer loop
    vertex 25.84185702340788 22.14271177143158 0.9999997738089039
    vertex 25.83639727737501 22.167603890897784 14.709198679003716
    vertex 25.836397495642967 22.16760388268589 0.9999997736956838
  endloop
endfacet
facet normal -0.9767820824649609 -0.21423529908820782 -1.5423282740121738e-08
  outer loop
    vertex 25.83639727737501 22.167603890897784 14.709198679003716
    vertex 25.84185702340788 22.14271177143158 0.9999997738089039
    vertex 25.841856805053002 22.14271177964695 14.71465820683001
  endloop
endfacet
facet normal 0.9999999999999998 -1.0488699341174686e-10 1.453940709462693e-08
  outer loop
    vertex 45.2619967327115 29.8595321571791 17.29058195956856
    vertex 45.2619967288208 0.014704301256198926 17.158936932585107
    vertex 45.261996731856854 29.885717936828282 17.158937153929866
  endloop
endfacet
facet normal 0.9999999999999998 -1.0488699341174686e-10 1.453940709462693e-08
  outer loop
    vertex 45.2619967288208 0.014704301256198926 17.158936932585107
    vertex 45.2619967327115 29.8595321571791 17.29058195956856
    vertex 45.26199672967537 0.04089008119421926 17.290581738166324
  endloop
endfacet
facet normal 0.9999999999999998 -1.0488699341174686e-10 1.453940709462693e-08
  outer loop
    vertex 45.26199672967537 0.04089008119421926 17.290581738166324
    vertex 45.2619967327115 29.8595321571791 17.29058195956856
    vertex 45.26199673035192 29.809076604910103 17.439219224923484
  endloop
endfacet
facet normal 0.9999999999999998 -1.0488699341174686e-10 1.453940709462693e-08
  outer loop
    vertex 45.26199672967537 0.04089008119421926 17.290581738166324
    vertex 45.26199673035192 29.809076604910103 17.439219224923484
    vertex 45.26199672731579 0.09134563378938378 17.43921900341056
  endloop
endfacet
facet normal 0.9999999999999998 -1.0488699341174686e-10 1.453940709462693e-08
  outer loop
    vertex 45.26199672731579 0.09134563378938378 17.43921900341056
    vertex 45.26199673035192 29.809076604910103 17.439219224923484
    vertex 45.26199672811722 29.739651650723317 17.579999106806962
  endloop
endfacet
facet normal 0.9999999999999998 -1.0488699341174686e-10 1.453940709462693e-08
  outer loop
    vertex 45.26199672731579 0.09134563378938378 17.43921900341056
    vertex 45.26199672811722 29.739651650723317 17.579999106806962
    vertex 45.261996725081104 0.16077058828515378 17.579998885141702
  endloop
endfacet
facet normal 0.9999999999999998 -1.0488699341174686e-10 1.453940709462693e-08
  outer loop
    vertex 45.261996725081104 0.16077058828515378 17.579998885141702
    vertex 45.26199672811722 29.739651650723317 17.579999106806962
    vertex 45.26199672604542 29.652445174819306 17.710512822436307
  endloop
endfacet
facet normal 0.9999999999999998 -1.0488699341174686e-10 1.453940709462693e-08
  outer loop
    vertex 45.261996725081104 0.16077058828515378 17.579998885141702
    vertex 45.26199672604542 29.652445174819306 17.710512822436307
    vertex 45.2619967230093 0.24797706447543202 17.710512600579673
  endloop
endfacet
facet normal 0.9999999999999998 -1.0488699341174686e-10 1.453940709462693e-08
  outer loop
    vertex 45.2619967230093 0.24797706447543202 17.710512600579673
    vertex 45.26199672604542 29.652445174819306 17.710512822436307
    vertex 45.26199672417205 29.548949304161823 17.828527245977714
  endloop
endfacet
facet normal 0.9999999999999998 -1.0488699341174686e-10 1.453940709462693e-08
  outer loop
    vertex 45.2619967230093 0.24797706447543202 17.710512600579673
    vertex 45.26199672417205 29.548949304161823 17.828527245977714
    vertex 45.26199672113592 0.3514729353919328 17.828527023893997
  endloop
endfacet
facet normal 0.9999999999999998 -1.0488699341174686e-10 1.453940709462693e-08
  outer loop
    vertex 45.26199672113592 0.3514729353919328 17.828527023893997
    vertex 45.26199672417205 29.548949304161823 17.828527245977714
    vertex 45.26199672252909 29.43093488177174 17.932023117948013
  endloop
endfacet
facet normal 0.9999999999999998 -1.0488699341174686e-10 1.453940709462693e-08
  outer loop
    vertex 45.26199672113592 0.3514729353919328 17.828527023893997
    vertex 45.26199672252909 29.43093488177174 17.932023117948013
    vertex 45.26199671949303 0.46948735800915825 17.932022895605325
  endloop
endfacet
facet normal 0.9999999999999998 -1.0488699341174686e-10 1.453940709462693e-08
  outer loop
    vertex 45.26199671949303 0.46948735800915825 17.932022895605325
    vertex 45.26199672252909 29.43093488177174 17.932023117948013
    vertex 45.26199672114473 29.30042116711236 18.01922959530381
  endloop
endfacet
facet normal 0.9999999999999998 -1.0488699341174686e-10 1.453940709462693e-08
  outer loop
    vertex 45.26199671949303 0.46948735800915825 17.932022895605325
    vertex 45.26199672114473 29.30042116711236 18.01922959530381
    vertex 45.26199671810869 0.6000010728598455 18.019229372674737
  endloop
endfacet
facet normal 0.9999999999999998 -1.0488699341174686e-10 1.453940709462693e-08
  outer loop
    vertex 45.26199671810869 0.6000010728598455 18.019229372674737
    vertex 45.26199672114473 29.30042116711236 18.01922959530381
    vertex 45.261996720042696 29.159641286001214 18.088654551056628
  endloop
endfacet
facet normal 0.9999999999999998 -1.0488699341174686e-10 1.453940709462693e-08
  outer loop
    vertex 45.26199671810869 0.6000010728598455 18.019229372674737
    vertex 45.261996720042696 29.159641286001214 18.088654551056628
    vertex 45.26199671700666 0.740780954123341 18.08865432811864
  endloop
endfacet
facet normal 0.9999999999999998 -1.0488699341174686e-10 1.453940709462693e-08
  outer loop
    vertex 45.26199671700666 0.740780954123341 18.08865432811864
    vertex 45.261996720042696 29.159641286001214 18.088654551056628
    vertex 45.26199671924178 29.01100402120756 18.13911010497908
  endloop
endfacet
facet normal 0.9999999999999998 -1.0488699341174686e-10 1.453940709462693e-08
  outer loop
    vertex 45.26199671700666 0.740780954123341 18.08865432811864
    vertex 45.26199671924178 29.01100402120756 18.13911010497908
    vertex 45.261996716205665 0.8894182190277733 18.139109881714948
  endloop
endfacet
facet normal 0.9999999999999998 -1.0488699341174686e-10 1.453940709462693e-08
  outer loop
    vertex 45.261996716205665 0.8894182190277733 18.139109881714948
    vertex 45.26199671924178 29.01100402120756 18.13911010497908
    vertex 45.261996718755626 28.857052597512617 18.1697329485646
  endloop
endfacet
facet normal 0.9999999999999998 -1.0488699341174686e-10 1.453940709462693e-08
  outer loop
    vertex 45.261996716205665 0.8894182190277733 18.139109881714948
    vertex 45.261996718755626 28.857052597512617 18.1697329485646
    vertex 45.26199671571958 1.0433696427898405 18.16973272496266
  endloop
endfacet
facet normal 0.9999999999999998 -1.0488699341174686e-10 1.453940709462693e-08
  outer loop
    vertex 45.26199671571958 1.0433696427898405 18.16973272496266
    vertex 45.261996718755626 28.857052597512617 18.1697329485646
    vertex 45.26199671859266 28.700421166428715 18.179999116475358
  endloop
endfacet
facet normal 0.9999999999999998 -1.0488699341174686e-10 1.453940709462693e-08
  outer loop
    vertex 45.26199671571958 1.0433696427898405 18.16973272496266
    vertex 45.26199671859266 28.700421166428715 18.179999116475358
    vertex 45.26199671555654 1.2000010738962723 18.179998892529646
  endloop
endfacet
facet normal -2.9810501330131685e-08 0.7071067808902824 0.7071067814828119
  outer loop
    vertex 37.226610054491516 7.44847331438388 9.123549847337413
    vertex 39.114159523095296 7.561610562067558 9.010412750731327
    vertex 37.22661003513519 7.56161054980151 9.010412618243596
  endloop
endfacet
facet normal -2.9810501330131685e-08 0.7071067808902824 0.7071067814828119
  outer loop
    vertex 39.114159523095296 7.561610562067558 9.010412750731327
    vertex 37.226610054491516 7.44847331438388 9.123549847337413
    vertex 38.52135002058217 6.153733451679666 10.418289817741895
  endloop
endfacet
facet normal -2.9810501330131685e-08 0.7071067808902824 0.7071067814828119
  outer loop
    vertex 39.114159523095296 7.561610562067558 9.010412750731327
    vertex 38.52135002058217 6.153733451679666 10.418289817741895
    vertex 41.95077113926461 6.153733463612611 10.418289897304396
  endloop
endfacet
facet normal 0.7069864343208042 0.018449798961510902 -0.7069864118953312
  outer loop
    vertex 48.144900614369554 5.374793453726674 1.4078765580918917
    vertex 46.71669600612836 6.153733452181829 -5.670398557372551e-07
    vertex 48.12457308377939 6.153733453726517 1.4078765553090866
  endloop
endfacet
facet normal 0.7069864343208042 0.018449798961510902 -0.7069864118953312
  outer loop
    vertex 46.71669600612836 6.153733452181829 -5.670398557372551e-07
    vertex 48.144900614369554 5.374793453726674 1.4078765580918917
    vertex 46.737023536718496 5.374793452181885 -5.642570509794174e-07
  endloop
endfacet
facet normal 0.999659662672537 0.026087522408790514 1.5840188642007857e-08
  outer loop
    vertex 48.124573015653624 18.725628399400254 6.173801247939682
    vertex 48.14490062423275 17.946688394171392 1.4078765526984578
    vertex 48.12457309130949 18.72562839417124 1.4078765464579548
  endloop
endfacet
facet normal 0.999659662672537 0.026087522408790514 1.5840188642007857e-08
  outer loop
    vertex 48.14490062423275 17.946688394171392 1.4078765526984578
    vertex 48.124573015653624 18.725628399400254 6.173801247939682
    vertex 48.14490057920331 17.946688397283644 4.244488191216903
  endloop
endfacet
facet normal 0.999659662672537 0.026087522408790514 1.5840188642007857e-08
  outer loop
    vertex 48.14490057920331 17.946688397283644 4.244488191216903
    vertex 48.124573015653624 18.725628399400254 6.173801247939682
    vertex 48.14490050354851 17.946688402512596 9.010412892698513
  endloop
endfacet
facet normal 0.999659662672537 0.026087522408790514 1.5840188642007857e-08
  outer loop
    vertex 48.14490050354851 17.946688402512596 9.010412892698513
    vertex 48.124573015653624 18.725628399400254 6.173801247939682
    vertex 48.124572970625145 18.72562840251255 9.010412886458008
  endloop
endfacet
facet normal 0.9999999999999994 -2.13190749689498e-09 -3.022641871845498e-08
  outer loop
    vertex 37.22660974416341 24.10042152314546 -3.3552383165017233e-07
    vertex 37.22661000785616 21.54138260489383 6.173801106255879
    vertex 37.22660991102609 21.541382576525812 -7.527971586621308e-07
  endloop
endfacet
facet normal 0.9999999999999994 -2.13190749689498e-09 -3.022641871845498e-08
  outer loop
    vertex 37.22661000785616 21.54138260489383 6.173801106255879
    vertex 37.22660974416341 24.10042152314546 -3.3552383165017233e-07
    vertex 37.22661016076477 24.100421232707223 9.12355000942245
  endloop
endfacet
facet normal 0.9999999999999994 -2.13190749689498e-09 -3.022641871845498e-08
  outer loop
    vertex 37.22661000785616 21.54138260489383 6.173801106255879
    vertex 37.22661016076477 24.100421232707223 9.12355000942245
    vertex 37.22661004266536 20.133505486222724 9.010412612658333
  endloop
endfacet
facet normal 0.9999999999999994 -2.13190749689498e-09 -3.022641871845498e-08
  outer loop
    vertex 37.22661004266536 20.133505486222724 9.010412612658333
    vertex 37.22661016076477 24.100421232707223 9.12355000942245
    vertex 37.226610093251 20.020368118128513 9.123549974428592
  endloop
endfacet
facet normal 0.7069864343341296 0.01844979794116371 -0.7069864119086332
  outer loop
    vertex 48.14490062423275 17.946688394171392 1.4078765526984578
    vertex 46.71669601365847 18.72562839262651 -5.758909865239157e-07
    vertex 48.12457309130949 18.72562839417124 1.4078765464579548
  endloop
endfacet
facet normal 0.7069864343341296 0.01844979794116371 -0.7069864119086332
  outer loop
    vertex 46.71669601365847 18.72562839262651 -5.758909865239157e-07
    vertex 48.14490062423275 17.946688394171392 1.4078765526984578
    vertex 46.737023546581774 17.946688392626548 -5.696504876062697e-07
  endloop
endfacet
facet normal -1.0532708481148511e-08 -0.748175919277113 0.6635004098068416
  outer loop
    vertex 37.54693740348725 2.5590392657861605 9.243877138942649
    vertex 37.9693656704722 3.1110236766285464 9.866305463558419
    vertex 37.34693738415197 2.5590392657862058 9.243877135767798
  endloop
endfacet
facet normal -1.0532708481148511e-08 -0.748175919277113 0.6635004098068416
  outer loop
    vertex 37.9693656704722 3.1110236766285464 9.866305463558419
    vertex 37.54693740348725 2.5590392657861605 9.243877138942649
    vertex 38.16936568685826 3.111023676628507 9.866305466733259
  endloop
endfacet
facet normal 0.9996596627506227 0.026087519416589593 1.584019845491201e-08
  outer loop
    vertex 48.124573008123555 6.153733458955541 6.173801256790815
    vertex 48.144900614369554 5.374793453726674 1.4078765580918917
    vertex 48.12457308377939 6.153733453726517 1.4078765553090866
  endloop
endfacet
facet normal 0.9996596627506227 0.026087519416589593 1.584019845491201e-08
  outer loop
    vertex 48.144900614369554 5.374793453726674 1.4078765580918917
    vertex 48.124573008123555 6.153733458955541 6.173801256790815
    vertex 48.144900569340116 5.374793456838835 4.24448819661034
  endloop
endfacet
facet normal 0.9996596627506227 0.026087519416589593 1.584019845491201e-08
  outer loop
    vertex 48.144900569340116 5.374793456838835 4.24448819661034
    vertex 48.124573008123555 6.153733458955541 6.173801256790815
    vertex 48.14490049368523 5.374793462067887 9.010412898091934
  endloop
endfacet
facet normal 0.9996596627506227 0.026087519416589593 1.584019845491201e-08
  outer loop
    vertex 48.14490049368523 5.374793462067887 9.010412898091934
    vertex 48.124573008123555 6.153733458955541 6.173801256790815
    vertex 48.12457296309499 6.153733462067856 9.010412895309134
  endloop
endfacet
facet normal 0.9999999999999997 -2.2254211074735818e-08 -1.3882220954054722e-08
  outer loop
    vertex 37.22661043535917 16.538811313818663 1.407876487006394
    vertex 37.22660990349583 8.96948764010456 -7.472118835666173e-07
    vertex 37.22660985671842 17.946688590990714 -6.476210172884211e-07
  endloop
endfacet
facet normal 0.9999999999999997 -2.2254211074735818e-08 -1.3882220954054722e-08
  outer loop
    vertex 37.22660990349583 8.96948764010456 -7.472118835666173e-07
    vertex 37.22661043535917 16.538811313818663 1.407876487006394
    vertex 37.22661000032594 8.969487668472667 6.17380111184115
  endloop
endfacet
facet normal 0.9999999999999997 -2.2254211074735818e-08 -1.3882220954054722e-08
  outer loop
    vertex 37.22661000032594 8.969487668472667 6.17380111184115
    vertex 37.22661043535917 16.538811313818663 1.407876487006394
    vertex 37.22661031049211 15.130934195147598 4.244487993408816
  endloop
endfacet
facet normal 0.9999999999999997 -2.2254211074735818e-08 -1.3882220954054722e-08
  outer loop
    vertex 37.22661000032594 8.969487668472667 6.17380111184115
    vertex 37.22661031049211 15.130934195147598 4.244487993408816
    vertex 37.226610098672246 15.13093421756635 9.123549922813842
  endloop
endfacet
facet normal 0.9999999999999997 -2.2254211074735818e-08 -1.3882220954054722e-08
  outer loop
    vertex 37.22661000032594 8.969487668472667 6.17380111184115
    vertex 37.226610098672246 15.13093421756635 9.123549922813842
    vertex 37.22661003513519 7.56161054980151 9.010412618243596
  endloop
endfacet
facet normal 0.9999999999999997 -2.2254211074735818e-08 -1.3882220954054722e-08
  outer loop
    vertex 37.22661003513519 7.56161054980151 9.010412618243596
    vertex 37.226610098672246 15.13093421756635 9.123549922813842
    vertex 37.226610054491516 7.44847331438388 9.123549847337413
  endloop
endfacet
facet normal 0.7069864117685496 0.018449808680393667 0.7069864341939579
  outer loop
    vertex 46.71669584827638 18.725628404057186 10.418289964109075
    vertex 48.14490050354851 17.946688402512596 9.010412892698513
    vertex 48.124572970625145 18.72562840251255 9.010412886458008
  endloop
endfacet
facet normal 0.7069864117685496 0.018449808680393667 0.7069864341939579
  outer loop
    vertex 48.14490050354851 17.946688402512596 9.010412892698513
    vertex 46.71669584827638 18.725628404057186 10.418289964109075
    vertex 46.73702338119963 17.946688404057234 10.41828997034957
  endloop
endfacet
facet normal 0.7033617534071837 3.7173647833001614e-09 -0.7108320785136052
  outer loop
    vertex 45.24135362071612 29.890154999027825 17.136630410223955
    vertex 45.08305868646249 1.0691655438321846e-06 16.979998883629943
    vertex 45.08305868949857 29.900421161914462 16.97999910494244
  endloop
endfacet
facet normal 0.7033617534071837 3.7173647833001614e-09 -0.7108320785136052
  outer loop
    vertex 45.08305868646249 1.0691655438321846e-06 16.979998883629943
    vertex 45.24135362071612 29.890154999027825 17.136630410223955
    vertex 45.241353620716154 0.010267238964026414 17.13663031594801
  endloop
endfacet
facet normal -0.9500546160798249 0.31208368503562667 -1.5313022909662457e-08
  outer loop
    vertex 25.840837476562594 22.240889737827505 0.9999997736844982
    vertex 25.849240004272243 22.266469640738517 14.722041406408026
    vertex 25.849240222744633 22.266469632518422 0.999999773788218
  endloop
endfacet
facet normal -0.9500546160798249 0.31208368503562667 -1.5313022909662457e-08
  outer loop
    vertex 25.849240004272243 22.266469640738517 14.722041406408026
    vertex 25.840837476562594 22.240889737827505 0.9999997736844982
    vertex 25.840837258223917 22.240889746042143 14.713638660067277
  endloop
endfacet
facet normal -1.7079394761996448e-08 1.7314105526589656e-08 0.9999999999999997
  outer loop
    vertex 38.52135002058217 6.153733451679666 10.418289817741895
    vertex 39.134487031336455 5.374793463612479 10.418289855058642
    vertex 43.90041173281807 5.37479346361256 10.418289930713508
  endloop
endfacet
facet normal -1.7079394761996448e-08 1.7314105526589656e-08 0.9999999999999997
  outer loop
    vertex 39.134487031336455 5.374793463612479 10.418289855058642
    vertex 38.52135002058217 6.153733451679666 10.418289817741895
    vertex 38.52135002058213 4.642033926210552 10.418289856831265
  endloop
endfacet
facet normal -1.7079394761996448e-08 1.7314105526589656e-08 0.9999999999999997
  outer loop
    vertex 39.134487031336455 5.374793463612479 10.418289855058642
    vertex 38.52135002058213 4.642033926210552 10.418289856831265
    vertex 38.72135003287465 4.642033926210511 10.418289860006105
  endloop
endfacet
facet normal -1.7079394761996448e-08 1.7314105526589656e-08 0.9999999999999997
  outer loop
    vertex 38.52135002058217 6.153733451679666 10.418289817741895
    vertex 46.71669584074632 6.153733463612465 10.418289972960226
    vertex 41.95077113926461 6.153733463612611 10.418289897304396
  endloop
endfacet
facet normal -1.7079394761996448e-08 1.7314105526589656e-08 0.9999999999999997
  outer loop
    vertex 46.71669584074632 6.153733463612465 10.418289972960226
    vertex 38.52135002058217 6.153733451679666 10.418289817741895
    vertex 46.737023371336434 5.374793463612538 10.418289975743024
  endloop
endfacet
facet normal -1.7079394761996448e-08 1.7314105526589656e-08 0.9999999999999997
  outer loop
    vertex 46.737023371336434 5.374793463612538 10.418289975743024
    vertex 38.52135002058217 6.153733451679666 10.418289817741895
    vertex 43.90041173281807 5.37479346361256 10.418289930713508
  endloop
endfacet
facet normal -1.4933355599074368e-08 -0.3391658487132365 0.9407265952797496
  outer loop
    vertex 37.9693656704722 3.1110236766285464 9.866305463558419
    vertex 38.72135003287465 4.642033926210511 10.418289860006105
    vertex 38.52135002058213 4.642033926210552 10.418289856831265
  endloop
endfacet
facet normal -1.4933355599074368e-08 -0.3391658487132365 0.9407265952797496
  outer loop
    vertex 38.72135003287465 4.642033926210511 10.418289860006105
    vertex 37.9693656704722 3.1110236766285464 9.866305463558419
    vertex 38.16936568685826 3.111023676628507 9.866305466733259
  endloop
endfacet
facet normal 0.7339447480796792 3.5502681447444507e-09 -0.6792091774749927
  outer loop
    vertex 45.261996731856854 29.885717936828282 17.158937153929866
    vertex 45.241353620716154 0.010267238964026414 17.13663031594801
    vertex 45.24135362071612 29.890154999027825 17.136630410223955
  endloop
endfacet
facet normal 0.7339447480796792 3.5502681447444507e-09 -0.6792091774749927
  outer loop
    vertex 45.241353620716154 0.010267238964026414 17.13663031594801
    vertex 45.261996731856854 29.885717936828282 17.158937153929866
    vertex 45.2619967288208 0.014704301256198926 17.158936932585107
  endloop
endfacet
facet normal 0.6635003808627933 -0.7481759449453854 8.852515352208163e-08
  outer loop
    vertex 37.54693744014439 15.130934202368469 9.010412711105241
    vertex 38.16936564228568 15.682918568798057 9.866305509614909
    vertex 37.54693741335043 15.13093420623081 9.243877235797774
  endloop
endfacet
facet normal 0.6635003808627933 -0.7481759449453854 8.852515352208163e-08
  outer loop
    vertex 38.16936564228568 15.682918568798057 9.866305509614909
    vertex 37.54693744014439 15.130934202368469 9.010412711105241
    vertex 39.13448706354851 16.538811302512524 9.010412751210048
  endloop
endfacet
facet normal 0.9999999999999997 2.1127755208808253e-08 1.1139755100387545e-08
  outer loop
    vertex 37.22661042549589 3.9669163656381894 1.4078764878201648
    vertex 37.226610185860245 1.0552604413849308e-06 -3.285383704236425e-07
    vertex 37.22660984685515 5.374793642810224 -6.468072448968965e-07
  endloop
endfacet
facet normal 0.9999999999999997 2.1127755208808253e-08 1.1139755100387545e-08
  outer loop
    vertex 37.226610185860245 1.0552604413849308e-06 -3.285383704236425e-07
    vertex 37.22661042549589 3.9669163656381894 1.4078764878201648
    vertex 37.22661004103117 1.1326435646275e-06 9.123549773677214
  endloop
endfacet
facet normal 0.9999999999999997 2.1127755208808253e-08 1.1139755100387545e-08
  outer loop
    vertex 37.22661004103117 1.1326435646275e-06 9.123549773677214
    vertex 37.22661042549589 3.9669163656381894 1.4078764878201648
    vertex 37.22661030062888 2.5590392469670014 4.244487994222589
  endloop
endfacet
facet normal 0.9999999999999997 2.1127755208808253e-08 1.1139755100387545e-08
  outer loop
    vertex 37.22661004103117 1.1326435646275e-06 9.123549773677214
    vertex 37.22661030062888 2.5590392469670014 4.244487994222589
    vertex 37.22661005757977 2.5590392693859494 9.123549790951156
  endloop
endfacet
facet normal -1.0532757384600517e-08 -0.7481759195218086 0.6635004095309182
  outer loop
    vertex 37.54693741335043 15.13093420623081 9.243877235797774
    vertex 37.969365639180126 15.68291856879811 9.866305506440067
    vertex 37.34693740696406 15.130934206230874 9.243877232622934
  endloop
endfacet
facet normal -1.0532757384600517e-08 -0.7481759195218086 0.6635004095309182
  outer loop
    vertex 37.969365639180126 15.68291856879811 9.866305506440067
    vertex 37.54693741335043 15.13093420623081 9.243877235797774
    vertex 38.16936564228568 15.682918568798057 9.866305509614909
  endloop
endfacet
facet normal 1.849760128058937e-08 -0.9999999999999997 1.542227158572908e-08
  outer loop
    vertex -6.759543439871507e-07 3.664734535835379e-07 11.418290302549607
    vertex -5.119846213438232 6.889719212033185e-07 16.97999840517812
    vertex -7.300699892345477 1.0763201259145204e-07 14.799144624598659
  endloop
endfacet
facet normal 1.849760128058937e-08 -0.9999999999999997 1.542227158572908e-08
  outer loop
    vertex -5.119846213438232 6.889719212033185e-07 16.97999840517812
    vertex -6.759543439871507e-07 3.664734535835379e-07 11.418290302549607
    vertex 45.08305868646249 1.0691655438321846e-06 16.979998883629943
  endloop
endfacet
facet normal 1.849760128058937e-08 -0.9999999999999997 1.542227158572908e-08
  outer loop
    vertex 45.08305868646249 1.0691655438321846e-06 16.979998883629943
    vertex -6.759543439871507e-07 3.664734535835379e-07 11.418290302549607
    vertex -2.8199664825478975e-15 -1.127986593019159e-14 2.0169972056493024e-21
  endloop
endfacet
facet normal 1.849760128058937e-08 -0.9999999999999997 1.542227158572908e-08
  outer loop
    vertex 45.08305868646249 1.0691655438321846e-06 16.979998883629943
    vertex -2.8199664825478975e-15 -1.127986593019159e-14 2.0169972056493024e-21
    vertex 37.22661004103117 1.1326435646275e-06 9.123549773677214
  endloop
endfacet
facet normal 1.849760128058937e-08 -0.9999999999999997 1.542227158572908e-08
  outer loop
    vertex 37.22661004103117 1.1326435646275e-06 9.123549773677214
    vertex -2.8199664825478975e-15 -1.127986593019159e-14 2.0169972056493024e-21
    vertex 37.226610185860245 1.0552604413849308e-06 -3.285383704236425e-07
  endloop
endfacet
facet normal -1.0035180333890798e-07 -0.33916581181016514 0.9407266085846311
  outer loop
    vertex 37.969365639180126 15.68291856879811 9.866305506440067
    vertex 38.72134993937811 17.213928683331318 10.418289854612667
    vertex 38.521349856897764 17.21392868333134 10.41828981511762
  endloop
endfacet
facet normal -1.0035180333890798e-07 -0.33916581181016514 0.9407266085846311
  outer loop
    vertex 38.72134993937811 17.213928683331318 10.418289854612667
    vertex 37.969365639180126 15.68291856879811 9.866305506440067
    vertex 38.16936564228568 15.682918568798057 9.866305509614909
  endloop
endfacet
facet normal 0.707106802749962 4.545106051831271e-09 -0.7071067596231324
  outer loop
    vertex 40.2830589446444 24.100421232054543 12.179998998375202
    vertex 37.226610093251 20.020368118128513 9.123549974428592
    vertex 37.22661016076477 24.100421232707223 9.12355000942245
  endloop
endfacet
facet normal 0.707106802749962 4.545106051831271e-09 -0.7071067596231324
  outer loop
    vertex 37.226610093251 20.020368118128513 9.123549974428592
    vertex 40.2830589446444 24.100421232054543 12.179998998375202
    vertex 38.521349856897736 18.725628392124374 10.418289777138835
  endloop
endfacet
facet normal 0.707106802749962 4.545106051831271e-09 -0.7071067596231324
  outer loop
    vertex 38.521349856897736 18.725628392124374 10.418289777138835
    vertex 40.2830589446444 24.100421232054543 12.179998998375202
    vertex 38.521349856897764 17.21392868333134 10.41828981511762
  endloop
endfacet
facet normal 0.707106802749962 4.545106051831271e-09 -0.7071067596231324
  outer loop
    vertex 38.521349856897764 17.21392868333134 10.41828981511762
    vertex 40.2830589446444 24.100421232054543 12.179998998375202
    vertex 38.52135002058217 6.153733451679666 10.418289817741895
  endloop
endfacet
facet normal 0.707106802749962 4.545106051831271e-09 -0.7071067596231324
  outer loop
    vertex 38.52135002058217 6.153733451679666 10.418289817741895
    vertex 40.2830589446444 24.100421232054543 12.179998998375202
    vertex 38.52135002058213 4.642033926210552 10.418289856831265
  endloop
endfacet
facet normal 0.707106802749962 4.545106051831271e-09 -0.7071067596231324
  outer loop
    vertex 45.08305868949857 29.900421161914462 16.97999910494244
    vertex 40.2830589446444 24.100421232054543 12.179998998375202
    vertex 40.283058947680466 29.900421232054697 12.179999028746254
  endloop
endfacet
facet normal 0.707106802749962 4.545106051831271e-09 -0.7071067596231324
  outer loop
    vertex 37.34693738415197 2.5590392657862058 9.243877135767798
    vertex 37.22661004103117 1.1326435646275e-06 9.123549773677214
    vertex 37.22661005757977 2.5590392693859494 9.123549790951156
  endloop
endfacet
facet normal 0.707106802749962 4.545106051831271e-09 -0.7071067596231324
  outer loop
    vertex 37.22661004103117 1.1326435646275e-06 9.123549773677214
    vertex 37.34693738415197 2.5590392657862058 9.243877135767798
    vertex 45.08305868646249 1.0691655438321846e-06 16.979998883629943
  endloop
endfacet
facet normal 0.707106802749962 4.545106051831271e-09 -0.7071067596231324
  outer loop
    vertex 45.08305868646249 1.0691655438321846e-06 16.979998883629943
    vertex 37.34693738415197 2.5590392657862058 9.243877135767798
    vertex 37.9693656704722 3.1110236766285464 9.866305463558419
  endloop
endfacet
facet normal 0.707106802749962 4.545106051831271e-09 -0.7071067596231324
  outer loop
    vertex 45.08305868646249 1.0691655438321846e-06 16.979998883629943
    vertex 37.9693656704722 3.1110236766285464 9.866305463558419
    vertex 38.52135002058213 4.642033926210552 10.418289856831265
  endloop
endfacet
facet normal 0.707106802749962 4.545106051831271e-09 -0.7071067596231324
  outer loop
    vertex 45.08305868646249 1.0691655438321846e-06 16.979998883629943
    vertex 38.52135002058213 4.642033926210552 10.418289856831265
    vertex 40.2830589446444 24.100421232054543 12.179998998375202
  endloop
endfacet
facet normal 0.707106802749962 4.545106051831271e-09 -0.7071067596231324
  outer loop
    vertex 45.08305868646249 1.0691655438321846e-06 16.979998883629943
    vertex 40.2830589446444 24.100421232054543 12.179998998375202
    vertex 45.08305868949857 29.900421161914462 16.97999910494244
  endloop
endfacet
facet normal 0.707106802749962 4.545106051831271e-09 -0.7071067596231324
  outer loop
    vertex 37.34693740696406 15.130934206230874 9.243877232622934
    vertex 37.226610054491516 7.44847331438388 9.123549847337413
    vertex 37.226610098672246 15.13093421756635 9.123549922813842
  endloop
endfacet
facet normal 0.707106802749962 4.545106051831271e-09 -0.7071067596231324
  outer loop
    vertex 37.226610054491516 7.44847331438388 9.123549847337413
    vertex 37.34693740696406 15.130934206230874 9.243877232622934
    vertex 38.52135002058217 6.153733451679666 10.418289817741895
  endloop
endfacet
facet normal 0.707106802749962 4.545106051831271e-09 -0.7071067596231324
  outer loop
    vertex 38.52135002058217 6.153733451679666 10.418289817741895
    vertex 37.34693740696406 15.130934206230874 9.243877232622934
    vertex 37.969365639180126 15.68291856879811 9.866305506440067
  endloop
endfacet
facet normal 0.707106802749962 4.545106051831271e-09 -0.7071067596231324
  outer loop
    vertex 38.52135002058217 6.153733451679666 10.418289817741895
    vertex 37.969365639180126 15.68291856879811 9.866305506440067
    vertex 38.521349856897764 17.21392868333134 10.41828981511762
  endloop
endfacet
endsolid ModularFrame2Inch
