solid ModularFrameCorner
facet normal 2.6132719796953573e-10 0.9999999999999999 4.835391321165218e-09
  outer loop
    vertex -4.416968265363863e-07 24.100420464172657 -3.684572628180253e-07
    vertex 2.6045284833722313 24.100420490491395 10.418289728335672
    vertex 20.211996339029568 24.100420468824982 -1.0332706839583818e-07
  endloop
endfacet
facet normal 2.6132719796953573e-10 0.9999999999999999 4.835391321165218e-09
  outer loop
    vertex 2.6045284833722313 24.100420490491395 10.418289728335672
    vertex -4.416968265363863e-07 24.100420464172657 -3.684572628180253e-07
    vertex -7.118897436875215e-07 24.100420379983508 10.418289888257831
  endloop
endfacet
facet normal 2.6132719796953573e-10 0.9999999999999999 4.835391321165218e-09
  outer loop
    vertex 20.211996339029568 24.100420468824982 -1.0332706839583818e-07
    vertex 0.5779138125745644 24.100420398598153 12.179998913386457
    vertex 20.211996527793108 24.100420395577686 12.17999918337161
  endloop
endfacet
facet normal 2.6132719796953573e-10 0.9999999999999999 4.835391321165218e-09
  outer loop
    vertex 0.5779138125745644 24.100420398598153 12.179998913386457
    vertex 20.211996339029568 24.100420468824982 -1.0332706839583818e-07
    vertex 2.6045284833722313 24.100420490491395 10.418289728335672
  endloop
endfacet
facet normal 0.5547001962250847 0.8320502943379398 9.969123510219153e-09
  outer loop
    vertex 26.36572947676621 52.03332401531955 9.010412926010048
    vertex 28.477545215483435 50.62544689328559 5.9130833765144635
    vertex 26.36572961327712 52.03332398141472 4.244488224528474
  endloop
endfacet
facet normal 0.7071067811864816 0.7071067811866131 1.522356251281873e-08
  outer loop
    vertex 26.36572961327712 52.03332398141472 4.244488224528474
    vertex 27.773606794526625 50.62544686123592 1.4078766363515232
    vertex 26.365729694526507 52.03332396123577 1.4078765860100195
  endloop
endfacet
facet normal 0.5547001723925875 5.919216598105672e-09 0.8320503102262707
  outer loop
    vertex 26.365729436440265 47.78883528681677 10.4182900562044
    vertex 26.365729436440322 43.022910585335204 10.418290090109206
    vertex 28.47754512676633 46.120240195319646 9.010413028564209
  endloop
endfacet
facet normal 0.6902121221581213 0.21728899028637674 -0.6902120841642151
  outer loop
    vertex 28.477545215483435 50.62544689328559 5.9130833765144635
    vertex 27.069668155809524 50.62544688327005 4.50520623618849
    vertex 26.36572961327712 52.03332398141472 4.244488224528474
  endloop
endfacet
facet normal -0.7071067811865248 0.7071067811865696 -2.5284164244705336e-08
  outer loop
    vertex 24.178912376766405 50.605119382396445 9.010412868469745
    vertex 25.586789476766263 52.012996482396204 9.010412898780203
    vertex 25.586789558015724 52.01299646221638 6.173801260261893
  endloop
endfacet
facet normal 0.9520331154949601 0.2163711596647062 -0.21637113547400555
  outer loop
    vertex 27.06966824452666 46.1202401412358 1.4078766482382703
    vertex 28.477545255809463 43.022910543269944 4.505206330598437
    vertex 27.773606794526636 43.022910521235886 1.4078766904353084
  endloop
endfacet
facet normal 0.9520331154949601 0.2163711596647062 -0.21637113547400555
  outer loop
    vertex 28.477545255809463 43.022910543269944 4.505206330598437
    vertex 27.06966824452666 46.1202401412358 1.4078766482382703
    vertex 27.773606685646502 46.82417871827778 5.209144833393537
  endloop
endfacet
facet normal 0.6981489175700829 0.1586701990272721 -0.698148878704512
  outer loop
    vertex 27.773606794526625 50.62544686123592 1.4078766363515232
    vertex 28.477545344526646 47.52811724123569 1.4078766785486272
    vertex 26.36572973485265 50.625446851220396 -5.039744784990095e-07
  endloop
endfacet
facet normal -0.6981489175700941 0.15867020896043488 0.6981488764469636
  outer loop
    vertex 25.58678943644029 50.60511939241192 10.418290008795704
    vertex 24.178912376766405 50.605119382396445 9.010412868469745
    vertex 23.474973826766245 47.5077897623961 9.010412870340872
  endloop
endfacet
facet normal 0.6981488775757237 -0.15867019902727825 0.6981489186988697
  outer loop
    vertex 28.47754512676633 46.120240195319646 9.010413028564209
    vertex 26.365729436440322 43.022910585335204 10.418290090109206
    vertex 27.773606576766266 43.02291057531958 9.010413030435346
  endloop
endfacet
facet normal -0.57735028572673 0.577350273296882 0.5773502485452647
  outer loop
    vertex 25.58678943644029 50.60511939241192 10.418290008795704
    vertex 25.586789476766263 52.012996482396204 9.010412898780203
    vertex 24.178912376766405 50.605119382396445 9.010412868469745
  endloop
endfacet
facet normal -0.554700196225084 0.8320502943379402 -2.1807378576623316e-08
  outer loop
    vertex 23.4749739558095 50.605119350346854 4.505206128306854
    vertex 25.586789558015724 52.01299646221638 6.173801260261893
    vertex 25.586789694526647 52.01299642831253 1.4078765587801645
  endloop
endfacet
facet normal -0.5773502526525295 0.5773502650824054 -0.5773502898339418
  outer loop
    vertex 24.178912594526818 50.60511932831269 1.407876528469718
    vertex 25.586789694526647 52.01299642831253 1.4078765587801645
    vertex 25.586789734852697 50.6051193182971 -5.312043289227725e-07
  endloop
endfacet
facet normal -0.862097215627526 0.4673321623084355 -0.19593121466317948
  outer loop
    vertex 24.178912376766405 50.605119382396445 9.010412868469745
    vertex 25.586789558015724 52.01299646221638 6.173801260261893
    vertex 24.882851015483975 50.605119360362366 5.913083268632789
  endloop
endfacet
facet normal -0.8620972078536373 -0.19593118996992157 -0.46733218700185125
  outer loop
    vertex 24.178912594526818 50.60511932831269 1.407876528469718
    vertex 25.58678973485305 47.768507679778935 -5.110243190922464e-07
    vertex 24.88285114452684 47.50778970831275 1.4078765706669383
  endloop
endfacet
facet normal -0.8620972346255199 0.19593118996997638 0.4673321376151874
  outer loop
    vertex 25.58678943644011 45.83919469093025 10.41829004269955
    vertex 24.88285092676664 46.09991266239615 9.010412920682386
    vertex 24.178912376766572 43.002583042396516 9.01041292255351
  endloop
endfacet
facet normal 0.9520331030998752 0.216371162743198 0.21637118693388685
  outer loop
    vertex 27.773606794526625 50.62544686123592 1.4078766363515232
    vertex 27.773606685646502 46.82417871827778 5.209144833393537
    vertex 28.477545344526646 47.52811724123569 1.4078766785486272
  endloop
endfacet
facet normal 0.9520331030998752 0.216371162743198 0.21637118693388685
  outer loop
    vertex 27.773606685646502 46.82417871827778 5.209144833393537
    vertex 27.773606794526625 50.62544686123592 1.4078766363515232
    vertex 27.069668155809524 50.62544688327005 4.50520623618849
  endloop
endfacet
facet normal 0.7071067609327849 5.030159706308493e-09 0.7071068014403096
  outer loop
    vertex 27.773606576766294 50.62544691531962 9.01041297635157
    vertex 26.365729436440237 50.62544692533513 10.418290036025562
    vertex 26.365729436440265 47.78883528681677 10.4182900562044
  endloop
endfacet
facet normal -0.8620972346254993 0.1959311899699878 0.4673321376152203
  outer loop
    vertex 38.158684376884786 45.839194683400045 10.41829039785547
    vertex 37.45474586721126 46.09991265486602 9.010413275838307
    vertex 36.750807317211155 43.00258303486639 9.010413277709459
  endloop
endfacet
facet normal -0.7317778384158924 0.6489581448606128 0.20821748587098973
  outer loop
    vertex 37.454745996209304 42.802582986390306 4.505206579250172
    vertex 36.750807534971564 43.002582980782584 1.4078769377094242
    vertex 35.342930434827466 41.415033357378476 1.4078769251255319
  endloop
endfacet
facet normal 0.6981488775757125 -0.15867019902728585 0.6981489186988791
  outer loop
    vertex 41.049440067211 46.120240185456346 9.01041338026243
    vertex 38.93762437688491 43.02291057547191 10.418290441807436
    vertex 40.3455015172109 43.02291056545634 9.010413382133576
  endloop
endfacet
facet normal -0.5491184614204928 0.8357445275484549 -3.140727389694715e-08
  outer loop
    vertex 35.34293029846878 41.41503344688865 6.173801626607108
    vertex 37.454745996209304 42.802582986390306 4.505206579250172
    vertex 35.342930434827466 41.415033357378476 1.4078769251255319
  endloop
endfacet
facet normal -0.7071067609328421 -5.030532590311521e-09 -0.7071068014402523
  outer loop
    vertex 25.586789734852697 50.6051193182971 -5.312043289227725e-07
    vertex 25.58678973485305 47.768507679778935 -5.110243190922464e-07
    vertex 24.178912594526818 50.60511932831269 1.407876528469718
  endloop
endfacet
facet normal -0.690212096164406 0.6902121008425922 -0.21728901987627505
  outer loop
    vertex 23.474974044526803 46.09991260831292 1.4078765403563336
    vertex 24.88285114452684 47.50778970831275 1.4078765706669383
    vertex 25.58678973485305 47.768507679778935 -5.110243190922464e-07
  endloop
endfacet
facet normal -0.9520331030998591 -0.21637116274325513 -0.21637118693390045
  outer loop
    vertex 24.178912485646872 46.80385118535449 5.209144725511716
    vertex 24.178912594526818 50.60511932831269 1.407876528469718
    vertex 24.88285114452684 47.50778970831275 1.4078765706669383
  endloop
endfacet
facet normal -0.9520331030998591 -0.21637116274325513 -0.21637118693390045
  outer loop
    vertex 24.178912594526818 50.60511932831269 1.407876528469718
    vertex 24.178912485646872 46.80385118535449 5.209144725511716
    vertex 23.4749739558095 50.605119350346854 4.505206128306854
  endloop
endfacet
facet normal 0.554700196225118 0.8320502943379178 9.969134855685921e-09
  outer loop
    vertex 38.93762441721085 52.0333240054563 9.010413277708276
    vertex 41.04944015592807 50.62544688342224 5.913083728212702
    vertex 38.9376245537218 52.033323971551496 4.244488576226716
  endloop
endfacet
facet normal -0.6897316748023703 0.2203187994608395 -0.6897317184082892
  outer loop
    vertex 36.04686885592832 42.80258301283201 5.913083638969154
    vertex 37.454745996209304 42.802582986390306 4.505206579250172
    vertex 35.34293029846878 41.41503344688865 6.173801626607108
  endloop
endfacet
facet normal -0.8957405801068133 -2.483048083196425e-08 0.44457711721354787
  outer loop
    vertex 35.342930288943236 41.115033446888674 6.173801643429202
    vertex 36.750807317211155 43.00258303486639 9.010413277709459
    vertex 35.34293029846878 41.41503344688865 6.173801626607108
  endloop
endfacet
facet normal -0.8957405801068133 -2.483048083196425e-08 0.44457711721354787
  outer loop
    vertex 36.750807317211155 43.00258303486639 9.010413277709459
    vertex 35.342930288943236 41.115033446888674 6.173801643429202
    vertex 36.75080732947717 41.11503354690622 9.010413188612942
  endloop
endfacet
facet normal -0.9751328621393816 1.7462940196100717e-09 0.22162107565811026
  outer loop
    vertex 37.45474599625434 43.00258300281672 4.5052065778723875
    vertex 36.750807534971564 43.002582980782584 1.4078769377094242
    vertex 37.454745996209304 42.802582986390306 4.505206579250172
  endloop
endfacet
facet normal -0.7071067609440924 -4.871145237934174e-09 -0.7071068014290021
  outer loop
    vertex 36.04686885592832 42.80258301283201 5.913083638969154
    vertex 37.45474599625434 43.00258300281672 4.5052065778723875
    vertex 37.454745996209304 42.802582986390306 4.505206579250172
  endloop
endfacet
facet normal -0.7071067609440924 -4.871145237934174e-09 -0.7071068014290021
  outer loop
    vertex 37.45474599625434 43.00258300281672 4.5052065778723875
    vertex 36.04686885592832 42.80258301283201 5.913083638969154
    vertex 36.04686885592832 43.002583012832 5.913083637546368
  endloop
endfacet
facet normal -0.6981488775757602 -0.15867020896043518 -0.6981489164412978
  outer loop
    vertex 36.046868984971475 46.09991260078274 1.4078768955122702
    vertex 38.158684675297565 43.0025829707669 -1.2196459074969278e-07
    vertex 36.750807534971564 43.002582980782584 1.4078769377094242
  endloop
endfacet
facet normal -0.9751328621393793 1.576596427875336e-09 0.22162107565812075
  outer loop
    vertex 36.750807317211155 43.00258303486639 9.010413277709459
    vertex 36.04686885592832 43.002583012832 5.913083637546368
    vertex 36.04686885592832 42.80258301283201 5.913083638969154
  endloop
endfacet
facet normal -0.7071068014401725 5.030295344517299e-09 0.7071067609329219
  outer loop
    vertex 37.45474595592867 50.60511935283217 5.913083623788722
    vertex 36.046868896254246 50.60511934281671 4.505206483462787
    vertex 36.75080742609147 46.803851177824335 5.209145080667653
  endloop
endfacet
facet normal 0.8620972078536823 -0.19593118332080434 0.4673321897894415
  outer loop
    vertex 38.93762437688486 47.78883527695347 10.418290407902655
    vertex 39.64156296721087 47.5281172854563 9.010413329920928
    vertex 40.345501517210934 50.62544690545635 9.010413328049795
  endloop
endfacet
facet normal -0.748175944945363 0.6635003808628166 -1.0332201001695066e-07
  outer loop
    vertex 36.750807534971564 43.002582980782584 1.4078769377094242
    vertex 35.342930496900124 41.4150332081345 -2.3244592541294747e-07
    vertex 35.342930434827466 41.415033357378476 1.4078769251255319
  endloop
endfacet
facet normal -0.6981488930280876 0.6981488964441681 -0.15867022895756525
  outer loop
    vertex 36.046868896254246 50.60511934281671 4.505206483462787
    vertex 38.158684634971266 52.01299642078235 1.4078769139361016
    vertex 36.75080753497142 50.60511932078256 1.4078768836256543
  endloop
endfacet
facet normal 0.9520331030998787 0.21637116274317797 0.21637118693389115
  outer loop
    vertex 40.345501734971286 50.62544685137266 1.4078769880497644
    vertex 40.345501626091064 46.82417870841451 5.209145185091771
    vertex 41.04944028497125 47.528117231372455 1.407877030246865
  endloop
endfacet
facet normal 0.9520331030998787 0.21637116274317797 0.21637118693389115
  outer loop
    vertex 40.345501626091064 46.82417870841451 5.209145185091771
    vertex 40.345501734971286 50.62544685137266 1.4078769880497644
    vertex 39.64156309625419 50.62544687340674 4.505206587886731
  endloop
endfacet
facet normal -0.5773502526525129 0.5773502650824274 -0.5773502898339363
  outer loop
    vertex 36.75080753497142 50.60511932078256 1.4078768836256543
    vertex 38.158684634971266 52.01299642078235 1.4078769139361016
    vertex 38.158684675297316 50.605119310766966 -1.760483933585167e-07
  endloop
endfacet
facet normal 0.5547001723925784 5.919210820429348e-09 0.8320503102262771
  outer loop
    vertex 38.93762437688486 47.78883527695347 10.418290407902655
    vertex 38.93762437688491 43.02291057547191 10.418290441807436
    vertex 41.049440067211 46.120240185456346 9.01041338026243
  endloop
endfacet
facet normal 0.6981489175700715 0.15867019902725688 -0.6981488787045269
  outer loop
    vertex 40.345501734971286 50.62544685137266 1.4078769880497644
    vertex 41.04944028497125 47.528117231372455 1.407877030246865
    vertex 38.93762467529726 50.625446841357125 -1.5227623704092585e-07
  endloop
endfacet
facet normal 0.7071067609327876 5.030154859980527e-09 0.7071068014403069
  outer loop
    vertex 40.345501517210934 50.62544690545635 9.010413328049795
    vertex 38.93762437688486 50.6254469154719 10.418290387723811
    vertex 38.93762437688486 47.78883527695347 10.418290407902655
  endloop
endfacet
facet normal 0.7071067811864957 0.7071067811865992 1.5223450702165754e-08
  outer loop
    vertex 41.049440067211 46.120240185456346 9.01041338026243
    vertex 40.288382086926646 46.8812982409383 5.517590646829154
    vertex 39.64156296721087 47.5281172854563 9.010413329920928
  endloop
endfacet
facet normal 0.7071067811864957 0.7071067811865992 1.5223450702165754e-08
  outer loop
    vertex 40.288382086926646 46.8812982409383 5.517590646829154
    vertex 41.049440067211 46.120240185456346 9.01041338026243
    vertex 40.345501626091064 46.82417870841451 5.209145185091771
  endloop
endfacet
facet normal -0.8663754067249914 0.4708192748774566 0.16650184691459652
  outer loop
    vertex 36.750807317211155 43.00258303486639 9.010413277709459
    vertex 36.04686885592832 42.80258301283201 5.913083638969154
    vertex 35.34293029846878 41.41503344688865 6.173801626607108
  endloop
endfacet
facet normal 0.5773502526524851 0.5773502732968819 0.5773502816195099
  outer loop
    vertex 38.93762441721085 52.0333240054563 9.010413277708276
    vertex 38.93762437688486 50.6254469154719 10.418290387723811
    vertex 40.345501517210934 50.62544690545635 9.010413328049795
  endloop
endfacet
facet normal -0.707106781186503 0.7071067811865913 -2.5284162482404903e-08
  outer loop
    vertex 36.750807317211006 50.605119374866355 9.010413223625674
    vertex 38.15868441721087 52.01299647486605 9.010413253936123
    vertex 38.15868449846033 52.01299645468621 6.173801615417829
  endloop
endfacet
facet normal -0.5547001723925735 -5.9190186587761225e-09 -0.8320503102262801
  outer loop
    vertex 38.158684675297685 47.768507672248745 -1.558683835279889e-07
    vertex 38.158684675297565 43.0025829707669 -1.2196459074969278e-07
    vertex 36.046868984971475 46.09991260078274 1.4078768955122702
  endloop
endfacet
facet normal -0.7071067811865194 0.707106781186575 -2.5283963780835765e-08
  outer loop
    vertex 36.046868984971475 46.09991260078274 1.4078768955122702
    vertex 36.75080742609147 46.803851177824335 5.209145080667653
    vertex 37.454746084971426 47.50778970078258 1.4078769258228734
  endloop
endfacet
facet normal 0.6981488930280696 0.6981488987017188 0.1586702190244217
  outer loop
    vertex 38.93762441721085 52.0333240054563 9.010413277708276
    vertex 40.345501517210934 50.62544690545635 9.010413328049795
    vertex 41.04944015592807 50.62544688342224 5.913083728212702
  endloop
endfacet
facet normal 0.9520331154949552 -0.2163711627432034 -0.21637113239552952
  outer loop
    vertex 41.049440067211 46.120240185456346 9.01041338026243
    vertex 39.64156305592813 43.0229105434222 5.913083741970625
    vertex 40.345501626091064 46.82417870841451 5.209145185091771
  endloop
endfacet
facet normal 0.9520331154949552 -0.2163711627432034 -0.21637113239552952
  outer loop
    vertex 39.64156305592813 43.0229105434222 5.913083741970625
    vertex 41.049440067211 46.120240185456346 9.01041338026243
    vertex 40.3455015172109 43.02291056545634 9.010413382133576
  endloop
endfacet
facet normal -0.4408312870641073 0.7818794827347667 -0.4408313178799986
  outer loop
    vertex 35.342930496900124 41.4150332081345 -2.3244592541294747e-07
    vertex 36.750807534971564 43.002582980782584 1.4078769377094242
    vertex 38.158684675297565 43.0025829707669 -1.2196459074969278e-07
  endloop
endfacet
facet normal -0.5547001962251011 0.8320502943379284 -2.1807385298785616e-08
  outer loop
    vertex 36.046868896254246 50.60511934281671 4.505206483462787
    vertex 38.15868449846033 52.01299645468621 6.173801615417829
    vertex 38.158684634971266 52.01299642078235 1.4078769139361016
  endloop
endfacet
facet normal -0.5547002200576538 5.919050326814967e-09 0.8320502784495598
  outer loop
    vertex 38.15868437688492 50.60511938488176 10.418290363951657
    vertex 36.046868767210896 47.50778975486595 9.01041322549682
    vertex 38.158684376884786 45.839194683400045 10.41829039785547
  endloop
endfacet
facet normal -0.9520331154949577 -0.2163711596647102 0.2163711354740117
  outer loop
    vertex 37.45474599625434 43.00258300281672 4.5052065778723875
    vertex 36.046868984971475 46.09991260078274 1.4078768955122702
    vertex 36.750807534971564 43.002582980782584 1.4078769377094242
  endloop
endfacet
facet normal -0.9520331154949577 -0.2163711596647102 0.2163711354740117
  outer loop
    vertex 36.046868984971475 46.09991260078274 1.4078768955122702
    vertex 37.45474599625434 43.00258300281672 4.5052065778723875
    vertex 36.75080742609147 46.803851177824335 5.209145080667653
  endloop
endfacet
facet normal 0.862097215627432 0.46733216509633974 0.19593120801392672
  outer loop
    vertex 39.64156309625419 50.62544687340674 4.505206587886731
    vertex 40.345501734971286 50.62544685137266 1.4078769880497644
    vertex 38.9376245537218 52.033323971551496 4.244488576226716
  endloop
endfacet
facet normal -0.7071067609328406 -5.0305397653937594e-09 -0.7071068014402538
  outer loop
    vertex 38.158684675297316 50.605119310766966 -1.760483933585167e-07
    vertex 38.158684675297685 47.768507672248745 -1.558683835279889e-07
    vertex 36.75080753497142 50.60511932078256 1.4078768836256543
  endloop
endfacet
facet normal -0.9520331030998694 -0.21637116274323137 -0.21637118693387916
  outer loop
    vertex 36.75080742609147 46.803851177824335 5.209145080667653
    vertex 36.75080753497142 50.60511932078256 1.4078768836256543
    vertex 37.454746084971426 47.50778970078258 1.4078769258228734
  endloop
endfacet
facet normal -0.9520331030998694 -0.21637116274323137 -0.21637118693387916
  outer loop
    vertex 36.75080753497142 50.60511932078256 1.4078768836256543
    vertex 36.75080742609147 46.803851177824335 5.209145080667653
    vertex 36.046868896254246 50.60511934281671 4.505206483462787
  endloop
endfacet
facet normal 0.7071068014403135 -5.030338331581032e-09 -0.707106760932781
  outer loop
    vertex 41.04944015592807 50.62544688342224 5.913083728212702
    vertex 40.345501626091064 46.82417870841451 5.209145185091771
    vertex 39.64156309625419 50.62544687340674 4.505206587886731
  endloop
endfacet
facet normal -0.9751328621393736 1.5765973297280007e-09 0.2216210756581457
  outer loop
    vertex 24.178912376766572 43.002583042396516 9.01041292255351
    vertex 23.474973915483645 43.002583020362096 5.913083282390435
    vertex 23.474973915483645 42.80258302036214 5.913083283813221
  endloop
endfacet
facet normal -0.7071068014401602 5.030274027643792e-09 0.7071067609329341
  outer loop
    vertex 24.882851015483975 50.605119360362366 5.913083268632789
    vertex 23.4749739558095 50.605119350346854 4.505206128306854
    vertex 24.178912485646872 46.80385118535449 5.209144725511716
  endloop
endfacet
facet normal -0.6902120961644234 0.6902121008425565 -0.21728901987633273
  outer loop
    vertex 36.046868984971475 46.09991260078274 1.4078768955122702
    vertex 37.454746084971426 47.50778970078258 1.4078769258228734
    vertex 38.158684675297685 47.768507672248745 -1.558683835279889e-07
  endloop
endfacet
facet normal -0.8620972078536285 -0.19593118996991263 -0.4673321870018713
  outer loop
    vertex 36.75080753497142 50.60511932078256 1.4078768836256543
    vertex 38.158684675297685 47.768507672248745 -1.558683835279889e-07
    vertex 37.454746084971426 47.50778970078258 1.4078769258228734
  endloop
endfacet
facet normal -0.6981489175700906 0.15867020896042294 0.6981488764469701
  outer loop
    vertex 38.15868437688492 50.60511938488176 10.418290363951657
    vertex 36.750807317211006 50.605119374866355 9.010413223625674
    vertex 36.046868767210896 47.50778975486595 9.01041322549682
  endloop
endfacet
facet normal -0.952033103099836 0.21637115966474485 -0.21637119001251218
  outer loop
    vertex 36.046868767210896 47.50778975486595 9.01041322549682
    vertex 37.45474595592867 50.60511935283217 5.913083623788722
    vertex 36.75080742609147 46.803851177824335 5.209145080667653
  endloop
endfacet
facet normal -0.952033103099836 0.21637115966474485 -0.21637119001251218
  outer loop
    vertex 37.45474595592867 50.60511935283217 5.913083623788722
    vertex 36.046868767210896 47.50778975486595 9.01041322549682
    vertex 36.750807317211006 50.605119374866355 9.010413223625674
  endloop
endfacet
facet normal -0.9751328621393796 1.7464419233093055e-09 0.22162107565811914
  outer loop
    vertex 24.882851055809674 43.00258301034693 4.505206222716449
    vertex 24.17891259452686 43.002582988312746 1.40787658255349
    vertex 24.882851055764615 42.8025829939205 4.5052062240942385
  endloop
endfacet
facet normal 0.6902121086121225 -0.6902121039340581 -0.21728897051651883
  outer loop
    vertex 41.04944028497125 47.528117231372455 1.407877030246865
    vertex 39.64156318497134 46.12024013137251 1.40787699993651
    vertex 38.93762467529721 45.85952213987554 -1.1837128850928177e-07
  endloop
endfacet
facet normal -0.9520331154949504 0.21637116274324367 0.2163711323955099
  outer loop
    vertex 36.04686885592832 43.002583012832 5.913083637546368
    vertex 36.80792694758624 46.746731649688726 5.517590546489889
    vertex 36.75080742609147 46.803851177824335 5.209145080667653
  endloop
endfacet
facet normal -0.9520331154949504 0.21637116274324367 0.2163711323955099
  outer loop
    vertex 36.80792694758624 46.746731649688726 5.517590546489889
    vertex 36.04686885592832 43.002583012832 5.913083637546368
    vertex 37.45474586721126 46.09991265486602 9.010413275838307
  endloop
endfacet
facet normal -0.9520331154949504 0.21637116274324367 0.2163711323955099
  outer loop
    vertex 37.45474586721126 46.09991265486602 9.010413275838307
    vertex 36.04686885592832 43.002583012832 5.913083637546368
    vertex 36.750807317211155 43.00258303486639 9.010413277709459
  endloop
endfacet
facet normal 0.5773502857266889 0.5773502650824857 -0.5773502567597022
  outer loop
    vertex 40.345501734971286 50.62544685137266 1.4078769880497644
    vertex 38.93762467529726 50.625446841357125 -1.5227623704092585e-07
    vertex 38.937624634971115 52.03332395137251 1.4078769377082587
  endloop
endfacet
facet normal -0.6902121221580622 0.21728900010612417 0.690212081072872
  outer loop
    vertex 38.15868449846033 52.01299645468621 6.173801615417829
    vertex 36.046868896254246 50.60511934281671 4.505206483462787
    vertex 37.45474595592867 50.60511935283217 5.913083623788722
  endloop
endfacet
facet normal 0.9751328621393826 -1.406817151519825e-09 -0.22162107565810651
  outer loop
    vertex 40.3455015172109 43.02291056545634 9.010413382133576
    vertex 39.64156305597318 42.82291052699577 5.913083743438404
    vertex 39.64156305592813 43.0229105434222 5.913083741970625
  endloop
endfacet
facet normal -0.7071067609327872 -5.030238487242414e-09 -0.7071068014403071
  outer loop
    vertex 36.75080742609147 46.803851177824335 5.209145080667653
    vertex 37.45474599625434 43.00258300281672 4.5052065778723875
    vertex 36.04686885592832 43.002583012832 5.913083637546368
  endloop
endfacet
facet normal 0.7071067811864689 0.7071067811866258 1.5223537305619492e-08
  outer loop
    vertex 38.9376245537218 52.033323971551496 4.244488576226716
    vertex 40.345501734971286 50.62544685137266 1.4078769880497644
    vertex 38.937624634971115 52.03332395137251 1.4078769377082587
  endloop
endfacet
facet normal 0.7071067811865593 -0.707106781186535 2.5284075227535136e-08
  outer loop
    vertex 40.345501626091064 46.82417870841451 5.209145185091771
    vertex 39.64156318497134 46.12024013137251 1.40787699993651
    vertex 41.04944028497125 47.528117231372455 1.407877030246865
  endloop
endfacet
facet normal 0.8620972346253782 0.19593118332078865 -0.4673321404031518
  outer loop
    vertex 39.64156318497134 46.12024013137251 1.40787699993651
    vertex 40.34550173497127 43.02291051137265 1.4078770421335485
    vertex 38.93762467529721 45.85952213987554 -1.1837128850928177e-07
  endloop
endfacet
facet normal 0.7071067609440974 5.189408249124101e-09 0.7071068014289971
  outer loop
    vertex 41.04944019625413 42.822910533406265 4.505206683719421
    vertex 39.64156305592813 43.0229105434222 5.913083741970625
    vertex 39.64156305597318 42.82291052699577 5.913083743438404
  endloop
endfacet
facet normal 0.7071067609440974 5.189408249124101e-09 0.7071068014289971
  outer loop
    vertex 39.64156305592813 43.0229105434222 5.913083741970625
    vertex 41.04944019625413 42.822910533406265 4.505206683719421
    vertex 41.04944019625413 43.02291053340665 4.505206682296675
  endloop
endfacet
facet normal -0.9999999999999996 1.393872320962174e-08 -3.167006089180234e-08
  outer loop
    vertex 35.34293048737459 41.1150332081345 -2.156238288983739e-07
    vertex 35.342930434827466 41.415033357378476 1.4078769251255319
    vertex 35.342930496900124 41.4150332081345 -2.3244592541294747e-07
  endloop
endfacet
facet normal -0.9999999999999996 1.393872320962174e-08 -3.167006089180234e-08
  outer loop
    vertex 35.342930434827466 41.415033357378476 1.4078769251255319
    vertex 35.34293048737459 41.1150332081345 -2.156238288983739e-07
    vertex 35.342930288943236 41.115033446888674 6.173801643429202
  endloop
endfacet
facet normal -0.9999999999999996 1.393872320962174e-08 -3.167006089180234e-08
  outer loop
    vertex 35.342930434827466 41.415033357378476 1.4078769251255319
    vertex 35.342930288943236 41.115033446888674 6.173801643429202
    vertex 35.34293029846878 41.41503344688865 6.173801626607108
  endloop
endfacet
facet normal 0.7071067609327871 5.0303075609761e-09 0.7071068014403072
  outer loop
    vertex 40.345501626091064 46.82417870841451 5.209145185091771
    vertex 39.64156305592813 43.0229105434222 5.913083741970625
    vertex 41.04944019625413 43.02291053340665 4.505206682296675
  endloop
endfacet
facet normal -0.7071067609440983 -4.8711067455481614e-09 -0.7071068014289962
  outer loop
    vertex 23.474973915483645 42.80258302036214 5.913083283813221
    vertex 24.882851055809674 43.00258301034693 4.505206222716449
    vertex 24.882851055764615 42.8025829939205 4.5052062240942385
  endloop
endfacet
facet normal -0.7071067609440983 -4.8711067455481614e-09 -0.7071068014289962
  outer loop
    vertex 24.882851055809674 43.00258301034693 4.505206222716449
    vertex 23.474973915483645 42.80258302036214 5.913083283813221
    vertex 23.474973915483645 43.002583020362096 5.913083282390435
  endloop
endfacet
facet normal 0.5773502857267035 0.5773502650824803 -0.577350256759693
  outer loop
    vertex 27.773606794526625 50.62544686123592 1.4078766363515232
    vertex 26.36572973485265 50.625446851220396 -5.039744784990095e-07
    vertex 26.365729694526507 52.03332396123577 1.4078765860100195
  endloop
endfacet
facet normal 0.7071067811865285 -0.707106781186566 2.5284063820399608e-08
  outer loop
    vertex 27.06966824452666 46.1202401412358 1.4078766482382703
    vertex 28.477545344526646 47.52811724123569 1.4078766785486272
    vertex 27.773606685646502 46.82417871827778 5.209144833393537
  endloop
endfacet
facet normal 0.6897316748023968 0.22031880927420391 0.689731715273611
  outer loop
    vertex 41.04944019625413 42.822910533406265 4.505206683719421
    vertex 39.64156305597318 42.82291052699577 5.913083743438404
    vertex 41.75337875371355 41.43536096375357 4.244488715823282
  endloop
endfacet
facet normal 0.6902121221581323 0.21728899028636578 -0.6902120841642075
  outer loop
    vertex 41.04944015592807 50.62544688342224 5.913083728212702
    vertex 39.64156309625419 50.62544687340674 4.505206587886731
    vertex 38.9376245537218 52.033323971551496 4.244488576226716
  endloop
endfacet
facet normal 0.6902120961644282 0.6902121039341366 0.21728901005600562
  outer loop
    vertex 38.93762437688486 47.78883527695347 10.418290407902655
    vertex 41.049440067211 46.120240185456346 9.01041338026243
    vertex 39.64156296721087 47.5281172854563 9.010413329920928
  endloop
endfacet
facet normal 0.7071067634668892 -4.4115070273091685e-08 -0.707106798906204
  outer loop
    vertex 38.93762467529721 45.85952213987554 -1.1837128850928177e-07
    vertex 40.34550172305963 41.11503376249892 1.407877157208789
    vertex 38.93762448466889 41.115033151493726 -1.6199923474319777e-08
  endloop
endfacet
facet normal 0.7071067634668892 -4.4115070273091685e-08 -0.707106798906204
  outer loop
    vertex 40.34550172305963 41.11503376249892 1.407877157208789
    vertex 38.93762467529721 45.85952213987554 -1.1837128850928177e-07
    vertex 40.34550173497127 43.02291051137265 1.4078770421335485
  endloop
endfacet
facet normal 0.7071067811865269 0.7071067811865681 1.5223442959751733e-08
  outer loop
    vertex 27.773606685646502 46.82417871827778 5.209144833393537
    vertex 27.069668026766276 47.52811729531964 9.01041297822269
    vertex 28.47754512676633 46.120240195319646 9.010413028564209
  endloop
endfacet
facet normal 0.7071067811865269 0.7071067811865681 1.5223442959751733e-08
  outer loop
    vertex 27.069668026766276 47.52811729531964 9.01041297822269
    vertex 27.773606685646502 46.82417871827778 5.209144833393537
    vertex 27.716487146481985 46.88129825080153 5.517590295130919
  endloop
endfacet
facet normal -0.7317778384158584 0.6489581448606545 0.20821748587097863
  outer loop
    vertex 24.882851055764615 42.8025829939205 4.5052062240942385
    vertex 24.17891259452686 43.002582988312746 1.40787658255349
    vertex 22.771035494382687 41.41503336490872 1.4078765699695956
  endloop
endfacet
facet normal 0.9520331030998688 -0.21637115966471188 0.2163711900124008
  outer loop
    vertex 41.04944015592807 50.62544688342224 5.913083728212702
    vertex 40.288382086926646 46.8812982409383 5.517590646829154
    vertex 40.345501626091064 46.82417870841451 5.209145185091771
  endloop
endfacet
facet normal 0.9520331030998688 -0.21637115966471188 0.2163711900124008
  outer loop
    vertex 40.288382086926646 46.8812982409383 5.517590646829154
    vertex 41.04944015592807 50.62544688342224 5.913083728212702
    vertex 39.64156296721087 47.5281172854563 9.010413329920928
  endloop
endfacet
facet normal 0.9520331030998688 -0.21637115966471188 0.2163711900124008
  outer loop
    vertex 39.64156296721087 47.5281172854563 9.010413329920928
    vertex 41.04944015592807 50.62544688342224 5.913083728212702
    vertex 40.345501517210934 50.62544690545635 9.010413328049795
  endloop
endfacet
facet normal 0.8663754067250102 0.4708192725084716 -0.16650185361330486
  outer loop
    vertex 41.04944019625413 42.822910533406265 4.505206683719421
    vertex 41.75337875371355 41.43536096375357 4.244488715823282
    vertex 40.34550173497127 43.02291051137265 1.4078770421335485
  endloop
endfacet
facet normal -0.6981488775757314 -0.15867020896042364 -0.698148916441329
  outer loop
    vertex 23.474974044526803 46.09991260831292 1.4078765403563336
    vertex 25.586789734852974 43.00258297829712 -4.771205263139497e-07
    vertex 24.17891259452686 43.002582988312746 1.40787658255349
  endloop
endfacet
facet normal 0.9751328621393779 -1.5765549426783405e-09 -0.2216210756581273
  outer loop
    vertex 41.04944019625413 43.02291053340665 4.505206682296675
    vertex 41.04944019625413 42.822910533406265 4.505206683719421
    vertex 40.34550173497127 43.02291051137265 1.4078770421335485
  endloop
endfacet
facet normal -0.7071067811864444 -0.7071067811866502 -1.522351434571418e-08
  outer loop
    vertex 36.046868767210896 47.50778975486595 9.01041322549682
    vertex 36.80792694758624 46.746731649688726 5.517590546489889
    vertex 37.45474586721126 46.09991265486602 9.010413275838307
  endloop
endfacet
facet normal -0.7071067811864444 -0.7071067811866502 -1.522351434571418e-08
  outer loop
    vertex 36.80792694758624 46.746731649688726 5.517590546489889
    vertex 36.046868767210896 47.50778975486595 9.01041322549682
    vertex 36.75080742609147 46.803851177824335 5.209145080667653
  endloop
endfacet
facet normal 0.5491184614205344 0.8357445275484278 1.9516441959118705e-08
  outer loop
    vertex 39.64156305597318 42.82291052699577 5.913083743438404
    vertex 41.75337861735486 41.43536094205217 9.010413417304855
    vertex 41.75337875371355 41.43536096375357 4.244488715823282
  endloop
endfacet
facet normal -0.6897316748023785 0.22031879946086785 -0.6897317184082721
  outer loop
    vertex 23.474973915483645 42.80258302036214 5.913083283813221
    vertex 24.882851055764615 42.8025829939205 4.5052062240942385
    vertex 22.771035358024086 41.415033454418804 6.173801271451168
  endloop
endfacet
facet normal -0.8620972156275414 0.46733216230838753 -0.1959312146632269
  outer loop
    vertex 36.750807317211006 50.605119374866355 9.010413223625674
    vertex 38.15868449846033 52.01299645468621 6.173801615417829
    vertex 37.45474595592867 50.60511935283217 5.913083623788722
  endloop
endfacet
facet normal 0.7317778384159326 0.6489581418980842 -0.20821749510425733
  outer loop
    vertex 40.3455015172109 43.02291056545634 9.010413382133576
    vertex 41.75337861735486 41.43536094205217 9.010413417304855
    vertex 39.64156305597318 42.82291052699577 5.913083743438404
  endloop
endfacet
facet normal 0.8957405796129094 -3.558808276238942e-08 -0.4445771182086722
  outer loop
    vertex 29.18148381326894 41.435360973616795 4.244488364125042
    vertex 27.773606774879227 41.115033772362175 1.4078768100902126
    vertex 27.773606794526636 43.022910521235886 1.4078766904353084
  endloop
endfacet
facet normal 0.8957405796129094 -3.558808276238942e-08 -0.4445771182086722
  outer loop
    vertex 27.773606774879227 41.115033772362175 1.4078768100902126
    vertex 29.18148381326894 41.435360973616795 4.244488364125042
    vertex 29.181483815413095 41.1150337127035 4.244488355273959
  endloop
endfacet
facet normal 0.5547002200576364 -5.919238687218417e-09 -0.8320502784495717
  outer loop
    vertex 38.93762467529726 50.625446841357125 -1.5227623704092585e-07
    vertex 41.04944028497125 47.528117231372455 1.407877030246865
    vertex 38.93762467529721 45.85952213987554 -1.1837128850928177e-07
  endloop
endfacet
facet normal -0.5773502857267075 0.5773502732968975 0.5773502485452714
  outer loop
    vertex 38.15868437688492 50.60511938488176 10.418290363951657
    vertex 38.15868441721087 52.01299647486605 9.010413253936123
    vertex 36.750807317211006 50.605119374866355 9.010413223625674
  endloop
endfacet
facet normal -0.6902121086120693 -0.6902121008426683 0.21728898033639837
  outer loop
    vertex 38.158684376884786 45.839194683400045 10.41829039785547
    vertex 36.046868767210896 47.50778975486595 9.01041322549682
    vertex 37.45474586721126 46.09991265486602 9.010413275838307
  endloop
endfacet
facet normal -0.8957405799631901 -2.6119263093072366e-08 0.4445771175029222
  outer loop
    vertex 22.77103535252211 41.11503345441884 6.173801291539122
    vertex 24.178912376766572 43.002583042396516 9.01041292255351
    vertex 22.771035358024086 41.415033454418804 6.173801271451168
  endloop
endfacet
facet normal -0.8957405799631901 -2.6119263093072366e-08 0.4445771175029222
  outer loop
    vertex 24.178912376766572 43.002583042396516 9.01041292255351
    vertex 22.77103535252211 41.11503345441884 6.173801291539122
    vertex 24.178912393056038 41.1150335544363 9.010412836722864
  endloop
endfacet
facet normal -0.7071067811864445 -0.7071067811866504 -1.5223506561481894e-08
  outer loop
    vertex 23.474973826766245 47.5077897623961 9.010412870340872
    vertex 24.236032007141525 46.74673165721882 5.517590191333949
    vertex 24.88285092676664 46.09991266239615 9.010412920682386
  endloop
endfacet
facet normal -0.7071067811864445 -0.7071067811866504 -1.5223506561481894e-08
  outer loop
    vertex 24.236032007141525 46.74673165721882 5.517590191333949
    vertex 23.474973826766245 47.5077897623961 9.010412870340872
    vertex 24.178912485646872 46.80385118535449 5.209144725511716
  endloop
endfacet
facet normal -0.6981488930281059 0.6981488964441398 -0.1586702289576083
  outer loop
    vertex 23.4749739558095 50.605119350346854 4.505206128306854
    vertex 25.586789694526647 52.01299642831253 1.4078765587801645
    vertex 24.178912594526818 50.60511932831269 1.407876528469718
  endloop
endfacet
facet normal 0.9520331154949607 0.21637115966471562 -0.21637113547399328
  outer loop
    vertex 39.64156318497134 46.12024013137251 1.40787699993651
    vertex 41.04944019625413 43.02291053340665 4.505206682296675
    vertex 40.34550173497127 43.02291051137265 1.4078770421335485
  endloop
endfacet
facet normal 0.9520331154949607 0.21637115966471562 -0.21637113547399328
  outer loop
    vertex 41.04944019625413 43.02291053340665 4.505206682296675
    vertex 39.64156318497134 46.12024013137251 1.40787699993651
    vertex 40.345501626091064 46.82417870841451 5.209145185091771
  endloop
endfacet
facet normal 0.8620972346253968 0.1959311833208002 -0.4673321404031128
  outer loop
    vertex 27.06966824452666 46.1202401412358 1.4078766482382703
    vertex 27.773606794526636 43.022910521235886 1.4078766904353084
    vertex 26.365729734852632 45.85952214973879 -4.700695299673634e-07
  endloop
endfacet
facet normal -0.8663754067249757 0.47081927487747915 0.16650184691461462
  outer loop
    vertex 24.178912376766572 43.002583042396516 9.01041292255351
    vertex 23.474973915483645 42.80258302036214 5.913083283813221
    vertex 22.771035358024086 41.415033454418804 6.173801271451168
  endloop
endfacet
facet normal 0.8957405802077082 -3.025050354714842e-08 -0.44457711701026337
  outer loop
    vertex 41.75337875371355 41.43536096375357 4.244488715823282
    vertex 40.34550172305963 41.11503376249892 1.407877157208789
    vertex 40.34550173497127 43.02291051137265 1.4078770421335485
  endloop
endfacet
facet normal 0.8957405802077082 -3.025050354714842e-08 -0.44457711701026337
  outer loop
    vertex 40.34550172305963 41.11503376249892 1.407877157208789
    vertex 41.75337875371355 41.43536096375357 4.244488715823282
    vertex 41.753378763593545 41.11503370284023 4.244488702392537
  endloop
endfacet
facet normal -0.5491184614204868 0.8357445275484587 -3.1407249986765155e-08
  outer loop
    vertex 22.771035358024086 41.415033454418804 6.173801271451168
    vertex 24.882851055764615 42.8025829939205 4.5052062240942385
    vertex 22.771035494382687 41.41503336490872 1.4078765699695956
  endloop
endfacet
facet normal -0.6902121221580473 0.21728900010616659 0.6902120810728736
  outer loop
    vertex 25.586789558015724 52.01299646221638 6.173801260261893
    vertex 23.4749739558095 50.605119350346854 4.505206128306854
    vertex 24.882851015483975 50.605119360362366 5.913083268632789
  endloop
endfacet
facet normal -0.7481759449453262 0.6635003808628577 -1.0332205647247912e-07
  outer loop
    vertex 24.17891259452686 43.002582988312746 1.40787658255349
    vertex 22.77103555645538 41.41503321566469 -5.876018609772089e-07
    vertex 22.771035494382687 41.41503336490872 1.4078765699695956
  endloop
endfacet
facet normal 0.8620972156274198 0.46733216509636494 0.19593120801391942
  outer loop
    vertex 27.069668155809524 50.62544688327005 4.50520623618849
    vertex 27.773606794526625 50.62544686123592 1.4078766363515232
    vertex 26.36572961327712 52.03332398141472 4.244488224528474
  endloop
endfacet
facet normal -0.7071067609327902 -5.030226979160032e-09 -0.7071068014403042
  outer loop
    vertex 24.178912485646872 46.80385118535449 5.209144725511716
    vertex 24.882851055809674 43.00258301034693 4.505206222716449
    vertex 23.474973915483645 43.002583020362096 5.913083282390435
  endloop
endfacet
facet normal 0.707106760932795 5.0302908456542465e-09 0.7071068014402995
  outer loop
    vertex 27.773606685646502 46.82417871827778 5.209144833393537
    vertex 27.069668115483495 43.022910553285506 5.91308339027239
    vertex 28.477545255809463 43.022910543269944 4.505206330598437
  endloop
endfacet
facet normal -0.5547002200576596 5.919062179504857e-09 0.8320502784495561
  outer loop
    vertex 25.58678943644029 50.60511939241192 10.418290008795704
    vertex 23.474973826766245 47.5077897623961 9.010412870340872
    vertex 25.58678943644011 45.83919469093025 10.41829004269955
  endloop
endfacet
facet normal 0.9520331154949581 -0.21637116274320664 -0.21637113239551348
  outer loop
    vertex 28.47754512676633 46.120240195319646 9.010413028564209
    vertex 27.069668115483495 43.022910553285506 5.91308339027239
    vertex 27.773606685646502 46.82417871827778 5.209144833393537
  endloop
endfacet
facet normal 0.9520331154949581 -0.21637116274320664 -0.21637113239551348
  outer loop
    vertex 27.069668115483495 43.022910553285506 5.91308339027239
    vertex 28.47754512676633 46.120240195319646 9.010413028564209
    vertex 27.773606576766266 43.02291057531958 9.010413030435346
  endloop
endfacet
facet normal -0.7071067811864922 0.7071067811866022 -2.5283955057237294e-08
  outer loop
    vertex 23.474974044526803 46.09991260831292 1.4078765403563336
    vertex 24.178912485646872 46.80385118535449 5.209144725511716
    vertex 24.88285114452684 47.50778970831275 1.4078765706669383
  endloop
endfacet
facet normal -0.9520331154949568 -0.2163711596647007 0.21637113547402526
  outer loop
    vertex 24.882851055809674 43.00258301034693 4.505206222716449
    vertex 23.474974044526803 46.09991260831292 1.4078765403563336
    vertex 24.17891259452686 43.002582988312746 1.40787658255349
  endloop
endfacet
facet normal -0.9520331154949568 -0.2163711596647007 0.21637113547402526
  outer loop
    vertex 23.474974044526803 46.09991260831292 1.4078765403563336
    vertex 24.882851055809674 43.00258301034693 4.505206222716449
    vertex 24.178912485646872 46.80385118535449 5.209144725511716
  endloop
endfacet
facet normal 0.9751328621393826 -1.4069591931828417e-09 -0.22162107565810618
  outer loop
    vertex 27.773606576766266 43.02291057531958 9.010413030435346
    vertex 27.06966811552851 42.822910536859105 5.913083391740169
    vertex 27.069668115483495 43.022910553285506 5.91308339027239
  endloop
endfacet
facet normal 0.9520331030998714 -0.21637115966470236 0.2163711900123986
  outer loop
    vertex 28.477545215483435 50.62544689328559 5.9130833765144635
    vertex 27.716487146481985 46.88129825080153 5.517590295130919
    vertex 27.773606685646502 46.82417871827778 5.209144833393537
  endloop
endfacet
facet normal 0.9520331030998714 -0.21637115966470236 0.2163711900123986
  outer loop
    vertex 27.716487146481985 46.88129825080153 5.517590295130919
    vertex 28.477545215483435 50.62544689328559 5.9130833765144635
    vertex 27.069668026766276 47.52811729531964 9.01041297822269
  endloop
endfacet
facet normal 0.9520331030998714 -0.21637115966470236 0.2163711900123986
  outer loop
    vertex 27.069668026766276 47.52811729531964 9.01041297822269
    vertex 28.477545215483435 50.62544689328559 5.9130833765144635
    vertex 27.773606576766294 50.62544691531962 9.01041297635157
  endloop
endfacet
facet normal -0.6902121086120683 -0.6902121008426673 0.21728898033640473
  outer loop
    vertex 25.58678943644011 45.83919469093025 10.41829004269955
    vertex 23.474973826766245 47.5077897623961 9.010412870340872
    vertex 24.88285092676664 46.09991266239615 9.010412920682386
  endloop
endfacet
facet normal 0.6981488930280692 0.6981488987017151 0.15867021902444062
  outer loop
    vertex 26.36572947676621 52.03332401531955 9.010412926010048
    vertex 27.773606576766294 50.62544691531962 9.01041297635157
    vertex 28.477545215483435 50.62544689328559 5.9130833765144635
  endloop
endfacet
facet normal 0.7071067609441024 5.189350257102234e-09 0.7071068014289921
  outer loop
    vertex 28.477545255809463 42.82291054326956 4.505206332021181
    vertex 27.069668115483495 43.022910553285506 5.91308339027239
    vertex 27.06966811552851 42.822910536859105 5.913083391740169
  endloop
endfacet
facet normal 0.7071067609441024 5.189350257102234e-09 0.7071068014289921
  outer loop
    vertex 27.069668115483495 43.022910553285506 5.91308339027239
    vertex 28.477545255809463 42.82291054326956 4.505206332021181
    vertex 28.477545255809463 43.022910543269944 4.505206330598437
  endloop
endfacet
facet normal 0.7317778384159187 0.6489581418981042 -0.2082174951042439
  outer loop
    vertex 27.773606576766266 43.02291057531958 9.010413030435346
    vertex 29.181483676910283 41.43536095191544 9.010413065606622
    vertex 27.06966811552851 42.822910536859105 5.913083391740169
  endloop
endfacet
facet normal -0.9520331154949491 0.21637116274323887 0.21637113239552036
  outer loop
    vertex 23.474973915483645 43.002583020362096 5.913083282390435
    vertex 24.236032007141525 46.74673165721882 5.517590191333949
    vertex 24.178912485646872 46.80385118535449 5.209144725511716
  endloop
endfacet
facet normal -0.9520331154949491 0.21637116274323887 0.21637113239552036
  outer loop
    vertex 24.236032007141525 46.74673165721882 5.517590191333949
    vertex 23.474973915483645 43.002583020362096 5.913083282390435
    vertex 24.88285092676664 46.09991266239615 9.010412920682386
  endloop
endfacet
facet normal -0.9520331154949491 0.21637116274323887 0.21637113239552036
  outer loop
    vertex 24.88285092676664 46.09991266239615 9.010412920682386
    vertex 23.474973915483645 43.002583020362096 5.913083282390435
    vertex 24.178912376766572 43.002583042396516 9.01041292255351
  endloop
endfacet
facet normal 0.8620972078536826 -0.1959311833207993 0.46733218978944285
  outer loop
    vertex 26.365729436440265 47.78883528681677 10.4182900562044
    vertex 27.069668026766276 47.52811729531964 9.01041297822269
    vertex 27.773606576766294 50.62544691531962 9.01041297635157
  endloop
endfacet
facet normal 0.5773502526524804 0.577350273296875 0.5773502816195215
  outer loop
    vertex 26.36572947676621 52.03332401531955 9.010412926010048
    vertex 26.365729436440237 50.62544692533513 10.418290036025562
    vertex 27.773606576766294 50.62544691531962 9.01041297635157
  endloop
endfacet
facet normal -0.7071068128348534 -6.51269089750723e-09 0.70710674953824
  outer loop
    vertex 36.86394456177836 41.115033568863424 9.123550420823218
    vertex 36.750807317211155 43.00258303486639 9.010413277709459
    vertex 36.75080732947717 41.11503354690622 9.010413188612942
  endloop
endfacet
facet normal -0.7071068128348534 -6.51269089750723e-09 0.70710674953824
  outer loop
    vertex 36.750807317211155 43.00258303486639 9.010413277709459
    vertex 36.86394456177836 41.115033568863424 9.123550420823218
    vertex 38.158684376884786 45.839194683400045 10.41829039785547
  endloop
endfacet
facet normal -0.7071068128348534 -6.51269089750723e-09 0.70710674953824
  outer loop
    vertex 38.158684376884786 45.839194683400045 10.41829039785547
    vertex 36.86394456177836 41.115033568863424 9.123550420823218
    vertex 38.158684318691655 42.40977349753009 10.41829037744327
  endloop
endfacet
facet normal -0.9999999999999996 5.267627978760948e-10 -3.1670050890792636e-08
  outer loop
    vertex 22.771035550953417 41.11503321566471 -5.675139086606578e-07
    vertex 22.771035494382687 41.41503336490872 1.4078765699695956
    vertex 22.77103555645538 41.41503321566469 -5.876018609772089e-07
  endloop
endfacet
facet normal -0.9999999999999996 5.267627978760948e-10 -3.1670050890792636e-08
  outer loop
    vertex 22.771035494382687 41.41503336490872 1.4078765699695956
    vertex 22.771035550953417 41.11503321566471 -5.675139086606578e-07
    vertex 22.77103535252211 41.11503345441884 6.173801291539122
  endloop
endfacet
facet normal -0.9999999999999996 5.267627978760948e-10 -3.1670050890792636e-08
  outer loop
    vertex 22.771035494382687 41.41503336490872 1.4078765699695956
    vertex 22.77103535252211 41.11503345441884 6.173801291539122
    vertex 22.771035358024086 41.415033454418804 6.173801271451168
  endloop
endfacet
facet normal 0.7481759449454027 0.6635003808627731 9.388178831505858e-08
  outer loop
    vertex 40.3455015172109 43.02291056545634 9.010413382133576
    vertex 41.75337860706153 41.435360920625165 9.243877839748846
    vertex 41.75337861735486 41.43536094205217 9.010413417304855
  endloop
endfacet
facet normal 0.7481759449454027 0.6635003808627731 9.388178831505858e-08
  outer loop
    vertex 41.75337860706153 41.435360920625165 9.243877839748846
    vertex 40.3455015172109 43.02291056545634 9.010413382133576
    vertex 41.20139417907385 42.057789218304734 9.866306138026067
  endloop
endfacet
facet normal -0.5547001723925626 -5.9190237135135546e-09 -0.8320503102262874
  outer loop
    vertex 25.58678973485305 47.768507679778935 -5.110243190922464e-07
    vertex 25.586789734852974 43.00258297829712 -4.771205263139497e-07
    vertex 23.474974044526803 46.09991260831292 1.4078765403563336
  endloop
endfacet
facet normal 0.5547002200576372 -5.919236162764531e-09 -0.832050278449571
  outer loop
    vertex 26.36572973485265 50.625446851220396 -5.039744784990095e-07
    vertex 28.477545344526646 47.52811724123569 1.4078766785486272
    vertex 26.365729734852632 45.85952214973879 -4.700695299673634e-07
  endloop
endfacet
facet normal 0.8663754067250065 0.4708192725084791 -0.16650185361330413
  outer loop
    vertex 28.477545255809463 42.82291054326956 4.505206332021181
    vertex 29.18148381326894 41.435360973616795 4.244488364125042
    vertex 27.773606794526636 43.022910521235886 1.4078766904353084
  endloop
endfacet
facet normal 0.6902121086121037 -0.690212103934099 -0.21728897051644838
  outer loop
    vertex 28.477545344526646 47.52811724123569 1.4078766785486272
    vertex 27.06966824452666 46.1202401412358 1.4078766482382703
    vertex 26.365729734852632 45.85952214973879 -4.700695299673634e-07
  endloop
endfacet
facet normal -0.4408312870640995 0.781879482734777 -0.4408313178799878
  outer loop
    vertex 22.77103555645538 41.41503321566469 -5.876018609772089e-07
    vertex 24.17891259452686 43.002582988312746 1.40787658255349
    vertex 25.586789734852974 43.00258297829712 -4.771205263139497e-07
  endloop
endfacet
facet normal 0.5491184614205444 0.8357445275484211 1.951643483232576e-08
  outer loop
    vertex 27.06966811552851 42.822910536859105 5.913083391740169
    vertex 29.181483676910283 41.43536095191544 9.010413065606622
    vertex 29.18148381326894 41.435360973616795 4.244488364125042
  endloop
endfacet
facet normal 0.6897316748023983 0.22031880927422098 0.6897317152736041
  outer loop
    vertex 28.477545255809463 42.82291054326956 4.505206332021181
    vertex 27.06966811552851 42.822910536859105 5.913083391740169
    vertex 29.18148381326894 41.435360973616795 4.244488364125042
  endloop
endfacet
facet normal 0.9751328621393798 -1.5765490806405078e-09 -0.22162107565811853
  outer loop
    vertex 28.477545255809463 43.022910543269944 4.505206330598437
    vertex 28.477545255809463 42.82291054326956 4.505206332021181
    vertex 27.773606794526636 43.022910521235886 1.4078766904353084
  endloop
endfacet
facet normal 0.9999999999999987 -4.149280885631234e-08 3.494072380564361e-08
  outer loop
    vertex 41.75337875371355 41.43536096375357 4.244488715823282
    vertex 41.75337860677632 41.11503357195159 9.123550499121075
    vertex 41.753378763593545 41.11503370284023 4.244488702392537
  endloop
endfacet
facet normal 0.9999999999999987 -4.149280885631234e-08 3.494072380564361e-08
  outer loop
    vertex 41.75337860677632 41.11503357195159 9.123550499121075
    vertex 41.75337875371355 41.43536096375357 4.244488715823282
    vertex 41.75337861735486 41.43536094205217 9.010413417304855
  endloop
endfacet
facet normal 0.9999999999999987 -4.149280885631234e-08 3.494072380564361e-08
  outer loop
    vertex 41.75337860677632 41.11503357195159 9.123550499121075
    vertex 41.75337861735486 41.43536094205217 9.010413417304855
    vertex 41.75337860706153 41.435360920625165 9.243877839748846
  endloop
endfacet
facet normal 0.9999999999999987 -4.149280885631234e-08 3.494072380564361e-08
  outer loop
    vertex 41.75337860677632 41.11503357195159 9.123550499121075
    vertex 41.75337860706153 41.435360920625165 9.243877839748846
    vertex 41.75337852632155 41.23536082393637 9.243877799164714
  endloop
endfacet
facet normal 0.7071067623510296 -4.6330395367763755e-08 -0.7071068000220634
  outer loop
    vertex 26.365729734852632 45.85952214973879 -4.700695299673634e-07
    vertex 27.773606774879227 41.115033772362175 1.4078768100902126
    vertex 26.365729536488487 41.115033161357026 -3.6331850091016465e-07
  endloop
endfacet
facet normal 0.7071067623510296 -4.6330395367763755e-08 -0.7071068000220634
  outer loop
    vertex 27.773606774879227 41.115033772362175 1.4078768100902126
    vertex 26.365729734852632 45.85952214973879 -4.700695299673634e-07
    vertex 27.773606794526636 43.022910521235886 1.4078766904353084
  endloop
endfacet
facet normal 0.9999999999999974 -6.296416900287873e-08 3.466609017422435e-08
  outer loop
    vertex 29.18148381326894 41.435360973616795 4.244488364125042
    vertex 29.181483658595933 41.11503361304414 9.123550284678956
    vertex 29.181483815413095 41.1150337127035 4.244488355273959
  endloop
endfacet
facet normal 0.9999999999999974 -6.296416900287873e-08 3.466609017422435e-08
  outer loop
    vertex 29.181483658595933 41.11503361304414 9.123550284678956
    vertex 29.18148381326894 41.435360973616795 4.244488364125042
    vertex 29.181483676910283 41.43536095191544 9.010413065606622
  endloop
endfacet
facet normal 0.9999999999999974 -6.296416900287873e-08 3.466609017422435e-08
  outer loop
    vertex 29.181483658595933 41.11503361304414 9.123550284678956
    vertex 29.181483676910283 41.43536095191544 9.010413065606622
    vertex 29.18148366661693 41.43536093048841 9.243877590299169
  endloop
endfacet
facet normal 0.9999999999999974 -6.296416900287873e-08 3.466609017422435e-08
  outer loop
    vertex 29.181483658595933 41.11503361304414 9.123550284678956
    vertex 29.18148366661693 41.43536093048841 9.243877590299169
    vertex 29.181483585876993 41.2353608467485 9.2438776633345
  endloop
endfacet
facet normal 0.44083128706417707 0.781879489006832 0.4408313067554939
  outer loop
    vertex 27.773606576766266 43.02291057531958 9.010413030435346
    vertex 27.098489157166135 42.60977348351363 10.418290124738459
    vertex 28.62949928690429 42.057789173732054 9.866305834602908
  endloop
endfacet
facet normal 0.44083128706417707 0.781879489006832 0.4408313067554939
  outer loop
    vertex 27.098489157166135 42.60977348351363 10.418290124738459
    vertex 27.773606576766266 43.02291057531958 9.010413030435346
    vertex 26.365729436440322 43.022910585335204 10.418290090109206
  endloop
endfacet
facet normal 0.44083128706415914 0.7818794890068234 0.440831306755527
  outer loop
    vertex 40.3455015172109 43.02291056545634 9.010413382133576
    vertex 39.67038391428686 42.609773577010124 10.418290476436693
    vertex 41.20139417907385 42.057789218304734 9.866306138026067
  endloop
endfacet
facet normal 0.44083128706415914 0.7818794890068234 0.440831306755527
  outer loop
    vertex 39.67038391428686 42.609773577010124 10.418290476436693
    vertex 40.3455015172109 43.02291056545634 9.010413382133576
    vertex 38.93762437688491 43.02291057547191 10.418290441807436
  endloop
endfacet
facet normal -0.6537455050984755 0.7567144868201866 -2.3553530238895653e-08
  outer loop
    vertex 24.226281704427123 28.210420349215966 0.9999999759933675
    vertex 25.052638678992263 28.92433217523022 12.180000403544712
    vertex 25.052638989491737 28.924332095489586 1.0000000056512646
  endloop
endfacet
facet normal -0.6537455050984755 0.7567144868201866 -2.3553530238895653e-08
  outer loop
    vertex 25.052638678992263 28.92433217523022 12.180000403544712
    vertex 24.226281704427123 28.210420349215966 0.9999999759933675
    vertex 24.226281393927767 28.210420428956585 12.180000373886791
  endloop
endfacet
facet normal -0.7071068331214625 4.832352776427234e-09 0.7071067292516287
  outer loop
    vertex 24.292049758033826 41.11503360762284 9.123550201609595
    vertex 24.178912376766572 43.002583042396516 9.01041292255351
    vertex 24.178912393056038 41.1150335544363 9.010412836722864
  endloop
endfacet
facet normal -0.7071068331214625 4.832352776427234e-09 0.7071067292516287
  outer loop
    vertex 24.178912376766572 43.002583042396516 9.01041292255351
    vertex 24.292049758033826 41.11503360762284 9.123550201609595
    vertex 25.58678943644011 45.83919469093025 10.41829004269955
  endloop
endfacet
facet normal -0.7071068331214625 4.832352776427234e-09 0.7071067292516287
  outer loop
    vertex 25.58678943644011 45.83919469093025 10.41829004269955
    vertex 24.292049758033826 41.11503360762284 9.123550201609595
    vertex 25.58678937824695 42.409773333845905 10.41829010415488
  endloop
endfacet
facet normal 0.7071068014403072 -5.03032329031413e-09 -0.7071067609327872
  outer loop
    vertex 28.477545215483435 50.62544689328559 5.9130833765144635
    vertex 27.773606685646502 46.82417871827778 5.209144833393537
    vertex 27.069668155809524 50.62544688327005 4.50520623618849
  endloop
endfacet
facet normal -0.9520331030998391 0.21637115966473944 -0.21637119001250377
  outer loop
    vertex 23.474973826766245 47.5077897623961 9.010412870340872
    vertex 24.882851015483975 50.605119360362366 5.913083268632789
    vertex 24.178912485646872 46.80385118535449 5.209144725511716
  endloop
endfacet
facet normal -0.9520331030998391 0.21637115966473944 -0.21637119001250377
  outer loop
    vertex 24.882851015483975 50.605119360362366 5.913083268632789
    vertex 23.474973826766245 47.5077897623961 9.010412870340872
    vertex 24.178912376766405 50.605119382396445 9.010412868469745
  endloop
endfacet
facet normal -0.9999999999999997 -3.5104685093340434e-11 -2.791537816679652e-08
  outer loop
    vertex 25.052638628562125 33.679831140940976 13.935499322913346
    vertex 25.052638989491687 35.43533000211688 0.9999999797117444
    vertex 25.052638991039665 33.67983104951425 0.9999999675314984
  endloop
endfacet
facet normal -0.9999999999999997 -3.5104685093340434e-11 -2.791537816679652e-08
  outer loop
    vertex 25.052638989491687 35.43533000211688 0.9999999797117444
    vertex 25.052638628562125 33.679831140940976 13.935499322913346
    vertex 25.052638678992302 35.43533008185743 12.180000377605186
  endloop
endfacet
facet normal -0.6537455050985065 -0.7567144868201603 -1.2759099915001745e-08
  outer loop
    vertex 25.052638678992302 35.43533008185743 12.180000377605186
    vertex 24.226281704427066 36.149241748390565 0.9999999196518417
    vertex 25.052638989491687 35.43533000211688 0.9999999797117444
  endloop
endfacet
facet normal -0.6537455050985065 -0.7567144868201603 -1.2759099915001745e-08
  outer loop
    vertex 24.226281704427066 36.149241748390565 0.9999999196518417
    vertex 25.052638678992302 35.43533008185743 12.180000377605186
    vertex 24.226281393927707 36.14924182813111 12.180000317545264
  endloop
endfacet
facet normal 9.28452104781663e-15 0.9999999999999999 -7.132433623108497e-09
  outer loop
    vertex 20.211996666073976 28.210420349216015 0.9999998694517377
    vertex 24.226281393927767 28.210420428956585 12.180000373886791
    vertex 24.226281704427123 28.210420349215966 0.9999999759933675
  endloop
endfacet
facet normal 9.28452104781663e-15 0.9999999999999999 -7.132433623108497e-09
  outer loop
    vertex 24.226281393927767 28.210420428956585 12.180000373886791
    vertex 20.211996666073976 28.210420349216015 0.9999998694517377
    vertex 20.21199635557469 28.210420428956624 12.180000267345186
  endloop
endfacet
facet normal -0.9999999999999997 3.5123194422381336e-11 -2.7915381480509877e-08
  outer loop
    vertex 25.052638678992263 28.92433217523022 12.180000403544712
    vertex 25.052638991039704 30.679831049514227 0.9999999887386547
    vertex 25.052638989491737 28.924332095489586 1.0000000056512646
  endloop
endfacet
facet normal -0.9999999999999997 3.5123194422381336e-11 -2.7915381480509877e-08
  outer loop
    vertex 25.052638991039704 30.679831049514227 0.9999999887386547
    vertex 25.052638678992263 28.92433217523022 12.180000403544712
    vertex 25.052638628562157 30.679831140941012 13.935499344120526
  endloop
endfacet
facet normal -3.889452500982291e-15 -0.9999999999999999 7.132430394524592e-09
  outer loop
    vertex 24.226281393927707 36.14924182813111 12.180000317545264
    vertex 20.211996666074025 36.14924174839055 0.9999998131102119
    vertex 24.226281704427066 36.149241748390565 0.9999999196518417
  endloop
endfacet
facet normal -3.889452500982291e-15 -0.9999999999999999 7.132430394524592e-09
  outer loop
    vertex 20.211996666074025 36.14924174839055 0.9999998131102119
    vertex 24.226281393927707 36.14924182813111 12.180000317545264
    vertex 20.21199635557467 36.14924182813115 12.180000211003641
  endloop
endfacet
facet normal 0.6902120961644513 0.6902121039340994 0.2172890100560504
  outer loop
    vertex 26.365729436440265 47.78883528681677 10.4182900562044
    vertex 28.47754512676633 46.120240195319646 9.010413028564209
    vertex 27.069668026766276 47.52811729531964 9.01041297822269
  endloop
endfacet
facet normal 0.5770150913983806 0.8167334842520653 1.0446048710352583e-08
  outer loop
    vertex 22.357835834292228 33.508609424070386 0.9999998915345626
    vertex 22.400174519845425 33.47869733442421 14.850544800782277
    vertex 22.40017490860937 33.47869723653548 0.9999998929552905
  endloop
endfacet
facet normal 0.5770150913983806 0.8167334842520653 1.0446048710352583e-08
  outer loop
    vertex 22.400174519845425 33.47869733442421 14.850544800782277
    vertex 22.357835834292228 33.508609424070386 0.9999998915345626
    vertex 22.357835445306847 33.50860952173866 14.820632611918542
  endloop
endfacet
facet normal 0.5482612280995525 0.8363071360228672 9.520846226062514e-09
  outer loop
    vertex 22.284510401583997 33.55791384253998 0.999999889091417
    vertex 22.3194420872943 33.5350133800007 14.794228752261928
    vertex 22.31944247553553 33.53501328251895 0.9999998902512428
  endloop
endfacet
facet normal 0.5482612280995525 0.8363071360228672 9.520846226062514e-09
  outer loop
    vertex 22.3194420872943 33.5350133800007 14.794228752261928
    vertex 22.284510401583997 33.55791384253998 0.999999889091417
    vertex 22.28451001398818 33.557913939859816 14.771328191149774
  endloop
endfacet
facet normal 0.3258559511813854 0.9454194302422997 2.49007541254298e-09
  outer loop
    vertex 22.169706338724744 33.61458371152406 0.9999998854087604
    vertex 22.195637194757488 33.605646135608026 14.723595992363714
    vertex 22.195637581007993 33.605646038625494 0.9999998862137541
  endloop
endfacet
facet normal 0.3258559511813854 0.9454194302422997 2.49007541254298e-09
  outer loop
    vertex 22.195637194757488 33.605646135608026 14.723595992363714
    vertex 22.169706338724744 33.61458371152406 0.9999998854087604
    vertex 22.169705952726158 33.61458380844346 14.714658318712926
  endloop
endfacet
facet normal 0.5189958951232093 0.8547767315768829 8.566615390144297e-09
  outer loop
    vertex 22.252555181682393 33.57731613479223 0.9999998880411693
    vertex 22.28451001398818 33.557913939859816 14.771328191149774
    vertex 22.284510401583997 33.55791384253998 0.999999889091417
  endloop
endfacet
facet normal 0.5189958951232093 0.8547767315768829 8.566615390144297e-09
  outer loop
    vertex 22.28451001398818 33.557913939859816 14.771328191149774
    vertex 22.252555181682393 33.57731613479223 0.9999998880411693
    vertex 22.25255479463341 33.577316231975026 14.751925897910475
  endloop
endfacet
facet normal -0.1964394090439088 0.9805159654867837 -1.245793567942937e-08
  outer loop
    vertex 22.071528372328792 33.61560325836934 0.9999998825888822
    vertex 22.096209289197187 33.62054807893012 14.70869404619078
    vertex 22.096209675027687 33.62054798205282 0.9999998832616661
  endloop
endfacet
facet normal -0.1964394090439088 0.9805159654867837 -1.245793567942937e-08
  outer loop
    vertex 22.096209289197187 33.62054807893012 14.70869404619078
    vertex 22.071528372328792 33.61560325836934 0.9999998825888822
    vertex 22.07152798635895 33.615603355281436 14.71363876925463
  endloop
endfacet
facet normal -0.5152488973878747 0.8570405904859926 -2.0558301538163397e-08
  outer loop
    vertex 21.958972934060654 33.561294445237486 0.9999998797412935
    vertex 21.9901548022869 33.58004117212603 14.749200950756356
    vertex 21.990155189259074 33.58004107496258 0.999999880504489
  endloop
endfacet
facet normal -0.5152488973878747 0.8570405904859926 -2.0558301538163397e-08
  outer loop
    vertex 21.9901548022869 33.58004117212603 14.749200950756356
    vertex 21.958972934060654 33.561294445237486 0.9999998797412935
    vertex 21.958972546560126 33.56129454253335 14.767947579788094
  endloop
endfacet
facet normal -0.5462419633794126 0.8376274335546824 -2.1293446332316655e-08
  outer loop
    vertex 21.924954363849245 33.53910991564891 0.9999998789207126
    vertex 21.958972546560126 33.56129454253335 14.767947579788094
    vertex 21.958972934060654 33.561294445237486 0.9999998797412935
  endloop
endfacet
facet normal -0.5462419633794126 0.8376274335546824 -2.1293446332316655e-08
  outer loop
    vertex 21.958972546560126 33.56129454253335 14.767947579788094
    vertex 21.924954363849245 33.53910991564891 0.9999998789207126
    vertex 21.924953975723486 33.53911001310167 14.790132108632669
  endloop
endfacet
facet normal 0.56665158351457 0.8239575128005268 1.0125757937197615e-08
  outer loop
    vertex 22.31944247553553 33.53501328251895 0.9999998902512428
    vertex 22.357835445306847 33.50860952173866 14.820632611918542
    vertex 22.357835834292228 33.508609424070386 0.9999998915345626
  endloop
endfacet
facet normal 0.56665158351457 0.8239575128005268 1.0125757937197615e-08
  outer loop
    vertex 22.357835445306847 33.50860952173866 14.820632611918542
    vertex 22.31944247553553 33.53501328251895 0.9999998902512428
    vertex 22.3194420872943 33.5350133800007 14.794228752261928
  endloop
endfacet
facet normal 0.4121904114986158 0.9110977250924304 5.162516091455812e-09
  outer loop
    vertex 22.195637581007993 33.605646038625494 0.9999998862137541
    vertex 22.223091998474935 33.5932252870048 14.736016841872344
    vertex 22.223092385075496 33.59322518993448 0.9999998870865855
  endloop
endfacet
facet normal 0.4121904114986158 0.9110977250924304 5.162516091455812e-09
  outer loop
    vertex 22.223091998474935 33.5932252870048 14.736016841872344
    vertex 22.195637581007993 33.605646038625494 0.9999998862137541
    vertex 22.195637194757488 33.605646135608026 14.723595992363714
  endloop
endfacet
facet normal 0.08134922981431968 0.9966856589760971 -4.753854960963042e-09
  outer loop
    vertex 22.120476816489848 33.62202965257894 0.9999998839466296
    vertex 22.144813841625687 33.62004333616971 14.709198790248312
    vertex 22.14481422747041 33.62004323928895 0.9999998846576914
  endloop
endfacet
facet normal 0.08134922981431968 0.9966856589760971 -4.753854960963042e-09
  outer loop
    vertex 22.144813841625687 33.62004333616971 14.709198790248312
    vertex 22.120476816489848 33.62202965257894 0.9999998839466296
    vertex 22.12047643070109 33.622029749445716 14.707212376298141
  endloop
endfacet
facet normal 0.21423529908677308 0.9767820824652759 -8.731257586829983e-10
  outer loop
    vertex 22.14481422747041 33.62004323928895 0.9999998846576914
    vertex 22.169705952726158 33.61458380844346 14.714658318712926
    vertex 22.169706338724744 33.61458371152406 0.9999998854087604
  endloop
endfacet
facet normal 0.21423529908677308 0.9767820824652759 -8.731257586829983e-10
  outer loop
    vertex 22.169705952726158 33.61458380844346 14.714658318712926
    vertex 22.14481422747041 33.62004323928895 0.9999998846576914
    vertex 22.144813841625687 33.62004333616971 14.709198790248312
  endloop
endfacet
facet normal 0.5820860753645906 0.8131271738582151 1.0603366292873803e-08
  outer loop
    vertex 22.40017490860937 33.47869723653548 0.9999998929552905
    vertex 23.585971911011676 32.6298311533976 15.699411025358149
    vertex 23.58597232416095 32.62983104951427 0.9999999328229658
  endloop
endfacet
facet normal 0.5820860753645906 0.8131271738582151 1.0603366292873803e-08
  outer loop
    vertex 23.585971911011676 32.6298311533976 15.699411025358149
    vertex 22.40017490860937 33.47869723653548 0.9999998929552905
    vertex 22.400174519845425 33.47869733442421 14.850544800782277
  endloop
endfacet
facet normal -0.8466365491767083 0.5321715452729078 -2.7581773351449596e-08
  outer loop
    vertex 20.242065009276878 32.287463252146004 12.180000237894925
    vertex 20.258978943266364 32.314371204043866 0.9999998396629657
    vertex 20.24206532383735 32.28746317313793 0.9999998393677941
  endloop
endfacet
facet normal -0.8466365491767083 0.5321715452729078 -2.7581773351449596e-08
  outer loop
    vertex 20.258978943266364 32.314371204043866 0.9999998396629657
    vertex 20.242065009276878 32.287463252146004 12.180000237894925
    vertex 20.25897862870588 32.31437128305195 12.18000023828686
  endloop
endfacet
facet normal -0.31208368503449907 0.9500546160801954 -1.5497478066743784e-08
  outer loop
    vertex 22.045948477637904 33.607200512187276 0.9999998819143687
    vertex 22.07152798635895 33.615603355281436 14.71363876925463
    vertex 22.071528372328792 33.61560325836934 0.9999998825888822
  endloop
endfacet
facet normal -0.31208368503449907 0.9500546160801954 -1.5497478066743784e-08
  outer loop
    vertex 22.07152798635895 33.615603355281436 14.71363876925463
    vertex 22.045948477637904 33.607200512187276 0.9999998819143687
    vertex 22.045948091431203 33.60720060915884 14.722041514817969
  endloop
endfacet
facet normal 0.4751291440888892 0.8799160735191509 7.154300852231877e-09
  outer loop
    vertex 22.223092385075496 33.59322518993448 0.9999998870865855
    vertex 22.25255479463341 33.577316231975026 14.751925897910475
    vertex 22.252555181682393 33.57731613479223 0.9999998880411693
  endloop
endfacet
facet normal 0.4751291440888892 0.8799160735191509 7.154300852231877e-09
  outer loop
    vertex 22.25255479463341 33.577316231975026 14.751925897910475
    vertex 22.223092385075496 33.59322518993448 0.9999998870865855
    vertex 22.223091998474935 33.5932252870048 14.736016841872344
  endloop
endfacet
facet normal -0.6441987199323015 0.7648581628233982 -2.3530356528539666e-08
  outer loop
    vertex 20.332271294125437 32.39509529676163 0.9999998412017518
    vertex 20.364218927375358 32.42200340667563 12.18000024118105
    vertex 20.364219241935825 32.42200332766756 0.9999998419324404
  endloop
endfacet
facet normal -0.6441987199323015 0.7648581628233982 -2.3530356528539666e-08
  outer loop
    vertex 20.364218927375358 32.42200340667563 12.18000024118105
    vertex 20.332271294125437 32.39509529676163 0.9999998412017518
    vertex 20.332270979565 32.3950953757697 12.180000240258519
  endloop
endfacet
facet normal -0.7929981823534887 0.6092240004990463 -2.6617127110307453e-08
  outer loop
    vertex 20.25897862870588 32.31437128305195 12.18000023828686
    vertex 20.2796511447907 32.34127923494978 0.9999998400670156
    vertex 20.258978943266364 32.314371204043866 0.9999998396629657
  endloop
endfacet
facet normal -0.7929981823534887 0.6092240004990463 -2.6617127110307453e-08
  outer loop
    vertex 20.2796511447907 32.34127923494978 0.9999998400670156
    vertex 20.25897862870588 32.31437128305195 12.18000023828686
    vertex 20.27965083023023 32.341279313957855 12.180000238811438
  endloop
endfacet
facet normal -0.8983843608939408 0.4392101320566102 -2.8380799179802658e-08
  outer loop
    vertex 20.22890997194318 32.260555221240104 12.180000237635646
    vertex 20.24206532383735 32.28746317313793 0.9999998393677941
    vertex 20.228910286503652 32.260555142232015 0.999999839181505
  endloop
endfacet
facet normal -0.8983843608939408 0.4392101320566102 -2.8380799179802658e-08
  outer loop
    vertex 20.24206532383735 32.28746317313793 0.9999998393677941
    vertex 20.22890997194318 32.260555221240104 12.180000237635646
    vertex 20.242065009276878 32.287463252146004 12.180000237894925
  endloop
endfacet
facet normal -0.46885807484469816 0.8832735168977517 -1.943799022401386e-08
  outer loop
    vertex 21.990155189259074 33.58004107496258 0.999999880504489
    vertex 22.01898517365887 33.59534487122072 14.733897252209092
    vertex 22.01898556019974 33.595344774165426 0.9999998812242084
  endloop
endfacet
facet normal -0.46885807484469816 0.8832735168977517 -1.943799022401386e-08
  outer loop
    vertex 22.01898517365887 33.59534487122072 14.733897252209092
    vertex 21.990155189259074 33.58004107496258 0.999999880504489
    vertex 21.9901548022869 33.58004117212603 14.749200950756356
  endloop
endfacet
facet normal -0.06094316691917404 0.9981412377042949 -8.768956127310445e-09
  outer loop
    vertex 22.096209675027687 33.62054798205282 0.9999998832616661
    vertex 22.12047643070109 33.622029749445716 14.707212376298141
    vertex 22.120476816489848 33.62202965257894 0.9999998839466296
  endloop
endfacet
facet normal -0.06094316691917404 0.9981412377042949 -8.768956127310445e-09
  outer loop
    vertex 22.12047643070109 33.622029749445716 14.707212376298141
    vertex 22.096209675027687 33.62054798205282 0.9999998832616661
    vertex 22.096209289197187 33.62054807893012 14.70869404619078
  endloop
endfacet
facet normal -0.4025125951624558 0.9154144475239533 -1.7797814008431417e-08
  outer loop
    vertex 22.01898556019974 33.595344774165426 0.9999998812242084
    vertex 22.045948091431203 33.60720060915884 14.722041514817969
    vertex 22.045948477637904 33.607200512187276 0.9999998819143687
  endloop
endfacet
facet normal -0.4025125951624558 0.9154144475239533 -1.7797814008431417e-08
  outer loop
    vertex 22.045948091431203 33.60720060915884 14.722041514817969
    vertex 22.01898556019974 33.595344774165426 0.9999998812242084
    vertex 22.01898517365887 33.59534487122072 14.733897252209092
  endloop
endfacet
facet normal 0.5820927177621725 -0.8131224187830906 -7.642482642750559e-07
  outer loop
    vertex 23.585971911011676 31.72983115339764 15.69941103126009
    vertex 22.400174908609404 30.880964862493073 0.9999999113007477
    vertex 23.58597232416095 31.729831049514296 0.9999999390908961
  endloop
endfacet
facet normal 0.5820927177621725 -0.8131224187830906 -7.642482642750559e-07
  outer loop
    vertex 22.400174908609404 30.880964862493073 0.9999999113007477
    vertex 23.585971911011676 31.72983115339764 15.69941103126009
    vertex 22.400188000705985 30.880946129974564 14.85050715803648
  endloop
endfacet
facet normal -0.9787471355400295 -0.2050708284280976 -2.608881025619791e-08
  outer loop
    vertex 20.219513516704836 32.12601506671049 12.180000238193605
    vertex 20.21387595812231 32.15292301860832 0.9999998393838064
    vertex 20.219513831265306 32.126014987702405 0.9999998397351815
  endloop
endfacet
facet normal -0.9787471355400295 -0.2050708284280976 -2.608881025619791e-08
  outer loop
    vertex 20.21387595812231 32.15292301860832 0.9999998393838064
    vertex 20.219513516704836 32.12601506671049 12.180000238193605
    vertex 20.213875643561842 32.15292309761641 12.180000237797858
  endloop
endfacet
facet normal -0.5657280625591817 0.8245918743433228 -2.1749805624970677e-08
  outer loop
    vertex 21.88761504786963 33.51349251685566 0.9999998780288314
    vertex 21.924953975723486 33.53911001310167 14.790132108632669
    vertex 21.924954363849245 33.53910991564891 0.9999998789207126
  endloop
endfacet
facet normal -0.5657280625591817 0.8245918743433228 -2.1749805624970677e-08
  outer loop
    vertex 21.924953975723486 33.53911001310167 14.790132108632669
    vertex 21.88761504786963 33.51349251685566 0.9999998780288314
    vertex 21.887614659021818 33.51349261448945 14.815749506618403
  endloop
endfacet
facet normal -0.9787471355400184 0.20507082842815108 -2.8987244628856575e-08
  outer loop
    vertex 20.213875643561842 32.206739159428274 12.180000237515024
    vertex 20.219513831265306 32.2336471113261 0.9999998391040926
    vertex 20.21387595812231 32.2067390804202 0.9999998391355599
  endloop
endfacet
facet normal -0.9787471355400184 0.20507082842815108 -2.8987244628856575e-08
  outer loop
    vertex 20.219513831265306 32.2336471113261 0.9999998391040926
    vertex 20.213875643561842 32.206739159428274 12.180000237515024
    vertex 20.219513516704836 32.23364719033419 12.18000023750901
  endloop
endfacet
facet normal -0.6018325794392204 0.7986222801334396 -2.2576950898172603e-08
  outer loop
    vertex 20.364219241935825 32.42200332766756 0.9999998419324404
    vertex 20.399925457281093 32.44891143758155 12.180000242236217
    vertex 20.399925771841534 32.448911358573476 0.9999998427720075
  endloop
endfacet
facet normal -0.6018325794392204 0.7986222801334396 -2.2576950898172603e-08
  outer loop
    vertex 20.399925457281093 32.44891143758155 12.180000242236217
    vertex 20.364219241935825 32.42200332766756 0.9999998419324404
    vertex 20.364218927375358 32.42200340667563 12.18000024118105
  endloop
endfacet
facet normal -0.7403653310147907 0.6722047133361669 -2.5581327355996064e-08
  outer loop
    vertex 20.27965083023023 32.341279313957855 12.180000238811438
    vertex 20.304081928410415 32.36818726585571 0.9999998405799444
    vertex 20.2796511447907 32.34127923494978 0.9999998400670156
  endloop
endfacet
facet normal -0.7403653310147907 0.6722047133361669 -2.5581327355996064e-08
  outer loop
    vertex 20.304081928410415 32.36818726585571 0.9999998405799444
    vertex 20.27965083023023 32.341279313957855 12.180000238811438
    vertex 20.304081613849963 32.3681873448638 12.180000239468658
  endloop
endfacet
facet normal -0.7929981823536473 -0.6092240004988405 -1.8006464557040545e-08
  outer loop
    vertex 20.27965083023023 32.01838294308681 12.180000241153289
    vertex 20.258978943266364 32.04529089498466 0.9999998414425838
    vertex 20.2796511447907 32.01838286407874 0.9999998422294754
  endloop
endfacet
facet normal -0.7929981823536473 -0.6092240004988405 -1.8006464557040545e-08
  outer loop
    vertex 20.258978943266364 32.04529089498466 0.9999998414425838
    vertex 20.27965083023023 32.01838294308681 12.180000241153289
    vertex 20.25897862870588 32.045290973992735 12.180000240206864
  endloop
endfacet
facet normal -0.5821118959027667 0.8131086893204906 -2.2351592046203705e-08
  outer loop
    vertex 20.399925771841534 32.448911358573476 0.9999998427720075
    vertex 20.652638577216617 32.62983115339249 15.699410947510806
    vertex 20.652638990969955 32.62983104951427 0.999999848782977
  endloop
endfacet
facet normal -0.5821118959027667 0.8131086893204906 -2.2351592046203705e-08
  outer loop
    vertex 20.652638577216617 32.62983115339249 15.699410947510806
    vertex 20.399925771841534 32.448911358573476 0.9999998427720075
    vertex 20.41965851465126 32.46303851274224 12.180000243093811
  endloop
endfacet
facet normal -0.5821118959027667 0.8131086893204906 -2.2351592046203705e-08
  outer loop
    vertex 20.41965851465126 32.46303851274224 12.180000243093811
    vertex 20.399925771841534 32.448911358573476 0.9999998427720075
    vertex 20.399925457281093 32.44891143758155 12.180000242236217
  endloop
endfacet
facet normal -0.5821118959027667 0.8131086893204906 -2.2351592046203705e-08
  outer loop
    vertex 20.419658384878 32.463038531342804 15.866203573075053
    vertex 20.652638577216617 32.62983115339249 15.699410947510806
    vertex 20.41965851465126 32.46303851274224 12.180000243093811
  endloop
endfacet
facet normal -0.8466365491765804 -0.5321715452731113 -2.0060156355246755e-08
  outer loop
    vertex 20.25897862870588 32.045290973992735 12.180000240206864
    vertex 20.24206532383735 32.07219892589059 0.9999998407645693
    vertex 20.258978943266364 32.04529089498466 0.9999998414425838
  endloop
endfacet
facet normal -0.8466365491765804 -0.5321715452731113 -2.0060156355246755e-08
  outer loop
    vertex 20.24206532383735 32.07219892589059 0.9999998407645693
    vertex 20.25897862870588 32.045290973992735 12.180000240206864
    vertex 20.242065009276878 32.07219900489866 12.180000239398106
  endloop
endfacet
facet normal -0.9440917485630017 -0.32968283287919864 -2.423312443505075e-08
  outer loop
    vertex 20.22890997194318 32.09910703580457 12.180000238727015
    vertex 20.219513831265306 32.126014987702405 0.9999998397351815
    vertex 20.228910286503652 32.09910695679649 0.9999998401954363
  endloop
endfacet
facet normal -0.9440917485630017 -0.32968283287919864 -2.423312443505075e-08
  outer loop
    vertex 20.219513831265306 32.126014987702405 0.9999998397351815
    vertex 20.22890997194318 32.09910703580457 12.180000238727015
    vertex 20.219513516704836 32.12601506671049 12.180000238193605
  endloop
endfacet
facet normal -0.9440917485630012 0.32968283287919925 -2.8892802780681537e-08
  outer loop
    vertex 20.219513516704836 32.23364719033419 12.18000023750901
    vertex 20.228910286503652 32.260555142232015 0.999999839181505
    vertex 20.219513831265306 32.2336471113261 0.9999998391040926
  endloop
endfacet
facet normal -0.9440917485630012 0.32968283287919925 -2.8892802780681537e-08
  outer loop
    vertex 20.228910286503652 32.260555142232015 0.999999839181505
    vertex 20.219513516704836 32.23364719033419 12.18000023750901
    vertex 20.22890997194318 32.260555221240104 12.180000237635646
  endloop
endfacet
facet normal -0.740365331014612 -0.6722047133363644 -1.6080506724350864e-08
  outer loop
    vertex 20.304081613849963 31.99147491218089 12.180000242237366
    vertex 20.2796511447907 32.01838286407874 0.9999998422294754
    vertex 20.304081928410415 31.991474833172813 0.9999998431252474
  endloop
endfacet
facet normal -0.740365331014612 -0.6722047133363644 -1.6080506724350864e-08
  outer loop
    vertex 20.2796511447907 32.01838286407874 0.9999998422294754
    vertex 20.304081613849963 31.99147491218089 12.180000242237366
    vertex 20.27965083023023 32.01838294308681 12.180000241153289
  endloop
endfacet
facet normal -0.6904757466302511 0.7233555441934464 -2.453911157306855e-08
  outer loop
    vertex 20.304081928410415 32.36818726585571 0.9999998405799444
    vertex 20.332270979565 32.3950953757697 12.180000240258519
    vertex 20.332271294125437 32.39509529676163 0.9999998412017518
  endloop
endfacet
facet normal -0.6904757466302511 0.7233555441934464 -2.453911157306855e-08
  outer loop
    vertex 20.332270979565 32.3950953757697 12.180000240258519
    vertex 20.304081928410415 32.36818726585571 0.9999998405799444
    vertex 20.304081613849963 32.3681873448638 12.180000239468658
  endloop
endfacet
facet normal -0.8983843608939409 -0.43921013205661 -2.2173082094022476e-08
  outer loop
    vertex 20.242065009276878 32.07219900489866 12.180000239398106
    vertex 20.228910286503652 32.09910695679649 0.9999998401954363
    vertex 20.24206532383735 32.07219892589059 0.9999998407645693
  endloop
endfacet
facet normal -0.8983843608939409 -0.43921013205661 -2.2173082094022476e-08
  outer loop
    vertex 20.228910286503652 32.09910695679649 0.9999998401954363
    vertex 20.242065009276878 32.07219900489866 12.180000239398106
    vertex 20.22890997194318 32.09910703580457 12.180000238727015
  endloop
endfacet
facet normal -0.5821119001078087 -0.8131086863100631 -1.0596267478038817e-08
  outer loop
    vertex 25.052638628562157 30.679831140941012 13.935499344120526
    vertex 23.58597232416095 31.729831049514296 0.9999999390908961
    vertex 25.052638991039704 30.679831049514227 0.9999999887386547
  endloop
endfacet
facet normal -0.5821119001078087 -0.8131086863100631 -1.0596267478038817e-08
  outer loop
    vertex 23.58597232416095 31.729831049514296 0.9999999390908961
    vertex 25.052638628562157 30.679831140941012 13.935499344120526
    vertex 24.226281306040242 31.27142784275874 15.241007744137475
  endloop
endfacet
facet normal -0.5821119001078087 -0.8131086863100631 -1.0596267478038817e-08
  outer loop
    vertex 23.58597232416095 31.729831049514296 0.9999999390908961
    vertex 24.226281306040242 31.27142784275874 15.241007744137475
    vertex 23.585971911011676 31.72983115339764 15.69941103126009
  endloop
endfacet
facet normal -0.9975699872196298 -0.06967151927887848 -2.7490077809607575e-08
  outer loop
    vertex 20.213875643561842 32.15292309761641 12.180000237797858
    vertex 20.211996667074636 32.17983104951427 0.9999998392759055
    vertex 20.21387595812231 32.15292301860832 0.9999998393838064
  endloop
endfacet
facet normal -0.9975699872196298 -0.06967151927887848 -2.7490077809607575e-08
  outer loop
    vertex 20.211996667074636 32.17983104951427 0.9999998392759055
    vertex 20.213875643561842 32.15292309761641 12.180000237797858
    vertex 20.21199635440901 32.179831128731074 12.18000023917439
  endloop
endfacet
facet normal -0.997569987182065 0.06967151981673646 -2.8476103286904177e-08
  outer loop
    vertex 20.21199635440901 32.179831128731074 12.18000023917439
    vertex 20.21387595812231 32.2067390804202 0.9999998391355599
    vertex 20.211996667074636 32.17983104951427 0.9999998392759055
  endloop
endfacet
facet normal -0.997569987182065 0.06967151981673646 -2.8476103286904177e-08
  outer loop
    vertex 20.21387595812231 32.2067390804202 0.9999998391355599
    vertex 20.21199635440901 32.179831128731074 12.18000023917439
    vertex 20.213875643561842 32.206739159428274 12.180000237515024
  endloop
endfacet
facet normal -0.5820901063837709 -0.8131242881934656 -1.0867434184075046e-08
  outer loop
    vertex 20.41965838493597 31.89662457757025 15.866204376429893
    vertex 20.41965851465126 31.89662454423849 12.180000247123216
    vertex 21.846470165700143 30.875214917351116 14.844794761205431
  endloop
endfacet
facet normal -0.5820901063837709 -0.8131242881934656 -1.0867434184075046e-08
  outer loop
    vertex 21.846470165700143 30.875214917351116 14.844794761205431
    vertex 20.399925771841534 31.910750740455043 0.9999998464658395
    vertex 21.84647055536654 30.875214819512095 0.9999998954790009
  endloop
endfacet
facet normal -0.5820901063837709 -0.8131242881934656 -1.0867434184075046e-08
  outer loop
    vertex 20.399925771841534 31.910750740455043 0.9999998464658395
    vertex 21.846470165700143 30.875214917351116 14.844794761205431
    vertex 20.41965851465126 31.89662454423849 12.180000247123216
  endloop
endfacet
facet normal -0.5820901063837709 -0.8131242881934656 -1.0867434184075046e-08
  outer loop
    vertex 20.399925771841534 31.910750740455043 0.9999998464658395
    vertex 20.41965851465126 31.89662454423849 12.180000247123216
    vertex 20.399925457281093 31.910750819463114 12.18000024631566
  endloop
endfacet
facet normal -0.6904757466304454 -0.723355544193261 -1.4315334289091078e-08
  outer loop
    vertex 20.332270979565 31.964566881274962 12.180000243459133
    vertex 20.304081928410415 31.991474833172813 0.9999998431252474
    vertex 20.332271294125437 31.96456680226689 0.9999998441299
  endloop
endfacet
facet normal -0.6904757466304454 -0.723355544193261 -1.4315334289091078e-08
  outer loop
    vertex 20.304081928410415 31.991474833172813 0.9999998431252474
    vertex 20.332270979565 31.964566881274962 12.180000243459133
    vertex 20.304081613849963 31.99147491218089 12.180000242237366
  endloop
endfacet
facet normal 1.763644680318822e-08 0.9999999999999998 -6.039544233296535e-09
  outer loop
    vertex 20.211996354492175 32.46303851274224 12.180000234761426
    vertex 20.419658384878 32.463038531342804 15.866203573075053
    vertex 20.41965851465126 32.46303851274224 12.180000243093811
  endloop
endfacet
facet normal 1.763644680318822e-08 0.9999999999999998 -6.039544233296535e-09
  outer loop
    vertex 20.419658384878 32.463038531342804 15.866203573075053
    vertex 20.211996354492175 32.46303851274224 12.180000234761426
    vertex 20.2119962345613 32.46303853866765 15.866203552913817
  endloop
endfacet
facet normal -1.6299631941116658e-07 0.7071067047744408 -0.7071068575986271
  outer loop
    vertex 20.21199635557469 28.210420428956624 12.180000267345186
    vertex 22.09620928919718 30.73911421385304 14.708694066271965
    vertex 22.12047643070118 30.737632543316405 14.707212396400532
  endloop
endfacet
facet normal -1.6299631941116658e-07 0.7071067047744408 -0.7071068575986271
  outer loop
    vertex 22.09620928919718 30.73911421385304 14.708694066271965
    vertex 20.21199635557469 28.210420428956624 12.180000267345186
    vertex 22.07152798635903 30.74405893757138 14.713638789264992
  endloop
endfacet
facet normal -1.6299631941116658e-07 0.7071067047744408 -0.7071068575986271
  outer loop
    vertex 22.07152798635903 30.74405893757138 14.713638789264992
    vertex 20.21199635557469 28.210420428956624 12.180000267345186
    vertex 22.04594809143121 30.752461683812907 14.722041534707948
  endloop
endfacet
facet normal -1.6299631941116658e-07 0.7071067047744408 -0.7071068575986271
  outer loop
    vertex 22.04594809143121 30.752461683812907 14.722041534707948
    vertex 20.21199635557469 28.210420428956624 12.180000267345186
    vertex 22.018985173658933 30.76431742191847 14.733897271929289
  endloop
endfacet
facet normal -1.6299631941116658e-07 0.7071067047744408 -0.7071068575986271
  outer loop
    vertex 22.018985173658933 30.76431742191847 14.733897271929289
    vertex 20.21199635557469 28.210420428956624 12.180000267345186
    vertex 21.990154802286966 30.779621121229496 14.74920097025738
  endloop
endfacet
facet normal -1.6299631941116658e-07 0.7071067047744408 -0.7071068575986271
  outer loop
    vertex 21.990154802286966 30.779621121229496 14.74920097025738
    vertex 20.21199635557469 28.210420428956624 12.180000267345186
    vertex 21.958972546560137 30.798367751087024 14.767947599020603
  endloop
endfacet
facet normal -1.6299631941116658e-07 0.7071067047744408 -0.7071068575986271
  outer loop
    vertex 21.958972546560137 30.798367751087024 14.767947599020603
    vertex 20.21199635557469 28.210420428956624 12.180000267345186
    vertex 20.211996234605696 31.896624570102944 15.866204356044813
  endloop
endfacet
facet normal -1.6299631941116658e-07 0.7071067047744408 -0.7071068575986271
  outer loop
    vertex 21.958972546560137 30.798367751087024 14.767947599020603
    vertex 20.211996234605696 31.896624570102944 15.866204356044813
    vertex 21.92495397572346 30.820552280832462 14.790132127547475
  endloop
endfacet
facet normal -1.6299631941116658e-07 0.7071067047744408 -0.7071068575986271
  outer loop
    vertex 21.92495397572346 30.820552280832462 14.790132127547475
    vertex 20.211996234605696 31.896624570102944 15.866204356044813
    vertex 21.887614659021832 30.84616967980671 14.815749525166261
  endloop
endfacet
facet normal -1.6299631941116658e-07 0.7071067047744408 -0.7071068575986271
  outer loop
    vertex 21.887614659021832 30.84616967980671 14.815749525166261
    vertex 20.211996234605696 31.896624570102944 15.866204356044813
    vertex 21.846470165700143 30.875214917351116 14.844794761205431
  endloop
endfacet
facet normal -1.6299631941116658e-07 0.7071067047744408 -0.7071068575986271
  outer loop
    vertex 21.846470165700143 30.875214917351116 14.844794761205431
    vertex 20.211996234605696 31.896624570102944 15.866204356044813
    vertex 20.41965838493597 31.89662457757025 15.866204376429893
  endloop
endfacet
facet normal -1.6299631941116658e-07 0.7071067047744408 -0.7071068575986271
  outer loop
    vertex 20.21199635557469 28.210420428956624 12.180000267345186
    vertex 24.226281306040242 31.27142784275874 15.241007744137475
    vertex 24.226281393927767 28.210420428956585 12.180000373886791
  endloop
endfacet
facet normal -1.6299631941116658e-07 0.7071067047744408 -0.7071068575986271
  outer loop
    vertex 24.226281306040242 31.27142784275874 15.241007744137475
    vertex 20.21199635557469 28.210420428956624 12.180000267345186
    vertex 22.169705952726144 30.745078484423903 14.714658338708663
  endloop
endfacet
facet normal -1.6299631941116658e-07 0.7071067047744408 -0.7071068575986271
  outer loop
    vertex 22.169705952726144 30.745078484423903 14.714658338708663
    vertex 20.21199635557469 28.210420428956624 12.180000267345186
    vertex 22.14481384162569 30.739618956620433 14.709198810322214
  endloop
endfacet
facet normal -1.6299631941116658e-07 0.7071067047744408 -0.7071068575986271
  outer loop
    vertex 22.14481384162569 30.739618956620433 14.709198810322214
    vertex 20.21199635557469 28.210420428956624 12.180000267345186
    vertex 22.12047643070118 30.737632543316405 14.707212396400532
  endloop
endfacet
facet normal -1.6299631941116658e-07 0.7071067047744408 -0.7071068575986271
  outer loop
    vertex 24.226281306040242 31.27142784275874 15.241007744137475
    vertex 22.169705952726144 30.745078484423903 14.714658338708663
    vertex 22.1956371947575 30.754016157385625 14.723596012231434
  endloop
endfacet
facet normal -1.6299631941116658e-07 0.7071067047744408 -0.7071068575986271
  outer loop
    vertex 24.226281306040242 31.27142784275874 15.241007744137475
    vertex 22.1956371947575 30.754016157385625 14.723596012231434
    vertex 22.22309199847502 30.766437006164423 14.736016861562215
  endloop
endfacet
facet normal -1.6299631941116658e-07 0.7071067047744408 -0.7071068575986271
  outer loop
    vertex 24.226281306040242 31.27142784275874 15.241007744137475
    vertex 22.22309199847502 30.766437006164423 14.736016861562215
    vertex 22.252554794633426 30.782346061419126 14.751925917372473
  endloop
endfacet
facet normal -1.6299631941116658e-07 0.7071067047744408 -0.7071068575986271
  outer loop
    vertex 24.226281306040242 31.27142784275874 15.241007744137475
    vertex 22.252554794633426 30.782346061419126 14.751925917372473
    vertex 22.284510013988164 30.801748353808474 14.771328210333875
  endloop
endfacet
facet normal -1.6299631941116658e-07 0.7071067047744408 -0.7071068575986271
  outer loop
    vertex 24.226281306040242 31.27142784275874 15.241007744137475
    vertex 22.284510013988164 30.801748353808474 14.771328210333875
    vertex 22.319442087294284 30.824648913991318 14.794228771118018
  endloop
endfacet
facet normal -1.6299631941116658e-07 0.7071067047744408 -0.7071068575986271
  outer loop
    vertex 24.226281306040242 31.27142784275874 15.241007744137475
    vertex 22.319442087294284 30.824648913991318 14.794228771118018
    vertex 22.357835445306907 30.851052772626442 14.820632630396476
  endloop
endfacet
facet normal -1.6299631941116658e-07 0.7071067047744408 -0.7071068575986271
  outer loop
    vertex 24.226281306040242 31.27142784275874 15.241007744137475
    vertex 22.357835445306907 30.851052772626442 14.820632630396476
    vertex 22.400188000705985 30.880946129974564 14.85050715803648
  endloop
endfacet
facet normal -1.6299631941116658e-07 0.7071067047744408 -0.7071068575986271
  outer loop
    vertex 24.226281306040242 31.27142784275874 15.241007744137475
    vertex 22.400188000705985 30.880946129974564 14.85050715803648
    vertex 23.585971911011676 31.72983115339764 15.69941103126009
  endloop
endfacet
facet normal -0.5213114154714629 -0.6034212451712472 -0.6034212533339552
  outer loop
    vertex 24.226281393927707 36.14924182813111 12.180000317545264
    vertex 25.052638628562125 33.679831140940976 13.935499322913346
    vertex 24.22628130582946 33.08823445741126 15.241007731816662
  endloop
endfacet
facet normal -0.5213114154714629 -0.6034212451712472 -0.6034212533339552
  outer loop
    vertex 25.052638628562125 33.679831140940976 13.935499322913346
    vertex 24.226281393927707 36.14924182813111 12.180000317545264
    vertex 25.052638678992302 35.43533008185743 12.180000377605186
  endloop
endfacet
facet normal 0.3258559511799409 -0.9454194302427974 1.5852345500863995e-08
  outer loop
    vertex 22.1956371947575 30.754016157385625 14.723596012231434
    vertex 22.169706338724783 30.74507838750452 0.9999999056875885
    vertex 22.19563758100806 30.754016060403057 0.9999999063654196
  endloop
endfacet
facet normal 0.3258559511799409 -0.9454194302427974 1.5852345500863995e-08
  outer loop
    vertex 22.169706338724783 30.74507838750452 0.9999999056875885
    vertex 22.1956371947575 30.754016157385625 14.723596012231434
    vertex 22.169705952726144 30.745078484423903 14.714658338708663
  endloop
endfacet
facet normal 0.41219041149914054 -0.9110977250921928 1.803969219014038e-08
  outer loop
    vertex 22.22309199847502 30.766437006164423 14.736016861562215
    vertex 22.19563758100806 30.754016060403057 0.9999999063654196
    vertex 22.22309238507553 30.766436909094107 0.9999999070615284
  endloop
endfacet
facet normal 0.41219041149914054 -0.9110977250921928 1.803969219014038e-08
  outer loop
    vertex 22.19563758100806 30.754016060403057 0.9999999063654196
    vertex 22.22309199847502 30.766437006164423 14.736016861562215
    vertex 22.1956371947575 30.754016157385625 14.723596012231434
  endloop
endfacet
facet normal 0.5768328173948812 -0.8168622287605286 -8.158192415360842e-07
  outer loop
    vertex 22.357835445306907 30.851052772626442 14.820632630396476
    vertex 22.400174908609404 30.880964862493073 0.9999999113007477
    vertex 22.400188000705985 30.880946129974564 14.85050715803648
  endloop
endfacet
facet normal 0.5768328173948812 -0.8168622287605286 -8.158192415360842e-07
  outer loop
    vertex 22.400174908609404 30.880964862493073 0.9999999113007477
    vertex 22.357835445306907 30.851052772626442 14.820632630396476
    vertex 22.357835834292292 30.851052674958165 0.999999910305607
  endloop
endfacet
facet normal -0.5152488973861684 -0.8570405904870187 -8.445154747618728e-09
  outer loop
    vertex 21.990154802286966 30.779621121229496 14.74920097025738
    vertex 21.958972934060686 30.798367653791068 0.9999998992619304
    vertex 21.990155189259138 30.77962102406597 0.9999999002918493
  endloop
endfacet
facet normal -0.5152488973861684 -0.8570405904870187 -8.445154747618728e-09
  outer loop
    vertex 21.958972934060686 30.798367653791068 0.9999998992619304
    vertex 21.990154802286966 30.779621121229496 14.74920097025738
    vertex 21.958972546560137 30.798367751087024 14.767947599020603
  endloop
endfacet
facet normal -0.6441987199321003 -0.7648581628235678 -1.2719989677781177e-08
  outer loop
    vertex 20.364218927375358 31.937658850369044 12.180000244818567
    vertex 20.332271294125437 31.96456680226689 0.9999998441299
    vertex 20.364219241935825 31.937658771360976 0.9999998452434294
  endloop
endfacet
facet normal -0.6441987199321003 -0.7648581628235678 -1.2719989677781177e-08
  outer loop
    vertex 20.332271294125437 31.96456680226689 0.9999998441299
    vertex 20.364218927375358 31.937658850369044 12.180000244818567
    vertex 20.332270979565 31.964566881274962 12.180000243459133
  endloop
endfacet
facet normal 0.9999999999999996 2.936680020943701e-10 3.2523020709730845e-08
  outer loop
    vertex 20.211996234605696 31.896624570102944 15.866204356044813
    vertex 20.21199635557469 28.210420428956624 12.180000267345186
    vertex 20.211996354492175 31.896624544177502 12.180000238665572
  endloop
endfacet
facet normal -0.5213114203939826 0.6034212353419421 -0.6034212589105662
  outer loop
    vertex 24.226281393927767 28.210420428956585 12.180000373886791
    vertex 25.052638628562157 30.679831140941012 13.935499344120526
    vertex 25.052638678992263 28.92433217523022 12.180000403544712
  endloop
endfacet
facet normal -0.5213114203939826 0.6034212353419421 -0.6034212589105662
  outer loop
    vertex 25.052638628562157 30.679831140941012 13.935499344120526
    vertex 24.226281393927767 28.210420428956585 12.180000373886791
    vertex 24.226281306040242 31.27142784275874 15.241007744137475
  endloop
endfacet
facet normal 1.8126302888858935e-08 -0.9999999999999998 8.037703772676453e-09
  outer loop
    vertex 20.41965838493597 31.89662457757025 15.866204376429893
    vertex 20.211996354492175 31.896624544177502 12.180000238665572
    vertex 20.41965851465126 31.89662454423849 12.180000247123216
  endloop
endfacet
facet normal 1.8126302888858935e-08 -0.9999999999999998 8.037703772676453e-09
  outer loop
    vertex 20.211996354492175 31.896624544177502 12.180000238665572
    vertex 20.41965838493597 31.89662457757025 15.866204376429893
    vertex 20.211996234605696 31.896624570102944 15.866204356044813
  endloop
endfacet
facet normal 8.970199504509173e-08 -0.7071067648208595 -0.7071067975522294
  outer loop
    vertex 20.2119962345613 32.46303853866765 15.866203552913817
    vertex 20.652638577216617 32.62983115339249 15.699410947510806
    vertex 20.419658384878 32.463038531342804 15.866203573075053
  endloop
endfacet
facet normal 8.970199504509173e-08 -0.7071067648208595 -0.7071067975522294
  outer loop
    vertex 20.652638577216617 32.62983115339249 15.699410947510806
    vertex 20.2119962345613 32.46303853866765 15.866203552913817
    vertex 20.211996261878717 32.89374290816647 15.435499177287054
  endloop
endfacet
facet normal 8.970199504509173e-08 -0.7071067648208595 -0.7071067975522294
  outer loop
    vertex 20.652638577216617 32.62983115339249 15.699410947510806
    vertex 20.211996261878717 32.89374290816647 15.435499177287054
    vertex 21.846456287989525 33.48446676209533 14.844755973592893
  endloop
endfacet
facet normal 8.970199504509173e-08 -0.7071067648208595 -0.7071067975522294
  outer loop
    vertex 21.846456287989525 33.48446676209533 14.844755973592893
    vertex 20.211996261878717 32.89374290816647 15.435499177287054
    vertex 20.21199635557467 36.14924182813115 12.180000211003641
  endloop
endfacet
facet normal 8.970199504509173e-08 -0.7071067648208595 -0.7071067975522294
  outer loop
    vertex 21.846456287989525 33.48446676209533 14.844755973592893
    vertex 20.21199635557467 36.14924182813115 12.180000211003641
    vertex 21.887614659021818 33.51349261448945 14.815749506618403
  endloop
endfacet
facet normal 8.970199504509173e-08 -0.7071067648208595 -0.7071067975522294
  outer loop
    vertex 21.887614659021818 33.51349261448945 14.815749506618403
    vertex 20.21199635557467 36.14924182813115 12.180000211003641
    vertex 21.924953975723486 33.53911001310167 14.790132108632669
  endloop
endfacet
facet normal 8.970199504509173e-08 -0.7071067648208595 -0.7071067975522294
  outer loop
    vertex 21.924953975723486 33.53911001310167 14.790132108632669
    vertex 20.21199635557467 36.14924182813115 12.180000211003641
    vertex 21.958972546560126 33.56129454253335 14.767947579788094
  endloop
endfacet
facet normal 8.970199504509173e-08 -0.7071067648208595 -0.7071067975522294
  outer loop
    vertex 21.958972546560126 33.56129454253335 14.767947579788094
    vertex 20.21199635557467 36.14924182813115 12.180000211003641
    vertex 21.9901548022869 33.58004117212603 14.749200950756356
  endloop
endfacet
facet normal 8.970199504509173e-08 -0.7071067648208595 -0.7071067975522294
  outer loop
    vertex 21.9901548022869 33.58004117212603 14.749200950756356
    vertex 20.21199635557467 36.14924182813115 12.180000211003641
    vertex 22.01898517365887 33.59534487122072 14.733897252209092
  endloop
endfacet
facet normal 8.970199504509173e-08 -0.7071067648208595 -0.7071067975522294
  outer loop
    vertex 22.01898517365887 33.59534487122072 14.733897252209092
    vertex 20.21199635557467 36.14924182813115 12.180000211003641
    vertex 22.045948091431203 33.60720060915884 14.722041514817969
  endloop
endfacet
facet normal 8.970199504509173e-08 -0.7071067648208595 -0.7071067975522294
  outer loop
    vertex 22.045948091431203 33.60720060915884 14.722041514817969
    vertex 20.21199635557467 36.14924182813115 12.180000211003641
    vertex 22.07152798635895 33.615603355281436 14.71363876925463
  endloop
endfacet
facet normal 8.970199504509173e-08 -0.7071067648208595 -0.7071067975522294
  outer loop
    vertex 22.07152798635895 33.615603355281436 14.71363876925463
    vertex 20.21199635557467 36.14924182813115 12.180000211003641
    vertex 22.096209289197187 33.62054807893012 14.70869404619078
  endloop
endfacet
facet normal 8.970199504509173e-08 -0.7071067648208595 -0.7071067975522294
  outer loop
    vertex 22.096209289197187 33.62054807893012 14.70869404619078
    vertex 20.21199635557467 36.14924182813115 12.180000211003641
    vertex 22.12047643070109 33.622029749445716 14.707212376298141
  endloop
endfacet
facet normal 8.970199504509173e-08 -0.7071067648208595 -0.7071067975522294
  outer loop
    vertex 22.12047643070109 33.622029749445716 14.707212376298141
    vertex 20.21199635557467 36.14924182813115 12.180000211003641
    vertex 24.226281393927707 36.14924182813111 12.180000317545264
  endloop
endfacet
facet normal 8.970199504509173e-08 -0.7071067648208595 -0.7071067975522294
  outer loop
    vertex 22.400174519845425 33.47869733442421 14.850544800782277
    vertex 24.22628130582946 33.08823445741126 15.241007731816662
    vertex 23.585971911011676 32.6298311533976 15.699411025358149
  endloop
endfacet
facet normal 8.970199504509173e-08 -0.7071067648208595 -0.7071067975522294
  outer loop
    vertex 24.22628130582946 33.08823445741126 15.241007731816662
    vertex 22.400174519845425 33.47869733442421 14.850544800782277
    vertex 24.226281393927707 36.14924182813111 12.180000317545264
  endloop
endfacet
facet normal 8.970199504509173e-08 -0.7071067648208595 -0.7071067975522294
  outer loop
    vertex 24.226281393927707 36.14924182813111 12.180000317545264
    vertex 22.400174519845425 33.47869733442421 14.850544800782277
    vertex 22.357835445306847 33.50860952173866 14.820632611918542
  endloop
endfacet
facet normal 8.970199504509173e-08 -0.7071067648208595 -0.7071067975522294
  outer loop
    vertex 24.226281393927707 36.14924182813111 12.180000317545264
    vertex 22.357835445306847 33.50860952173866 14.820632611918542
    vertex 22.3194420872943 33.5350133800007 14.794228752261928
  endloop
endfacet
facet normal 8.970199504509173e-08 -0.7071067648208595 -0.7071067975522294
  outer loop
    vertex 24.226281393927707 36.14924182813111 12.180000317545264
    vertex 22.3194420872943 33.5350133800007 14.794228752261928
    vertex 22.28451001398818 33.557913939859816 14.771328191149774
  endloop
endfacet
facet normal 8.970199504509173e-08 -0.7071067648208595 -0.7071067975522294
  outer loop
    vertex 24.226281393927707 36.14924182813111 12.180000317545264
    vertex 22.28451001398818 33.557913939859816 14.771328191149774
    vertex 22.25255479463341 33.577316231975026 14.751925897910475
  endloop
endfacet
facet normal 8.970199504509173e-08 -0.7071067648208595 -0.7071067975522294
  outer loop
    vertex 24.226281393927707 36.14924182813111 12.180000317545264
    vertex 22.25255479463341 33.577316231975026 14.751925897910475
    vertex 22.223091998474935 33.5932252870048 14.736016841872344
  endloop
endfacet
facet normal 8.970199504509173e-08 -0.7071067648208595 -0.7071067975522294
  outer loop
    vertex 24.226281393927707 36.14924182813111 12.180000317545264
    vertex 22.223091998474935 33.5932252870048 14.736016841872344
    vertex 22.195637194757488 33.605646135608026 14.723595992363714
  endloop
endfacet
facet normal 8.970199504509173e-08 -0.7071067648208595 -0.7071067975522294
  outer loop
    vertex 24.226281393927707 36.14924182813111 12.180000317545264
    vertex 22.195637194757488 33.605646135608026 14.723595992363714
    vertex 22.169705952726158 33.61458380844346 14.714658318712926
  endloop
endfacet
facet normal 8.970199504509173e-08 -0.7071067648208595 -0.7071067975522294
  outer loop
    vertex 24.226281393927707 36.14924182813111 12.180000317545264
    vertex 22.169705952726158 33.61458380844346 14.714658318712926
    vertex 22.144813841625687 33.62004333616971 14.709198790248312
  endloop
endfacet
facet normal 8.970199504509173e-08 -0.7071067648208595 -0.7071067975522294
  outer loop
    vertex 24.226281393927707 36.14924182813111 12.180000317545264
    vertex 22.144813841625687 33.62004333616971 14.709198790248312
    vertex 22.12047643070109 33.622029749445716 14.707212376298141
  endloop
endfacet
facet normal -0.576517380991489 0.8170848850724945 -8.847717292814418e-07
  outer loop
    vertex 21.846470555366537 33.48444727951646 0.9999998770517328
    vertex 21.887614659021818 33.51349261448945 14.815749506618403
    vertex 21.88761504786963 33.51349251685566 0.9999998780288314
  endloop
endfacet
facet normal -0.576517380991489 0.8170848850724945 -8.847717292814418e-07
  outer loop
    vertex 21.887614659021818 33.51349261448945 14.815749506618403
    vertex 21.846470555366537 33.48444727951646 0.9999998770517328
    vertex 21.846456287989525 33.48446676209533 14.844755973592893
  endloop
endfacet
facet normal 0.5666515835133726 -0.8239575128013498 2.17713234811595e-08
  outer loop
    vertex 22.357835445306907 30.851052772626442 14.820632630396476
    vertex 22.31944247553557 30.824648816509594 0.9999999093979556
    vertex 22.357835834292292 30.851052674958165 0.999999910305607
  endloop
endfacet
facet normal 0.5666515835133726 -0.8239575128013498 2.17713234811595e-08
  outer loop
    vertex 22.31944247553557 30.824648816509594 0.9999999093979556
    vertex 22.357835445306907 30.851052772626442 14.820632630396476
    vertex 22.319442087294284 30.824648913991318 14.794228771118018
  endloop
endfacet
facet normal -0.6018325794394261 -0.7986222801332845 -1.1289368123580124e-08
  outer loop
    vertex 20.399925457281093 31.910750819463114 12.18000024631566
    vertex 20.364219241935825 31.937658771360976 0.9999998452434294
    vertex 20.399925771841534 31.910750740455043 0.9999998464658395
  endloop
endfacet
facet normal -0.6018325794394261 -0.7986222801332845 -1.1289368123580124e-08
  outer loop
    vertex 20.364219241935825 31.937658771360976 0.9999998452434294
    vertex 20.399925457281093 31.910750819463114 12.18000024631566
    vertex 20.364218927375358 31.937658850369044 12.180000244818567
  endloop
endfacet
facet normal 0.548261228099898 -0.8363071360226404 2.1340960017894017e-08
  outer loop
    vertex 22.319442087294284 30.824648913991318 14.794228771118018
    vertex 22.284510401584033 30.801748256488565 0.9999999085639543
    vertex 22.31944247553557 30.824648816509594 0.9999999093979556
  endloop
endfacet
facet normal 0.548261228099898 -0.8363071360226404 2.1340960017894017e-08
  outer loop
    vertex 22.284510401584033 30.801748256488565 0.9999999085639543
    vertex 22.319442087294284 30.824648913991318 14.794228771118018
    vertex 22.284510013988164 30.801748353808474 14.771328210333875
  endloop
endfacet
facet normal -0.018449822900903703 0.7069864280894126 0.7069864175019906
  outer loop
    vertex 38.93762437688486 50.6254469154719 10.418290387723811
    vertex 38.15868441721087 52.01299647486605 9.010413253936123
    vertex 38.15868437688492 50.60511938488176 10.418290363951657
  endloop
endfacet
facet normal -0.018449822900903703 0.7069864280894126 0.7069864175019906
  outer loop
    vertex 38.15868441721087 52.01299647486605 9.010413253936123
    vertex 38.93762437688486 50.6254469154719 10.418290387723811
    vertex 38.93762441721085 52.0333240054563 9.010413277708276
  endloop
endfacet
facet normal -0.060943166921539164 -0.9981412377041503 5.33847140037876e-09
  outer loop
    vertex 22.12047643070118 30.737632543316405 14.707212396400532
    vertex 22.096209675027755 30.73911411697575 0.9999999036253527
    vertex 22.120476816489884 30.737632446449613 0.9999999043313973
  endloop
endfacet
facet normal -0.060943166921539164 -0.9981412377041503 5.33847140037876e-09
  outer loop
    vertex 22.096209675027755 30.73911411697575 0.9999999036253527
    vertex 22.12047643070118 30.737632543316405 14.707212396400532
    vertex 22.09620928919718 30.73911421385304 14.708694066271965
  endloop
endfacet
facet normal -0.018449779486903697 0.7069864180685397 -0.7069864286558126
  outer loop
    vertex 38.158684675297316 50.605119310766966 -1.760483933585167e-07
    vertex 38.937624634971115 52.03332395137251 1.4078769377082587
    vertex 38.93762467529726 50.625446841357125 -1.5227623704092585e-07
  endloop
endfacet
facet normal -0.018449779486903697 0.7069864180685397 -0.7069864286558126
  outer loop
    vertex 38.937624634971115 52.03332395137251 1.4078769377082587
    vertex 38.158684675297316 50.605119310766966 -1.760483933585167e-07
    vertex 38.158684634971266 52.01299642078235 1.4078769139361016
  endloop
endfacet
facet normal 0.21423529908824102 -0.9767820824649537 1.293241408781072e-08
  outer loop
    vertex 22.169705952726144 30.745078484423903 14.714658338708663
    vertex 22.144814227470476 30.739618859739608 0.9999999050141954
    vertex 22.169706338724783 30.74507838750452 0.9999999056875885
  endloop
endfacet
facet normal 0.21423529908824102 -0.9767820824649537 1.293241408781072e-08
  outer loop
    vertex 22.144814227470476 30.739618859739608 0.9999999050141954
    vertex 22.169705952726144 30.745078484423903 14.714658338708663
    vertex 22.14481384162569 30.739618956620433 14.709198810322214
  endloop
endfacet
facet normal 0.08134922981382142 -0.9966856589761378 9.332995520305802e-09
  outer loop
    vertex 22.14481384162569 30.739618956620433 14.709198810322214
    vertex 22.120476816489884 30.737632446449613 0.9999999043313973
    vertex 22.144814227470476 30.739618859739608 0.9999999050141954
  endloop
endfacet
facet normal 0.08134922981382142 -0.9966856589761378 9.332995520305802e-09
  outer loop
    vertex 22.120476816489884 30.737632446449613 0.9999999043313973
    vertex 22.14481384162569 30.739618956620433 14.709198810322214
    vertex 22.12047643070118 30.737632543316405 14.707212396400532
  endloop
endfacet
facet normal -0.5821119001114238 0.8131086863074747 -2.2089471258272765e-08
  outer loop
    vertex 23.58597232416095 32.62983104951427 0.9999999328229658
    vertex 25.052638628562125 33.679831140940976 13.935499322913346
    vertex 25.052638991039665 33.67983104951425 0.9999999675314984
  endloop
endfacet
facet normal -0.5821119001114238 0.8131086863074747 -2.2089471258272765e-08
  outer loop
    vertex 25.052638628562125 33.679831140940976 13.935499322913346
    vertex 23.58597232416095 32.62983104951427 0.9999999328229658
    vertex 24.22628130582946 33.08823445741126 15.241007731816662
  endloop
endfacet
facet normal -0.5821119001114238 0.8131086863074747 -2.2089471258272765e-08
  outer loop
    vertex 24.22628130582946 33.08823445741126 15.241007731816662
    vertex 23.58597232416095 32.62983104951427 0.9999999328229658
    vertex 23.585971911011676 32.6298311533976 15.699411025358149
  endloop
endfacet
facet normal 0.4751291440896457 -0.879916073518742 1.959076836687423e-08
  outer loop
    vertex 22.252554794633426 30.782346061419126 14.751925917372473
    vertex 22.22309238507553 30.766436909094107 0.9999999070615284
    vertex 22.252555181682457 30.782345964236324 0.999999907789759
  endloop
endfacet
facet normal 0.4751291440896457 -0.879916073518742 1.959076836687423e-08
  outer loop
    vertex 22.22309238507553 30.766436909094107 0.9999999070615284
    vertex 22.252554794633426 30.782346061419126 14.751925917372473
    vertex 22.22309199847502 30.766437006164423 14.736016861562215
  endloop
endfacet
facet normal -0.018449778466539862 0.7069864180818483 -0.706986428669132
  outer loop
    vertex 25.586789734852697 50.6051193182971 -5.312043289227725e-07
    vertex 26.365729694526507 52.03332396123577 1.4078765860100195
    vertex 26.36572973485265 50.625446851220396 -5.039744784990095e-07
  endloop
endfacet
facet normal -0.018449778466539862 0.7069864180818483 -0.706986428669132
  outer loop
    vertex 26.365729694526507 52.03332396123577 1.4078765860100195
    vertex 25.586789734852697 50.6051193182971 -5.312043289227725e-07
    vertex 25.586789694526647 52.01299642831253 1.4078765587801645
  endloop
endfacet
facet normal 0.518995895122811 -0.8547767315771247 2.0647773793755883e-08
  outer loop
    vertex 22.284510013988164 30.801748353808474 14.771328210333875
    vertex 22.252555181682457 30.782345964236324 0.999999907789759
    vertex 22.284510401584033 30.801748256488565 0.9999999085639543
  endloop
endfacet
facet normal 0.518995895122811 -0.8547767315771247 2.0647773793755883e-08
  outer loop
    vertex 22.252555181682457 30.782345964236324 0.999999907789759
    vertex 22.284510013988164 30.801748353808474 14.771328210333875
    vertex 22.252554794633426 30.782346061419126 14.751925917372473
  endloop
endfacet
facet normal -0.5767105787538747 -0.8169485347029951 -1.04584421604087e-08
  outer loop
    vertex 21.887614659021832 30.84616967980671 14.815749525166261
    vertex 21.84647055536654 30.875214819512095 0.9999998954790009
    vertex 21.887615047869694 30.846169582172905 0.9999998968693493
  endloop
endfacet
facet normal -0.5767105787538747 -0.8169485347029951 -1.04584421604087e-08
  outer loop
    vertex 21.84647055536654 30.875214819512095 0.9999998954790009
    vertex 21.887614659021832 30.84616967980671 14.815749525166261
    vertex 21.846470165700143 30.875214917351116 14.844794761205431
  endloop
endfacet
facet normal 0.9999999999999996 -5.26543370985473e-10 3.0774815608968435e-08
  outer loop
    vertex 20.21199635557467 36.14924182813115 12.180000211003641
    vertex 20.2119962345613 32.46303853866765 15.866203552913817
    vertex 20.211996354492175 32.46303851274224 12.180000234761426
  endloop
endfacet
facet normal 0.9999999999999996 -5.26543370985473e-10 3.0774815608968435e-08
  outer loop
    vertex 20.2119962345613 32.46303853866765 15.866203552913817
    vertex 20.21199635557467 36.14924182813115 12.180000211003641
    vertex 20.211996261878717 32.89374290816647 15.435499177287054
  endloop
endfacet
facet normal -0.02608752240875008 0.9996596626725383 -7.858712467585881e-09
  outer loop
    vertex 25.586789694526647 52.01299642831253 1.4078765587801645
    vertex 26.36572961327712 52.03332398141472 4.244488224528474
    vertex 26.365729694526507 52.03332396123577 1.4078765860100195
  endloop
endfacet
facet normal -0.02608752240875008 0.9996596626725383 -7.858712467585881e-09
  outer loop
    vertex 26.36572961327712 52.03332398141472 4.244488224528474
    vertex 25.586789694526647 52.01299642831253 1.4078765587801645
    vertex 26.36572947676621 52.03332401531955 9.010412926010048
  endloop
endfacet
facet normal -0.02608752240875008 0.9996596626725383 -7.858712467585881e-09
  outer loop
    vertex 26.36572947676621 52.03332401531955 9.010412926010048
    vertex 25.586789694526647 52.01299642831253 1.4078765587801645
    vertex 25.586789558015724 52.01299646221638 6.173801260261893
  endloop
endfacet
facet normal -0.02608752240875008 0.9996596626725383 -7.858712467585881e-09
  outer loop
    vertex 26.36572947676621 52.03332401531955 9.010412926010048
    vertex 25.586789558015724 52.01299646221638 6.173801260261893
    vertex 25.586789476766263 52.012996482396204 9.010412898780203
  endloop
endfacet
facet normal 2.225420826256874e-08 0.9999999999999991 -3.6870337881784926e-08
  outer loop
    vertex 26.365729536488487 41.115033161357026 -3.6331850091016465e-07
    vertex 35.342930288943236 41.115033446888674 6.173801643429202
    vertex 35.34293048737459 41.1150332081345 -2.156238288983739e-07
  endloop
endfacet
facet normal 2.225420826256874e-08 0.9999999999999991 -3.6870337881784926e-08
  outer loop
    vertex 35.342930288943236 41.115033446888674 6.173801643429202
    vertex 26.365729536488487 41.115033161357026 -3.6331850091016465e-07
    vertex 27.773606774879227 41.115033772362175 1.4078768100902126
  endloop
endfacet
facet normal 2.225420826256874e-08 0.9999999999999991 -3.6870337881784926e-08
  outer loop
    vertex 35.342930288943236 41.115033446888674 6.173801643429202
    vertex 27.773606774879227 41.115033772362175 1.4078768100902126
    vertex 29.181483815413095 41.1150337127035 4.244488355273959
  endloop
endfacet
facet normal 2.225420826256874e-08 0.9999999999999991 -3.6870337881784926e-08
  outer loop
    vertex 36.75080732947717 41.11503354690622 9.010413188612942
    vertex 29.181483658595933 41.11503361304414 9.123550284678956
    vertex 36.86394456177836 41.115033568863424 9.123550420823218
  endloop
endfacet
facet normal 2.225420826256874e-08 0.9999999999999991 -3.6870337881784926e-08
  outer loop
    vertex 29.181483658595933 41.11503361304414 9.123550284678956
    vertex 36.75080732947717 41.11503354690622 9.010413188612942
    vertex 35.342930288943236 41.115033446888674 6.173801643429202
  endloop
endfacet
facet normal 2.225420826256874e-08 0.9999999999999991 -3.6870337881784926e-08
  outer loop
    vertex 29.181483658595933 41.11503361304414 9.123550284678956
    vertex 35.342930288943236 41.115033446888674 6.173801643429202
    vertex 29.181483815413095 41.1150337127035 4.244488355273959
  endloop
endfacet
facet normal -0.5462419633808626 -0.8376274335537371 -9.45467930893447e-09
  outer loop
    vertex 21.958972546560137 30.798367751087024 14.767947599020603
    vertex 21.92495436384931 30.82055218337965 0.9999998981257116
    vertex 21.958972934060686 30.798367653791068 0.9999998992619304
  endloop
endfacet
facet normal -0.5462419633808626 -0.8376274335537371 -9.45467930893447e-09
  outer loop
    vertex 21.92495436384931 30.82055218337965 0.9999998981257116
    vertex 21.958972546560137 30.798367751087024 14.767947599020603
    vertex 21.92495397572346 30.820552280832462 14.790132127547475
  endloop
endfacet
facet normal -0.018449828154984374 0.7069864280208434 0.7069864174334469
  outer loop
    vertex 26.365729436440237 50.62544692533513 10.418290036025562
    vertex 25.586789476766263 52.012996482396204 9.010412898780203
    vertex 25.58678943644029 50.60511939241192 10.418290008795704
  endloop
endfacet
facet normal -0.018449828154984374 0.7069864280208434 0.7069864174334469
  outer loop
    vertex 25.586789476766263 52.012996482396204 9.010412898780203
    vertex 26.365729436440237 50.62544692533513 10.418290036025562
    vertex 26.36572947676621 52.03332401531955 9.010412926010048
  endloop
endfacet
facet normal -0.1964394090406969 -0.9805159654874274 1.4003777935963908e-09
  outer loop
    vertex 22.09620928919718 30.73911421385304 14.708694066271965
    vertex 22.071528372328856 30.744058840659225 0.999999902882216
    vertex 22.096209675027755 30.73911411697575 0.9999999036253527
  endloop
endfacet
facet normal -0.1964394090406969 -0.9805159654874274 1.4003777935963908e-09
  outer loop
    vertex 22.071528372328856 30.744058840659225 0.999999902882216
    vertex 22.09620928919718 30.73911421385304 14.708694066271965
    vertex 22.07152798635903 30.74405893757138 14.713638789264992
  endloop
endfacet
facet normal -0.3120836850359599 -0.9500546160797155 -2.0696971607182787e-09
  outer loop
    vertex 22.07152798635903 30.74405893757138 14.713638789264992
    vertex 22.045948477637943 30.752461586841278 0.9999999020881497
    vertex 22.071528372328856 30.744058840659225 0.999999902882216
  endloop
endfacet
facet normal -0.3120836850359599 -0.9500546160797155 -2.0696971607182787e-09
  outer loop
    vertex 22.045948477637943 30.752461586841278 0.9999999020881497
    vertex 22.07152798635903 30.74405893757138 14.713638789264992
    vertex 22.04594809143121 30.752461683812907 14.722041534707948
  endloop
endfacet
facet normal -0.40251259516170246 -0.9154144475242846 -4.859625069814139e-09
  outer loop
    vertex 22.04594809143121 30.752461683812907 14.722041534707948
    vertex 22.018985560199805 30.76431732486312 0.9999999012293067
    vertex 22.045948477637943 30.752461586841278 0.9999999020881497
  endloop
endfacet
facet normal -0.40251259516170246 -0.9154144475242846 -4.859625069814139e-09
  outer loop
    vertex 22.018985560199805 30.76431732486312 0.9999999012293067
    vertex 22.04594809143121 30.752461683812907 14.722041534707948
    vertex 22.018985173658933 30.76431742191847 14.733897271929289
  endloop
endfacet
facet normal -0.4688580748452352 -0.883273516897467 -6.9540724841058185e-09
  outer loop
    vertex 22.018985173658933 30.76431742191847 14.733897271929289
    vertex 21.990155189259138 30.77962102406597 0.9999999002918493
    vertex 22.018985560199805 30.76431732486312 0.9999999012293067
  endloop
endfacet
facet normal -0.4688580748452352 -0.883273516897467 -6.9540724841058185e-09
  outer loop
    vertex 21.990155189259138 30.77962102406597 0.9999999002918493
    vertex 22.018985173658933 30.76431742191847 14.733897271929289
    vertex 21.990154802286966 30.779621121229496 14.74920097025738
  endloop
endfacet
facet normal -2.8650570265931226e-08 7.067608949356665e-09 0.9999999999999997
  outer loop
    vertex 25.052638991039704 30.679831049514227 0.9999999887386547
    vertex 22.144814227470476 30.739618859739608 0.9999999050141954
    vertex 22.120476816489884 30.737632446449613 0.9999999043313973
  endloop
endfacet
facet normal -2.8650570265931226e-08 7.067608949356665e-09 0.9999999999999997
  outer loop
    vertex 22.144814227470476 30.739618859739608 0.9999999050141954
    vertex 25.052638991039704 30.679831049514227 0.9999999887386547
    vertex 22.169706338724783 30.74507838750452 0.9999999056875885
  endloop
endfacet
facet normal -2.8650570265931226e-08 7.067608949356665e-09 0.9999999999999997
  outer loop
    vertex 22.169706338724783 30.74507838750452 0.9999999056875885
    vertex 25.052638991039704 30.679831049514227 0.9999999887386547
    vertex 22.19563758100806 30.754016060403057 0.9999999063654196
  endloop
endfacet
facet normal -2.8650570265931226e-08 7.067608949356665e-09 0.9999999999999997
  outer loop
    vertex 22.19563758100806 30.754016060403057 0.9999999063654196
    vertex 25.052638991039704 30.679831049514227 0.9999999887386547
    vertex 22.22309238507553 30.766436909094107 0.9999999070615284
  endloop
endfacet
facet normal -2.8650570265931226e-08 7.067608949356665e-09 0.9999999999999997
  outer loop
    vertex 22.22309238507553 30.766436909094107 0.9999999070615284
    vertex 25.052638991039704 30.679831049514227 0.9999999887386547
    vertex 22.252555181682457 30.782345964236324 0.999999907789759
  endloop
endfacet
facet normal -2.8650570265931226e-08 7.067608949356665e-09 0.9999999999999997
  outer loop
    vertex 22.252555181682457 30.782345964236324 0.999999907789759
    vertex 25.052638991039704 30.679831049514227 0.9999999887386547
    vertex 22.284510401584033 30.801748256488565 0.9999999085639543
  endloop
endfacet
facet normal -2.8650570265931226e-08 7.067608949356665e-09 0.9999999999999997
  outer loop
    vertex 22.284510401584033 30.801748256488565 0.9999999085639543
    vertex 25.052638991039704 30.679831049514227 0.9999999887386547
    vertex 22.31944247553557 30.824648816509594 0.9999999093979556
  endloop
endfacet
facet normal -2.8650570265931226e-08 7.067608949356665e-09 0.9999999999999997
  outer loop
    vertex 22.31944247553557 30.824648816509594 0.9999999093979556
    vertex 25.052638991039704 30.679831049514227 0.9999999887386547
    vertex 22.357835834292292 30.851052674958165 0.999999910305607
  endloop
endfacet
facet normal -2.8650570265931226e-08 7.067608949356665e-09 0.9999999999999997
  outer loop
    vertex 22.357835834292292 30.851052674958165 0.999999910305607
    vertex 25.052638991039704 30.679831049514227 0.9999999887386547
    vertex 22.400174908609404 30.880964862493073 0.9999999113007477
  endloop
endfacet
facet normal -2.8650570265931226e-08 7.067608949356665e-09 0.9999999999999997
  outer loop
    vertex 22.400174908609404 30.880964862493073 0.9999999113007477
    vertex 25.052638991039704 30.679831049514227 0.9999999887386547
    vertex 23.58597232416095 31.729831049514296 0.9999999390908961
  endloop
endfacet
facet normal -2.8650570265931226e-08 7.067608949356665e-09 0.9999999999999997
  outer loop
    vertex 25.052638989491737 28.924332095489586 1.0000000056512646
    vertex 20.211996666073976 28.210420349216015 0.9999998694517377
    vertex 24.226281704427123 28.210420349215966 0.9999999759933675
  endloop
endfacet
facet normal -2.8650570265931226e-08 7.067608949356665e-09 0.9999999999999997
  outer loop
    vertex 20.211996666073976 28.210420349216015 0.9999998694517377
    vertex 25.052638989491737 28.924332095489586 1.0000000056512646
    vertex 21.958972934060686 30.798367653791068 0.9999998992619304
  endloop
endfacet
facet normal -2.8650570265931226e-08 7.067608949356665e-09 0.9999999999999997
  outer loop
    vertex 20.211996666073976 28.210420349216015 0.9999998694517377
    vertex 21.958972934060686 30.798367653791068 0.9999998992619304
    vertex 21.92495436384931 30.82055218337965 0.9999998981257116
  endloop
endfacet
facet normal -2.8650570265931226e-08 7.067608949356665e-09 0.9999999999999997
  outer loop
    vertex 20.211996666073976 28.210420349216015 0.9999998694517377
    vertex 21.92495436384931 30.82055218337965 0.9999998981257116
    vertex 21.887615047869694 30.846169582172905 0.9999998968693493
  endloop
endfacet
facet normal -2.8650570265931226e-08 7.067608949356665e-09 0.9999999999999997
  outer loop
    vertex 20.211996666073976 28.210420349216015 0.9999998694517377
    vertex 21.887615047869694 30.846169582172905 0.9999998968693493
    vertex 21.84647055536654 30.875214819512095 0.9999998954790009
  endloop
endfacet
facet normal -2.8650570265931226e-08 7.067608949356665e-09 0.9999999999999997
  outer loop
    vertex 20.211996666073976 28.210420349216015 0.9999998694517377
    vertex 21.84647055536654 30.875214819512095 0.9999998954790009
    vertex 20.399925771841534 31.910750740455043 0.9999998464658395
  endloop
endfacet
facet normal -2.8650570265931226e-08 7.067608949356665e-09 0.9999999999999997
  outer loop
    vertex 20.211996666073976 28.210420349216015 0.9999998694517377
    vertex 20.399925771841534 31.910750740455043 0.9999998464658395
    vertex 20.364219241935825 31.937658771360976 0.9999998452434294
  endloop
endfacet
facet normal -2.8650570265931226e-08 7.067608949356665e-09 0.9999999999999997
  outer loop
    vertex 20.211996666073976 28.210420349216015 0.9999998694517377
    vertex 20.364219241935825 31.937658771360976 0.9999998452434294
    vertex 20.332271294125437 31.96456680226689 0.9999998441299
  endloop
endfacet
facet normal -2.8650570265931226e-08 7.067608949356665e-09 0.9999999999999997
  outer loop
    vertex 20.211996666073976 28.210420349216015 0.9999998694517377
    vertex 20.332271294125437 31.96456680226689 0.9999998441299
    vertex 20.304081928410415 31.991474833172813 0.9999998431252474
  endloop
endfacet
facet normal -2.8650570265931226e-08 7.067608949356665e-09 0.9999999999999997
  outer loop
    vertex 20.211996666073976 28.210420349216015 0.9999998694517377
    vertex 20.304081928410415 31.991474833172813 0.9999998431252474
    vertex 20.2796511447907 32.01838286407874 0.9999998422294754
  endloop
endfacet
facet normal -2.8650570265931226e-08 7.067608949356665e-09 0.9999999999999997
  outer loop
    vertex 20.211996666073976 28.210420349216015 0.9999998694517377
    vertex 20.2796511447907 32.01838286407874 0.9999998422294754
    vertex 20.258978943266364 32.04529089498466 0.9999998414425838
  endloop
endfacet
facet normal -2.8650570265931226e-08 7.067608949356665e-09 0.9999999999999997
  outer loop
    vertex 20.211996666073976 28.210420349216015 0.9999998694517377
    vertex 20.258978943266364 32.04529089498466 0.9999998414425838
    vertex 20.24206532383735 32.07219892589059 0.9999998407645693
  endloop
endfacet
facet normal -2.8650570265931226e-08 7.067608949356665e-09 0.9999999999999997
  outer loop
    vertex 20.211996666073976 28.210420349216015 0.9999998694517377
    vertex 20.24206532383735 32.07219892589059 0.9999998407645693
    vertex 20.228910286503652 32.09910695679649 0.9999998401954363
  endloop
endfacet
facet normal -2.8650570265931226e-08 7.067608949356665e-09 0.9999999999999997
  outer loop
    vertex 20.211996666073976 28.210420349216015 0.9999998694517377
    vertex 20.228910286503652 32.09910695679649 0.9999998401954363
    vertex 20.219513831265306 32.126014987702405 0.9999998397351815
  endloop
endfacet
facet normal -2.8650570265931226e-08 7.067608949356665e-09 0.9999999999999997
  outer loop
    vertex 20.211996666073976 28.210420349216015 0.9999998694517377
    vertex 20.219513831265306 32.126014987702405 0.9999998397351815
    vertex 20.21387595812231 32.15292301860832 0.9999998393838064
  endloop
endfacet
facet normal -2.8650570265931226e-08 7.067608949356665e-09 0.9999999999999997
  outer loop
    vertex 20.211996666073976 28.210420349216015 0.9999998694517377
    vertex 20.21387595812231 32.15292301860832 0.9999998393838064
    vertex 20.211996667074636 32.17983104951427 0.9999998392759055
  endloop
endfacet
facet normal -2.8650570265931226e-08 7.067608949356665e-09 0.9999999999999997
  outer loop
    vertex 21.958972934060686 30.798367653791068 0.9999998992619304
    vertex 25.052638989491737 28.924332095489586 1.0000000056512646
    vertex 21.990155189259138 30.77962102406597 0.9999999002918493
  endloop
endfacet
facet normal -2.8650570265931226e-08 7.067608949356665e-09 0.9999999999999997
  outer loop
    vertex 21.990155189259138 30.77962102406597 0.9999999002918493
    vertex 25.052638989491737 28.924332095489586 1.0000000056512646
    vertex 22.018985560199805 30.76431732486312 0.9999999012293067
  endloop
endfacet
facet normal -2.8650570265931226e-08 7.067608949356665e-09 0.9999999999999997
  outer loop
    vertex 22.018985560199805 30.76431732486312 0.9999999012293067
    vertex 25.052638989491737 28.924332095489586 1.0000000056512646
    vertex 22.045948477637943 30.752461586841278 0.9999999020881497
  endloop
endfacet
facet normal -2.8650570265931226e-08 7.067608949356665e-09 0.9999999999999997
  outer loop
    vertex 22.045948477637943 30.752461586841278 0.9999999020881497
    vertex 25.052638989491737 28.924332095489586 1.0000000056512646
    vertex 22.071528372328856 30.744058840659225 0.999999902882216
  endloop
endfacet
facet normal -2.8650570265931226e-08 7.067608949356665e-09 0.9999999999999997
  outer loop
    vertex 22.071528372328856 30.744058840659225 0.999999902882216
    vertex 25.052638989491737 28.924332095489586 1.0000000056512646
    vertex 22.096209675027755 30.73911411697575 0.9999999036253527
  endloop
endfacet
facet normal -2.8650570265931226e-08 7.067608949356665e-09 0.9999999999999997
  outer loop
    vertex 22.096209675027755 30.73911411697575 0.9999999036253527
    vertex 25.052638989491737 28.924332095489586 1.0000000056512646
    vertex 22.120476816489884 30.737632446449613 0.9999999043313973
  endloop
endfacet
facet normal -2.8650570265931226e-08 7.067608949356665e-09 0.9999999999999997
  outer loop
    vertex 22.120476816489884 30.737632446449613 0.9999999043313973
    vertex 25.052638989491737 28.924332095489586 1.0000000056512646
    vertex 25.052638991039704 30.679831049514227 0.9999999887386547
  endloop
endfacet
facet normal -0.5820922869808491 0.8131227271677461 -8.316036833780114e-07
  outer loop
    vertex 20.652638990969955 32.62983104951427 0.999999848782977
    vertex 21.846456287989525 33.48446676209533 14.844755973592893
    vertex 21.846470555366537 33.48444727951646 0.9999998770517328
  endloop
endfacet
facet normal -0.5820922869808491 0.8131227271677461 -8.316036833780114e-07
  outer loop
    vertex 21.846456287989525 33.48446676209533 14.844755973592893
    vertex 20.652638990969955 32.62983104951427 0.999999848782977
    vertex 20.652638577216617 32.62983115339249 15.699410947510806
  endloop
endfacet
facet normal -4.345322093694017e-08 4.107371721251149e-09 0.999999999999999
  outer loop
    vertex 38.158684318691655 42.40977349753009 10.41829037744327
    vertex 38.93762437688491 43.02291057547191 10.418290441807436
    vertex 38.158684376884786 45.839194683400045 10.41829039785547
  endloop
endfacet
facet normal -4.345322093694017e-08 4.107371721251149e-09 0.999999999999999
  outer loop
    vertex 38.93762437688491 43.02291057547191 10.418290441807436
    vertex 38.158684318691655 42.40977349753009 10.41829037744327
    vertex 39.67038384416074 42.4097734975301 10.418290444511742
  endloop
endfacet
facet normal -4.345322093694017e-08 4.107371721251149e-09 0.999999999999999
  outer loop
    vertex 38.93762437688491 43.02291057547191 10.418290441807436
    vertex 39.67038384416074 42.4097734975301 10.418290444511742
    vertex 39.67038391428686 42.609773577010124 10.418290476436693
  endloop
endfacet
facet normal -4.345322093694017e-08 4.107371721251149e-09 0.999999999999999
  outer loop
    vertex 38.158684376884786 45.839194683400045 10.41829039785547
    vertex 38.93762437688491 43.02291057547191 10.418290441807436
    vertex 38.93762437688486 47.78883527695347 10.418290407902655
  endloop
endfacet
facet normal -4.345322093694017e-08 4.107371721251149e-09 0.999999999999999
  outer loop
    vertex 38.158684376884786 45.839194683400045 10.41829039785547
    vertex 38.93762437688486 47.78883527695347 10.418290407902655
    vertex 38.15868437688492 50.60511938488176 10.418290363951657
  endloop
endfacet
facet normal -4.345322093694017e-08 4.107371721251149e-09 0.999999999999999
  outer loop
    vertex 38.15868437688492 50.60511938488176 10.418290363951657
    vertex 38.93762437688486 47.78883527695347 10.418290407902655
    vertex 38.93762437688486 50.6254469154719 10.418290387723811
  endloop
endfacet
facet normal -0.5657280625590699 -0.8245918743433998 -1.0095276758353426e-08
  outer loop
    vertex 21.92495397572346 30.820552280832462 14.790132127547475
    vertex 21.887615047869694 30.846169582172905 0.9999998968693493
    vertex 21.92495436384931 30.82055218337965 0.9999998981257116
  endloop
endfacet
facet normal -0.5657280625590699 -0.8245918743433998 -1.0095276758353426e-08
  outer loop
    vertex 21.887615047869694 30.846169582172905 0.9999998968693493
    vertex 21.92495397572346 30.820552280832462 14.790132127547475
    vertex 21.887614659021832 30.84616967980671 14.815749525166261
  endloop
endfacet
facet normal -0.026087519416604494 0.9996596627506225 -7.858713148615516e-09
  outer loop
    vertex 38.158684634971266 52.01299642078235 1.4078769139361016
    vertex 38.9376245537218 52.033323971551496 4.244488576226716
    vertex 38.937624634971115 52.03332395137251 1.4078769377082587
  endloop
endfacet
facet normal -0.026087519416604494 0.9996596627506225 -7.858713148615516e-09
  outer loop
    vertex 38.9376245537218 52.033323971551496 4.244488576226716
    vertex 38.158684634971266 52.01299642078235 1.4078769139361016
    vertex 38.93762441721085 52.0333240054563 9.010413277708276
  endloop
endfacet
facet normal -0.026087519416604494 0.9996596627506225 -7.858713148615516e-09
  outer loop
    vertex 38.93762441721085 52.0333240054563 9.010413277708276
    vertex 38.158684634971266 52.01299642078235 1.4078769139361016
    vertex 38.15868449846033 52.01299645468621 6.173801615417829
  endloop
endfacet
facet normal -0.026087519416604494 0.9996596627506225 -7.858713148615516e-09
  outer loop
    vertex 38.93762441721085 52.0333240054563 9.010413277708276
    vertex 38.15868449846033 52.01299645468621 6.173801615417829
    vertex 38.15868441721087 52.01299647486605 9.010413253936123
  endloop
endfacet
facet normal -2.1127751523735588e-08 0.9999999999999996 -1.1848362764076503e-08
  outer loop
    vertex 41.75337860677632 41.11503357195159 9.123550499121075
    vertex 44.312416743518696 41.11503355540298 9.123550552338264
    vertex 41.753378763593545 41.11503370284023 4.244488702392537
  endloop
endfacet
facet normal -2.1127751523735588e-08 0.9999999999999996 -1.1848362764076503e-08
  outer loop
    vertex 44.312417072218665 41.11503349049882 4.5012271756830365e-07
    vertex 40.34550172305963 41.11503376249892 1.407877157208789
    vertex 44.312416743518696 41.11503355540298 9.123550552338264
  endloop
endfacet
facet normal -2.1127751523735588e-08 0.9999999999999996 -1.1848362764076503e-08
  outer loop
    vertex 40.34550172305963 41.11503376249892 1.407877157208789
    vertex 44.312417072218665 41.11503349049882 4.5012271756830365e-07
    vertex 38.93762448466889 41.115033151493726 -1.6199923474319777e-08
  endloop
endfacet
facet normal -2.1127751523735588e-08 0.9999999999999996 -1.1848362764076503e-08
  outer loop
    vertex 44.312416743518696 41.11503355540298 9.123550552338264
    vertex 40.34550172305963 41.11503376249892 1.407877157208789
    vertex 41.753378763593545 41.11503370284023 4.244488702392537
  endloop
endfacet
facet normal -3.601190685135745e-08 1.0362312072141851e-08 0.9999999999999993
  outer loop
    vertex 27.098489157166135 42.60977348351363 10.418290124738459
    vertex 25.58678937824695 42.409773333845905 10.41829010415488
    vertex 27.098489087040022 42.40977333384586 10.418290170112773
  endloop
endfacet
facet normal -3.601190685135745e-08 1.0362312072141851e-08 0.9999999999999993
  outer loop
    vertex 25.58678937824695 42.409773333845905 10.41829010415488
    vertex 27.098489157166135 42.60977348351363 10.418290124738459
    vertex 26.365729436440322 43.022910585335204 10.418290090109206
  endloop
endfacet
facet normal -3.601190685135745e-08 1.0362312072141851e-08 0.9999999999999993
  outer loop
    vertex 25.58678937824695 42.409773333845905 10.41829010415488
    vertex 26.365729436440322 43.022910585335204 10.418290090109206
    vertex 25.58678943644011 45.83919469093025 10.41829004269955
  endloop
endfacet
facet normal -3.601190685135745e-08 1.0362312072141851e-08 0.9999999999999993
  outer loop
    vertex 25.58678943644011 45.83919469093025 10.41829004269955
    vertex 26.365729436440322 43.022910585335204 10.418290090109206
    vertex 26.365729436440265 47.78883528681677 10.4182900562044
  endloop
endfacet
facet normal -3.601190685135745e-08 1.0362312072141851e-08 0.9999999999999993
  outer loop
    vertex 25.58678943644011 45.83919469093025 10.41829004269955
    vertex 26.365729436440265 47.78883528681677 10.4182900562044
    vertex 25.58678943644029 50.60511939241192 10.418290008795704
  endloop
endfacet
facet normal -3.601190685135745e-08 1.0362312072141851e-08 0.9999999999999993
  outer loop
    vertex 25.58678943644029 50.60511939241192 10.418290008795704
    vertex 26.365729436440265 47.78883528681677 10.4182900562044
    vertex 26.365729436440237 50.62544692533513 10.418290036025562
  endloop
endfacet
facet normal -1.7737385193518357e-08 -1.3709312801755925e-09 0.9999999999999999
  outer loop
    vertex 43.11241655281856 49.15042043811912 18.179999330612855
    vertex -5.038003475236014 1.2000009114406442 18.17999835095579
    vertex 43.11241665499014 1.2000004106795232 18.17999956439236
  endloop
endfacet
facet normal -1.7737385193518357e-08 -1.3709312801755925e-09 0.9999999999999999
  outer loop
    vertex -5.038003475236014 1.2000009114406442 18.17999835095579
    vertex 43.11241655281856 49.15042043811912 18.179999330612855
    vertex 15.61199648206133 28.700420076251138 18.179999068877414
  endloop
endfacet
facet normal -1.7737385193518357e-08 -1.3709312801755925e-09 0.9999999999999999
  outer loop
    vertex -5.038003475236014 1.2000009114406442 18.17999835095579
    vertex 15.61199648206133 28.700420076251138 18.179999068877414
    vertex -5.03800341940797 28.70042007176821 18.17999879222526
  endloop
endfacet
facet normal -1.7737385193518357e-08 -1.3709312801755925e-09 0.9999999999999999
  outer loop
    vertex 15.61199648206133 28.700420076251138 18.179999068877414
    vertex 43.11241655281856 49.15042043811912 18.179999330612855
    vertex 15.611996460286063 49.1504204411553 18.179999045570476
  endloop
endfacet
facet normal -0.9984743232014206 -0.055217985362242136 -1.994336308309124e-08
  outer loop
    vertex -13.029035275882904 8.988070474911082 1.4078763590815928
    vertex -13.075561865825083 9.829380716973533 9.010412659246773
    vertex -13.075561615123464 9.829380598721817 1.4078763192467898
  endloop
endfacet
facet normal -0.9984743232014206 -0.055217985362242136 -1.994336308309124e-08
  outer loop
    vertex -13.075561865825083 9.829380716973533 9.010412659246773
    vertex -13.029035275882904 8.988070474911082 1.4078763590815928
    vertex -13.029035318603919 8.988070550488095 6.173801060563156
  endloop
endfacet
facet normal -0.9984743232014206 -0.055217985362242136 -1.994336308309124e-08
  outer loop
    vertex -13.075561865825083 9.829380716973533 9.010412659246773
    vertex -13.029035318603919 8.988070550488095 6.173801060563156
    vertex -13.02903534403176 8.98807059547042 9.010412699081586
  endloop
endfacet
facet normal -0.1342085075021683 -0.7032611033178353 0.6981489075220425
  outer loop
    vertex -11.642331043519745 21.60839027813751 10.418289612245648
    vertex -11.593196828690598 20.20137079650143 9.010412534998276
    vertex -8.473186917103478 19.605956311706116 9.010412572407924
  endloop
endfacet
facet normal -0.7119358631195285 -0.020671235125957452 0.7019401875107445
  outer loop
    vertex -11.679986436013335 10.333380422547199 10.418289797524839
    vertex -13.02903534403176 8.98807059547042 9.010412699081586
    vertex -11.642331043519757 9.036495399468244 10.418289810506886
  endloop
endfacet
facet normal -0.7026763094894243 -0.038859696907183876 0.7104476954981307
  outer loop
    vertex -11.679986436013335 10.333380422547199 10.418289797524839
    vertex -13.075561865825083 9.829380716973533 9.010412659246773
    vertex -13.02903534403176 8.98807059547042 9.010412699081586
  endloop
endfacet
facet normal -0.03489955129751562 -0.9993908251125939 2.127702046813832e-08
  outer loop
    vertex -7.899570471980865e-07 2.690430288422664e-07 11.418290302549584
    vertex -11.674437944142936 0.4076810458069878 -6.37471973610124e-07
    vertex 0.0 0.0 0.0
  endloop
endfacet
facet normal -0.03489955129751562 -0.9993908251125939 2.127702046813832e-08
  outer loop
    vertex -11.674437944142936 0.4076810458069878 -6.37471973610124e-07
    vertex -7.899570471980865e-07 2.690430288422664e-07 11.418290302549584
    vertex -10.675047306429764 0.3727817701652982 11.4182901218076
  endloop
endfacet
facet normal -0.03489955129751562 -0.9993908251125939 2.127702046813832e-08
  outer loop
    vertex -11.674437944142936 0.4076810458069878 -6.37471973610124e-07
    vertex -10.675047306429764 0.3727817701652982 11.4182901218076
    vertex -13.08145769987742 0.4568154122043757 9.010412755344596
  endloop
endfacet
facet normal -0.03489955129751562 -0.9993908251125939 2.127702046813832e-08
  outer loop
    vertex -11.674437944142936 0.4076810458069878 -6.37471973610124e-07
    vertex -13.08145769987742 0.4568154122043757 9.010412755344596
    vertex -13.08145744917578 0.4568152906691181 1.407876415344617
  endloop
endfacet
facet normal 0.24946482815776255 -0.9439019083921829 0.21637117840833828
  outer loop
    vertex -4.01985880913519 21.170205146642523 4.505205867521844
    vertex -7.066167389644524 19.655090393355728 1.4078762442412256
    vertex -3.995291680266401 20.466695367870667 1.407876258898207
  endloop
endfacet
facet normal 0.24946482815776255 -0.9439019083921829 0.21637117840833828
  outer loop
    vertex -7.066167389644524 19.655090393355728 1.4078762442412256
    vertex -4.01985880913519 21.170205146642523 4.505205867521844
    vertex -7.794244254478589 20.33403308218604 5.209144396948158
  endloop
endfacet
facet normal 0.024677664439874417 -0.706676019627698 0.7071067926140622
  outer loop
    vertex -11.617763902030733 20.904880477039836 5.913082903622021
    vertex -11.568629687201641 19.497860995403848 4.505205826374695
    vertex -7.794244254478589 20.33403308218604 5.209144396948158
  endloop
endfacet
facet normal 0.01935875021067054 -0.5543622746585949 0.832050303302408
  outer loop
    vertex -6.879309614595346 9.202823772872044 10.418289850564287
    vertex -11.642331043519757 9.036495399468244 10.418289810506886
    vertex -8.473186917103442 7.034061433036803 9.010412770669163
  endloop
endfacet
facet normal -0.5625419037108267 -0.5945256262020037 -0.5745310142703475
  outer loop
    vertex -13.029035275882904 8.988070474911082 1.4078763590815928
    vertex -11.642330950130521 9.036495234257366 -7.294931086140031e-07
    vertex -11.593196760541797 7.629475797272822 1.4078763932595277
  endloop
endfacet
facet normal 0.019358750210670354 -0.5543622746586011 0.8320503033024039
  outer loop
    vertex -6.879309614595335 21.774718651541313 10.418289652303049
    vertex -11.642331043519745 21.60839027813751 10.418289612245648
    vertex -8.473186917103478 19.605956311706116 9.010412572407924
  endloop
endfacet
facet normal -0.33966945880913907 -0.9405448733326371 2.540414470827304e-09
  outer loop
    vertex -10.754222244364907 13.441288685487528 10.418290637032932
    vertex -11.654640518343879 13.766466792441355 -8.478272414993857e-07
    vertex -10.754221681569712 13.441288511205464 -7.93746961387644e-07
  endloop
endfacet
facet normal -0.33966945880913907 -0.9405448733326371 2.540414470827304e-09
  outer loop
    vertex -11.654640518343879 13.766466792441355 -8.478272414993857e-07
    vertex -10.754222244364907 13.441288685487528 10.418290637032932
    vertex -11.654640861022044 13.766466993808159 10.41828969217275
  endloop
endfacet
facet normal -0.33966945880913907 -0.9405448733326371 2.540414470827304e-09
  outer loop
    vertex -11.654640518343879 13.766466792441355 -8.478272414993857e-07
    vertex -11.654640861022044 13.766466993808159 10.41828969217275
    vertex -13.050216040132149 14.270466533441567 1.407876197998351
  endloop
endfacet
facet normal -0.33966945880913907 -0.9405448733326371 2.540414470827304e-09
  outer loop
    vertex -13.050216040132149 14.270466533441567 1.407876197998351
    vertex -11.654640861022044 13.766466993808159 10.41828969217275
    vertex -13.050216290833802 14.270466654976804 9.010412537998342
  endloop
endfacet
facet normal -0.7068999286897352 0.017784940716529137 0.7070899424416648
  outer loop
    vertex -11.62201590564368 15.06321535471143 10.41828967224253
    vertex -13.050216290833802 14.270466654976804 9.010412537998342
    vertex -11.654640861022044 13.766466993808159 10.41828969217275
  endloop
endfacet
facet normal -0.7068999286897352 0.017784940716529137 0.7070899424416648
  outer loop
    vertex -13.050216290833802 14.270466654976804 9.010412537998342
    vertex -11.62201590564368 15.06321535471143 10.41828967224253
    vertex -13.029035317824063 15.112349554560492 9.010412525059111
  endloop
endfacet
facet normal -0.9996836612986817 0.0251510900849578 -3.3367696134724614e-08
  outer loop
    vertex -13.050216040132149 14.270466533441567 1.407876197998351
    vertex -13.029035160662119 15.112349478371653 4.24448782357757
    vertex -13.029035067122443 15.112349433025205 1.407876185059133
  endloop
endfacet
facet normal -0.9996836612986817 0.0251510900849578 -3.3367696134724614e-08
  outer loop
    vertex -13.029035160662119 15.112349478371653 4.24448782357757
    vertex -13.050216040132149 14.270466533441567 1.407876197998351
    vertex -13.050216290833802 14.270466654976804 9.010412537998342
  endloop
endfacet
facet normal -0.9996836612986817 0.0251510900849578 -3.3367696134724614e-08
  outer loop
    vertex -13.029035160662119 15.112349478371653 4.24448782357757
    vertex -13.050216290833802 14.270466654976804 9.010412537998342
    vertex -13.029035317824063 15.112349554560492 9.010412525059111
  endloop
endfacet
facet normal 0.7220886478542319 -0.6733585564630171 0.15867022114463944
  outer loop
    vertex -3.995291748415335 20.466695488430037 9.0104125988982
    vertex -3.9707246195463997 19.763185709658025 5.91308299027442
    vertex -2.6374064913140374 21.922849149949222 9.01041258797885
  endloop
endfacet
facet normal -0.7068998820646937 0.017784917808398144 -0.7070899896303657
  outer loop
    vertex -13.050216040132149 14.270466533441567 1.407876197998351
    vertex -11.622015562089555 15.063215188163111 -8.677574606673769e-07
    vertex -11.654640518343879 13.766466792441355 -8.478272414993857e-07
  endloop
endfacet
facet normal -0.7068998820646937 0.017784917808398144 -0.7070899896303657
  outer loop
    vertex -11.622015562089555 15.063215188163111 -8.677574606673769e-07
    vertex -13.050216040132149 14.270466533441567 1.407876197998351
    vertex -13.029035067122443 15.112349433025205 1.407876185059133
  endloop
endfacet
facet normal -0.12984213765542718 -0.9915346788131361 9.572795746032788e-09
  outer loop
    vertex -7.695434653424498 13.040738379050442 10.41829080896896
    vertex -10.754221681569712 13.441288511205464 -7.93746961387644e-07
    vertex -7.695434090629315 13.04073820476839 -6.218109359680636e-07
  endloop
endfacet
facet normal -0.12984213765542718 -0.9915346788131361 9.572795746032788e-09
  outer loop
    vertex -10.754221681569712 13.441288511205464 -7.93746961387644e-07
    vertex -7.695434653424498 13.040738379050442 10.41829080896896
    vertex -10.754222244364907 13.441288685487528 10.418290637032932
  endloop
endfacet
facet normal 0.7313537016191903 -0.6819983600624772 1.7370781934734368e-08
  outer loop
    vertex -8.473186917103442 7.034061433036803 9.010412770669163
    vertex -7.794244254478567 7.762138203516746 5.209144595209401
    vertex -7.115301660002219 8.490215094556076 9.010412759749725
  endloop
endfacet
facet normal -0.33966923933337395 0.9405449525943386 2.0283594629385622e-08
  outer loop
    vertex -11.679986093335204 10.33338029531706 -7.42475149516666e-07
    vertex -10.759252287493638 10.66589417520673 10.418296395005985
    vertex -10.759251901201612 10.665895287057735 -7.21380140860998e-07
  endloop
endfacet
facet normal -0.33966923933337395 0.9405449525943386 2.0283594629385622e-08
  outer loop
    vertex -10.759252287493638 10.66589417520673 10.418296395005985
    vertex -11.679986093335204 10.33338029531706 -7.42475149516666e-07
    vertex -11.679986436013335 10.333380422547199 10.418289797524839
  endloop
endfacet
facet normal -0.33966923933337395 0.9405449525943386 2.0283594629385622e-08
  outer loop
    vertex -11.679986436013335 10.333380422547199 10.418289797524839
    vertex -11.679986093335204 10.33338029531706 -7.42475149516666e-07
    vertex -13.075561615123464 9.829380598721817 1.4078763192467898
  endloop
endfacet
facet normal -0.33966923933337395 0.9405449525943386 2.0283594629385622e-08
  outer loop
    vertex -11.679986436013335 10.333380422547199 10.418289797524839
    vertex -13.075561615123464 9.829380598721817 1.4078763192467898
    vertex -13.075561865825083 9.829380716973533 9.010412659246773
  endloop
endfacet
facet normal -0.7193848425034776 0.6946117249014214 -2.3913220749615977e-06
  outer loop
    vertex 2.99999439288087 14.86200654994369 10.41828240962313
    vertex 4.40000382545316 16.311887526402824 -4.788002196698013e-07
    vertex 2.999995560708666 14.861887526402812 -7.123110900938826e-07
  endloop
endfacet
facet normal -0.7193848425034776 0.6946117249014214 -2.3913220749615977e-06
  outer loop
    vertex 4.40000382545316 16.311887526402824 -4.788002196698013e-07
    vertex 2.99999439288087 14.86200654994369 10.41828240962313
    vertex 4.400004557941991 16.311886790274556 10.418277102877367
  endloop
endfacet
facet normal -0.7193848425034776 0.6946117249014214 -2.3913220749615977e-06
  outer loop
    vertex 4.400004557941991 16.311886790274556 10.418277102877367
    vertex 2.99999439288087 14.86200654994369 10.41828240962313
    vertex 3.700113849386065 15.587004290403005 11.14327964906962
  endloop
endfacet
facet normal -0.03489963025250431 0.9993908223554161 5.825557502121976e-08
  outer loop
    vertex -7.700464310261181 11.059818335931295 -5.659258389082108e-07
    vertex -7.437886913042036e-07 11.32872487210104 10.41828997647484
    vertex -4.433117705815448e-07 11.328724998819553 -1.6208444530064533e-07
  endloop
endfacet
facet normal -0.03489963025250431 0.9993908223554161 5.825557502121976e-08
  outer loop
    vertex -7.437886913042036e-07 11.32872487210104 10.41828997647484
    vertex -7.700464310261181 11.059818335931295 -5.659258389082108e-07
    vertex -7.700464696553207 11.059817224080271 10.418296550460294
  endloop
endfacet
facet normal 1.9833277568682208e-07 -0.7071081205258223 -0.7071054418447079
  outer loop
    vertex 1.7705166222622417 8.513725569455634 11.143289180884855
    vertex 3.0000047389435784 9.238724500026702 10.418287889872218
    vertex 3.700003137340816 8.513725837661143 11.143289432644293
  endloop
endfacet
facet normal 1.9833277568682208e-07 -0.7071081205258223 -0.7071054418447079
  outer loop
    vertex 3.0000047389435784 9.238724500026702 10.418287889872218
    vertex 1.7705166222622417 8.513725569455634 11.143289180884855
    vertex 2.604546121397792 9.23872455106168 10.418287624348265
  endloop
endfacet
facet normal 0.5971478019961918 -0.5568493383448248 -0.5773502550064806
  outer loop
    vertex -3.995291680266367 7.894800489201397 1.40787645715945
    vertex -4.044425869855186 9.301819926185853 -6.655930294343668e-07
    vertex -2.6374064231650634 9.35095415072055 1.4078764462401605
  endloop
endfacet
facet normal 0.24946483203683356 -0.9439019152545212 -0.21637114399956717
  outer loop
    vertex -11.568629687201641 19.497860995403848 4.505205826374695
    vertex -7.853322429229018 20.389124369089494 4.900698931765146
    vertex -7.794244254478589 20.33403308218604 5.209144396948158
  endloop
endfacet
facet normal 0.24946483203683356 -0.9439019152545212 -0.21637114399956717
  outer loop
    vertex -7.853322429229018 20.389124369089494 4.900698931765146
    vertex -11.568629687201641 19.497860995403848 4.505205826374695
    vertex -8.522321051163766 21.012975650457008 1.407876209655271
  endloop
endfacet
facet normal 0.24946483203683356 -0.9439019152545212 -0.21637114399956717
  outer loop
    vertex -8.522321051163766 21.012975650457008 1.407876209655271
    vertex -11.568629687201641 19.497860995403848 4.505205826374695
    vertex -11.593196760541831 20.20137067594213 1.4078761949982843
  endloop
endfacet
facet normal 0.5971477916455413 -0.5568493200338666 0.5773502833728182
  outer loop
    vertex -4.044425963244398 9.301820091396792 10.418289874406806
    vertex -3.995291748415307 7.894800609760742 9.01041279715944
    vertex -2.6374064913140427 9.350954271279901 9.010412786240094
  endloop
endfacet
facet normal -0.8160714566297059 -0.5779510166737919 1.8498871233935317e-09
  outer loop
    vertex -13.029035318603896 21.559965429157398 6.173800862301914
    vertex -13.029035275882881 21.559965353580363 1.4078761608203496
    vertex -11.568629687201641 19.497860995403848 4.505205826374695
  endloop
endfacet
facet normal 0.034899529613669086 0.9993908258698116 -1.657081183925829e-08
  outer loop
    vertex -7.404056621140853e-08 2.085470351770079 -4.868608512162543e-07
    vertex -2.6170910734328974 2.17686130892471 1.4078767324776174
    vertex -7.828320860436833e-07 2.0854702334591586 10.618289858486548
  endloop
endfacet
facet normal 0.034899529613669086 0.9993908258698116 -1.657081183925829e-08
  outer loop
    vertex -2.6170910734328974 2.17686130892471 1.4078767324776174
    vertex -7.404056621140853e-08 2.085470351770079 -4.868608512162543e-07
    vertex -4.024110485613346 2.2259955087737078 -4.147058157281282e-07
  endloop
endfacet
facet normal 0.034899529613669086 0.9993908258698116 -1.657081183925829e-08
  outer loop
    vertex -7.828320860436833e-07 2.0854702334591586 10.618289858486548
    vertex -4.024110829167438 2.225995675321997 10.41829012529401
    vertex -11.392149451833193 2.483293491958009 10.64829644900276
  endloop
endfacet
facet normal 0.034899529613669086 0.9993908258698116 -1.657081183925829e-08
  outer loop
    vertex -4.024110829167438 2.225995675321997 10.41829012529401
    vertex -7.828320860436833e-07 2.0854702334591586 10.618289858486548
    vertex -2.6170913241344373 2.176861430459938 9.010413072477549
  endloop
endfacet
facet normal 0.034899529613669086 0.9993908258698116 -1.657081183925829e-08
  outer loop
    vertex -2.6170913241344373 2.176861430459938 9.010413072477549
    vertex -7.828320860436833e-07 2.0854702334591586 10.618289858486548
    vertex -2.6170910734328974 2.17686130892471 1.4078767324776174
  endloop
endfacet
facet normal 0.034899529613669086 0.9993908258698116 -1.657081183925829e-08
  outer loop
    vertex -2.6170913241344373 2.176861430459938 9.010413072477549
    vertex -2.6170910734328974 2.17686130892471 1.4078767324776174
    vertex -2.617091230594728 2.176861385113533 6.173801433959274
  endloop
endfacet
facet normal 0.034899529613669086 0.9993908258698116 -1.657081183925829e-08
  outer loop
    vertex -11.392149451833193 2.483293491958009 10.64829644900276
    vertex -4.024110829167438 2.225995675321997 10.41829012529401
    vertex -4.044426019486656 2.226705521659344 10.418289768599239
  endloop
endfacet
facet normal 0.034899529613669086 0.9993908258698116 -1.657081183925829e-08
  outer loop
    vertex -11.392149451833193 2.483293491958009 10.64829644900276
    vertex -4.044426019486656 2.226705521659344 10.418289768599239
    vertex -6.879309670837615 2.3257018401840814 10.418289741634332
  endloop
endfacet
facet normal 0.034899529613669086 0.9993908258698116 -1.657081183925829e-08
  outer loop
    vertex -11.392149451833193 2.483293491958009 10.64829644900276
    vertex -6.879309670837615 2.3257018401840814 10.418289741634332
    vertex -8.787132255710269 2.392324116925705 10.418289965569016
  endloop
endfacet
facet normal 0.034899529613669086 0.9993908258698116 -1.657081183925829e-08
  outer loop
    vertex -11.392149451833193 2.483293491958009 10.64829644900276
    vertex -8.787132255710269 2.392324116925705 10.418289965569016
    vertex -11.622015905643714 2.491320476042117 10.418289870503768
  endloop
endfacet
facet normal -2.903025781848605e-09 0.9999999999999992 3.648934314065332e-08
  outer loop
    vertex 4.399999473720476 11.328724998819553 -6.075368199651476e-08
    vertex 2.6045399143784445 11.328723967452692 10.418289305956653
    vertex 4.399999269464331 11.328725017609532 10.418290062739203
  endloop
endfacet
facet normal -2.903025781848605e-09 0.9999999999999992 3.648934314065332e-08
  outer loop
    vertex 2.6045399143784445 11.328723967452692 10.418289305956653
    vertex 4.399999473720476 11.328724998819553 -6.075368199651476e-08
    vertex -4.433117705815448e-07 11.328724998819553 -1.6208444530064533e-07
  endloop
endfacet
facet normal -2.903025781848605e-09 0.9999999999999992 3.648934314065332e-08
  outer loop
    vertex 2.6045399143784445 11.328723967452692 10.418289305956653
    vertex -4.433117705815448e-07 11.328724998819553 -1.6208444530064533e-07
    vertex -7.437886913042036e-07 11.32872487210104 10.41828997647484
  endloop
endfacet
facet normal -2.919186499104062e-05 -0.9999999995559765 5.990156783499692e-06
  outer loop
    vertex 2.60453956874152 12.772006637351218 10.41828913497728
    vertex 4.400000084640908 12.771831610929047 -9.983664999351495e-08
    vertex 4.3999998803847795 12.771919658613532 10.418289891761233
  endloop
endfacet
facet normal -2.919186499104062e-05 -0.9999999995559765 5.990156783499692e-06
  outer loop
    vertex 4.400000084640908 12.771831610929047 -9.983664999351495e-08
    vertex 2.60453956874152 12.772006637351218 10.41828913497728
    vertex -8.865031737137485e-07 12.772007339507518 -2.0160886718207345e-07
  endloop
endfacet
facet normal -2.919186499104062e-05 -0.9999999995559765 5.990156783499692e-06
  outer loop
    vertex -8.865031737137485e-07 12.772007339507518 -2.0160886718207345e-07
    vertex 2.60453956874152 12.772006637351218 10.41828913497728
    vertex -1.089425581746184e-06 12.772007541999557 10.418289805495467
  endloop
endfacet
facet normal 0.7313537016191726 -0.6819983600624961 1.7370779652668866e-08
  outer loop
    vertex -8.473186917103478 19.605956311706116 9.010412572407924
    vertex -7.794244254478589 20.33403308218604 5.209144396948158
    vertex -7.115301660002207 21.062109973225336 9.01041256148848
  endloop
endfacet
facet normal -0.18301387931965055 -0.9590043976460878 0.2163711747711243
  outer loop
    vertex -3.995291748415335 20.466695488430037 9.0104125988982
    vertex -7.794244254478589 20.33403308218604 5.209144396948158
    vertex -3.9707246195463997 19.763185709658025 5.91308299027442
  endloop
endfacet
facet normal -0.18301387931965055 -0.9590043976460878 0.2163711747711243
  outer loop
    vertex -7.794244254478589 20.33403308218604 5.209144396948158
    vertex -3.995291748415335 20.466695488430037 9.0104125988982
    vertex -7.115301660002207 21.062109973225336 9.01041256148848
  endloop
endfacet
facet normal 2.7934902845420833e-07 -1.513596732307441e-06 0.9999999999988155
  outer loop
    vertex 2.6045399143784445 11.328723967452692 10.418289305956653
    vertex -4.506679672955371e-06 9.238725163118046 10.4182900117801
    vertex 2.604546121397792 9.23872455106168 10.418287624348265
  endloop
endfacet
facet normal 2.7934902845420833e-07 -1.513596732307441e-06 0.9999999999988155
  outer loop
    vertex -4.506679672955371e-06 9.238725163118046 10.4182900117801
    vertex 2.6045399143784445 11.328723967452692 10.418289305956653
    vertex -1.9771818645561592 9.374009876929527 10.418289880298442
  endloop
endfacet
facet normal 2.7934902845420833e-07 -1.513596732307441e-06 0.9999999999988155
  outer loop
    vertex -1.9771818645561592 9.374009876929527 10.418289880298442
    vertex 2.6045399143784445 11.328723967452692 10.418289305956653
    vertex -11.679986436013335 10.333380422547199 10.418289797524839
  endloop
endfacet
facet normal 2.7934902845420833e-07 -1.513596732307441e-06 0.9999999999988155
  outer loop
    vertex -11.679986436013335 10.333380422547199 10.418289797524839
    vertex 2.6045399143784445 11.328723967452692 10.418289305956653
    vertex -10.759252287493638 10.66589417520673 10.418296395005985
  endloop
endfacet
facet normal 2.7934902845420833e-07 -1.513596732307441e-06 0.9999999999988155
  outer loop
    vertex -10.759252287493638 10.66589417520673 10.418296395005985
    vertex 2.6045399143784445 11.328723967452692 10.418289305956653
    vertex -7.700464696553207 11.059817224080271 10.418296550460294
  endloop
endfacet
facet normal 2.7934902845420833e-07 -1.513596732307441e-06 0.9999999999988155
  outer loop
    vertex -7.700464696553207 11.059817224080271 10.418296550460294
    vertex 2.6045399143784445 11.328723967452692 10.418289305956653
    vertex -7.437886913042036e-07 11.32872487210104 10.41828997647484
  endloop
endfacet
facet normal 2.7934902845420833e-07 -1.513596732307441e-06 0.9999999999988155
  outer loop
    vertex -6.879309614595346 9.202823772872044 10.418289850564287
    vertex -11.679986436013335 10.333380422547199 10.418289797524839
    vertex -11.642331043519757 9.036495399468244 10.418289810506886
  endloop
endfacet
facet normal 2.7934902845420833e-07 -1.513596732307441e-06 0.9999999999988155
  outer loop
    vertex -11.679986436013335 10.333380422547199 10.418289797524839
    vertex -6.879309614595346 9.202823772872044 10.418289850564287
    vertex -4.044425963244398 9.301820091396792 10.418289874406806
  endloop
endfacet
facet normal 2.7934902845420833e-07 -1.513596732307441e-06 0.9999999999988155
  outer loop
    vertex -11.679986436013335 10.333380422547199 10.418289797524839
    vertex -4.044425963244398 9.301820091396792 10.418289874406806
    vertex -1.9771818645561592 9.374009876929527 10.418289880298442
  endloop
endfacet
facet normal -1.224037264428446e-07 -0.9999999999999923 -2.070240280911443e-08
  outer loop
    vertex 2.604546121397792 9.23872455106168 10.418287624348265
    vertex 3.000003997594886 9.238724998819558 -4.0886163501707113e-07
    vertex 3.0000047389435784 9.238724500026702 10.418287889872218
  endloop
endfacet
facet normal -1.224037264428446e-07 -0.9999999999999923 -2.070240280911443e-08
  outer loop
    vertex 3.000003997594886 9.238724998819558 -4.0886163501707113e-07
    vertex 2.604546121397792 9.23872455106168 10.418287624348265
    vertex -8.072649817680854e-06 9.238724998819558 8.332705852580706e-08
  endloop
endfacet
facet normal -1.224037264428446e-07 -0.9999999999999923 -2.070240280911443e-08
  outer loop
    vertex -8.072649817680854e-06 9.238724998819558 8.332705852580706e-08
    vertex 2.604546121397792 9.23872455106168 10.418287624348265
    vertex -4.506679672955371e-06 9.238725163118046 10.4182900117801
  endloop
endfacet
facet normal -0.7120212052898491 -0.01791376355311704 -0.7019294126142269
  outer loop
    vertex -13.029035275882881 21.559965353580363 1.4078761608203496
    vertex -11.69475329950235 23.692029896375484 -9.58339608842955e-07
    vertex -11.642330950130509 21.608390112926653 -9.277543513731709e-07
  endloop
endfacet
facet normal -0.7120212052898491 -0.01791376355311704 -0.7019294126142269
  outer loop
    vertex -11.69475329950235 23.692029896375484 -9.58339608842955e-07
    vertex -13.029035275882881 21.559965353580363 1.4078761608203496
    vertex -13.071397153677006 23.24373167402638 1.4078761361047425
  endloop
endfacet
facet normal 3.6417375269395494e-10 0.7071066296319701 -0.7071069327410924
  outer loop
    vertex 2.604535775335061 14.862006600978665 10.418282144099187
    vertex 3.700113849386065 15.587004290403005 11.14327964906962
    vertex 2.99999439288087 14.86200654994369 10.41828240962313
  endloop
endfacet
facet normal 3.6417375269395494e-10 0.7071066296319701 -0.7071069327410924
  outer loop
    vertex 3.700113849386065 15.587004290403005 11.14327964906962
    vertex 2.604535775335061 14.862006600978665 10.418282144099187
    vertex 1.7705237057834022 15.587003787975922 11.143279210484202
  endloop
endfacet
facet normal 1.8539113291930571e-07 0.9999999999995154 9.66768372385708e-07
  outer loop
    vertex 1.8000038252539168 2.0854687382539825 15.571079837714304
    vertex -4.115588802245384 2.08547354771098 16.259997100054264
    vertex 1.8000038909230403 2.0854687704235246 16.259999075855678
  endloop
endfacet
facet normal 1.8539113291930571e-07 0.9999999999995154 9.66768372385708e-07
  outer loop
    vertex -4.115588802245384 2.08547354771098 16.259997100054264
    vertex 1.8000038252539168 2.0854687382539825 15.571079837714304
    vertex -6.528764961342629 2.0854699567582338 15.57107965342664
  endloop
endfacet
facet normal 1.8539113291930571e-07 0.9999999999995154 9.66768372385708e-07
  outer loop
    vertex -4.115588802245384 2.08547354771098 16.259997100054264
    vertex -6.528764961342629 2.0854699567582338 15.57107965342664
    vertex -5.038003424907131 2.085468463367914 16.759999175960576
  endloop
endfacet
facet normal 1.8539113291930571e-07 0.9999999999995154 9.66768372385708e-07
  outer loop
    vertex -5.038003424907131 2.085468463367914 16.759999175960576
    vertex -6.528764961342629 2.0854699567582338 15.57107965342664
    vertex -5.038003430824909 2.085468462961548 17.061841444353682
  endloop
endfacet
facet normal -2.9050904687807867e-07 0.9999999999999499 1.2449122673534382e-07
  outer loop
    vertex 4.40000338375635 7.788724998819549 -3.327771914049127e-07
    vertex 2.6045330004436273 7.788719359870302 10.418284174131339
    vertex 4.400004125105037 7.7887245000266905 10.41828796595666
  endloop
endfacet
facet normal -2.9050904687807867e-07 0.9999999999999499 1.2449122673534382e-07
  outer loop
    vertex 2.6045330004436273 7.788719359870302 10.418284174131339
    vertex 4.40000338375635 7.788724998819549 -3.327771914049127e-07
    vertex -2.255090260285753 7.788722057627172 -9.734653731259947e-08
  endloop
endfacet
facet normal -2.9050904687807867e-07 0.9999999999999499 1.2449122673534382e-07
  outer loop
    vertex 2.6045330004436273 7.788719359870302 10.418284174131339
    vertex -2.255090260285753 7.788722057627172 -9.734653731259947e-08
    vertex -2.255085279884919 7.788721625453995 14.642687253008562
  endloop
endfacet
facet normal 1.849219704433032e-05 0.9999999998087945 -6.3599829716016715e-06
  outer loop
    vertex -4.746577222070058e-06 14.862007341328523 -2.2367959552208762e-07
    vertex 2.99999439288087 14.86200654994369 10.41828240962313
    vertex 2.999995560708666 14.861887526402812 -7.123110900938826e-07
  endloop
endfacet
facet normal 1.849219704433032e-05 0.9999999998087945 -6.3599829716016715e-06
  outer loop
    vertex 2.99999439288087 14.86200654994369 10.41828240962313
    vertex -4.746577222070058e-06 14.862007341328523 -2.2367959552208762e-07
    vertex 2.604535775335061 14.862006600978665 10.418282144099187
  endloop
endfacet
facet normal 1.849219704433032e-05 0.9999999998087945 -6.3599829716016715e-06
  outer loop
    vertex 2.604535775335061 14.862006600978665 10.418282144099187
    vertex -4.746577222070058e-06 14.862007341328523 -2.2367959552208762e-07
    vertex -4.882832080577159e-06 14.862007505627018 10.418282814617374
  endloop
endfacet
facet normal -0.06826360905681815 -0.9976673191392694 2.7153771480341104e-08
  outer loop
    vertex -1.9771818645561592 9.374009876929527 10.418289880298442
    vertex -8.072649817680854e-06 9.238724998819558 8.332705852580706e-08
    vertex -4.506679672955371e-06 9.238725163118046 10.4182900117801
  endloop
endfacet
facet normal -0.06826360905681815 -0.9976673191392694 2.7153771480341104e-08
  outer loop
    vertex -8.072649817680854e-06 9.238724998819558 8.332705852580706e-08
    vertex -1.9771818645561592 9.374009876929527 10.418289880298442
    vertex -1.9771817711669117 9.374009711718532 -6.597016377019524e-07
  endloop
endfacet
facet normal -2.4965491787420233e-07 0.7071063873074426 -0.7071071750653889
  outer loop
    vertex 1.7705166222622417 8.513725569455634 11.143289180884855
    vertex 4.400004125105037 7.7887245000266905 10.41828796595666
    vertex 2.6045330004436273 7.788719359870302 10.418284174131339
  endloop
endfacet
facet normal -2.4965491787420233e-07 0.7071063873074426 -0.7071071750653889
  outer loop
    vertex 4.400004125105037 7.7887245000266905 10.41828796595666
    vertex 1.7705166222622417 8.513725569455634 11.143289180884855
    vertex 3.700003137340816 8.513725837661143 11.143289432644293
  endloop
endfacet
facet normal -0.9999999999999104 4.2332744493834443e-07 -1.0265717870751555e-08
  outer loop
    vertex 4.399999473720476 11.328724998819553 -6.075368199651476e-08
    vertex 4.3999998803847795 12.771919658613532 10.418289891761233
    vertex 4.400000084640908 12.771831610929047 -9.983664999351495e-08
  endloop
endfacet
facet normal -0.9999999999999104 4.2332744493834443e-07 -1.0265717870751555e-08
  outer loop
    vertex 4.3999998803847795 12.771919658613532 10.418289891761233
    vertex 4.399999473720476 11.328724998819553 -6.075368199651476e-08
    vertex 4.399999269464331 11.328725017609532 10.418290062739203
  endloop
endfacet
facet normal -0.9999999999999104 4.2332744493834443e-07 -1.0265717870751555e-08
  outer loop
    vertex 4.3999998803847795 12.771919658613532 10.418289891761233
    vertex 4.399999269464331 11.328725017609532 10.418290062739203
    vertex 4.399999829900471 12.050366144321451 11.13993131219878
  endloop
endfacet
facet normal -3.69167564583611e-08 0.7071067589786615 -0.7071068033944319
  outer loop
    vertex 1.77437752084044 12.050365887160373 11.13993105560067
    vertex 4.399999269464331 11.328725017609532 10.418290062739203
    vertex 2.6045399143784445 11.328723967452692 10.418289305956653
  endloop
endfacet
facet normal -3.69167564583611e-08 0.7071067589786615 -0.7071068033944319
  outer loop
    vertex 4.399999269464331 11.328725017609532 10.418290062739203
    vertex 1.77437752084044 12.050365887160373 11.13993105560067
    vertex 4.399999829900471 12.050366144321451 11.13993131219878
  endloop
endfacet
facet normal -1.558187074559134e-05 -0.9999999998772394 1.651160223456438e-06
  outer loop
    vertex 2.6045371972501496 16.312004759469737 10.418277546413952
    vertex 4.40000382545316 16.311887526402824 -4.788002196698013e-07
    vertex 4.400004557941991 16.311886790274556 10.418277102877367
  endloop
endfacet
facet normal -1.558187074559134e-05 -0.9999999998772394 1.651160223456438e-06
  outer loop
    vertex 4.40000382545316 16.311887526402824 -4.788002196698013e-07
    vertex 2.6045371972501496 16.312004759469737 10.418277546413952
    vertex -2.2551004463571047 16.312008343435917 -3.5602272578476154e-07
  endloop
endfacet
facet normal -1.558187074559134e-05 -0.9999999998772394 1.651160223456438e-06
  outer loop
    vertex -2.2551004463571047 16.312008343435917 -3.5602272578476154e-07
    vertex 2.6045371972501496 16.312004759469737 10.418277546413952
    vertex -2.255097332866126 16.312007673927795 14.642697873435685
  endloop
endfacet
facet normal -0.06948739743527825 0.9975828294420828 -1.7439902396376755e-08
  outer loop
    vertex -4.746577222070058e-06 14.862007341328523 -2.2367959552208762e-07
    vertex -1.956866729358758 14.725700800541716 10.418289980195206
    vertex -4.882832080577159e-06 14.862007505627018 10.418282814617374
  endloop
endfacet
facet normal -0.06948739743527825 0.9975828294420828 -1.7439902396376755e-08
  outer loop
    vertex -1.956866729358758 14.725700800541716 10.418289980195206
    vertex -4.746577222070058e-06 14.862007341328523 -2.2367959552208762e-07
    vertex -1.9568663858047457 14.725700633993355 -5.598048561272147e-07
  endloop
endfacet
facet normal -0.30964138771223365 0.9508534119493088 -1.840574849553323e-08
  outer loop
    vertex -11.69475329950235 23.692029896375484 -9.58339608842955e-07
    vertex -13.071397266145537 23.24373179284829 9.010412476104737
    vertex -11.694753392891531 23.69203006158642 10.418289581660375
  endloop
endfacet
facet normal -0.30964138771223365 0.9508534119493088 -1.840574849553323e-08
  outer loop
    vertex -13.071397266145537 23.24373179284829 9.010412476104737
    vertex -11.69475329950235 23.692029896375484 -9.58339608842955e-07
    vertex -13.071397153677006 23.24373167402638 1.4078761361047425
  endloop
endfacet
facet normal -0.03489954804321006 -0.9993908252262371 1.6788808512543373e-08
  outer loop
    vertex -7.695434653424498 13.040738379050442 10.41829080896896
    vertex -8.865031737137485e-07 12.772007339507518 -2.0160886718207345e-07
    vertex -1.089425581746184e-06 12.772007541999557 10.418289805495467
  endloop
endfacet
facet normal -0.03489954804321006 -0.9993908252262371 1.6788808512543373e-08
  outer loop
    vertex -8.865031737137485e-07 12.772007339507518 -2.0160886718207345e-07
    vertex -7.695434653424498 13.040738379050442 10.41829080896896
    vertex -7.695434090629315 13.04073820476839 -6.218109359680636e-07
  endloop
endfacet
facet normal -0.7194016127983166 -0.6945943560835929 1.7405727551766784e-08
  outer loop
    vertex 4.40000338375635 7.788724998819549 -3.327771914049127e-07
    vertex 3.0000047389435784 9.238724500026702 10.418287889872218
    vertex 3.000003997594886 9.238724998819558 -4.0886163501707113e-07
  endloop
endfacet
facet normal -0.7194016127983166 -0.6945943560835929 1.7405727551766784e-08
  outer loop
    vertex 3.0000047389435784 9.238724500026702 10.418287889872218
    vertex 4.40000338375635 7.788724998819549 -3.327771914049127e-07
    vertex 4.400004125105037 7.7887245000266905 10.41828796595666
  endloop
endfacet
facet normal -0.7194016127983166 -0.6945943560835929 1.7405727551766784e-08
  outer loop
    vertex 3.0000047389435784 9.238724500026702 10.418287889872218
    vertex 4.400004125105037 7.7887245000266905 10.41828796595666
    vertex 3.700003137340816 8.513725837661143 11.143289432644293
  endloop
endfacet
facet normal 3.3697266164296857e-07 1.532052621229292e-06 0.9999999999987695
  outer loop
    vertex 2.604535775335061 14.862006600978665 10.418282144099187
    vertex -1.089425581746184e-06 12.772007541999557 10.418289805495467
    vertex 2.60453956874152 12.772006637351218 10.41828913497728
  endloop
endfacet
facet normal 3.3697266164296857e-07 1.532052621229292e-06 0.9999999999987695
  outer loop
    vertex -1.089425581746184e-06 12.772007541999557 10.418289805495467
    vertex 2.604535775335061 14.862006600978665 10.418282144099187
    vertex -7.695434653424498 13.040738379050442 10.41829080896896
  endloop
endfacet
facet normal 3.3697266164296857e-07 1.532052621229292e-06 0.9999999999987695
  outer loop
    vertex -7.695434653424498 13.040738379050442 10.41829080896896
    vertex 2.604535775335061 14.862006600978665 10.418282144099187
    vertex -10.754222244364907 13.441288685487528 10.418290637032932
  endloop
endfacet
facet normal 3.3697266164296857e-07 1.532052621229292e-06 0.9999999999987695
  outer loop
    vertex -10.754222244364907 13.441288685487528 10.418290637032932
    vertex 2.604535775335061 14.862006600978665 10.418282144099187
    vertex -11.654640861022044 13.766466993808159 10.41828969217275
  endloop
endfacet
facet normal 3.3697266164296857e-07 1.532052621229292e-06 0.9999999999987695
  outer loop
    vertex -11.654640861022044 13.766466993808159 10.41828969217275
    vertex 2.604535775335061 14.862006600978665 10.418282144099187
    vertex -1.956866729358758 14.725700800541716 10.418289980195206
  endloop
endfacet
facet normal 3.3697266164296857e-07 1.532052621229292e-06 0.9999999999987695
  outer loop
    vertex -1.956866729358758 14.725700800541716 10.418289980195206
    vertex 2.604535775335061 14.862006600978665 10.418282144099187
    vertex -4.882832080577159e-06 14.862007505627018 10.418282814617374
  endloop
endfacet
facet normal 3.3697266164296857e-07 1.532052621229292e-06 0.9999999999987695
  outer loop
    vertex -11.654640861022044 13.766466993808159 10.41828969217275
    vertex -4.024110829167433 14.797890553991287 10.418289927032772
    vertex -11.62201590564368 15.06321535471143 10.41828967224253
  endloop
endfacet
facet normal 3.3697266164296857e-07 1.532052621229292e-06 0.9999999999987695
  outer loop
    vertex -4.024110829167433 14.797890553991287 10.418289927032772
    vertex -11.654640861022044 13.766466993808159 10.41828969217275
    vertex -1.956866729358758 14.725700800541716 10.418289980195206
  endloop
endfacet
facet normal 3.3697266164296857e-07 1.532052621229292e-06 0.9999999999987695
  outer loop
    vertex -11.62201590564368 15.06321535471143 10.41828967224253
    vertex -4.024110829167433 14.797890553991287 10.418289927032772
    vertex -8.787132255710256 14.964218995595003 10.418289767307776
  endloop
endfacet
facet normal -1.0725398913165738e-05 -0.7071255175055212 -0.7070880442897577
  outer loop
    vertex 4.399999829900471 12.050366144321451 11.13993131219878
    vertex 2.60453956874152 12.772006637351218 10.41828913497728
    vertex 4.3999998803847795 12.771919658613532 10.418289891761233
  endloop
endfacet
facet normal -1.0725398913165738e-05 -0.7071255175055212 -0.7070880442897577
  outer loop
    vertex 2.60453956874152 12.772006637351218 10.41828913497728
    vertex 4.399999829900471 12.050366144321451 11.13993131219878
    vertex 1.77437752084044 12.050365887160373 11.13993105560067
  endloop
endfacet
facet normal -6.810979732592499e-08 0.8481191643090009 0.529805514440721
  outer loop
    vertex -6.628385473383957e-07 2.0854685562221777 13.970267554271175
    vertex 1.3172456621108781 1.585468682578516 14.770673647379066
    vertex 1.800003964502198 2.0854688193359268 13.970267393175355
  endloop
endfacet
facet normal -6.810979732592499e-08 0.8481191643090009 0.529805514440721
  outer loop
    vertex 1.3172456621108781 1.585468682578516 14.770673647379066
    vertex -6.628385473383957e-07 2.0854685562221777 13.970267554271175
    vertex -7.324626963622904e-07 1.5854685156812336 14.770673784425727
  endloop
endfacet
facet normal -1.461739331177531e-07 0.9999999999999892 1.1693546794470655e-08
  outer loop
    vertex 1.8000037426210818 2.08546884003048 12.200523891318044
    vertex -6.628385473383957e-07 2.0854685562221777 13.970267554271175
    vertex 1.800003964502198 2.0854688193359268 13.970267393175355
  endloop
endfacet
facet normal -1.461739331177531e-07 0.9999999999999892 1.1693546794470655e-08
  outer loop
    vertex -6.628385473383957e-07 2.0854685562221777 13.970267554271175
    vertex 1.8000037426210818 2.08546884003048 12.200523891318044
    vertex -8.847197366712577e-07 2.0854685769167163 12.200524052413863
  endloop
endfacet
facet normal -0.6409868081414869 0.2131185228657759 -0.7373712816485997
  outer loop
    vertex -5.0380034842451025 3.085470218096562 17.0618412221076
    vertex -4.115588802246359 3.0854690919481276 16.259998381851606
    vertex -4.857015674819966 2.5854698853268343 16.759998532858027
  endloop
endfacet
facet normal -1.6811243766995072e-07 0.8198717787129921 -0.5725471740127324
  outer loop
    vertex 1.2523185386610134 1.5182221867101033 11.388242484402534
    vertex -8.847197366712577e-07 2.0854685769167163 12.200524052413863
    vertex 1.8000037426210818 2.08546884003048 12.200523891318044
  endloop
endfacet
facet normal -1.6811243766995072e-07 0.8198717787129921 -0.5725471740127324
  outer loop
    vertex -8.847197366712577e-07 2.0854685769167163 12.200524052413863
    vertex 1.2523185386610134 1.5182221867101033 11.388242484402534
    vertex -7.416852049857425e-07 1.5182220327531692 11.388242618214775
  endloop
endfacet
facet normal 1.3815334340008002e-06 0.9999999999990451 3.119039371284288e-08
  outer loop
    vertex -7.404056621140853e-08 2.085470351770079 -4.868608512162543e-07
    vertex 1.800003689767313 2.0854675338160544 10.618290261271795
    vertex 1.8000039975948654 2.0854680778810457 -3.077005168200738e-07
  endloop
endfacet
facet normal 1.3815334340008002e-06 0.9999999999990451 3.119039371284288e-08
  outer loop
    vertex 1.800003689767313 2.0854675338160544 10.618290261271795
    vertex -7.404056621140853e-08 2.085470351770079 -4.868608512162543e-07
    vertex -7.828320860436833e-07 2.0854702334591586 10.618289858486548
  endloop
endfacet
facet normal -9.991981028396079e-08 -0.9999999999999946 2.6815539047990553e-08
  outer loop
    vertex -4.115588802246359 3.0854690919481276 16.259998381851606
    vertex 2.765520108254907 3.085468243987695 10.278342167609894
    vertex 2.7655200186253968 3.085468404389059 16.259999094477713
  endloop
endfacet
facet normal -2.37585279831052e-08 -0.7071072534257565 -0.7071063089470226
  outer loop
    vertex 2.282762296998301 2.585468816090495 16.75999911521717
    vertex -4.115588802246359 3.0854690919481276 16.259998381851606
    vertex 2.7655200186253968 3.085468404389059 16.259999094477713
  endloop
endfacet
facet normal -2.37585279831052e-08 -0.7071072534257565 -0.7071063089470226
  outer loop
    vertex -4.115588802246359 3.0854690919481276 16.259998381851606
    vertex 2.282762296998301 2.585468816090495 16.75999911521717
    vertex -4.857015674819966 2.5854698853268343 16.759998532858027
  endloop
endfacet
facet normal 1.902622727744918e-07 -0.9999999999999819 -7.199841318876064e-09
  outer loop
    vertex 3.2000029031930666 3.535468448794316 9.900652535521276
    vertex -2.255082792910862 3.535467410577712 -3.155658813162035e-07
    vertex 3.2000033837563406 3.535468077881066 -2.7734964116958764e-07
  endloop
endfacet
facet normal 1.902622727744918e-07 -0.9999999999999819 -7.199841318876064e-09
  outer loop
    vertex -2.255082792910862 3.535467410577712 -3.155658813162035e-07
    vertex 3.2000029031930666 3.535468448794316 9.900652535521276
    vertex -2.255080144142616 3.535467006162029 14.64268280861417
  endloop
endfacet
facet normal -0.9999999999988683 -1.481585223496459e-06 2.605112397391345e-07
  outer loop
    vertex -2.255080144142616 3.535467006162029 14.64268280861417
    vertex -2.255090260285753 7.788722057627172 -9.734653731259947e-08
    vertex -2.255082792910862 3.535467410577712 -3.155658813162035e-07
  endloop
endfacet
facet normal -0.9999999999988683 -1.481585223496459e-06 2.605112397391345e-07
  outer loop
    vertex -2.255090260285753 7.788722057627172 -9.734653731259947e-08
    vertex -2.255080144142616 3.535467006162029 14.64268280861417
    vertex -2.255085279884919 7.788721625453995 14.642687253008562
  endloop
endfacet
facet normal 0.011206348515303095 0.9999372069049901 1.0287796846408767e-08
  outer loop
    vertex -8.11512974695497 2.1764152318087033 13.970267176351967
    vertex -6.628385473383957e-07 2.0854685562221777 13.970267554271175
    vertex -8.847197366712577e-07 2.0854685769167163 12.200524052413863
  endloop
endfacet
facet normal 1.2852176155879362e-07 0.84811899587288 -0.5298057840752223
  outer loop
    vertex 1.3172456621108781 1.585468682578516 14.770673647379066
    vertex -6.528764961342629 2.0854699567582338 15.57107965342664
    vertex 1.8000038252539168 2.0854687382539825 15.571079837714304
  endloop
endfacet
facet normal 1.2852176155879362e-07 0.84811899587288 -0.5298057840752223
  outer loop
    vertex -6.528764961342629 2.0854699567582338 15.57107965342664
    vertex 1.3172456621108781 1.585468682578516 14.770673647379066
    vertex -7.324626963622904e-07 1.5854685156812336 14.770673784425727
  endloop
endfacet
facet normal 0.02966396201283525 0.8047441855708013 0.5928801271316897
  outer loop
    vertex -11.392149451833193 2.483293491958009 10.64829644900276
    vertex -7.416852049857425e-07 1.5182220327531692 11.388242618214775
    vertex -7.828320860436833e-07 2.0854702334591586 10.618289858486548
  endloop
endfacet
facet normal -0.9996836621679432 -0.02515105553429736 -1.1448057240930782e-08
  outer loop
    vertex -13.029035318603896 21.559965429157398 6.173800862301914
    vertex -13.071397153677006 23.24373167402638 1.4078761361047425
    vertex -13.029035275882881 21.559965353580363 1.4078761608203496
  endloop
endfacet
facet normal -0.9996836621679432 -0.02515105553429736 -1.1448057240930782e-08
  outer loop
    vertex -13.071397153677006 23.24373167402638 1.4078761361047425
    vertex -13.029035318603896 21.559965429157398 6.173800862301914
    vertex -13.071397266145537 23.24373179284829 9.010412476104737
  endloop
endfacet
facet normal -0.9996836621679432 -0.02515105553429736 -1.1448057240930782e-08
  outer loop
    vertex -13.071397266145537 23.24373179284829 9.010412476104737
    vertex -13.029035318603896 21.559965429157398 6.173800862301914
    vertex -13.029035344031747 21.559965474139688 9.010412500820335
  endloop
endfacet
facet normal 0.02882774455140635 0.9962979654963753 0.08098966040095659
  outer loop
    vertex -9.854025998855247 2.3705934715244936 12.200523637340442
    vertex -8.11512974695497 2.1764152318087033 13.970267176351967
    vertex -8.847197366712577e-07 2.0854685769167163 12.200524052413863
  endloop
endfacet
facet normal 0.030391580318023196 0.850992599104744 -0.5242975759191774
  outer loop
    vertex -7.416852049857425e-07 1.5182220327531692 11.388242618214775
    vertex -10.21659677009698 2.156180597954097 11.831521016813477
    vertex -9.854025998855247 2.3705934715244936 12.200523637340442
  endloop
endfacet
facet normal 0.030391580318023196 0.850992599104744 -0.5242975759191774
  outer loop
    vertex -10.21659677009698 2.156180597954097 11.831521016813477
    vertex -7.416852049857425e-07 1.5182220327531692 11.388242618214775
    vertex -10.6362065140054 1.9165918338490704 11.418290097838922
  endloop
endfacet
facet normal 4.255652776354602e-07 0.7071086354212129 -0.7071049269468915
  outer loop
    vertex 1.8000038909230403 2.0854687704235246 16.259999075855678
    vertex -4.857015674819966 2.5854698853268343 16.759998532858027
    vertex 2.282762296998301 2.585468816090495 16.75999911521717
  endloop
endfacet
facet normal 4.255652776354602e-07 0.7071086354212129 -0.7071049269468915
  outer loop
    vertex -4.857015674819966 2.5854698853268343 16.759998532858027
    vertex 1.8000038909230403 2.0854687704235246 16.259999075855678
    vertex -4.115588802245384 2.08547354771098 16.259997100054264
  endloop
endfacet
facet normal -0.7026762849839934 -0.038859610251590807 -0.7104477244753395
  outer loop
    vertex -11.679986093335204 10.33338029531706 -7.42475149516666e-07
    vertex -13.029035275882904 8.988070474911082 1.4078763590815928
    vertex -13.075561615123464 9.829380598721817 1.4078763192467898
  endloop
endfacet
facet normal -2.14559753046527e-05 -0.7071248725052305 -0.7070886890794553
  outer loop
    vertex 3.700113849386065 15.587004290403005 11.14327964906962
    vertex 2.6045371972501496 16.312004759469737 10.418277546413952
    vertex 4.400004557941991 16.311886790274556 10.418277102877367
  endloop
endfacet
facet normal -2.14559753046527e-05 -0.7071248725052305 -0.7070886890794553
  outer loop
    vertex 2.6045371972501496 16.312004759469737 10.418277546413952
    vertex 3.700113849386065 15.587004290403005 11.14327964906962
    vertex 1.7705237057834022 15.587003787975922 11.143279210484202
  endloop
endfacet
facet normal -0.7071068147218494 -1.818281793346713e-08 0.7071067476512436
  outer loop
    vertex -5.119846382970203 5.440844003256841e-07 16.979998354060456
    vertex -7.300700036403326 1.5854698820669662 14.799144533783021
    vertex -7.30070004010329 -1.8646629067800222e-08 14.799144551706897
  endloop
endfacet
facet normal -0.7071068147218494 -1.818281793346713e-08 0.7071067476512436
  outer loop
    vertex -7.300700036403326 1.5854698820669662 14.799144533783021
    vertex -5.119846382970203 5.440844003256841e-07 16.979998354060456
    vertex -6.528764961342629 2.0854699567582338 15.57107965342664
  endloop
endfacet
facet normal -0.7071068147218494 -1.818281793346713e-08 0.7071067476512436
  outer loop
    vertex -6.528764961342629 2.0854699567582338 15.57107965342664
    vertex -5.119846382970203 5.440844003256841e-07 16.979998354060456
    vertex -5.038003430824909 2.085468462961548 17.061841444353682
  endloop
endfacet
facet normal -0.7071068147218494 -1.818281793346713e-08 0.7071067476512436
  outer loop
    vertex -5.038003430824909 2.085468462961548 17.061841444353682
    vertex -5.119846382970203 5.440844003256841e-07 16.979998354060456
    vertex -5.038003472617258 0.00536516019238195 17.061841250497128
  endloop
endfacet
facet normal -0.7120212113420857 -0.017913750509503536 0.7019294068078585
  outer loop
    vertex -11.642331043519745 21.60839027813751 10.418289612245648
    vertex -13.071397266145537 23.24373179284829 9.010412476104737
    vertex -13.029035344031747 21.559965474139688 9.010412500820335
  endloop
endfacet
facet normal -0.7120212113420857 -0.017913750509503536 0.7019294068078585
  outer loop
    vertex -13.071397266145537 23.24373179284829 9.010412476104737
    vertex -11.642331043519745 21.60839027813751 10.418289612245648
    vertex -11.694753392891531 23.69203006158642 10.418289581660375
  endloop
endfacet
facet normal -0.9999999999999999 1.9227289802676513e-09 -1.7100733005602987e-08
  outer loop
    vertex -5.03800345478018 0.010267061218380636 17.136629790081066
    vertex -5.038003430824909 2.085468462961548 17.061841444353682
    vertex -5.038003472617258 0.00536516019238195 17.061841250497128
  endloop
endfacet
facet normal -0.9999999999999999 1.9227289802676513e-09 -1.7100733005602987e-08
  outer loop
    vertex -5.038003430824909 2.085468462961548 17.061841444353682
    vertex -5.03800345478018 0.010267061218380636 17.136629790081066
    vertex -5.038003430824898 22.014950600263543 17.06184113006185
  endloop
endfacet
facet normal -0.9999999999999999 1.9227289802676513e-09 -1.7100733005602987e-08
  outer loop
    vertex -5.038003430824898 22.014950600263543 17.06184113006185
    vertex -5.03800345478018 0.010267061218380636 17.136629790081066
    vertex -5.038003397479652 29.895055852851883 17.061841052626495
  endloop
endfacet
facet normal -0.9999999999999999 1.9227289802676513e-09 -1.7100733005602987e-08
  outer loop
    vertex -5.038003397479652 29.895055852851883 17.061841052626495
    vertex -5.03800345478018 0.010267061218380636 17.136629790081066
    vertex -5.038003398952171 29.890153911726888 17.13663021546099
  endloop
endfacet
facet normal -0.9999999999999999 1.9227289802676513e-09 -1.7100733005602987e-08
  outer loop
    vertex -5.038003398952171 29.890153911726888 17.13663021546099
    vertex -5.03800345478018 0.010267061218380636 17.136629790081066
    vertex -5.038003457798509 0.040889905688125505 17.290581213600152
  endloop
endfacet
facet normal -0.9999999999999999 1.9227289802676513e-09 -1.7100733005602987e-08
  outer loop
    vertex -5.038003398952171 29.890153911726888 17.13663021546099
    vertex -5.038003457798509 0.040889905688125505 17.290581213600152
    vertex -5.038003401970459 29.859531068802646 17.290581639500505
  endloop
endfacet
facet normal -0.9999999999999999 1.9227289802676513e-09 -1.7100733005602987e-08
  outer loop
    vertex -5.038003401970459 29.859531068802646 17.290581639500505
    vertex -5.038003457798509 0.040889905688125505 17.290581213600152
    vertex -5.038003460712612 0.09134546046425455 17.43921847810403
  endloop
endfacet
facet normal -0.9999999999999999 1.9227289802676513e-09 -1.7100733005602987e-08
  outer loop
    vertex -5.038003401970459 29.859531068802646 17.290581639500505
    vertex -5.038003460712612 0.09134546046425455 17.43921847810403
    vertex -5.038003404884607 29.80907551553607 17.43921890473747
  endloop
endfacet
facet normal -0.9999999999999999 1.9227289802676513e-09 -1.7100733005602987e-08
  outer loop
    vertex -5.038003404884607 29.80907551553607 17.43921890473747
    vertex -5.038003460712612 0.09134546046425455 17.43921847810403
    vertex -5.038003463472688 0.1607704170256387 17.5799983588165
  endloop
endfacet
facet normal -0.9999999999999999 1.9227289802676513e-09 -1.7100733005602987e-08
  outer loop
    vertex -5.038003404884607 29.80907551553607 17.43921890473747
    vertex -5.038003463472688 0.1607704170256387 17.5799983588165
    vertex -5.038003407644649 29.739650560418525 17.57999878639492
  endloop
endfacet
facet normal -0.9999999999999999 1.9227289802676513e-09 -1.7100733005602987e-08
  outer loop
    vertex -5.038003407644649 29.739650560418525 17.57999878639492
    vertex -5.038003463472688 0.1607704170256387 17.5799983588165
    vertex -5.038003466031463 0.2479768951310277 17.710512072974897
  endloop
endfacet
facet normal -0.9999999999999999 1.9227289802676513e-09 -1.7100733005602987e-08
  outer loop
    vertex -5.038003407644649 29.739650560418525 17.57999878639492
    vertex -5.038003466031463 0.2479768951310277 17.710512072974897
    vertex -5.038003410203436 29.652444083661006 17.710512501705225
  endloop
endfacet
facet normal -0.9999999999999999 1.9227289802676513e-09 -1.7100733005602987e-08
  outer loop
    vertex -5.038003410203436 29.652444083661006 17.710512501705225
    vertex -5.038003466031463 0.2479768951310277 17.710512072974897
    vertex -5.038003468345212 0.3514727677791379 17.828526494770603
  endloop
endfacet
facet normal -0.9999999999999999 1.9227289802676513e-09 -1.7100733005602987e-08
  outer loop
    vertex -5.038003410203436 29.652444083661006 17.710512501705225
    vertex -5.038003468345212 0.3514727677791379 17.828526494770603
    vertex -5.038003412517174 29.54894821223487 17.828526924850433
  endloop
endfacet
facet normal -0.9999999999999999 1.9227289802676513e-09 -1.7100733005602987e-08
  outer loop
    vertex -5.038003412517174 29.54894821223487 17.828526924850433
    vertex -5.038003468345212 0.3514727677791379 17.828526494770603
    vertex -5.038003470374307 0.469487191914963 17.932022364750303
  endloop
endfacet
facet normal -0.9999999999999999 1.9227289802676513e-09 -1.7100733005602987e-08
  outer loop
    vertex -5.038003412517174 29.54894821223487 17.828526924850433
    vertex -5.038003470374307 0.469487191914963 17.932022364750303
    vertex -5.0380034145462576 29.430933789165884 17.93202279636351
  endloop
endfacet
facet normal -0.9999999999999999 1.9227289802676513e-09 -1.7100733005602987e-08
  outer loop
    vertex -5.0380034145462576 29.430933789165884 17.93202279636351
    vertex -5.038003470374307 0.469487191914963 17.932022364750303
    vertex -5.0380034720840365 0.6000009080451821 18.019228839904674
  endloop
endfacet
facet normal -0.9999999999999999 1.9227289802676513e-09 -1.7100733005602987e-08
  outer loop
    vertex -5.0380034145462576 29.430933789165884 17.93202279636351
    vertex -5.0380034720840365 0.6000009080451821 18.019228839904674
    vertex -5.038003416255998 29.300420073919806 18.019229273217157
  endloop
endfacet
facet normal -0.9999999999999999 1.9227289802676513e-09 -1.7100733005602987e-08
  outer loop
    vertex -5.038003416255998 29.300420073919806 18.019229273217157
    vertex -5.0380034720840365 0.6000009080451821 18.019228839904674
    vertex -5.0380034734451495 0.7407807903273683 18.088653793282912
  endloop
endfacet
facet normal -0.9999999999999999 1.9227289802676513e-09 -1.7100733005602987e-08
  outer loop
    vertex -5.038003416255998 29.300420073919806 18.019229273217157
    vertex -5.0380034734451495 0.7407807903273683 18.088653793282912
    vertex -5.038003417617111 29.15964019231352 18.088654228438397
  endloop
endfacet
facet normal -0.9999999999999999 1.9227289802676513e-09 -1.7100733005602987e-08
  outer loop
    vertex -5.038003417617111 29.15964019231352 18.088654228438397
    vertex -5.0380034734451495 0.7407807903273683 18.088653793282912
    vertex -5.038003474434354 0.8894180559721013 18.139109344698266
  endloop
endfacet
facet normal -0.9999999999999999 1.9227289802676513e-09 -1.7100733005602987e-08
  outer loop
    vertex -5.038003417617111 29.15964019231352 18.088654228438397
    vertex -5.038003474434354 0.8894180559721013 18.139109344698266
    vertex -5.038003418606305 29.01100292711373 18.139109781814433
  endloop
endfacet
facet normal -0.9999999999999999 1.9227289802676513e-09 -1.7100733005602987e-08
  outer loop
    vertex -5.038003418606305 29.01100292711373 18.139109781814433
    vertex -5.038003474434354 0.8894180559721013 18.139109344698266
    vertex -5.038003475034737 1.0433694801835882 18.169732185687028
  endloop
endfacet
facet normal -0.9999999999999999 1.9227289802676513e-09 -1.7100733005602987e-08
  outer loop
    vertex -5.038003418606305 29.01100292711373 18.139109781814433
    vertex -5.038003475034737 1.0433694801835882 18.169732185687028
    vertex -5.0380034192066985 28.857051503096738 18.169732624852085
  endloop
endfacet
facet normal -0.9999999999999999 1.9227289802676513e-09 -1.7100733005602987e-08
  outer loop
    vertex -5.0380034192066985 28.857051503096738 18.169732624852085
    vertex -5.038003475034737 1.0433694801835882 18.169732185687028
    vertex -5.038003475236014 1.2000009114406442 18.17999835095579
  endloop
endfacet
facet normal -0.9999999999999999 1.9227289802676513e-09 -1.7100733005602987e-08
  outer loop
    vertex -5.0380034192066985 28.857051503096738 18.169732624852085
    vertex -5.038003475236014 1.2000009114406442 18.17999835095579
    vertex -5.03800341940797 28.70042007176821 18.17999879222526
  endloop
endfacet
facet normal -0.9999999999999999 1.9227289802676513e-09 -1.7100733005602987e-08
  outer loop
    vertex -5.038003430824909 2.085468462961548 17.061841444353682
    vertex -5.0380034842451025 3.085470218096562 17.0618412221076
    vertex -5.038003424907131 2.085468463367914 16.759999175960576
  endloop
endfacet
facet normal -0.9999999999999999 1.9227289802676513e-09 -1.7100733005602987e-08
  outer loop
    vertex -5.0380034842451025 3.085470218096562 17.0618412221076
    vertex -5.038003430824909 2.085468462961548 17.061841444353682
    vertex -5.038003430824898 22.014950600263543 17.06184113006185
  endloop
endfacet
facet normal -6.801117439347017e-09 -0.13859721154004176 0.99034883397383
  outer loop
    vertex 2.6045284833722313 22.014950646629924 10.41828976122394
    vertex 1.8000036955653616 22.014950573401567 10.41828974545079
    vertex 2.765520108254963 21.014950605283182 10.27834188485846
  endloop
endfacet
facet normal -0.711935855312479 -0.020671111497758556 -0.7019401990696472
  outer loop
    vertex -13.029035275882904 8.988070474911082 1.4078763590815928
    vertex -11.679986093335204 10.33338029531706 -7.42475149516666e-07
    vertex -11.642330950130521 9.036495234257366 -7.294931086140031e-07
  endloop
endfacet
facet normal -0.7194016644275001 -0.694594302610482 -2.87981122611485e-08
  outer loop
    vertex 3.2000033837563238 20.564950447206844 -5.459079111794765e-07
    vertex 1.8000036955653616 22.014950573401567 10.41828974545079
    vertex 1.800003997594905 22.014950447206843 -6.219923547916341e-07
  endloop
endfacet
facet normal -0.7194016644275001 -0.694594302610482 -2.87981122611485e-08
  outer loop
    vertex 1.8000036955653616 22.014950573401567 10.41828974545079
    vertex 3.2000033837563238 20.564950447206844 -5.459079111794765e-07
    vertex 3.2000029031930497 20.564950388564057 9.900652266963018
  endloop
endfacet
facet normal -0.7194016644275001 -0.694594302610482 -2.87981122611485e-08
  outer loop
    vertex 1.8000036955653616 22.014950573401567 10.41828974545079
    vertex 3.2000029031930497 20.564950388564057 9.900652266963018
    vertex 2.765520108254963 21.014950605283182 10.27834188485846
  endloop
endfacet
facet normal -0.7194017292169921 0.694594235507033 -4.584151393832048e-08
  outer loop
    vertex 1.800003689767313 2.0854675338160544 10.618290261271795
    vertex 3.2000033837563406 3.535468077881066 -2.7734964116958764e-07
    vertex 1.8000039975948654 2.0854680778810457 -3.077005168200738e-07
  endloop
endfacet
facet normal -0.7194017292169921 0.694594235507033 -4.584151393832048e-08
  outer loop
    vertex 3.2000033837563406 3.535468077881066 -2.7734964116958764e-07
    vertex 1.800003689767313 2.0854675338160544 10.618290261271795
    vertex 3.2000029031930666 3.535468448794316 9.900652535521276
  endloop
endfacet
facet normal -0.7194017292169921 0.694594235507033 -4.584151393832048e-08
  outer loop
    vertex 3.2000029031930666 3.535468448794316 9.900652535521276
    vertex 1.800003689767313 2.0854675338160544 10.618290261271795
    vertex 2.765520108254907 3.085468243987695 10.278342167609894
  endloop
endfacet
facet normal -0.7194017292169921 0.694594235507033 -4.584151393832048e-08
  outer loop
    vertex 2.765520108254907 3.085468243987695 10.278342167609894
    vertex 1.800003689767313 2.0854675338160544 10.618290261271795
    vertex 2.7655200186253968 3.085468404389059 16.259999094477713
  endloop
endfacet
facet normal -0.7194017292169921 0.694594235507033 -4.584151393832048e-08
  outer loop
    vertex 2.7655200186253968 3.085468404389059 16.259999094477713
    vertex 1.800003689767313 2.0854675338160544 10.618290261271795
    vertex 1.8000037426210818 2.08546884003048 12.200523891318044
  endloop
endfacet
facet normal -0.7194017292169921 0.694594235507033 -4.584151393832048e-08
  outer loop
    vertex 1.8000037426210818 2.08546884003048 12.200523891318044
    vertex 1.800003689767313 2.0854675338160544 10.618290261271795
    vertex 1.2523185386610134 1.5182221867101033 11.388242484402534
  endloop
endfacet
facet normal -0.7194017292169921 0.694594235507033 -4.584151393832048e-08
  outer loop
    vertex 2.7655200186253968 3.085468404389059 16.259999094477713
    vertex 1.8000037426210818 2.08546884003048 12.200523891318044
    vertex 1.800003964502198 2.0854688193359268 13.970267393175355
  endloop
endfacet
facet normal -0.7194017292169921 0.694594235507033 -4.584151393832048e-08
  outer loop
    vertex 2.7655200186253968 3.085468404389059 16.259999094477713
    vertex 1.800003964502198 2.0854688193359268 13.970267393175355
    vertex 1.3172456621108781 1.585468682578516 14.770673647379066
  endloop
endfacet
facet normal -0.7194017292169921 0.694594235507033 -4.584151393832048e-08
  outer loop
    vertex 2.7655200186253968 3.085468404389059 16.259999094477713
    vertex 1.3172456621108781 1.585468682578516 14.770673647379066
    vertex 1.8000038252539168 2.0854687382539825 15.571079837714304
  endloop
endfacet
facet normal -0.7194017292169921 0.694594235507033 -4.584151393832048e-08
  outer loop
    vertex 2.7655200186253968 3.085468404389059 16.259999094477713
    vertex 1.8000038252539168 2.0854687382539825 15.571079837714304
    vertex 1.8000038909230403 2.0854687704235246 16.259999075855678
  endloop
endfacet
facet normal -0.7194017292169921 0.694594235507033 -4.584151393832048e-08
  outer loop
    vertex 2.7655200186253968 3.085468404389059 16.259999094477713
    vertex 1.8000038909230403 2.0854687704235246 16.259999075855678
    vertex 2.282762296998301 2.585468816090495 16.75999911521717
  endloop
endfacet
facet normal -0.7066948119883243 0.01777978010277514 0.7072950742994637
  outer loop
    vertex -10.21659677009698 2.156180597954097 11.831521016813477
    vertex -10.675047306429764 0.3727817701652982 11.4182901218076
    vertex -7.30070004010329 -1.8646629067800222e-08 14.799144551706897
  endloop
endfacet
facet normal -0.7066948119883243 0.01777978010277514 0.7072950742994637
  outer loop
    vertex -10.675047306429764 0.3727817701652982 11.4182901218076
    vertex -10.21659677009698 2.156180597954097 11.831521016813477
    vertex -10.6362065140054 1.9165918338490704 11.418290097838922
  endloop
endfacet
facet normal 0.023716231674814296 0.8196411796153094 -0.572386125822395
  outer loop
    vertex -9.854025998855247 2.3705934715244936 12.200523637340442
    vertex -8.847197366712577e-07 2.0854685769167163 12.200524052413863
    vertex -7.416852049857425e-07 1.5182220327531692 11.388242618214775
  endloop
endfacet
facet normal -0.00211409164615364 0.840277280114823 -0.5421527673445435
  outer loop
    vertex -7.300700036403326 1.5854698820669662 14.799144533783021
    vertex -6.528764961342629 2.0854699567582338 15.57107965342664
    vertex -7.324626963622904e-07 1.5854685156812336 14.770673784425727
  endloop
endfacet
facet normal 0.009504461896069714 0.8480808658357422 0.5297815683915059
  outer loop
    vertex -8.11512974695497 2.1764152318087033 13.970267176351967
    vertex -7.324626963622904e-07 1.5854685156812336 14.770673784425727
    vertex -6.628385473383957e-07 2.0854685562221777 13.970267554271175
  endloop
endfacet
facet normal 0.0022582612204449684 0.8152942753916227 0.5790424377970139
  outer loop
    vertex -8.11512974695497 2.1764152318087033 13.970267176351967
    vertex -7.300700036403326 1.5854698820669662 14.799144533783021
    vertex -7.324626963622904e-07 1.5854685156812336 14.770673784425727
  endloop
endfacet
facet normal -0.46961416902061637 0.1699872259833084 -0.8663526275469912
  outer loop
    vertex -4.857015674819966 2.5854698853268343 16.759998532858027
    vertex -4.115588802245384 2.08547354771098 16.259997100054264
    vertex -5.038003424907131 2.085468463367914 16.759999175960576
  endloop
endfacet
facet normal 6.163498595331948e-08 -2.408901169819773e-08 -0.9999999999999979
  outer loop
    vertex 0.5779138125745644 24.100420398598153 12.179998913386457
    vertex 20.21199635557469 28.210420428956624 12.180000267345186
    vertex 20.211996527793108 24.100420395577686 12.17999918337161
  endloop
endfacet
facet normal 6.163498595331948e-08 -2.408901169819773e-08 -0.9999999999999979
  outer loop
    vertex 20.21199635557469 28.210420428956624 12.180000267345186
    vertex 0.5779138125745644 24.100420398598153 12.179998913386457
    vertex 0.5779138125745644 24.50042043736729 12.179998873376894
  endloop
endfacet
facet normal 6.163498595331948e-08 -2.408901169819773e-08 -0.9999999999999979
  outer loop
    vertex 20.21199635557469 28.210420428956624 12.180000267345186
    vertex 0.5779138125745644 24.50042043736729 12.179998873376894
    vertex -9.919845505745092 24.500420494940403 12.179998656934652
  endloop
endfacet
facet normal 6.163498595331948e-08 -2.408901169819773e-08 -0.9999999999999979
  outer loop
    vertex 20.21199635557469 28.210420428956624 12.180000267345186
    vertex -9.919845505745092 24.500420494940403 12.179998656934652
    vertex -9.919845486001538 29.900420401465773 12.179998638926135
  endloop
endfacet
facet normal 6.163498595331948e-08 -2.408901169819773e-08 -0.9999999999999979
  outer loop
    vertex 20.21199635557469 28.210420428956624 12.180000267345186
    vertex -9.919845486001538 29.900420401465773 12.179998638926135
    vertex 14.411996536290308 29.90042016856104 12.179999031182355
  endloop
endfacet
facet normal 6.163498595331948e-08 -2.408901169819773e-08 -0.9999999999999979
  outer loop
    vertex 14.411996536290308 29.90042016856104 12.179999031182355
    vertex 20.211996354492175 31.896624544177502 12.180000238665572
    vertex 20.21199635557469 28.210420428956624 12.180000267345186
  endloop
endfacet
facet normal 6.163498595331948e-08 -2.408901169819773e-08 -0.9999999999999979
  outer loop
    vertex 20.211996354492175 31.896624544177502 12.180000238665572
    vertex 14.411996536290308 29.90042016856104 12.179999031182355
    vertex 14.411996505710366 44.1714824803768 12.179999093186815
  endloop
endfacet
facet normal 6.163498595331948e-08 -2.408901169819773e-08 -0.9999999999999979
  outer loop
    vertex 20.211996354492175 31.896624544177502 12.180000238665572
    vertex 14.411996505710366 44.1714824803768 12.179999093186815
    vertex 20.22890997194318 32.09910703580457 12.180000238727015
  endloop
endfacet
facet normal 6.163498595331948e-08 -2.408901169819773e-08 -0.9999999999999979
  outer loop
    vertex 20.211996354492175 31.896624544177502 12.180000238665572
    vertex 20.22890997194318 32.09910703580457 12.180000238727015
    vertex 20.242065009276878 32.07219900489866 12.180000239398106
  endloop
endfacet
facet normal 6.163498595331948e-08 -2.408901169819773e-08 -0.9999999999999979
  outer loop
    vertex 20.211996354492175 31.896624544177502 12.180000238665572
    vertex 20.242065009276878 32.07219900489866 12.180000239398106
    vertex 20.25897862870588 32.045290973992735 12.180000240206864
  endloop
endfacet
facet normal 6.163498595331948e-08 -2.408901169819773e-08 -0.9999999999999979
  outer loop
    vertex 20.211996354492175 31.896624544177502 12.180000238665572
    vertex 20.25897862870588 32.045290973992735 12.180000240206864
    vertex 20.27965083023023 32.01838294308681 12.180000241153289
  endloop
endfacet
facet normal 6.163498595331948e-08 -2.408901169819773e-08 -0.9999999999999979
  outer loop
    vertex 20.211996354492175 31.896624544177502 12.180000238665572
    vertex 20.27965083023023 32.01838294308681 12.180000241153289
    vertex 20.304081613849963 31.99147491218089 12.180000242237366
  endloop
endfacet
facet normal 6.163498595331948e-08 -2.408901169819773e-08 -0.9999999999999979
  outer loop
    vertex 20.211996354492175 31.896624544177502 12.180000238665572
    vertex 20.304081613849963 31.99147491218089 12.180000242237366
    vertex 20.332270979565 31.964566881274962 12.180000243459133
  endloop
endfacet
facet normal 6.163498595331948e-08 -2.408901169819773e-08 -0.9999999999999979
  outer loop
    vertex 20.211996354492175 31.896624544177502 12.180000238665572
    vertex 20.332270979565 31.964566881274962 12.180000243459133
    vertex 20.364218927375358 31.937658850369044 12.180000244818567
  endloop
endfacet
facet normal 6.163498595331948e-08 -2.408901169819773e-08 -0.9999999999999979
  outer loop
    vertex 20.211996354492175 31.896624544177502 12.180000238665572
    vertex 20.364218927375358 31.937658850369044 12.180000244818567
    vertex 20.399925457281093 31.910750819463114 12.18000024631566
  endloop
endfacet
facet normal 6.163498595331948e-08 -2.408901169819773e-08 -0.9999999999999979
  outer loop
    vertex 20.211996354492175 31.896624544177502 12.180000238665572
    vertex 20.399925457281093 31.910750819463114 12.18000024631566
    vertex 20.41965851465126 31.89662454423849 12.180000247123216
  endloop
endfacet
facet normal 6.163498595331948e-08 -2.408901169819773e-08 -0.9999999999999979
  outer loop
    vertex 20.22890997194318 32.09910703580457 12.180000238727015
    vertex 14.411996505710366 44.1714824803768 12.179999093186815
    vertex 20.219513516704836 32.12601506671049 12.180000238193605
  endloop
endfacet
facet normal 6.163498595331948e-08 -2.408901169819773e-08 -0.9999999999999979
  outer loop
    vertex 20.219513516704836 32.12601506671049 12.180000238193605
    vertex 14.411996505710366 44.1714824803768 12.179999093186815
    vertex 20.213875643561842 32.15292309761641 12.180000237797858
  endloop
endfacet
facet normal 6.163498595331948e-08 -2.408901169819773e-08 -0.9999999999999979
  outer loop
    vertex 20.213875643561842 32.15292309761641 12.180000237797858
    vertex 14.411996505710366 44.1714824803768 12.179999093186815
    vertex 20.21199635440901 32.179831128731074 12.18000023917439
  endloop
endfacet
facet normal 6.163498595331948e-08 -2.408901169819773e-08 -0.9999999999999979
  outer loop
    vertex 20.21199635440901 32.179831128731074 12.18000023917439
    vertex 14.411996505710366 44.1714824803768 12.179999093186815
    vertex 20.213875643561842 32.206739159428274 12.180000237515024
  endloop
endfacet
facet normal 6.163498595331948e-08 -2.408901169819773e-08 -0.9999999999999979
  outer loop
    vertex 20.213875643561842 32.206739159428274 12.180000237515024
    vertex 14.411996505710366 44.1714824803768 12.179999093186815
    vertex 20.219513516704836 32.23364719033419 12.18000023750901
  endloop
endfacet
facet normal 6.163498595331948e-08 -2.408901169819773e-08 -0.9999999999999979
  outer loop
    vertex 20.219513516704836 32.23364719033419 12.18000023750901
    vertex 14.411996505710366 44.1714824803768 12.179999093186815
    vertex 20.22890997194318 32.260555221240104 12.180000237635646
  endloop
endfacet
facet normal 6.163498595331948e-08 -2.408901169819773e-08 -0.9999999999999979
  outer loop
    vertex 20.22890997194318 32.260555221240104 12.180000237635646
    vertex 14.411996505710366 44.1714824803768 12.179999093186815
    vertex 20.242065009276878 32.287463252146004 12.180000237894925
  endloop
endfacet
facet normal 6.163498595331948e-08 -2.408901169819773e-08 -0.9999999999999979
  outer loop
    vertex 20.242065009276878 32.287463252146004 12.180000237894925
    vertex 14.411996505710366 44.1714824803768 12.179999093186815
    vertex 20.25897862870588 32.31437128305195 12.18000023828686
  endloop
endfacet
facet normal 6.163498595331948e-08 -2.408901169819773e-08 -0.9999999999999979
  outer loop
    vertex 20.25897862870588 32.31437128305195 12.18000023828686
    vertex 14.411996505710366 44.1714824803768 12.179999093186815
    vertex 20.211996354492175 32.46303851274224 12.180000234761426
  endloop
endfacet
facet normal 6.163498595331948e-08 -2.408901169819773e-08 -0.9999999999999979
  outer loop
    vertex 20.25897862870588 32.31437128305195 12.18000023828686
    vertex 20.211996354492175 32.46303851274224 12.180000234761426
    vertex 20.27965083023023 32.341279313957855 12.180000238811438
  endloop
endfacet
facet normal 6.163498595331948e-08 -2.408901169819773e-08 -0.9999999999999979
  outer loop
    vertex 20.27965083023023 32.341279313957855 12.180000238811438
    vertex 20.211996354492175 32.46303851274224 12.180000234761426
    vertex 20.304081613849963 32.3681873448638 12.180000239468658
  endloop
endfacet
facet normal 6.163498595331948e-08 -2.408901169819773e-08 -0.9999999999999979
  outer loop
    vertex 20.304081613849963 32.3681873448638 12.180000239468658
    vertex 20.211996354492175 32.46303851274224 12.180000234761426
    vertex 20.332270979565 32.3950953757697 12.180000240258519
  endloop
endfacet
facet normal 6.163498595331948e-08 -2.408901169819773e-08 -0.9999999999999979
  outer loop
    vertex 20.332270979565 32.3950953757697 12.180000240258519
    vertex 20.211996354492175 32.46303851274224 12.180000234761426
    vertex 20.364218927375358 32.42200340667563 12.18000024118105
  endloop
endfacet
facet normal 6.163498595331948e-08 -2.408901169819773e-08 -0.9999999999999979
  outer loop
    vertex 20.364218927375358 32.42200340667563 12.18000024118105
    vertex 20.211996354492175 32.46303851274224 12.180000234761426
    vertex 20.399925457281093 32.44891143758155 12.180000242236217
  endloop
endfacet
facet normal 6.163498595331948e-08 -2.408901169819773e-08 -0.9999999999999979
  outer loop
    vertex 20.211996354492175 32.46303851274224 12.180000234761426
    vertex 14.411996505710366 44.1714824803768 12.179999093186815
    vertex 20.21199635557467 36.14924182813115 12.180000211003641
  endloop
endfacet
facet normal 6.163498595331948e-08 -2.408901169819773e-08 -0.9999999999999979
  outer loop
    vertex 20.21199635557467 36.14924182813115 12.180000211003641
    vertex 14.411996505710366 44.1714824803768 12.179999093186815
    vertex 20.211996505710506 44.171482477340646 12.179999170164342
  endloop
endfacet
facet normal 6.163498595331948e-08 -2.408901169819773e-08 -0.9999999999999979
  outer loop
    vertex 20.41965851465126 32.46303851274224 12.180000243093811
    vertex 20.399925457281093 32.44891143758155 12.180000242236217
    vertex 20.211996354492175 32.46303851274224 12.180000234761426
  endloop
endfacet
facet normal -0.7068999285985391 0.017784940764470503 0.7070899425316305
  outer loop
    vertex -10.6362065140054 1.9165918338490704 11.418290097838922
    vertex -13.08145769987742 0.4568154122043757 9.010412755344596
    vertex -10.675047306429764 0.3727817701652982 11.4182901218076
  endloop
endfacet
facet normal -0.7068999285985391 0.017784940764470503 0.7070899425316305
  outer loop
    vertex -13.08145769987742 0.4568154122043757 9.010412755344596
    vertex -10.6362065140054 1.9165918338490704 11.418290097838922
    vertex -13.029035317824073 2.5404546758911857 9.01041272332036
  endloop
endfacet
facet normal -0.7068999285985391 0.017784940764470503 0.7070899425316305
  outer loop
    vertex -13.029035317824073 2.5404546758911857 9.01041272332036
    vertex -10.6362065140054 1.9165918338490704 11.418290097838922
    vertex -11.622015905643714 2.491320476042117 10.418289870503768
  endloop
endfacet
facet normal -0.7068999285985391 0.017784940764470503 0.7070899425316305
  outer loop
    vertex -11.622015905643714 2.491320476042117 10.418289870503768
    vertex -10.6362065140054 1.9165918338490704 11.418290097838922
    vertex -11.392149451833193 2.483293491958009 10.64829644900276
  endloop
endfacet
facet normal -0.6238870231464324 0.22583021270673628 -0.7481749109521871
  outer loop
    vertex -5.0380034842451025 3.085470218096562 17.0618412221076
    vertex -4.857015674819966 2.5854698853268343 16.759998532858027
    vertex -5.038003424907131 2.085468463367914 16.759999175960576
  endloop
endfacet
facet normal -0.7132959607724149 9.587908714070194e-09 0.7008629483328087
  outer loop
    vertex -7.30070004010329 -1.8646629067800222e-08 14.799144551706897
    vertex -9.854025998855247 2.3705934715244936 12.200523637340442
    vertex -10.21659677009698 2.156180597954097 11.831521016813477
  endloop
endfacet
facet normal -0.7132959607724149 9.587908714070194e-09 0.7008629483328087
  outer loop
    vertex -9.854025998855247 2.3705934715244936 12.200523637340442
    vertex -7.30070004010329 -1.8646629067800222e-08 14.799144551706897
    vertex -8.11512974695497 2.1764152318087033 13.970267176351967
  endloop
endfacet
facet normal -0.7132959607724149 9.587908714070194e-09 0.7008629483328087
  outer loop
    vertex -8.11512974695497 2.1764152318087033 13.970267176351967
    vertex -7.30070004010329 -1.8646629067800222e-08 14.799144551706897
    vertex -7.300700036403326 1.5854698820669662 14.799144533783021
  endloop
endfacet
facet normal 7.125998773967016e-07 0.805098978959354 0.5931404842683543
  outer loop
    vertex -7.828320860436833e-07 2.0854702334591586 10.618289858486548
    vertex 1.2523185386610134 1.5182221867101033 11.388242484402534
    vertex 1.800003689767313 2.0854675338160544 10.618290261271795
  endloop
endfacet
facet normal 7.125998773967016e-07 0.805098978959354 0.5931404842683543
  outer loop
    vertex 1.2523185386610134 1.5182221867101033 11.388242484402534
    vertex -7.828320860436833e-07 2.0854702334591586 10.618289858486548
    vertex -7.416852049857425e-07 1.5182220327531692 11.388242618214775
  endloop
endfacet
facet normal -0.03489955451788687 0.9993908250001362 -4.495040828220556e-09
  outer loop
    vertex -11.69475329950235 23.692029896375484 -9.58339608842955e-07
    vertex -7.118897436875215e-07 24.100420379983508 10.418289888257831
    vertex -4.416968265363863e-07 24.100420464172657 -3.684572628180253e-07
  endloop
endfacet
facet normal -0.03489955451788687 0.9993908250001362 -4.495040828220556e-09
  outer loop
    vertex -7.118897436875215e-07 24.100420379983508 10.418289888257831
    vertex -11.69475329950235 23.692029896375484 -9.58339608842955e-07
    vertex -11.694753392891531 23.69203006158642 10.418289581660375
  endloop
endfacet
facet normal 0.032321766264086414 0.8198510479163731 0.5716638545998816
  outer loop
    vertex -11.392149451833193 2.483293491958009 10.64829644900276
    vertex -10.6362065140054 1.9165918338490704 11.418290097838922
    vertex -7.416852049857425e-07 1.5182220327531692 11.388242618214775
  endloop
endfacet
facet normal -1.1663634043628803e-08 -1.9972019592500557e-08 0.9999999999999997
  outer loop
    vertex -6.879309614595335 21.774718651541313 10.418289652303049
    vertex -11.694753392891531 23.69203006158642 10.418289581660375
    vertex -11.642331043519745 21.60839027813751 10.418289612245648
  endloop
endfacet
facet normal -1.1663634043628803e-08 -1.9972019592500557e-08 0.9999999999999997
  outer loop
    vertex -11.694753392891531 23.69203006158642 10.418289581660375
    vertex -6.879309614595335 21.774718651541313 10.418289652303049
    vertex -4.044425963244393 21.87371497006609 10.418289676145557
  endloop
endfacet
facet normal -1.1663634043628803e-08 -1.9972019592500557e-08 0.9999999999999997
  outer loop
    vertex -11.694753392891531 23.69203006158642 10.418289581660375
    vertex -4.044425963244393 21.87371497006609 10.418289676145557
    vertex -7.077935957333636e-07 22.01494983718205 10.418289710160797
  endloop
endfacet
facet normal -1.1663634043628803e-08 -1.9972019592500557e-08 0.9999999999999997
  outer loop
    vertex -11.694753392891531 23.69203006158642 10.418289581660375
    vertex -7.077935957333636e-07 22.01494983718205 10.418289710160797
    vertex 1.8000036955653616 22.014950573401567 10.41828974545079
  endloop
endfacet
facet normal -1.1663634043628803e-08 -1.9972019592500557e-08 0.9999999999999997
  outer loop
    vertex -11.694753392891531 23.69203006158642 10.418289581660375
    vertex 1.8000036955653616 22.014950573401567 10.41828974545079
    vertex 2.6045284833722313 22.014950646629924 10.41828976122394
  endloop
endfacet
facet normal -1.1663634043628803e-08 -1.9972019592500557e-08 0.9999999999999997
  outer loop
    vertex -11.694753392891531 23.69203006158642 10.418289581660375
    vertex 2.6045284833722313 22.014950646629924 10.41828976122394
    vertex 2.6045284833722313 24.100420490491395 10.418289728335672
  endloop
endfacet
facet normal -1.1663634043628803e-08 -1.9972019592500557e-08 0.9999999999999997
  outer loop
    vertex -11.694753392891531 23.69203006158642 10.418289581660375
    vertex 2.6045284833722313 24.100420490491395 10.418289728335672
    vertex -7.118897436875215e-07 24.100420379983508 10.418289888257831
  endloop
endfacet
facet normal 0.03489966969788414 -0.9993908209779487 5.61653441008495e-10
  outer loop
    vertex -7.077935957333636e-07 22.01494983718205 10.418289710160797
    vertex -2.6374064913140374 21.922849149949222 9.01041258797885
    vertex -5.1573736454813e-07 22.01495011240256 -7.89541562519714e-07
  endloop
endfacet
facet normal 0.03489966969788414 -0.9993908209779487 5.61653441008495e-10
  outer loop
    vertex -2.6374064913140374 21.922849149949222 9.01041258797885
    vertex -7.077935957333636e-07 22.01494983718205 10.418289710160797
    vertex -4.044425963244393 21.87371497006609 10.418289676145557
  endloop
endfacet
facet normal 0.03489966969788414 -0.9993908209779487 5.61653441008495e-10
  outer loop
    vertex -5.1573736454813e-07 22.01495011240256 -7.89541562519714e-07
    vertex -2.637406423165058 21.922849029389823 1.4078762479789193
    vertex -4.044425869855179 21.873714804855123 -8.638542721935345e-07
  endloop
endfacet
facet normal 0.03489966969788414 -0.9993908209779487 5.61653441008495e-10
  outer loop
    vertex -2.637406423165058 21.922849029389823 1.4078762479789193
    vertex -5.1573736454813e-07 22.01495011240256 -7.89541562519714e-07
    vertex -2.6374064913140374 21.922849149949222 9.01041258797885
  endloop
endfacet
facet normal 0.03489966969788414 -0.9993908209779487 5.61653441008495e-10
  outer loop
    vertex -2.637406423165058 21.922849029389823 1.4078762479789193
    vertex -2.6374064913140374 21.922849149949222 9.01041258797885
    vertex -2.6374064485929214 21.92284907437213 4.244487886497203
  endloop
endfacet
facet normal -7.476780550802886e-09 0.8314696121211528 0.5555702332910752
  outer loop
    vertex 14.572766003022465 29.739650564863165 17.57999904340675
    vertex -5.038003410203436 29.652444083661006 17.710512501705225
    vertex 14.65997247753632 29.652444088108883 17.71051276039486
  endloop
endfacet
facet normal -7.476780550802886e-09 0.8314696121211528 0.5555702332910752
  outer loop
    vertex -5.038003410203436 29.652444083661006 17.710512501705225
    vertex 14.572766003022465 29.739650564863165 17.57999904340675
    vertex -5.038003407644649 29.739650560418525 17.57999878639492
  endloop
endfacet
facet normal 2.9750587141578065e-07 -0.9999999999999557 -7.152115997859763e-09
  outer loop
    vertex 1.8000036955653616 22.014950573401567 10.41828974545079
    vertex -5.1573736454813e-07 22.01495011240256 -7.89541562519714e-07
    vertex 1.800003997594905 22.014950447206843 -6.219923547916341e-07
  endloop
endfacet
facet normal 2.9750587141578065e-07 -0.9999999999999557 -7.152115997859763e-09
  outer loop
    vertex -5.1573736454813e-07 22.01495011240256 -7.89541562519714e-07
    vertex 1.8000036955653616 22.014950573401567 10.41828974545079
    vertex -7.077935957333636e-07 22.01494983718205 10.418289710160797
  endloop
endfacet
facet normal 2.1107557434055e-11 -0.999999396234232 -0.0010988772320590329
  outer loop
    vertex -5.038003430824898 22.014950600263543 17.06184113006185
    vertex -2.255095886342447 22.017943787908145 14.337982914880737
    vertex -2.2550957539417946 22.01760894489896 14.6426964816581
  endloop
endfacet
facet normal 2.1107557434055e-11 -0.999999396234232 -0.0010988772320590329
  outer loop
    vertex -2.255095886342447 22.017943787908145 14.337982914880737
    vertex -5.038003430824898 22.014950600263543 17.06184113006185
    vertex -7.761861572533481 22.01794378790735 14.337982806917637
  endloop
endfacet
facet normal 1.3955218808319932e-08 0.6560590180207231 -0.7547095897586596
  outer loop
    vertex -2.255096178961379 20.564950638786485 11.105852812874392
    vertex -0.7719892246280188 23.150517417692992 13.353451681006344
    vertex 1.8135779778360142 20.56495063878647 11.105852892642936
  endloop
endfacet
facet normal 1.3955218808319932e-08 0.6560590180207231 -0.7547095897586596
  outer loop
    vertex -0.7719892246280188 23.150517417692992 13.353451681006344
    vertex -2.255096178961379 20.564950638786485 11.105852812874392
    vertex -2.2550962230267166 23.150517410714013 13.353451659957653
  endloop
endfacet
facet normal -0.6560590127393499 -7.515683629730599e-08 -0.7547095943496835
  outer loop
    vertex 0.5779138125745644 24.50042043736729 12.179998873376894
    vertex 0.5779138125745644 24.100420398598153 12.179998913386457
    vertex -0.7719892246280188 23.150517417692992 13.353451681006344
  endloop
endfacet
facet normal -0.6560590127393499 -7.515683629730599e-08 -0.7547095943496835
  outer loop
    vertex 1.8135779778360142 20.56495063878647 11.105852892642936
    vertex 2.765520108254963 21.014950605283182 10.27834188485846
    vertex 3.2000029031930497 20.564950388564057 9.900652266963018
  endloop
endfacet
facet normal -0.6560590127393499 -7.515683629730599e-08 -0.7547095943496835
  outer loop
    vertex 2.765520108254963 21.014950605283182 10.27834188485846
    vertex 1.8135779778360142 20.56495063878647 11.105852892642936
    vertex -0.7719892246280188 23.150517417692992 13.353451681006344
  endloop
endfacet
facet normal -0.6560590127393499 -7.515683629730599e-08 -0.7547095943496835
  outer loop
    vertex 2.765520108254963 21.014950605283182 10.27834188485846
    vertex -0.7719892246280188 23.150517417692992 13.353451681006344
    vertex 2.6045284833722313 22.014950646629924 10.41828976122394
  endloop
endfacet
facet normal -0.6560590127393499 -7.515683629730599e-08 -0.7547095943496835
  outer loop
    vertex 2.6045284833722313 22.014950646629924 10.41828976122394
    vertex -0.7719892246280188 23.150517417692992 13.353451681006344
    vertex 2.6045284833722313 24.100420490491395 10.418289728335672
  endloop
endfacet
facet normal -0.6560590127393499 -7.515683629730599e-08 -0.7547095943496835
  outer loop
    vertex 2.6045284833722313 24.100420490491395 10.418289728335672
    vertex -0.7719892246280188 23.150517417692992 13.353451681006344
    vertex 0.5779138125745644 24.100420398598153 12.179998913386457
  endloop
endfacet
facet normal -0.6560588193782946 -2.8719945648421195e-08 -0.7547097624358368
  outer loop
    vertex -4.115588802246359 3.0854690919481276 16.259998381851606
    vertex 3.2000029031930666 3.535468448794316 9.900652535521276
    vertex 2.765520108254907 3.085468243987695 10.278342167609894
  endloop
endfacet
facet normal -0.6560588193782946 -2.8719945648421195e-08 -0.7547097624358368
  outer loop
    vertex 3.2000029031930666 3.535468448794316 9.900652535521276
    vertex -4.115588802246359 3.0854690919481276 16.259998381851606
    vertex -5.0380034842451025 3.085470218096562 17.0618412221076
  endloop
endfacet
facet normal -0.6560588193782946 -2.8719945648421195e-08 -0.7547097624358368
  outer loop
    vertex 3.2000029031930666 3.535468448794316 9.900652535521276
    vertex -5.0380034842451025 3.085470218096562 17.0618412221076
    vertex -2.255080144142616 3.535467006162029 14.64268280861417
  endloop
endfacet
facet normal -0.6560588193782946 -2.8719945648421195e-08 -0.7547097624358368
  outer loop
    vertex -5.038003430824898 22.014950600263543 17.06184113006185
    vertex -2.255080144142616 3.535467006162029 14.64268280861417
    vertex -5.0380034842451025 3.085470218096562 17.0618412221076
  endloop
endfacet
facet normal -0.6560588193782946 -2.8719945648421195e-08 -0.7547097624358368
  outer loop
    vertex -2.255080144142616 3.535467006162029 14.64268280861417
    vertex -5.038003430824898 22.014950600263543 17.06184113006185
    vertex -2.255085279884919 7.788721625453995 14.642687253008562
  endloop
endfacet
facet normal -0.6560588193782946 -2.8719945648421195e-08 -0.7547097624358368
  outer loop
    vertex -2.255085279884919 7.788721625453995 14.642687253008562
    vertex -5.038003430824898 22.014950600263543 17.06184113006185
    vertex -2.255097332866126 16.312007673927795 14.642697873435685
  endloop
endfacet
facet normal -0.6560588193782946 -2.8719945648421195e-08 -0.7547097624358368
  outer loop
    vertex -2.255085279884919 7.788721625453995 14.642687253008562
    vertex -2.255097332866126 16.312007673927795 14.642697873435685
    vertex 1.7705166222622417 8.513725569455634 11.143289180884855
  endloop
endfacet
facet normal -0.6560588193782946 -2.8719945648421195e-08 -0.7547097624358368
  outer loop
    vertex 1.7705166222622417 8.513725569455634 11.143289180884855
    vertex -2.255097332866126 16.312007673927795 14.642697873435685
    vertex 2.604546121397792 9.23872455106168 10.418287624348265
  endloop
endfacet
facet normal -0.6560588193782946 -2.8719945648421195e-08 -0.7547097624358368
  outer loop
    vertex 2.604546121397792 9.23872455106168 10.418287624348265
    vertex -2.255097332866126 16.312007673927795 14.642697873435685
    vertex 1.77437752084044 12.050365887160373 11.13993105560067
  endloop
endfacet
facet normal -0.6560588193782946 -2.8719945648421195e-08 -0.7547097624358368
  outer loop
    vertex 2.604546121397792 9.23872455106168 10.418287624348265
    vertex 1.77437752084044 12.050365887160373 11.13993105560067
    vertex 2.6045399143784445 11.328723967452692 10.418289305956653
  endloop
endfacet
facet normal -0.6560588193782946 -2.8719945648421195e-08 -0.7547097624358368
  outer loop
    vertex 1.77437752084044 12.050365887160373 11.13993105560067
    vertex -2.255097332866126 16.312007673927795 14.642697873435685
    vertex 2.60453956874152 12.772006637351218 10.41828913497728
  endloop
endfacet
facet normal -0.6560588193782946 -2.8719945648421195e-08 -0.7547097624358368
  outer loop
    vertex 2.60453956874152 12.772006637351218 10.41828913497728
    vertex -2.255097332866126 16.312007673927795 14.642697873435685
    vertex 2.604535775335061 14.862006600978665 10.418282144099187
  endloop
endfacet
facet normal -0.6560588193782946 -2.8719945648421195e-08 -0.7547097624358368
  outer loop
    vertex 2.604535775335061 14.862006600978665 10.418282144099187
    vertex -2.255097332866126 16.312007673927795 14.642697873435685
    vertex 1.7705237057834022 15.587003787975922 11.143279210484202
  endloop
endfacet
facet normal -0.6560588193782946 -2.8719945648421195e-08 -0.7547097624358368
  outer loop
    vertex 1.7705237057834022 15.587003787975922 11.143279210484202
    vertex -2.255097332866126 16.312007673927795 14.642697873435685
    vertex 2.6045371972501496 16.312004759469737 10.418277546413952
  endloop
endfacet
facet normal -0.6560588193782946 -2.8719945648421195e-08 -0.7547097624358368
  outer loop
    vertex -2.255097332866126 16.312007673927795 14.642697873435685
    vertex -5.038003430824898 22.014950600263543 17.06184113006185
    vertex -2.2550957539417946 22.01760894489896 14.6426964816581
  endloop
endfacet
facet normal -0.6560588193782946 -2.8719945648421195e-08 -0.7547097624358368
  outer loop
    vertex 1.7705166222622417 8.513725569455634 11.143289180884855
    vertex 2.6045330004436273 7.788719359870302 10.418284174131339
    vertex -2.255085279884919 7.788721625453995 14.642687253008562
  endloop
endfacet
facet normal -0.9999999999999382 3.150944669660583e-07 1.5477247533083787e-07
  outer loop
    vertex -2.2551004463571047 16.312008343435917 -3.5602272578476154e-07
    vertex -2.255096178961379 20.564950638786485 11.105852812874392
    vertex -2.2550979308162633 20.564951114510215 -7.417727359819323e-07
  endloop
endfacet
facet normal -0.9999999999999382 3.150944669660583e-07 1.5477247533083787e-07
  outer loop
    vertex -2.255096178961379 20.564950638786485 11.105852812874392
    vertex -2.2551004463571047 16.312008343435917 -3.5602272578476154e-07
    vertex -2.255097332866126 16.312007673927795 14.642697873435685
  endloop
endfacet
facet normal -0.9999999999999382 3.150944669660583e-07 1.5477247533083787e-07
  outer loop
    vertex -2.255096178961379 20.564950638786485 11.105852812874392
    vertex -2.255097332866126 16.312007673927795 14.642697873435685
    vertex -2.2550962230267166 23.150517410714013 13.353451659957653
  endloop
endfacet
facet normal -0.9999999999999382 3.150944669660583e-07 1.5477247533083787e-07
  outer loop
    vertex -2.2550962230267166 23.150517410714013 13.353451659957653
    vertex -2.255097332866126 16.312007673927795 14.642697873435685
    vertex -2.255095886342447 22.017943787908145 14.337982914880737
  endloop
endfacet
facet normal -0.9999999999999382 3.150944669660583e-07 1.5477247533083787e-07
  outer loop
    vertex -2.255095886342447 22.017943787908145 14.337982914880737
    vertex -2.255097332866126 16.312007673927795 14.642697873435685
    vertex -2.2550957539417946 22.01760894489896 14.6426964816581
  endloop
endfacet
facet normal 7.880635550114125e-08 0.9999999999999967 1.776152379576203e-08
  outer loop
    vertex -2.2550979308162633 20.564951114510215 -7.417727359819323e-07
    vertex 3.2000029031930497 20.564950388564057 9.900652266963018
    vertex 3.2000033837563238 20.564950447206844 -5.459079111794765e-07
  endloop
endfacet
facet normal 7.880635550114125e-08 0.9999999999999967 1.776152379576203e-08
  outer loop
    vertex 3.2000029031930497 20.564950388564057 9.900652266963018
    vertex -2.2550979308162633 20.564951114510215 -7.417727359819323e-07
    vertex 1.8135779778360142 20.56495063878647 11.105852892642936
  endloop
endfacet
facet normal 7.880635550114125e-08 0.9999999999999967 1.776152379576203e-08
  outer loop
    vertex 1.8135779778360142 20.56495063878647 11.105852892642936
    vertex -2.2550979308162633 20.564951114510215 -7.417727359819323e-07
    vertex -2.255096178961379 20.564950638786485 11.105852812874392
  endloop
endfacet
facet normal -0.7071068060036898 9.416159368775976e-09 0.7071067563694042
  outer loop
    vertex -7.761861572533481 22.01794378790735 14.337982806917637
    vertex -9.919845486001538 29.900420401465773 12.179998638926135
    vertex -9.919845505745092 24.500420494940403 12.179998656934652
  endloop
endfacet
facet normal -0.7071068060036898 9.416159368775976e-09 0.7071067563694042
  outer loop
    vertex -9.919845486001538 29.900420401465773 12.179998638926135
    vertex -7.761861572533481 22.01794378790735 14.337982806917637
    vertex -5.119845863225147 29.900420079713 16.979998581221697
  endloop
endfacet
facet normal -0.7071068060036898 9.416159368775976e-09 0.7071067563694042
  outer loop
    vertex -5.119845863225147 29.900420079713 16.979998581221697
    vertex -7.761861572533481 22.01794378790735 14.337982806917637
    vertex -5.038003430824898 22.014950600263543 17.06184113006185
  endloop
endfacet
facet normal -0.7071068060036898 9.416159368775976e-09 0.7071067563694042
  outer loop
    vertex -5.119845863225147 29.900420079713 16.979998581221697
    vertex -5.038003430824898 22.014950600263543 17.06184113006185
    vertex -5.038003397479652 29.895055852851883 17.061841052626495
  endloop
endfacet
facet normal 1.2831100234589852e-08 -0.6560590373783767 -0.7547095729313082
  outer loop
    vertex -9.919845505745092 24.500420494940403 12.179998656934652
    vertex -2.255095886342447 22.017943787908145 14.337982914880737
    vertex -7.761861572533481 22.01794378790735 14.337982806917637
  endloop
endfacet
facet normal 1.2831100234589852e-08 -0.6560590373783767 -0.7547095729313082
  outer loop
    vertex -2.255095886342447 22.017943787908145 14.337982914880737
    vertex -9.919845505745092 24.500420494940403 12.179998656934652
    vertex -2.2550962230267166 23.150517410714013 13.353451659957653
  endloop
endfacet
facet normal 1.2831100234589852e-08 -0.6560590373783767 -0.7547095729313082
  outer loop
    vertex -2.2550962230267166 23.150517410714013 13.353451659957653
    vertex -9.919845505745092 24.500420494940403 12.179998656934652
    vertex -0.7719892246280188 23.150517417692992 13.353451681006344
  endloop
endfacet
facet normal 1.2831100234589852e-08 -0.6560590373783767 -0.7547095729313082
  outer loop
    vertex -0.7719892246280188 23.150517417692992 13.353451681006344
    vertex -9.919845505745092 24.500420494940403 12.179998656934652
    vertex 0.5779138125745644 24.50042043736729 12.179998873376894
  endloop
endfacet
facet normal 0.2494648364776247 0.9439019117102945 0.21637115434096887
  outer loop
    vertex -11.548314423546374 17.17374447060059 5.913082920933615
    vertex -7.833007161748467 16.282481043666014 5.517589971477616
    vertex -7.7739289732730015 16.337572329683926 5.20914450876528
  endloop
endfacet
facet normal 0.2494648364776247 0.9439019117102945 0.21637115434096887
  outer loop
    vertex -7.833007161748467 16.282481043666014 5.517589971477616
    vertex -11.548314423546374 17.17374447060059 5.913082920933615
    vertex -8.502005939104922 15.658629772325972 9.010412665609744
  endloop
endfacet
facet normal 0.2494648364776247 0.9439019117102945 0.21637115434096887
  outer loop
    vertex -8.502005939104922 15.658629772325972 9.010412665609744
    vertex -11.548314423546374 17.17374447060059 5.913082920933615
    vertex -11.572881636861919 16.470234790811634 9.010412551369969
  endloop
endfacet
facet normal 0.2412446706104914 0.6822083748326074 0.6902120994377655
  outer loop
    vertex -3.9504093006438836 16.908419647374036 4.505206075724212
    vertex -3.9995435694256685 15.501400211273785 5.913083196596708
    vertex -2.6170912305947223 14.748756263782841 6.173801235698027
  endloop
endfacet
facet normal -0.5625419037108272 -0.5945256262020021 -0.5745310142703486
  outer loop
    vertex -13.029035275882881 21.559965353580363 1.4078761608203496
    vertex -11.642330950130509 21.608390112926653 -9.277543513731709e-07
    vertex -11.593196760541831 20.20137067594213 1.4078761949982843
  endloop
endfacet
facet normal -0.18301387544056816 -0.9590044045084227 -0.21637114763680923
  outer loop
    vertex -8.473186917103442 7.034061433036803 9.010412770669163
    vertex -11.617763902030743 8.332985598370565 5.9130831018832675
    vertex -7.794244254478567 7.762138203516746 5.209144595209401
  endloop
endfacet
facet normal -0.18301387544056816 -0.9590044045084227 -0.21637114763680923
  outer loop
    vertex -11.617763902030743 8.332985598370565 5.9130831018832675
    vertex -8.473186917103442 7.034061433036803 9.010412770669163
    vertex -11.593196828690575 7.629475917832142 9.010412733259525
  endloop
endfacet
facet normal 0.2258985939793634 -0.8547341625140352 -0.46733214812334223
  outer loop
    vertex -11.593196760541831 20.20137067594213 1.4078761949982843
    vertex -8.807447298779636 21.707386431451418 -9.039118317486616e-07
    vertex -8.522321051163766 21.012975650457008 1.407876209655271
  endloop
endfacet
facet normal -0.6787156952896848 -0.7173045483601942 -0.15754107359421413
  outer loop
    vertex -13.029035275882904 8.988070474911082 1.4078763590815928
    vertex -11.593196760541797 7.629475797272822 1.4078763932595277
    vertex -11.568629687201607 6.925966116734553 4.505206024635935
  endloop
endfacet
facet normal -0.6787156952896867 -0.7173045483601926 -0.15754107359421357
  outer loop
    vertex -13.029035275882881 21.559965353580363 1.4078761608203496
    vertex -11.593196760541831 20.20137067594213 1.4078761949982843
    vertex -11.568629687201641 19.497860995403848 4.505205826374695
  endloop
endfacet
facet normal -0.6657035857766666 0.7138797118213295 0.21728896183189758
  outer loop
    vertex -8.787132255710256 14.964218995595003 10.418289767307776
    vertex -7.045852258142633 17.016515008577173 9.010412691920589
    vertex -8.502005939104922 15.658629772325972 9.010412665609744
  endloop
endfacet
facet normal 0.8509021894488874 -0.5253241513495163 1.5957860479271688e-08
  outer loop
    vertex -2.6374064913140374 21.922849149949222 9.01041258797885
    vertex -3.9707246195463997 19.763185709658025 5.91308299027442
    vertex -2.6374064485929214 21.92284907437213 4.244487886497203
  endloop
endfacet
facet normal 0.7138796968679922 -0.6657035853873672 0.2172890121521738
  outer loop
    vertex -6.879309614595335 21.774718651541313 10.418289652303049
    vertex -8.473186917103478 19.605956311706116 9.010412572407924
    vertex -7.115301660002207 21.062109973225336 9.01041256148848
  endloop
endfacet
facet normal 0.02467767711681992 -0.7066760420539463 -0.7071067697590562
  outer loop
    vertex -4.01985880913519 21.170205146642523 4.505205867521844
    vertex -3.9707246195463997 19.763185709658025 5.91308299027442
    vertex -7.794244254478589 20.33403308218604 5.209144396948158
  endloop
endfacet
facet normal 0.2494648320368391 -0.9439019152545192 -0.21637114399956905
  outer loop
    vertex -11.568629687201607 6.925966116734553 4.505206024635935
    vertex -7.853322429228996 7.817229490420215 4.900699130026388
    vertex -7.794244254478567 7.762138203516746 5.209144595209401
  endloop
endfacet
facet normal 0.2494648320368391 -0.9439019152545192 -0.21637114399956905
  outer loop
    vertex -7.853322429228996 7.817229490420215 4.900699130026388
    vertex -11.568629687201607 6.925966116734553 4.505206024635935
    vertex -8.522321051163788 8.441080771787718 1.4078764079165145
  endloop
endfacet
facet normal 0.2494648320368391 -0.9439019152545192 -0.21637114399956905
  outer loop
    vertex -8.522321051163788 8.441080771787718 1.4078764079165145
    vertex -11.568629687201607 6.925966116734553 4.505206024635935
    vertex -11.593196760541797 7.629475797272822 1.4078763932595277
  endloop
endfacet
facet normal 0.22589859397937187 -0.8547341625140389 -0.4673321481233312
  outer loop
    vertex -11.593196760541797 7.629475797272822 1.4078763932595277
    vertex -8.807447298779646 9.135491552782092 -7.05650588989493e-07
    vertex -8.522321051163788 8.441080771787718 1.4078764079165145
  endloop
endfacet
facet normal 0.024677677116962258 -0.7066760420539505 -0.7071067697590472
  outer loop
    vertex -8.807447298779636 21.707386431451418 -9.039118317486616e-07
    vertex -11.593196760541831 20.20137067594213 1.4078761949982843
    vertex -11.642330950130509 21.608390112926653 -9.277543513731709e-07
  endloop
endfacet
facet normal 0.7313537113844262 0.6819983495905437 1.321450683738114e-08
  outer loop
    vertex -2.6170913241344373 2.176861430459938 9.010413072477549
    vertex -2.617091230594728 2.176861385113533 6.173801433959274
    vertex -3.9749765603856364 3.6330151114221554 9.010413004421613
  endloop
endfacet
facet normal 0.02467765757952913 0.7066760417913742 0.7071067707033099
  outer loop
    vertex -11.57288163686193 3.8983399121423634 9.010412749631204
    vertex -11.622015905643714 2.491320476042117 10.418289870503768
    vertex -8.787132255710269 2.392324116925705 10.418289965569016
  endloop
endfacet
facet normal -0.16572507571959688 -0.8684099472968487 0.4673321759879348
  outer loop
    vertex -7.115301660002207 21.062109973225336 9.01041256148848
    vertex -3.995291748415335 20.466695488430037 9.0104125988982
    vertex -6.879309614595335 21.774718651541313 10.418289652303049
  endloop
endfacet
facet normal 0.02467767711681944 -0.7066760420539445 -0.707106769759058
  outer loop
    vertex -4.019858809135212 8.598310267973238 4.505206065783088
    vertex -3.97072461954636 7.191290830988731 5.9130831885356585
    vertex -7.794244254478567 7.762138203516746 5.209144595209401
  endloop
endfacet
facet normal -0.6657035868853182 -0.7138797022614787 -0.21728898984321413
  outer loop
    vertex -8.807447298779646 9.135491552782092 -7.05650588989493e-07
    vertex -7.066167389644501 7.083195514686438 1.4078764425024692
    vertex -8.522321051163788 8.441080771787718 1.4078764079165145
  endloop
endfacet
facet normal 0.5971477916455409 -0.5568493200338713 0.5773502833728141
  outer loop
    vertex -4.044425963244393 21.87371497006609 10.418289676145557
    vertex -3.995291748415335 20.466695488430037 9.0104125988982
    vertex -2.6374064913140374 21.922849149949222 9.01041258797885
  endloop
endfacet
facet normal 0.7313537016191447 -0.6819983600625261 1.737093965516287e-08
  outer loop
    vertex -2.6374064485929267 9.350954195702826 4.244488084758449
    vertex -3.995291680266367 7.894800489201397 1.40787645715945
    vertex -2.6374064231650634 9.35095415072055 1.4078764462401605
  endloop
endfacet
facet normal 0.019358765127433675 -0.5543623010475248 -0.8320502853734468
  outer loop
    vertex -4.044425869855179 21.873714804855123 -8.638542721935345e-07
    vertex -7.066167389644524 19.655090393355728 1.4078762442412256
    vertex -8.807447298779636 21.707386431451418 -9.039118317486616e-07
  endloop
endfacet
facet normal -0.6657035857766573 0.7138797118213299 0.2172889618319242
  outer loop
    vertex -8.787132255710269 2.392324116925705 10.418289965569016
    vertex -7.045852258142643 4.4446201299078885 9.010412890181831
    vertex -8.502005939104945 3.0867348936567147 9.010412863870982
  endloop
endfacet
facet normal -0.6657035868853204 -0.7138797022614727 -0.2172889898432271
  outer loop
    vertex -8.807447298779636 21.707386431451418 -9.039118317486616e-07
    vertex -7.066167389644524 19.655090393355728 1.4078762442412256
    vertex -8.522321051163766 21.012975650457008 1.407876209655271
  endloop
endfacet
facet normal 0.5971477857554339 0.5568493298686006 0.5773502799793836
  outer loop
    vertex -4.024110829167438 2.225995675321997 10.41829012529401
    vertex -2.6170913241344373 2.176861430459938 9.010413072477549
    vertex -3.9749765603856364 3.6330151114221554 9.010413004421613
  endloop
endfacet
facet normal 0.731353701619136 -0.6819983600625354 1.7370944432096983e-08
  outer loop
    vertex -2.6374064485929214 21.92284907437213 4.244487886497203
    vertex -3.995291680266401 20.466695367870667 1.407876258898207
    vertex -2.637406423165058 21.922849029389823 1.4078762479789193
  endloop
endfacet
facet normal 0.02467766443987373 -0.7066760196276916 0.7071067926140685
  outer loop
    vertex -11.617763902030743 8.332985598370565 5.9130831018832675
    vertex -11.568629687201607 6.925966116734553 4.505206024635935
    vertex -7.794244254478567 7.762138203516746 5.209144595209401
  endloop
endfacet
facet normal 0.24124468978971098 -0.682208378198301 -0.6902120894075313
  outer loop
    vertex -2.6374064485929267 9.350954195702826 4.244488084758449
    vertex -3.97072461954636 7.191290830988731 5.9130831885356585
    vertex -4.019858809135212 8.598310267973238 4.505206065783088
  endloop
endfacet
facet normal -0.4423794500420165 -0.8753040986512087 -0.19530273184192365
  outer loop
    vertex -13.029035318603896 21.559965429157398 6.173800862301914
    vertex -11.617763902030733 20.904880477039836 5.913082903622021
    vertex -11.593196828690598 20.20137079650143 9.010412534998276
  endloop
endfacet
facet normal 0.24124468978971683 -0.6822083781983046 -0.6902120894075257
  outer loop
    vertex -2.6374064485929214 21.92284907437213 4.244487886497203
    vertex -3.9707246195463997 19.763185709658025 5.91308299027442
    vertex -4.01985880913519 21.170205146642523 4.505205867521844
  endloop
endfacet
facet normal -0.1342084681520537 0.7032611051498944 -0.6981489132410279
  outer loop
    vertex -11.622015562089555 15.063215188163111 -8.677574606673769e-07
    vertex -11.572881386160265 16.47023466927639 1.4078762113699794
    vertex -8.452871466047574 17.06564910939745 1.4078763047371643
  endloop
endfacet
facet normal -0.43696071233635425 0.8778817216003885 0.19593115820216997
  outer loop
    vertex -13.029035160662142 2.540454599702349 4.244488021838816
    vertex -11.597448599475731 3.194830110818132 4.505206040067449
    vertex -11.572881386160288 3.898339790607135 1.4078764096312206
  endloop
endfacet
facet normal 0.02467767711695541 -0.7066760420539452 -0.7071067697590526
  outer loop
    vertex -8.807447298779646 9.135491552782092 -7.05650588989493e-07
    vertex -11.593196760541797 7.629475797272822 1.4078763932595277
    vertex -11.642330950130521 9.036495234257366 -7.294931086140031e-07
  endloop
endfacet
facet normal 0.5971478238329402 0.5568493114094152 -0.5773502583999108
  outer loop
    vertex -2.6170910734328916 14.748756187594019 1.4078765342163762
    vertex -4.024110485613341 14.797890387443012 -6.129670593896854e-07
    vertex -3.974976309684051 16.204909868556253 1.4078764661603809
  endloop
endfacet
facet normal 0.01935874352411104 0.5543622956080739 0.8320502895001683
  outer loop
    vertex -7.045852258142643 4.4446201299078885 9.010412890181831
    vertex -4.044426019486656 2.226705521659344 10.418289768599239
    vertex -4.024110829167438 2.225995675321997 10.41829012529401
  endloop
endfacet
facet normal 0.01935874352411104 0.5543622956080739 0.8320502895001683
  outer loop
    vertex -4.044426019486656 2.226705521659344 10.418289768599239
    vertex -7.045852258142643 4.4446201299078885 9.010412890181831
    vertex -6.879309670837615 2.3257018401840814 10.418289741634332
  endloop
endfacet
facet normal 0.01935874352411104 0.5543622956080739 0.8320502895001683
  outer loop
    vertex -6.879309670837615 2.3257018401840814 10.418289741634332
    vertex -7.045852258142643 4.4446201299078885 9.010412890181831
    vertex -8.787132255710269 2.392324116925705 10.418289965569016
  endloop
endfacet
facet normal -0.562541913879107 -0.5945256080416756 0.5745310231065919
  outer loop
    vertex -13.02903534403176 8.98807059547042 9.010412699081586
    vertex -11.593196828690575 7.629475917832142 9.010412733259525
    vertex -11.642331043519757 9.036495399468244 10.418289810506886
  endloop
endfacet
facet normal 0.1829385977995848 -0.6921861049378423 -0.6981488849565687
  outer loop
    vertex -4.044425869855186 9.301819926185853 -6.655930294343668e-07
    vertex -3.995291680266367 7.894800489201397 1.40787645715945
    vertex -7.066167389644501 7.083195514686438 1.4078764425024692
  endloop
endfacet
facet normal 0.7220886478542348 -0.6733585564630142 0.15867022114463972
  outer loop
    vertex -3.995291748415307 7.894800609760742 9.01041279715944
    vertex -3.97072461954636 7.191290830988731 5.9130831885356585
    vertex -2.6374064913140427 9.350954271279901 9.010412786240094
  endloop
endfacet
facet normal 0.18293857843038094 0.6921861024080415 0.6981488925401484
  outer loop
    vertex -7.045852258142633 17.016515008577173 9.010412691920589
    vertex -4.024110829167433 14.797890553991287 10.418289927032772
    vertex -3.9749765603856306 16.204909990091426 9.010412806160373
  endloop
endfacet
facet normal 0.49713425526909105 0.845262387348904 -0.1959311837642943
  outer loop
    vertex -3.9995435694256685 15.501400211273785 5.913083196596708
    vertex -3.9749765603856306 16.204909990091426 9.010412806160373
    vertex -2.6170912305947223 14.748756263782841 6.173801235698027
  endloop
endfacet
facet normal 0.7138796968680116 -0.6657035853873515 0.21728901215215837
  outer loop
    vertex -6.879309614595346 9.202823772872044 10.418289850564287
    vertex -8.473186917103442 7.034061433036803 9.010412770669163
    vertex -7.115301660002219 8.490215094556076 9.010412759749725
  endloop
endfacet
facet normal -0.18301387078353176 0.9590044071567104 0.21637113983809156
  outer loop
    vertex -8.452871466047574 17.06564910939745 1.4078763047371643
    vertex -11.59744859947572 15.7667249894874 4.505205841806205
    vertex -7.7739289732730015 16.337572329683926 5.20914450876528
  endloop
endfacet
facet normal -0.18301387078353176 0.9590044071567104 0.21637113983809156
  outer loop
    vertex -11.59744859947572 15.7667249894874 4.505205841806205
    vertex -8.452871466047574 17.06564910939745 1.4078763047371643
    vertex -11.572881386160265 16.47023466927639 1.4078762113699794
  endloop
endfacet
facet normal 0.024677704214594316 0.7066760191835741 -0.7071067916697971
  outer loop
    vertex -11.548314423546374 17.17374447060059 5.913082920933615
    vertex -7.7739289732730015 16.337572329683926 5.20914450876528
    vertex -11.59744859947572 15.7667249894874 4.505205841806205
  endloop
endfacet
facet normal 0.5971478238329435 0.5568493114094083 -0.5773502583999139
  outer loop
    vertex -2.6170910734328974 2.17686130892471 1.4078767324776174
    vertex -4.024110485613346 2.2259955087737078 -4.147058157281282e-07
    vertex -3.974976309684057 3.63301498988697 1.4078766644216243
  endloop
endfacet
facet normal 0.024677657579380827 0.706676041791359 0.7071067707033303
  outer loop
    vertex -3.9504093006438836 16.908419647374036 4.505206075724212
    vertex -7.7739289732730015 16.337572329683926 5.20914450876528
    vertex -3.9995435694256685 15.501400211273785 5.913083196596708
  endloop
endfacet
facet normal -0.18301387931965396 -0.9590043976460866 0.21637117477112727
  outer loop
    vertex -3.995291748415307 7.894800609760742 9.01041279715944
    vertex -7.794244254478567 7.762138203516746 5.209144595209401
    vertex -3.97072461954636 7.191290830988731 5.9130831885356585
  endloop
endfacet
facet normal -0.18301387931965396 -0.9590043976460866 0.21637117477112727
  outer loop
    vertex -7.794244254478567 7.762138203516746 5.209144595209401
    vertex -3.995291748415307 7.894800609760742 9.01041279715944
    vertex -7.115301660002219 8.490215094556076 9.010412759749725
  endloop
endfacet
facet normal -2.039583971157694e-08 -0.8968727369942148 0.44228869942211435
  outer loop
    vertex 44.151646997337096 0.16076991626448894 17.579999612765157
    vertex -5.038003460712612 0.09134546046425455 17.43921847810403
    vertex 44.22107195070468 0.09134495970311918 17.439219733166016
  endloop
endfacet
facet normal -2.039583971157694e-08 -0.8968727369942148 0.44228869942211435
  outer loop
    vertex -5.038003460712612 0.09134546046425455 17.43921847810403
    vertex 44.151646997337096 0.16076991626448894 17.579999612765157
    vertex -5.038003463472688 0.1607704170256387 17.5799983588165
  endloop
endfacet
facet normal -0.16572507571960443 -0.8684099472968492 0.4673321759879313
  outer loop
    vertex -7.115301660002219 8.490215094556076 9.010412759749725
    vertex -3.995291748415307 7.894800609760742 9.01041279715944
    vertex -6.879309614595346 9.202823772872044 10.418289850564287
  endloop
endfacet
facet normal -0.5568493396777733 0.5971478140237801 0.5773502412808439
  outer loop
    vertex -13.029035317824073 2.5404546758911857 9.01041272332036
    vertex -11.622015905643714 2.491320476042117 10.418289870503768
    vertex -11.57288163686193 3.8983399121423634 9.010412749631204
  endloop
endfacet
facet normal -2.7175819462295048e-08 -0.19509031978451052 0.9807852808471265
  outer loop
    vertex 43.26904799023086 1.0433689794224368 18.169733425481986
    vertex -5.038003474434354 0.8894180559721013 18.139109344698266
    vertex 43.422999403735176 0.8894175552109662 18.139110586962033
  endloop
endfacet
facet normal -2.7175819462295048e-08 -0.19509031978451052 0.9807852808471265
  outer loop
    vertex -5.038003474434354 0.8894180559721013 18.139109344698266
    vertex 43.26904799023086 1.0433689794224368 18.169733425481986
    vertex -5.038003475034737 1.0433694801835882 18.169732185687028
  endloop
endfacet
facet normal -0.16572504368524413 0.8684099496098182 -0.4673321830499121
  outer loop
    vertex -7.094986229796471 15.609495428435192 1.4078763727932562
    vertex -3.974976309684051 16.204909868556253 1.4078764661603809
    vertex -6.858994135546765 14.89688674655943 -7.080323137615686e-07
  endloop
endfacet
facet normal -0.19611331733075685 -0.6970005333537789 0.6897317038313328
  outer loop
    vertex -13.029035318603919 8.988070550488095 6.173801060563156
    vertex -11.568629687201607 6.925966116734553 4.505206024635935
    vertex -11.617763902030743 8.332985598370565 5.9130831018832675
  endloop
endfacet
facet normal -0.1830138754405644 -0.9590044045084242 -0.21637114763680526
  outer loop
    vertex -8.473186917103478 19.605956311706116 9.010412572407924
    vertex -11.617763902030733 20.904880477039836 5.913082903622021
    vertex -7.794244254478589 20.33403308218604 5.209144396948158
  endloop
endfacet
facet normal -0.1830138754405644 -0.9590044045084242 -0.21637114763680526
  outer loop
    vertex -11.617763902030733 20.904880477039836 5.913082903622021
    vertex -8.473186917103478 19.605956311706116 9.010412572407924
    vertex -11.593196828690598 20.20137079650143 9.010412534998276
  endloop
endfacet
facet normal 0.5971478019961871 -0.5568493383448337 -0.5773502550064762
  outer loop
    vertex -3.995291680266401 20.466695367870667 1.407876258898207
    vertex -4.044425869855179 21.873714804855123 -8.638542721935345e-07
    vertex -2.637406423165058 21.922849029389823 1.4078762479789193
  endloop
endfacet
facet normal 0.850902189448892 -0.525324151349509 1.5957858900100588e-08
  outer loop
    vertex -2.6374064913140427 9.350954271279901 9.010412786240094
    vertex -3.97072461954636 7.191290830988731 5.9130831885356585
    vertex -2.6374064485929267 9.350954195702826 4.244488084758449
  endloop
endfacet
facet normal 0.019358793044576432 0.5543622742746064 -0.832050302561656
  outer loop
    vertex -8.452871466047574 17.06564910939745 1.4078763047371643
    vertex -6.858994135546765 14.89688674655943 -7.080323137615686e-07
    vertex -11.622015562089555 15.063215188163111 -8.677574606673769e-07
  endloop
endfacet
facet normal 0.497134234948737 -0.8452623944923319 0.19593120450562154
  outer loop
    vertex -4.019858809135212 8.598310267973238 4.505206065783088
    vertex -3.995291680266367 7.894800489201397 1.40787645715945
    vertex -2.6374064485929267 9.350954195702826 4.244488084758449
  endloop
endfacet
facet normal 0.02467765757938699 0.7066760417913553 0.7071067707033337
  outer loop
    vertex -3.950409300643895 4.336524768704763 4.505206273985458
    vertex -7.773928973273013 3.7656774510146778 5.209144707026523
    vertex -3.9995435694256742 2.929505332604491 5.913083394857953
  endloop
endfacet
facet normal -0.6872983801688194 -0.7263752037461885 5.3576264051064985e-09
  outer loop
    vertex -13.029035318603896 21.559965429157398 6.173800862301914
    vertex -11.593196828690598 20.20137079650143 9.010412534998276
    vertex -13.029035344031747 21.559965474139688 9.010412500820335
  endloop
endfacet
facet normal -0.13420850750216995 -0.7032611033178312 0.6981489075220462
  outer loop
    vertex -11.642331043519757 9.036495399468244 10.418289810506886
    vertex -11.593196828690575 7.629475917832142 9.010412733259525
    vertex -8.473186917103442 7.034061433036803 9.010412770669163
  endloop
endfacet
facet normal 0.024677664439718996 -0.7066760196276961 0.7071067926140695
  outer loop
    vertex -4.044425963244393 21.87371497006609 10.418289676145557
    vertex -6.879309614595335 21.774718651541313 10.418289652303049
    vertex -3.995291748415335 20.466695488430037 9.0104125988982
  endloop
endfacet
facet normal -0.8121846657573294 0.5834004359859991 -3.6109073632156944e-08
  outer loop
    vertex -13.029035317824063 15.112349554560492 9.010412525059111
    vertex -11.548314423546374 17.17374447060059 5.913082920933615
    vertex -13.029035160662119 15.112349478371653 4.24448782357757
  endloop
endfacet
facet normal 0.019358765127437713 -0.5543623010475265 -0.8320502853734456
  outer loop
    vertex -4.044425869855186 9.301819926185853 -6.655930294343668e-07
    vertex -7.066167389644501 7.083195514686438 1.4078764425024692
    vertex -8.807447298779646 9.135491552782092 -7.05650588989493e-07
  endloop
endfacet
facet normal 0.24946482815776497 -0.9439019083921822 0.21637117840833833
  outer loop
    vertex -4.019858809135212 8.598310267973238 4.505206065783088
    vertex -7.066167389644501 7.083195514686438 1.4078764425024692
    vertex -3.995291680266367 7.894800489201397 1.40787645715945
  endloop
endfacet
facet normal 0.24946482815776497 -0.9439019083921822 0.21637117840833833
  outer loop
    vertex -7.066167389644501 7.083195514686438 1.4078764425024692
    vertex -4.019858809135212 8.598310267973238 4.505206065783088
    vertex -7.794244254478567 7.762138203516746 5.209144595209401
  endloop
endfacet
facet normal -2.4501343574039538e-08 -0.751839802801958 0.6593458204331869
  outer loop
    vertex 43.96094465713575 0.35147226701798795 17.82852774566106
    vertex -5.038003466031463 0.2479768951310277 17.710512072974897
    vertex 44.06444052384004 0.24797639436989222 17.71051332552506
  endloop
endfacet
facet normal -2.4501343574039538e-08 -0.751839802801958 0.6593458204331869
  outer loop
    vertex -5.038003466031463 0.2479768951310277 17.710512072974897
    vertex 43.96094465713575 0.35147226701798795 17.82852774566106
    vertex -5.038003468345212 0.3514727677791379 17.828526494770603
  endloop
endfacet
facet normal -2.263936323208799e-08 -0.8314696075078669 0.5555702401953447
  outer loop
    vertex 44.06444052384004 0.24797639436989222 17.71051332552506
    vertex -5.038003463472688 0.1607704170256387 17.5799983588165
    vertex 44.151646997337096 0.16076991626448894 17.579999612765157
  endloop
endfacet
facet normal -2.263936323208799e-08 -0.8314696075078669 0.5555702401953447
  outer loop
    vertex -5.038003463472688 0.1607704170256387 17.5799983588165
    vertex 44.06444052384004 0.24797639436989222 17.71051332552506
    vertex -5.038003466031463 0.2479768951310277 17.710512072974897
  endloop
endfacet
facet normal 0.18293859779958355 -0.6921861049378449 -0.6981488849565662
  outer loop
    vertex -4.044425869855179 21.873714804855123 -8.638542721935345e-07
    vertex -3.995291680266401 20.466695367870667 1.407876258898207
    vertex -7.066167389644524 19.655090393355728 1.4078762442412256
  endloop
endfacet
facet normal -2.750167462579232e-08 -0.4422886870580315 0.8968727430915057
  outer loop
    vertex 43.57163665931144 0.7407802895662473 18.088655037930273
    vertex -5.0380034720840365 0.6000009080451821 18.019228839904674
    vertex 43.7124165323358 0.6000004072840328 18.019230086809674
  endloop
endfacet
facet normal -2.750167462579232e-08 -0.4422886870580315 0.8968727430915057
  outer loop
    vertex -5.0380034720840365 0.6000009080451821 18.019228839904674
    vertex 43.57163665931144 0.7407802895662473 18.088655037930273
    vertex -5.0380034734451495 0.7407807903273683 18.088653793282912
  endloop
endfacet
facet normal -1.780977107456127e-08 -0.9469301256607787 0.32143947659872363
  outer loop
    vertex 44.22107195070468 0.09134495970311918 17.439219733166016
    vertex -5.038003457798509 0.040889905688125505 17.290581213600152
    vertex 44.27152750375591 0.04088940492697559 17.29058246947125
  endloop
endfacet
facet normal -1.780977107456127e-08 -0.9469301256607787 0.32143947659872363
  outer loop
    vertex -5.038003457798509 0.040889905688125505 17.290581213600152
    vertex 44.22107195070468 0.09134495970311918 17.439219733166016
    vertex -5.038003460712612 0.09134546046425455 17.43921847810403
  endloop
endfacet
facet normal -0.03480086999135272 -0.9965647931448962 -0.07514993354564727
  outer loop
    vertex -10.675047306429764 0.3727817701652982 11.4182901218076
    vertex -7.899570471980865e-07 2.690430288422664e-07 11.418290302549584
    vertex -7.30070004010329 -1.8646629067800222e-08 14.799144551706897
  endloop
endfacet
facet normal -2.6955285974864864e-08 -0.5555702292748614 0.8314696148047006
  outer loop
    vertex 43.7124165323358 0.6000004072840328 18.019230086809674
    vertex -5.038003470374307 0.469487191914963 17.932022364750303
    vertex 43.8429302401775 0.4694866911538129 17.932023613748267
  endloop
endfacet
facet normal -2.6955285974864864e-08 -0.5555702292748614 0.8314696148047006
  outer loop
    vertex -5.038003470374307 0.469487191914963 17.932022364750303
    vertex 43.7124165323358 0.6000004072840328 18.019230086809674
    vertex -5.0380034720840365 0.6000009080451821 18.019228839904674
  endloop
endfacet
facet normal -0.6819983600624963 -0.7313537016191727 5.484248906068676e-09
  outer loop
    vertex -7.066167389644524 19.655090393355728 1.4078762442412256
    vertex -7.853322429229018 20.389124369089494 4.900698931765146
    vertex -8.522321051163766 21.012975650457008 1.407876209655271
  endloop
endfacet
facet normal -0.6819983600624963 -0.7313537016191727 5.484248906068676e-09
  outer loop
    vertex -7.853322429229018 20.389124369089494 4.900698931765146
    vertex -7.066167389644524 19.655090393355728 1.4078762442412256
    vertex -7.794244254478589 20.33403308218604 5.209144396948158
  endloop
endfacet
facet normal 0.019358738168946392 0.554362300877146 0.8320502861141884
  outer loop
    vertex -7.045852258142633 17.016515008577173 9.010412691920589
    vertex -8.787132255710256 14.964218995595003 10.418289767307776
    vertex -4.024110829167433 14.797890553991287 10.418289927032772
  endloop
endfacet
facet normal 0.49713423494874154 -0.84526239449233 0.19593120450561743
  outer loop
    vertex -4.01985880913519 21.170205146642523 4.505205867521844
    vertex -3.995291680266401 20.466695367870667 1.407876258898207
    vertex -2.6374064485929214 21.92284907437213 4.244487886497203
  endloop
endfacet
facet normal -0.1277291886774433 0.9918090816078424 1.0111087781461168e-07
  outer loop
    vertex -10.759251901201612 10.665895287057735 -7.21380140860998e-07
    vertex -7.700464696553207 11.059817224080271 10.418296550460294
    vertex -7.700464310261181 11.059818335931295 -5.659258389082108e-07
  endloop
endfacet
facet normal -0.1277291886774433 0.9918090816078424 1.0111087781461168e-07
  outer loop
    vertex -7.700464696553207 11.059817224080271 10.418296550460294
    vertex -10.759251901201612 10.665895287057735 -7.21380140860998e-07
    vertex -10.759252287493638 10.66589417520673 10.418296395005985
  endloop
endfacet
facet normal 0.03489950864032329 -0.9993908266022175 1.624028535192279e-08
  outer loop
    vertex -1.9771818645561592 9.374009876929527 10.418289880298442
    vertex -2.6374064913140427 9.350954271279901 9.010412786240094
    vertex -1.9771817711669117 9.374009711718532 -6.597016377019524e-07
  endloop
endfacet
facet normal 0.03489950864032329 -0.9993908266022175 1.624028535192279e-08
  outer loop
    vertex -2.6374064913140427 9.350954271279901 9.010412786240094
    vertex -1.9771818645561592 9.374009876929527 10.418289880298442
    vertex -4.044425963244398 9.301820091396792 10.418289874406806
  endloop
endfacet
facet normal 0.03489950864032329 -0.9993908266022175 1.624028535192279e-08
  outer loop
    vertex -1.9771817711669117 9.374009711718532 -6.597016377019524e-07
    vertex -2.6374064231650634 9.35095415072055 1.4078764462401605
    vertex -4.044425869855186 9.301819926185853 -6.655930294343668e-07
  endloop
endfacet
facet normal 0.03489950864032329 -0.9993908266022175 1.624028535192279e-08
  outer loop
    vertex -2.6374064231650634 9.35095415072055 1.4078764462401605
    vertex -1.9771817711669117 9.374009711718532 -6.597016377019524e-07
    vertex -2.6374064913140427 9.350954271279901 9.010412786240094
  endloop
endfacet
facet normal 0.03489950864032329 -0.9993908266022175 1.624028535192279e-08
  outer loop
    vertex -2.6374064231650634 9.35095415072055 1.4078764462401605
    vertex -2.6374064913140427 9.350954271279901 9.010412786240094
    vertex -2.6374064485929267 9.350954195702826 4.244488084758449
  endloop
endfacet
facet normal -2.2764650220918623e-08 -0.9978585719585165 0.06540848850806393
  outer loop
    vertex 44.30215034799927 0.010266560457230747 17.136631046443267
    vertex -5.119846382970203 5.440844003256841e-07 16.979998354060456
    vertex 44.3124165180854 -9.375769081026788e-07 16.979999635146555
  endloop
endfacet
facet normal -2.2764650220918623e-08 -0.9978585719585165 0.06540848850806393
  outer loop
    vertex -5.119846382970203 5.440844003256841e-07 16.979998354060456
    vertex 44.30215034799927 0.010266560457230747 17.136631046443267
    vertex -5.038003472617258 0.00536516019238195 17.061841250497128
  endloop
endfacet
facet normal -2.2764650220918623e-08 -0.9978585719585165 0.06540848850806393
  outer loop
    vertex -5.038003472617258 0.00536516019238195 17.061841250497128
    vertex 44.30215034799927 0.010266560457230747 17.136631046443267
    vertex -5.03800345478018 0.010267061218380636 17.136629790081066
  endloop
endfacet
facet normal -0.8160714566297019 -0.5779510166737977 1.8498851623076894e-09
  outer loop
    vertex -13.029035318603919 8.988070550488095 6.173801060563156
    vertex -13.029035275882904 8.988070474911082 1.4078763590815928
    vertex -11.568629687201607 6.925966116734553 4.505206024635935
  endloop
endfacet
facet normal -0.1830138565134162 0.9590044002388227 -0.21637118256982052
  outer loop
    vertex -3.974976309684051 16.204909868556253 1.4078764661603809
    vertex -7.7739289732730015 16.337572329683926 5.20914450876528
    vertex -3.9504093006438836 16.908419647374036 4.505206075724212
  endloop
endfacet
facet normal -0.1830138565134162 0.9590044002388227 -0.21637118256982052
  outer loop
    vertex -7.7739289732730015 16.337572329683926 5.20914450876528
    vertex -3.974976309684051 16.204909868556253 1.4078764661603809
    vertex -7.094986229796471 15.609495428435192 1.4078763727932562
  endloop
endfacet
facet normal -2.605829949156925e-08 -0.06540305148690849 0.997858928334161
  outer loop
    vertex 43.11241665499014 1.2000004106795232 18.17999956439236
    vertex -5.038003475034737 1.0433694801835882 18.169732185687028
    vertex 43.26904799023086 1.0433689794224368 18.169733425481986
  endloop
endfacet
facet normal -2.605829949156925e-08 -0.06540305148690849 0.997858928334161
  outer loop
    vertex -5.038003475034737 1.0433694801835882 18.169732185687028
    vertex 43.11241665499014 1.2000004106795232 18.17999956439236
    vertex -5.038003475236014 1.2000009114406442 18.17999835095579
  endloop
endfacet
facet normal -0.1961133173307703 -0.6970005333537812 0.6897317038313266
  outer loop
    vertex -13.029035318603896 21.559965429157398 6.173800862301914
    vertex -11.568629687201641 19.497860995403848 4.505205826374695
    vertex -11.617763902030733 20.904880477039836 5.913082903622021
  endloop
endfacet
facet normal -0.5568493396777705 0.5971478140237865 0.57735024128084
  outer loop
    vertex -13.029035317824063 15.112349554560492 9.010412525059111
    vertex -11.62201590564368 15.06321535471143 10.41828967224253
    vertex -11.572881636861919 16.470234790811634 9.010412551369969
  endloop
endfacet
facet normal 0.024677704214417447 0.7066760191835789 -0.7071067916697984
  outer loop
    vertex -3.974976309684051 16.204909868556253 1.4078764661603809
    vertex -4.024110485613341 14.797890387443012 -6.129670593896854e-07
    vertex -6.858994135546765 14.89688674655943 -7.080323137615686e-07
  endloop
endfacet
facet normal 0.034899499074585255 0.9993908269362606 -1.4746234722922302e-08
  outer loop
    vertex -1.9568663858047457 14.725700633993355 -5.598048561272147e-07
    vertex -2.6170910734328916 14.748756187594019 1.4078765342163762
    vertex -1.956866729358758 14.725700800541716 10.418289980195206
  endloop
endfacet
facet normal 0.034899499074585255 0.9993908269362606 -1.4746234722922302e-08
  outer loop
    vertex -2.6170910734328916 14.748756187594019 1.4078765342163762
    vertex -1.9568663858047457 14.725700633993355 -5.598048561272147e-07
    vertex -4.024110485613341 14.797890387443012 -6.129670593896854e-07
  endloop
endfacet
facet normal 0.034899499074585255 0.9993908269362606 -1.4746234722922302e-08
  outer loop
    vertex -1.956866729358758 14.725700800541716 10.418289980195206
    vertex -2.617091324134432 14.74875630912926 9.010412874216303
    vertex -4.024110829167433 14.797890553991287 10.418289927032772
  endloop
endfacet
facet normal 0.034899499074585255 0.9993908269362606 -1.4746234722922302e-08
  outer loop
    vertex -2.617091324134432 14.74875630912926 9.010412874216303
    vertex -1.956866729358758 14.725700800541716 10.418289980195206
    vertex -2.6170910734328916 14.748756187594019 1.4078765342163762
  endloop
endfacet
facet normal 0.034899499074585255 0.9993908269362606 -1.4746234722922302e-08
  outer loop
    vertex -2.617091324134432 14.74875630912926 9.010412874216303
    vertex -2.6170910734328916 14.748756187594019 1.4078765342163762
    vertex -2.6170912305947223 14.748756263782841 6.173801235698027
  endloop
endfacet
facet normal 0.7220886641504394 0.6733585461033271 -0.1586701909466539
  outer loop
    vertex -3.9504093006438836 16.908419647374036 4.505206075724212
    vertex -2.6170910734328916 14.748756187594019 1.4078765342163762
    vertex -3.974976309684051 16.204909868556253 1.4078764661603809
  endloop
endfacet
facet normal 0.24946483647762138 0.9439019117102954 0.21637115434096904
  outer loop
    vertex -11.548314423546385 4.60184959193132 5.913083119194854
    vertex -7.833007161748478 3.7105861649967298 5.517590169738859
    vertex -7.773928973273013 3.7656774510146778 5.209144707026523
  endloop
endfacet
facet normal 0.24946483647762138 0.9439019117102954 0.21637115434096904
  outer loop
    vertex -7.833007161748478 3.7105861649967298 5.517590169738859
    vertex -11.548314423546385 4.60184959193132 5.913083119194854
    vertex -8.502005939104945 3.0867348936567147 9.010412863870982
  endloop
endfacet
facet normal 0.24946483647762138 0.9439019117102954 0.21637115434096904
  outer loop
    vertex -8.502005939104945 3.0867348936567147 9.010412863870982
    vertex -11.548314423546385 4.60184959193132 5.913083119194854
    vertex -11.57288163686193 3.8983399121423634 9.010412749631204
  endloop
endfacet
facet normal 0.8509021969708076 0.5253241391657651 1.9661561507085694e-08
  outer loop
    vertex -2.6170912305947223 14.748756263782841 6.173801235698027
    vertex -2.6170910734328916 14.748756187594019 1.4078765342163762
    vertex -3.9504093006438836 16.908419647374036 4.505206075724212
  endloop
endfacet
facet normal -0.5568493016003103 0.5971477955645589 -0.5773502970984205
  outer loop
    vertex -13.029035067122466 2.5404545543559007 1.4078763833203765
    vertex -11.572881386160288 3.898339790607135 1.4078764096312206
    vertex -11.622015562089567 2.4913203094938012 -6.694962170058198e-07
  endloop
endfacet
facet normal 0.024677664439712234 -0.7066760196276962 0.7071067926140695
  outer loop
    vertex -4.044425963244398 9.301820091396792 10.418289874406806
    vertex -6.879309614595346 9.202823772872044 10.418289850564287
    vertex -3.995291748415307 7.894800609760742 9.01041279715944
  endloop
endfacet
facet normal -0.6733585538721982 0.722088661454634 0.15867017024569105
  outer loop
    vertex -13.029035317824063 15.112349554560492 9.010412525059111
    vertex -11.572881636861919 16.470234790811634 9.010412551369969
    vertex -11.548314423546374 17.17374447060059 5.913082920933615
  endloop
endfacet
facet normal -0.16572504368525168 0.8684099496098167 -0.4673321830499126
  outer loop
    vertex -7.094986229796483 3.0376005497658785 1.4078765710545
    vertex -3.974976309684057 3.63301498988697 1.4078766644216243
    vertex -6.858994135546776 2.324991867890121 -5.097710701000106e-07
  endloop
endfacet
facet normal -0.5568493016003018 0.5971477955645764 -0.5773502970984107
  outer loop
    vertex -13.029035067122443 15.112349433025205 1.407876185059133
    vertex -11.572881386160265 16.47023466927639 1.4078762113699794
    vertex -11.622015562089555 15.063215188163111 -8.677574606673769e-07
  endloop
endfacet
facet normal -0.6819983495905636 0.7313537113844065 -3.4180994035926385e-08
  outer loop
    vertex -13.029035160662142 2.540454599702349 4.244488021838816
    vertex -11.572881386160288 3.898339790607135 1.4078764096312206
    vertex -13.029035067122466 2.5404545543559007 1.4078763833203765
  endloop
endfacet
facet normal -0.6819983600624923 -0.7313537016191765 5.4842515454872546e-09
  outer loop
    vertex -7.066167389644501 7.083195514686438 1.4078764425024692
    vertex -7.853322429228996 7.817229490420215 4.900699130026388
    vertex -8.522321051163788 8.441080771787718 1.4078764079165145
  endloop
endfacet
facet normal -0.6819983600624923 -0.7313537016191765 5.4842515454872546e-09
  outer loop
    vertex -7.853322429228996 7.817229490420215 4.900699130026388
    vertex -7.066167389644501 7.083195514686438 1.4078764425024692
    vertex -7.794244254478567 7.762138203516746 5.209144595209401
  endloop
endfacet
facet normal 0.2412446706104964 0.6822083748326031 0.6902120994377681
  outer loop
    vertex -3.950409300643895 4.336524768704763 4.505206273985458
    vertex -3.9995435694256742 2.929505332604491 5.913083394857953
    vertex -2.617091230594728 2.176861385113533 6.173801433959274
  endloop
endfacet
facet normal -0.1930685408742597 0.6973749121264184 -0.6902121199032616
  outer loop
    vertex -13.029035160662119 15.112349478371653 4.24448782357757
    vertex -11.548314423546374 17.17374447060059 5.913082920933615
    vertex -11.59744859947572 15.7667249894874 4.505205841806205
  endloop
endfacet
facet normal 0.2258985866180771 0.8547341593394723 0.46733215748779844
  outer loop
    vertex -11.57288163686193 3.8983399121423634 9.010412749631204
    vertex -8.787132255710269 2.392324116925705 10.418289965569016
    vertex -8.502005939104945 3.0867348936567147 9.010412863870982
  endloop
endfacet
facet normal -0.6819983495905243 0.7313537113844434 -3.4181148310229305e-08
  outer loop
    vertex -7.045852258142633 17.016515008577173 9.010412691920589
    vertex -7.833007161748467 16.282481043666014 5.517589971477616
    vertex -8.502005939104922 15.658629772325972 9.010412665609744
  endloop
endfacet
facet normal -0.6819983495905243 0.7313537113844434 -3.4181148310229305e-08
  outer loop
    vertex -7.833007161748467 16.282481043666014 5.517589971477616
    vertex -7.045852258142633 17.016515008577173 9.010412691920589
    vertex -7.7739289732730015 16.337572329683926 5.20914450876528
  endloop
endfacet
facet normal -0.6872983801688157 -0.7263752037461918 5.3576319063341025e-09
  outer loop
    vertex -13.029035318603919 8.988070550488095 6.173801060563156
    vertex -11.593196828690575 7.629475917832142 9.010412733259525
    vertex -13.02903534403176 8.98807059547042 9.010412699081586
  endloop
endfacet
facet normal 0.024677657579532837 0.7066760417913838 0.7071067707033003
  outer loop
    vertex -11.572881636861919 16.470234790811634 9.010412551369969
    vertex -11.62201590564368 15.06321535471143 10.41828967224253
    vertex -8.787132255710256 14.964218995595003 10.418289767307776
  endloop
endfacet
facet normal 0.7138797155130658 0.6657035751376956 -0.21728898229748064
  outer loop
    vertex -7.094986229796471 15.609495428435192 1.4078763727932562
    vertex -6.858994135546765 14.89688674655943 -7.080323137615686e-07
    vertex -8.452871466047574 17.06564910939745 1.4078763047371643
  endloop
endfacet
facet normal 0.024677704214590746 0.7066760191835758 -0.7071067916697954
  outer loop
    vertex -11.548314423546385 4.60184959193132 5.913083119194854
    vertex -7.773928973273013 3.7656774510146778 5.209144707026523
    vertex -11.597448599475731 3.194830110818132 4.505206040067449
  endloop
endfacet
facet normal -0.999683661298685 0.025151090084821415 -3.33676960089476e-08
  outer loop
    vertex -13.08145744917578 0.4568152906691181 1.407876415344617
    vertex -13.029035160662142 2.540454599702349 4.244488021838816
    vertex -13.029035067122466 2.5404545543559007 1.4078763833203765
  endloop
endfacet
facet normal -0.999683661298685 0.025151090084821415 -3.33676960089476e-08
  outer loop
    vertex -13.029035160662142 2.540454599702349 4.244488021838816
    vertex -13.08145744917578 0.4568152906691181 1.407876415344617
    vertex -13.08145769987742 0.4568154122043757 9.010412755344596
  endloop
endfacet
facet normal -0.999683661298685 0.025151090084821415 -3.33676960089476e-08
  outer loop
    vertex -13.029035160662142 2.540454599702349 4.244488021838816
    vertex -13.08145769987742 0.4568154122043757 9.010412755344596
    vertex -13.029035317824073 2.5404546758911857 9.01041272332036
  endloop
endfacet
facet normal 0.7220886641504456 0.6733585461033207 -0.15867019094665288
  outer loop
    vertex -3.950409300643895 4.336524768704763 4.505206273985458
    vertex -2.6170910734328974 2.17686130892471 1.4078767324776174
    vertex -3.974976309684057 3.63301498988697 1.4078766644216243
  endloop
endfacet
facet normal -0.1830138707835338 0.9590044071567101 0.21637113983809086
  outer loop
    vertex -8.452871466047586 4.493754230728181 1.4078765029984073
    vertex -11.597448599475731 3.194830110818132 4.505206040067449
    vertex -7.773928973273013 3.7656774510146778 5.209144707026523
  endloop
endfacet
facet normal -0.1830138707835338 0.9590044071567101 0.21637113983809086
  outer loop
    vertex -11.597448599475731 3.194830110818132 4.505206040067449
    vertex -8.452871466047586 4.493754230728181 1.4078765029984073
    vertex -11.572881386160288 3.898339790607135 1.4078764096312206
  endloop
endfacet
facet normal 0.7313537113844146 0.6819983495905559 1.3214505285638883e-08
  outer loop
    vertex -2.617091324134432 14.74875630912926 9.010412874216303
    vertex -2.6170912305947223 14.748756263782841 6.173801235698027
    vertex -3.9749765603856306 16.204909990091426 9.010412806160373
  endloop
endfacet
facet normal -0.8121846657573318 0.5834004359859958 -3.6109071171382964e-08
  outer loop
    vertex -13.029035317824073 2.5404546758911857 9.01041272332036
    vertex -11.548314423546385 4.60184959193132 5.913083119194854
    vertex -13.029035160662142 2.540454599702349 4.244488021838816
  endloop
endfacet
facet normal 0.024677704214416327 0.7066760191835725 -0.7071067916698048
  outer loop
    vertex -3.974976309684057 3.63301498988697 1.4078766644216243
    vertex -4.024110485613346 2.2259955087737078 -4.147058157281282e-07
    vertex -6.858994135546776 2.324991867890121 -5.097710701000106e-07
  endloop
endfacet
facet normal 0.7138797155130767 0.6657035751376857 -0.21728898229747384
  outer loop
    vertex -7.094986229796483 3.0376005497658785 1.4078765710545
    vertex -6.858994135546776 2.324991867890121 -5.097710701000106e-07
    vertex -8.452871466047586 4.493754230728181 1.4078765029984073
  endloop
endfacet
facet normal 0.22589858661808274 0.8547341593394807 0.46733215748778045
  outer loop
    vertex -11.572881636861919 16.470234790811634 9.010412551369969
    vertex -8.787132255710256 14.964218995595003 10.418289767307776
    vertex -8.502005939104922 15.658629772325972 9.010412665609744
  endloop
endfacet
facet normal 0.24946485074776192 0.9439019047924109 -0.21637116806694723
  outer loop
    vertex -3.9995435694256685 15.501400211273785 5.913083196596708
    vertex -7.045852258142633 17.016515008577173 9.010412691920589
    vertex -3.9749765603856306 16.204909990091426 9.010412806160373
  endloop
endfacet
facet normal 0.24946485074776192 0.9439019047924109 -0.21637116806694723
  outer loop
    vertex -7.045852258142633 17.016515008577173 9.010412691920589
    vertex -3.9995435694256685 15.501400211273785 5.913083196596708
    vertex -7.7739289732730015 16.337572329683926 5.20914450876528
  endloop
endfacet
facet normal -0.7068998820646964 0.017784917808404882 -0.7070899896303626
  outer loop
    vertex -13.08145744917578 0.4568152906691181 1.407876415344617
    vertex -11.622015562089567 2.4913203094938012 -6.694962170058198e-07
    vertex -11.674437944142936 0.4076810458069878 -6.37471973610124e-07
  endloop
endfacet
facet normal -0.7068998820646964 0.017784917808404882 -0.7070899896303626
  outer loop
    vertex -11.622015562089567 2.4913203094938012 -6.694962170058198e-07
    vertex -13.08145744917578 0.4568152906691181 1.407876415344617
    vertex -13.029035067122466 2.5404545543559007 1.4078763833203765
  endloop
endfacet
facet normal 0.8509021969708112 0.5253241391657598 1.966156158689891e-08
  outer loop
    vertex -2.617091230594728 2.176861385113533 6.173801433959274
    vertex -2.6170910734328974 2.17686130892471 1.4078767324776174
    vertex -3.950409300643895 4.336524768704763 4.505206273985458
  endloop
endfacet
facet normal 0.4971342552690972 0.8452623873488987 -0.1959311837643015
  outer loop
    vertex -3.9995435694256742 2.929505332604491 5.913083394857953
    vertex -3.9749765603856364 3.6330151114221554 9.010413004421613
    vertex -2.617091230594728 2.176861385113533 6.173801433959274
  endloop
endfacet
facet normal 0.7313537113844679 0.6819983495904987 1.3214660487889466e-08
  outer loop
    vertex -7.773928973273013 3.7656774510146778 5.209144707026523
    vertex -7.094986229796483 3.0376005497658785 1.4078765710545
    vertex -8.452871466047586 4.493754230728181 1.4078765029984073
  endloop
endfacet
facet normal 0.24946485074776656 0.9439019047924098 -0.21637116806694737
  outer loop
    vertex -3.9995435694256742 2.929505332604491 5.913083394857953
    vertex -7.045852258142643 4.4446201299078885 9.010412890181831
    vertex -3.9749765603856364 3.6330151114221554 9.010413004421613
  endloop
endfacet
facet normal 0.24946485074776656 0.9439019047924098 -0.21637116806694737
  outer loop
    vertex -7.045852258142643 4.4446201299078885 9.010412890181831
    vertex -3.9995435694256742 2.929505332604491 5.913083394857953
    vertex -7.773928973273013 3.7656774510146778 5.209144707026523
  endloop
endfacet
facet normal -0.13420846815204998 0.7032611051498815 -0.6981489132410416
  outer loop
    vertex -11.622015562089567 2.4913203094938012 -6.694962170058198e-07
    vertex -11.572881386160288 3.898339790607135 1.4078764096312206
    vertex -8.452871466047586 4.493754230728181 1.4078765029984073
  endloop
endfacet
facet normal -0.4369607123363375 0.8778817216003971 0.19593115820216883
  outer loop
    vertex -13.029035160662119 15.112349478371653 4.24448782357757
    vertex -11.59744859947572 15.7667249894874 4.505205841806205
    vertex -11.572881386160265 16.47023466927639 1.4078762113699794
  endloop
endfacet
facet normal -0.44237945004200485 -0.8753040986512142 -0.1953027318419254
  outer loop
    vertex -13.029035318603919 8.988070550488095 6.173801060563156
    vertex -11.617763902030743 8.332985598370565 5.9130831018832675
    vertex -11.593196828690575 7.629475917832142 9.010412733259525
  endloop
endfacet
facet normal 0.019358793044575724 0.554362274274598 -0.8320503025616616
  outer loop
    vertex -8.452871466047586 4.493754230728181 1.4078765029984073
    vertex -6.858994135546776 2.324991867890121 -5.097710701000106e-07
    vertex -11.622015562089567 2.4913203094938012 -6.694962170058198e-07
  endloop
endfacet
facet normal 0.7313537113844575 0.68199834959051 1.3214666573698885e-08
  outer loop
    vertex -7.7739289732730015 16.337572329683926 5.20914450876528
    vertex -7.094986229796471 15.609495428435192 1.4078763727932562
    vertex -8.452871466047574 17.06564910939745 1.4078763047371643
  endloop
endfacet
facet normal -2.7576381108234516e-08 -0.32143946266935236 0.9469301303891631
  outer loop
    vertex 43.422999403735176 0.8894175552109662 18.139110586962033
    vertex -5.0380034734451495 0.7407807903273683 18.088653793282912
    vertex 43.57163665931144 0.7407802895662473 18.088655037930273
  endloop
endfacet
facet normal -2.7576381108234516e-08 -0.32143946266935236 0.9469301303891631
  outer loop
    vertex -5.0380034734451495 0.7407807903273683 18.088653793282912
    vertex 43.422999403735176 0.8894175552109662 18.139110586962033
    vertex -5.038003474434354 0.8894180559721013 18.139109344698266
  endloop
endfacet
facet normal 0.5971477857554253 0.5568493298686095 0.5773502799793839
  outer loop
    vertex -4.024110829167433 14.797890553991287 10.418289927032772
    vertex -2.617091324134432 14.74875630912926 9.010412874216303
    vertex -3.9749765603856306 16.204909990091426 9.010412806160373
  endloop
endfacet
facet normal -0.5625419138791113 -0.5945256080416724 0.5745310231065907
  outer loop
    vertex -13.029035344031747 21.559965474139688 9.010412500820335
    vertex -11.593196828690598 20.20137079650143 9.010412534998276
    vertex -11.642331043519745 21.60839027813751 10.418289612245648
  endloop
endfacet
facet normal -0.1830138565134164 0.9590044002388208 -0.21637118256982873
  outer loop
    vertex -3.974976309684057 3.63301498988697 1.4078766644216243
    vertex -7.773928973273013 3.7656774510146778 5.209144707026523
    vertex -3.950409300643895 4.336524768704763 4.505206273985458
  endloop
endfacet
facet normal -0.1830138565134164 0.9590044002388208 -0.21637118256982873
  outer loop
    vertex -7.773928973273013 3.7656774510146778 5.209144707026523
    vertex -3.974976309684057 3.63301498988697 1.4078766644216243
    vertex -7.094986229796483 3.0376005497658785 1.4078765710545
  endloop
endfacet
facet normal -0.6819983495905186 0.7313537113844486 -3.4181147724369855e-08
  outer loop
    vertex -7.045852258142643 4.4446201299078885 9.010412890181831
    vertex -7.833007161748478 3.7105861649967298 5.517590169738859
    vertex -8.502005939104945 3.0867348936567147 9.010412863870982
  endloop
endfacet
facet normal -0.6819983495905186 0.7313537113844486 -3.4181147724369855e-08
  outer loop
    vertex -7.833007161748478 3.7105861649967298 5.517590169738859
    vertex -7.045852258142643 4.4446201299078885 9.010412890181831
    vertex -7.773928973273013 3.7656774510146778 5.209144707026523
  endloop
endfacet
facet normal -2.5948776682948393e-08 -0.6593458108120004 0.7518398112395119
  outer loop
    vertex 43.8429302401775 0.4694866911538129 17.932023613748267
    vertex -5.038003468345212 0.3514727677791379 17.828526494770603
    vertex 43.96094465713575 0.35147226701798795 17.82852774566106
  endloop
endfacet
facet normal -2.5948776682948393e-08 -0.6593458108120004 0.7518398112395119
  outer loop
    vertex -5.038003468345212 0.3514727677791379 17.828526494770603
    vertex 43.8429302401775 0.4694866911538129 17.932023613748267
    vertex -5.038003470374307 0.469487191914963 17.932022364750303
  endloop
endfacet
facet normal -0.6819983495905477 0.7313537113844213 -3.41809906890299e-08
  outer loop
    vertex -13.029035160662119 15.112349478371653 4.24448782357757
    vertex -11.572881386160265 16.47023466927639 1.4078762113699794
    vertex -13.029035067122443 15.112349433025205 1.407876185059133
  endloop
endfacet
facet normal 0.182938578430378 0.6921861024080369 0.6981488925401537
  outer loop
    vertex -7.045852258142643 4.4446201299078885 9.010412890181831
    vertex -4.024110829167438 2.225995675321997 10.41829012529401
    vertex -3.9749765603856364 3.6330151114221554 9.010413004421613
  endloop
endfacet
facet normal -0.6733585538722062 0.722088661454627 0.158670170245689
  outer loop
    vertex -13.029035317824073 2.5404546758911857 9.01041272332036
    vertex -11.57288163686193 3.8983399121423634 9.010412749631204
    vertex -11.548314423546385 4.60184959193132 5.913083119194854
  endloop
endfacet
facet normal -0.193068540874278 0.6973749121264179 -0.6902121199032571
  outer loop
    vertex -13.029035160662142 2.540454599702349 4.244488021838816
    vertex -11.548314423546385 4.60184959193132 5.913083119194854
    vertex -11.597448599475731 3.194830110818132 4.505206040067449
  endloop
endfacet
facet normal -1.4925447094208556e-08 -0.9807852777556696 0.1950903353263141
  outer loop
    vertex 44.27152750375591 0.04088940492697559 17.29058246947125
    vertex -5.03800345478018 0.010267061218380636 17.136629790081066
    vertex 44.30215034799927 0.010266560457230747 17.136631046443267
  endloop
endfacet
facet normal -1.4925447094208556e-08 -0.9807852777556696 0.1950903353263141
  outer loop
    vertex -5.03800345478018 0.010267061218380636 17.136629790081066
    vertex 44.27152750375591 0.04088940492697559 17.29058246947125
    vertex -5.038003457798509 0.040889905688125505 17.290581213600152
  endloop
endfacet
facet normal -0.9469301352654778 -2.51312090529521e-10 0.3214394483041927
  outer loop
    vertex 14.503341050357502 29.809075519978165 17.43921916041285
    vertex 14.452885485997399 49.15042042712909 17.290581867210438
    vertex 14.452885499706936 29.859531073242874 17.290581894207683
  endloop
endfacet
facet normal -0.9469301352654778 -2.51312090529521e-10 0.3214394483041927
  outer loop
    vertex 14.452885485997399 49.15042042712909 17.290581867210438
    vertex 14.503341050357502 29.809075519978165 17.43921916041285
    vertex 14.503341035515405 49.150420429473016 17.4392191334992
  endloop
endfacet
facet normal -0.3214394882172992 8.31469022716765e-10 0.9469301217168037
  outer loop
    vertex 15.301413606263965 49.150420440510416 18.139110028325828
    vertex 15.152776362695755 29.15964019677949 18.08865449651448
    vertex 15.301413627158716 29.011002931585185 18.13911005268469
  endloop
endfacet
facet normal -0.3214394882172992 8.31469022716765e-10 0.9469301217168037
  outer loop
    vertex 15.152776362695755 29.15964019677949 18.08865449651448
    vertex 15.301413606263965 49.150420440510416 18.139110028325828
    vertex 15.152776342404286 49.1504204397148 18.088654471652347
  endloop
endfacet
facet normal 2.131921224115842e-09 0.9999999999999986 -5.3214534313993e-08
  outer loop
    vertex 20.211996604333727 41.115033048802026 -2.2073173977231792e-07
    vertex 22.77103535252211 41.11503345441884 6.173801291539122
    vertex 22.771035550953417 41.11503321566471 -5.675139086606578e-07
  endloop
endfacet
facet normal 2.131921224115842e-09 0.9999999999999986 -5.3214534313993e-08
  outer loop
    vertex 22.77103535252211 41.11503345441884 6.173801291539122
    vertex 20.211996604333727 41.115033048802026 -2.2073173977231792e-07
    vertex 20.21199664345513 41.11503367513664 9.123550124214514
  endloop
endfacet
facet normal 2.131921224115842e-09 0.9999999999999986 -5.3214534313993e-08
  outer loop
    vertex 24.178912393056038 41.1150335544363 9.010412836722864
    vertex 20.21199664345513 41.11503367513664 9.123550124214514
    vertex 24.292049758033826 41.11503360762284 9.123550201609595
  endloop
endfacet
facet normal 2.131921224115842e-09 0.9999999999999986 -5.3214534313993e-08
  outer loop
    vertex 20.21199664345513 41.11503367513664 9.123550124214514
    vertex 24.178912393056038 41.1150335544363 9.010412836722864
    vertex 22.77103535252211 41.11503345441884 6.173801291539122
  endloop
endfacet
facet normal 0.9978589208006124 -8.579471003786079e-10 0.06540316642669017
  outer loop
    vertex 44.31241657975925 48.97148237105187 16.979999349585594
    vertex 44.30215034799927 0.010266560457230747 17.136631046443267
    vertex 44.3124165180854 -9.375769081026788e-07 16.979999635146555
  endloop
endfacet
facet normal 0.9978589208006124 -8.579471003786079e-10 0.06540316642669017
  outer loop
    vertex 44.30215034799927 0.010266560457230747 17.136631046443267
    vertex 44.31241657975925 48.97148237105187 16.979999349585594
    vertex 44.30215040706175 49.12977731026196 17.136630776704486
  endloop
endfacet
facet normal -0.8968727498709275 -9.978381241703842e-11 0.4422886733107243
  outer loop
    vertex 14.572766003022465 29.739650564863165 17.57999904340675
    vertex 14.503341035515405 49.150420429473016 17.4392191334992
    vertex 14.503341050357502 29.809075519978165 17.43921916041285
  endloop
endfacet
facet normal -0.8968727498709275 -9.978381241703842e-11 0.4422886733107243
  outer loop
    vertex 14.503341035515405 49.150420429473016 17.4392191334992
    vertex 14.572766003022465 29.739650564863165 17.57999904340675
    vertex 14.57276598709657 49.15042043169329 17.579999016667603
  endloop
endfacet
facet normal -0.06540315511395987 1.0852609268830429e-09 0.9978589215420882
  outer loop
    vertex 15.611996460286063 49.1504204411553 18.179999045570476
    vertex 15.45536505078314 28.857051507573896 18.169732898597903
    vertex 15.61199648206133 28.700420076251138 18.179999068877414
  endloop
endfacet
facet normal -0.06540315511395987 1.0852609268830429e-09 0.9978589215420882
  outer loop
    vertex 15.45536505078314 28.857051507573896 18.169732898597903
    vertex 15.611996460286063 49.1504204411553 18.179999045570476
    vertex 15.455365029392233 49.15042044099342 18.16973287476072
  endloop
endfacet
facet normal 0.9999999999999997 -1.0349348675521944e-09 2.9197349746323108e-08
  outer loop
    vertex 44.312417072218665 41.11503349049882 4.5012271756830365e-07
    vertex 44.3124165180854 -9.375769081026788e-07 16.979999635146555
    vertex 44.312417005978254 -1.0583712563246292e-06 5.542202014193249e-07
  endloop
endfacet
facet normal 0.9999999999999997 -1.0349348675521944e-09 2.9197349746323108e-08
  outer loop
    vertex 44.3124165180854 -9.375769081026788e-07 16.979999635146555
    vertex 44.312417072218665 41.11503349049882 4.5012271756830365e-07
    vertex 44.312416743518696 41.11503355540298 9.123550552338264
  endloop
endfacet
facet normal 0.9999999999999997 -1.0349348675521944e-09 2.9197349746323108e-08
  outer loop
    vertex 44.3124165180854 -9.375769081026788e-07 16.979999635146555
    vertex 44.312416743518696 41.11503355540298 9.123550552338264
    vertex 44.31241657975925 48.97148237105187 16.979999349585594
  endloop
endfacet
facet normal -2.9487532339875228e-08 6.600998954339941e-09 0.9999999999999996
  outer loop
    vertex 25.052638991039665 33.67983104951425 0.9999999675314984
    vertex 22.40017490860937 33.47869723653548 0.9999998929552905
    vertex 23.58597232416095 32.62983104951427 0.9999999328229658
  endloop
endfacet
facet normal -2.9487532339875228e-08 6.600998954339941e-09 0.9999999999999996
  outer loop
    vertex 22.40017490860937 33.47869723653548 0.9999998929552905
    vertex 25.052638991039665 33.67983104951425 0.9999999675314984
    vertex 22.357835834292228 33.508609424070386 0.9999998915345626
  endloop
endfacet
facet normal -2.9487532339875228e-08 6.600998954339941e-09 0.9999999999999996
  outer loop
    vertex 22.357835834292228 33.508609424070386 0.9999998915345626
    vertex 25.052638991039665 33.67983104951425 0.9999999675314984
    vertex 22.31944247553553 33.53501328251895 0.9999998902512428
  endloop
endfacet
facet normal -2.9487532339875228e-08 6.600998954339941e-09 0.9999999999999996
  outer loop
    vertex 22.31944247553553 33.53501328251895 0.9999998902512428
    vertex 25.052638991039665 33.67983104951425 0.9999999675314984
    vertex 22.284510401583997 33.55791384253998 0.999999889091417
  endloop
endfacet
facet normal -2.9487532339875228e-08 6.600998954339941e-09 0.9999999999999996
  outer loop
    vertex 22.284510401583997 33.55791384253998 0.999999889091417
    vertex 25.052638991039665 33.67983104951425 0.9999999675314984
    vertex 22.252555181682393 33.57731613479223 0.9999998880411693
  endloop
endfacet
facet normal -2.9487532339875228e-08 6.600998954339941e-09 0.9999999999999996
  outer loop
    vertex 22.252555181682393 33.57731613479223 0.9999998880411693
    vertex 25.052638991039665 33.67983104951425 0.9999999675314984
    vertex 22.223092385075496 33.59322518993448 0.9999998870865855
  endloop
endfacet
facet normal -2.9487532339875228e-08 6.600998954339941e-09 0.9999999999999996
  outer loop
    vertex 22.223092385075496 33.59322518993448 0.9999998870865855
    vertex 25.052638991039665 33.67983104951425 0.9999999675314984
    vertex 22.195637581007993 33.605646038625494 0.9999998862137541
  endloop
endfacet
facet normal -2.9487532339875228e-08 6.600998954339941e-09 0.9999999999999996
  outer loop
    vertex 22.195637581007993 33.605646038625494 0.9999998862137541
    vertex 25.052638991039665 33.67983104951425 0.9999999675314984
    vertex 22.169706338724744 33.61458371152406 0.9999998854087604
  endloop
endfacet
facet normal -2.9487532339875228e-08 6.600998954339941e-09 0.9999999999999996
  outer loop
    vertex 22.169706338724744 33.61458371152406 0.9999998854087604
    vertex 25.052638991039665 33.67983104951425 0.9999999675314984
    vertex 22.14481422747041 33.62004323928895 0.9999998846576914
  endloop
endfacet
facet normal -2.9487532339875228e-08 6.600998954339941e-09 0.9999999999999996
  outer loop
    vertex 22.14481422747041 33.62004323928895 0.9999998846576914
    vertex 25.052638991039665 33.67983104951425 0.9999999675314984
    vertex 22.120476816489848 33.62202965257894 0.9999998839466296
  endloop
endfacet
facet normal -2.9487532339875228e-08 6.600998954339941e-09 0.9999999999999996
  outer loop
    vertex 20.21387595812231 32.2067390804202 0.9999998391355599
    vertex 20.211996666074025 36.14924174839055 0.9999998131102119
    vertex 20.211996667074636 32.17983104951427 0.9999998392759055
  endloop
endfacet
facet normal -2.9487532339875228e-08 6.600998954339941e-09 0.9999999999999996
  outer loop
    vertex 20.211996666074025 36.14924174839055 0.9999998131102119
    vertex 20.21387595812231 32.2067390804202 0.9999998391355599
    vertex 20.219513831265306 32.2336471113261 0.9999998391040926
  endloop
endfacet
facet normal -2.9487532339875228e-08 6.600998954339941e-09 0.9999999999999996
  outer loop
    vertex 20.211996666074025 36.14924174839055 0.9999998131102119
    vertex 20.219513831265306 32.2336471113261 0.9999998391040926
    vertex 20.228910286503652 32.260555142232015 0.999999839181505
  endloop
endfacet
facet normal -2.9487532339875228e-08 6.600998954339941e-09 0.9999999999999996
  outer loop
    vertex 20.211996666074025 36.14924174839055 0.9999998131102119
    vertex 20.228910286503652 32.260555142232015 0.999999839181505
    vertex 20.24206532383735 32.28746317313793 0.9999998393677941
  endloop
endfacet
facet normal -2.9487532339875228e-08 6.600998954339941e-09 0.9999999999999996
  outer loop
    vertex 20.211996666074025 36.14924174839055 0.9999998131102119
    vertex 20.24206532383735 32.28746317313793 0.9999998393677941
    vertex 20.258978943266364 32.314371204043866 0.9999998396629657
  endloop
endfacet
facet normal -2.9487532339875228e-08 6.600998954339941e-09 0.9999999999999996
  outer loop
    vertex 20.211996666074025 36.14924174839055 0.9999998131102119
    vertex 20.258978943266364 32.314371204043866 0.9999998396629657
    vertex 20.2796511447907 32.34127923494978 0.9999998400670156
  endloop
endfacet
facet normal -2.9487532339875228e-08 6.600998954339941e-09 0.9999999999999996
  outer loop
    vertex 20.211996666074025 36.14924174839055 0.9999998131102119
    vertex 20.2796511447907 32.34127923494978 0.9999998400670156
    vertex 20.304081928410415 32.36818726585571 0.9999998405799444
  endloop
endfacet
facet normal -2.9487532339875228e-08 6.600998954339941e-09 0.9999999999999996
  outer loop
    vertex 20.211996666074025 36.14924174839055 0.9999998131102119
    vertex 20.304081928410415 32.36818726585571 0.9999998405799444
    vertex 20.332271294125437 32.39509529676163 0.9999998412017518
  endloop
endfacet
facet normal -2.9487532339875228e-08 6.600998954339941e-09 0.9999999999999996
  outer loop
    vertex 20.211996666074025 36.14924174839055 0.9999998131102119
    vertex 20.332271294125437 32.39509529676163 0.9999998412017518
    vertex 20.364219241935825 32.42200332766756 0.9999998419324404
  endloop
endfacet
facet normal -2.9487532339875228e-08 6.600998954339941e-09 0.9999999999999996
  outer loop
    vertex 20.211996666074025 36.14924174839055 0.9999998131102119
    vertex 20.364219241935825 32.42200332766756 0.9999998419324404
    vertex 20.399925771841534 32.448911358573476 0.9999998427720075
  endloop
endfacet
facet normal -2.9487532339875228e-08 6.600998954339941e-09 0.9999999999999996
  outer loop
    vertex 20.211996666074025 36.14924174839055 0.9999998131102119
    vertex 20.399925771841534 32.448911358573476 0.9999998427720075
    vertex 20.652638990969955 32.62983104951427 0.999999848782977
  endloop
endfacet
facet normal -2.9487532339875228e-08 6.600998954339941e-09 0.9999999999999996
  outer loop
    vertex 20.211996666074025 36.14924174839055 0.9999998131102119
    vertex 20.652638990969955 32.62983104951427 0.999999848782977
    vertex 21.846470555366537 33.48444727951646 0.9999998770517328
  endloop
endfacet
facet normal -2.9487532339875228e-08 6.600998954339941e-09 0.9999999999999996
  outer loop
    vertex 20.211996666074025 36.14924174839055 0.9999998131102119
    vertex 21.846470555366537 33.48444727951646 0.9999998770517328
    vertex 21.88761504786963 33.51349251685566 0.9999998780288314
  endloop
endfacet
facet normal -2.9487532339875228e-08 6.600998954339941e-09 0.9999999999999996
  outer loop
    vertex 20.211996666074025 36.14924174839055 0.9999998131102119
    vertex 21.88761504786963 33.51349251685566 0.9999998780288314
    vertex 21.924954363849245 33.53910991564891 0.9999998789207126
  endloop
endfacet
facet normal -2.9487532339875228e-08 6.600998954339941e-09 0.9999999999999996
  outer loop
    vertex 20.211996666074025 36.14924174839055 0.9999998131102119
    vertex 21.924954363849245 33.53910991564891 0.9999998789207126
    vertex 21.958972934060654 33.561294445237486 0.9999998797412935
  endloop
endfacet
facet normal -2.9487532339875228e-08 6.600998954339941e-09 0.9999999999999996
  outer loop
    vertex 20.211996666074025 36.14924174839055 0.9999998131102119
    vertex 21.958972934060654 33.561294445237486 0.9999998797412935
    vertex 21.990155189259074 33.58004107496258 0.999999880504489
  endloop
endfacet
facet normal -2.9487532339875228e-08 6.600998954339941e-09 0.9999999999999996
  outer loop
    vertex 20.211996666074025 36.14924174839055 0.9999998131102119
    vertex 21.990155189259074 33.58004107496258 0.999999880504489
    vertex 22.01898556019974 33.595344774165426 0.9999998812242084
  endloop
endfacet
facet normal -2.9487532339875228e-08 6.600998954339941e-09 0.9999999999999996
  outer loop
    vertex 20.211996666074025 36.14924174839055 0.9999998131102119
    vertex 22.01898556019974 33.595344774165426 0.9999998812242084
    vertex 22.045948477637904 33.607200512187276 0.9999998819143687
  endloop
endfacet
facet normal -2.9487532339875228e-08 6.600998954339941e-09 0.9999999999999996
  outer loop
    vertex 20.211996666074025 36.14924174839055 0.9999998131102119
    vertex 22.045948477637904 33.607200512187276 0.9999998819143687
    vertex 22.071528372328792 33.61560325836934 0.9999998825888822
  endloop
endfacet
facet normal -2.9487532339875228e-08 6.600998954339941e-09 0.9999999999999996
  outer loop
    vertex 20.211996666074025 36.14924174839055 0.9999998131102119
    vertex 22.071528372328792 33.61560325836934 0.9999998825888822
    vertex 22.096209675027687 33.62054798205282 0.9999998832616661
  endloop
endfacet
facet normal -2.9487532339875228e-08 6.600998954339941e-09 0.9999999999999996
  outer loop
    vertex 20.211996666074025 36.14924174839055 0.9999998131102119
    vertex 22.096209675027687 33.62054798205282 0.9999998832616661
    vertex 22.120476816489848 33.62202965257894 0.9999998839466296
  endloop
endfacet
facet normal -2.9487532339875228e-08 6.600998954339941e-09 0.9999999999999996
  outer loop
    vertex 20.211996666074025 36.14924174839055 0.9999998131102119
    vertex 22.120476816489848 33.62202965257894 0.9999998839466296
    vertex 25.052638991039665 33.67983104951425 0.9999999675314984
  endloop
endfacet
facet normal -2.9487532339875228e-08 6.600998954339941e-09 0.9999999999999996
  outer loop
    vertex 20.211996666074025 36.14924174839055 0.9999998131102119
    vertex 25.052638991039665 33.67983104951425 0.9999999675314984
    vertex 25.052638989491687 35.43533000211688 0.9999999797117444
  endloop
endfacet
facet normal -2.9487532339875228e-08 6.600998954339941e-09 0.9999999999999996
  outer loop
    vertex 20.211996666074025 36.14924174839055 0.9999998131102119
    vertex 25.052638989491687 35.43533000211688 0.9999999797117444
    vertex 24.226281704427066 36.149241748390565 0.9999999196518417
  endloop
endfacet
facet normal -0.6593458312887802 3.774626002668481e-10 0.7518397932818582
  outer loop
    vertex 14.881482749532788 49.150420437244726 17.93202303352252
    vertex 14.76346834696756 29.548948216686536 17.82852718552602
    vertex 14.881482768323826 29.4309337936219 17.932023059294696
  endloop
endfacet
facet normal -0.6593458312887802 3.774626002668481e-10 0.7518397932818582
  outer loop
    vertex 14.76346834696756 29.548948216686536 17.82852718552602
    vertex 14.881482749532788 49.150420437244726 17.93202303352252
    vertex 14.763468329058185 49.150420435612574 17.82852715936797
  endloop
endfacet
facet normal 0.9807852769845014 -9.434451585390614e-11 0.19509033920323834
  outer loop
    vertex 44.30215040706175 49.12977731026196 17.136630776704486
    vertex 44.27152750375591 0.04088940492697559 17.29058246947125
    vertex 44.30215034799927 0.010266560457230747 17.136631046443267
  endloop
endfacet
facet normal 0.9807852769845014 -9.434451585390614e-11 0.19509033920323834
  outer loop
    vertex 44.27152750375591 0.04088940492697559 17.29058246947125
    vertex 44.30215040706175 49.12977731026196 17.136630776704486
    vertex 44.29771334435669 49.150420419072425 17.15893739260623
  endloop
endfacet
facet normal 0.9807852769845014 -9.434451585390614e-11 0.19509033920323834
  outer loop
    vertex 44.27152750375591 0.04088940492697559 17.29058246947125
    vertex 44.29771334435669 49.150420419072425 17.15893739260623
    vertex 44.271527561982246 49.150420424092935 17.290582197702783
  endloop
endfacet
facet normal 0.7481759449453881 0.6635003808627897 9.388179792936984e-08
  outer loop
    vertex 27.773606576766266 43.02291057531958 9.010413030435346
    vertex 29.18148366661693 41.43536093048841 9.243877590299169
    vertex 29.181483676910283 41.43536095191544 9.010413065606622
  endloop
endfacet
facet normal 0.7481759449453881 0.6635003808627897 9.388179792936984e-08
  outer loop
    vertex 29.18148366661693 41.43536093048841 9.243877590299169
    vertex 27.773606576766266 43.02291057531958 9.010413030435346
    vertex 28.62949928690429 42.057789173732054 9.866305834602908
  endloop
endfacet
facet normal -0.7518398210881893 2.1731570512001757e-10 0.6593457995817363
  outer loop
    vertex 14.76346834696756 29.548948216686536 17.82852718552602
    vertex 14.659972460584896 49.150420433751485 17.710512733911028
    vertex 14.65997247753632 29.652444088108883 17.71051276039486
  endloop
endfacet
facet normal -0.7518398210881893 2.1731570512001757e-10 0.6593457995817363
  outer loop
    vertex 14.659972460584896 49.150420433751485 17.710512733911028
    vertex 14.76346834696756 29.548948216686536 17.82852718552602
    vertex 14.763468329058185 49.150420435612574 17.82852715936797
  endloop
endfacet
facet normal -0.1950903466092439 9.649979526440516e-10 0.9807852755113552
  outer loop
    vertex 15.455365029392233 49.15042044099342 18.16973287476072
    vertex 15.301413627158716 29.011002931585185 18.13911005268469
    vertex 15.45536505078314 28.857051507573896 18.169732898597903
  endloop
endfacet
facet normal -0.1950903466092439 9.649979526440516e-10 0.9807852755113552
  outer loop
    vertex 15.301413627158716 29.011002931585185 18.13911005268469
    vertex 15.455365029392233 49.15042044099342 18.16973287476072
    vertex 15.301413606263965 49.150420440510416 18.139110028325828
  endloop
endfacet
facet normal -0.44228871112777957 6.872557289650826e-10 0.8968727312216196
  outer loop
    vertex 15.152776342404286 49.1504204397148 18.088654471652347
    vertex 15.011996482165879 29.300420078380643 18.019229538630594
    vertex 15.152776362695755 29.15964019677949 18.08865449651448
  endloop
endfacet
facet normal -0.44228871112777957 6.872557289650826e-10 0.8968727312216196
  outer loop
    vertex 15.011996482165879 29.300420078380643 18.019229538630594
    vertex 15.152776342404286 49.1504204397148 18.088654471652347
    vertex 15.011996462577969 49.15042043861996 18.019229513293904
  endloop
endfacet
facet normal -0.5555702516637799 5.350176357189185e-10 0.8314695998449037
  outer loop
    vertex 15.011996462577969 49.15042043861996 18.019229513293904
    vertex 14.881482768323826 29.4309337936219 17.932023059294696
    vertex 15.011996482165879 29.300420078380643 18.019229538630594
  endloop
endfacet
facet normal -0.5555702516637799 5.350176357189185e-10 0.8314695998449037
  outer loop
    vertex 14.881482768323826 29.4309337936219 17.932023059294696
    vertex 15.011996462577969 49.15042043861996 18.019229513293904
    vertex 14.881482749532788 49.150420437244726 17.93202303352252
  endloop
endfacet
facet normal -1.1114940376417355e-08 0.5555702362838291 0.8314696101214586
  outer loop
    vertex 15.011996482165879 29.300420078380643 18.019229538630594
    vertex -5.0380034145462576 29.430933789165884 17.93202279636351
    vertex -5.038003416255998 29.300420073919806 18.019229273217157
  endloop
endfacet
facet normal -1.1114940376417355e-08 0.5555702362838291 0.8314696101214586
  outer loop
    vertex -5.0380034145462576 29.430933789165884 17.93202279636351
    vertex 15.011996482165879 29.300420078380643 18.019229538630594
    vertex 14.881482768323826 29.4309337936219 17.932023059294696
  endloop
endfacet
facet normal -8.83894249037223e-09 0.7518398082060413 0.659345814271011
  outer loop
    vertex 14.65997247753632 29.652444088108883 17.71051276039486
    vertex -5.038003412517174 29.54894821223487 17.828526924850433
    vertex 14.76346834696756 29.548948216686536 17.82852718552602
  endloop
endfacet
facet normal -8.83894249037223e-09 0.7518398082060413 0.659345814271011
  outer loop
    vertex -5.038003412517174 29.54894821223487 17.828526924850433
    vertex 14.65997247753632 29.652444088108883 17.71051276039486
    vertex -5.038003410203436 29.652444083661006 17.710512501705225
  endloop
endfacet
facet normal -1.2662661615970596e-08 0.3214394714861849 0.946930127396252
  outer loop
    vertex 15.301413627158716 29.011002931585185 18.13911005268469
    vertex -5.038003417617111 29.15964019231352 18.088654228438397
    vertex -5.038003418606305 29.01100292711373 18.139109781814433
  endloop
endfacet
facet normal -1.2662661615970596e-08 0.3214394714861849 0.946930127396252
  outer loop
    vertex -5.038003417617111 29.15964019231352 18.088654228438397
    vertex 15.301413627158716 29.011002931585185 18.13911005268469
    vertex 15.152776362695755 29.15964019677949 18.08865449651448
  endloop
endfacet
facet normal -0.980785294397635 -2.2365640905953826e-11 0.19509025166149163
  outer loop
    vertex 14.452885499706936 29.859531073242874 17.290581894207683
    vertex 14.422262646998012 49.12977731026204 17.136630317952296
    vertex 14.422262659507588 29.890153916166017 17.136630469854914
  endloop
endfacet
facet normal -0.980785294397635 -2.2365640905953826e-11 0.19509025166149163
  outer loop
    vertex 14.422262646998012 49.12977731026204 17.136630317952296
    vertex 14.452885499706936 29.859531073242874 17.290581894207683
    vertex 14.426699708784593 49.15042042210862 17.158937061087087
  endloop
endfacet
facet normal -0.980785294397635 -2.2365640905953826e-11 0.19509025166149163
  outer loop
    vertex 14.426699708784593 49.15042042210862 17.158937061087087
    vertex 14.452885499706936 29.859531073242874 17.290581894207683
    vertex 14.452885485997399 49.15042042712909 17.290581867210438
  endloop
endfacet
facet normal -1.0 -1.0392195146834596e-09 -5.724782743211876e-09
  outer loop
    vertex 14.411996495044143 29.900420083589886 16.97999901538345
    vertex 14.411996505710366 44.1714824803768 12.179999093186815
    vertex 14.411996536290308 29.90042016856104 12.179999031182355
  endloop
endfacet
facet normal -1.0 -1.0392195146834596e-09 -5.724782743211876e-09
  outer loop
    vertex 14.411996505710366 44.1714824803768 12.179999093186815
    vertex 14.411996495044143 29.900420083589886 16.97999901538345
    vertex 14.411996487010379 48.97148237408797 16.97999901748991
  endloop
endfacet
facet normal -2.42925471994621e-08 -0.9999999999999997 9.736538107783303e-09
  outer loop
    vertex 44.3124165180854 -9.375769081026788e-07 16.979999635146555
    vertex 0.0 0.0 0.0
    vertex 44.312417005978254 -1.0583712563246292e-06 5.542202014193249e-07
  endloop
endfacet
facet normal -2.42925471994621e-08 -0.9999999999999997 9.736538107783303e-09
  outer loop
    vertex 0.0 0.0 0.0
    vertex 44.3124165180854 -9.375769081026788e-07 16.979999635146555
    vertex -7.899570471980865e-07 2.690430288422664e-07 11.418290302549584
  endloop
endfacet
facet normal -2.42925471994621e-08 -0.9999999999999997 9.736538107783303e-09
  outer loop
    vertex -7.899570471980865e-07 2.690430288422664e-07 11.418290302549584
    vertex 44.3124165180854 -9.375769081026788e-07 16.979999635146555
    vertex -5.119846382970203 5.440844003256841e-07 16.979998354060456
  endloop
endfacet
facet normal -2.42925471994621e-08 -0.9999999999999997 9.736538107783303e-09
  outer loop
    vertex -7.899570471980865e-07 2.690430288422664e-07 11.418290302549584
    vertex -5.119846382970203 5.440844003256841e-07 16.979998354060456
    vertex -7.30070004010329 -1.8646629067800222e-08 14.799144551706897
  endloop
endfacet
facet normal 0.4422886878675124 4.705509746924906e-09 0.8968727426923142
  outer loop
    vertex 43.71241655683057 49.15042043558387 18.019229821862954
    vertex 43.57163665931144 0.7407802895662473 18.088655037930273
    vertex 43.7124165323358 0.6000004072840328 18.019230086809674
  endloop
endfacet
facet normal 0.4422886878675124 4.705509746924906e-09 0.8968727426923142
  outer loop
    vertex 43.57163665931144 0.7407802895662473 18.088655037930273
    vertex 43.71241655683057 49.15042043558387 18.019229821862954
    vertex 43.571636674282026 49.15042043667864 18.088654774701265
  endloop
endfacet
facet normal 0.7518398062387028 2.9499336247477503e-09 0.6593458165143309
  outer loop
    vertex 44.06444057092863 49.15042043071523 17.710513056283286
    vertex 43.96094465713575 0.35147226701798795 17.82852774566106
    vertex 44.06444052384004 0.24797639436989222 17.71051332552506
  endloop
endfacet
facet normal 0.7518398062387028 2.9499336247477503e-09 0.6593458165143309
  outer loop
    vertex 43.96094465713575 0.35147226701798795 17.82852774566106
    vertex 44.06444057092863 49.15042043071523 17.710513056283286
    vertex 43.96094469782796 49.15042043257634 17.82852747768208
  endloop
endfacet
facet normal 0.5555702320161613 4.215730199779577e-09 0.831469612973023
  outer loop
    vertex 43.84293027329525 49.150420434208606 17.932023347209128
    vertex 43.7124165323358 0.6000004072840328 18.019230086809674
    vertex 43.8429302401775 0.4694866911538129 17.932023613748267
  endloop
endfacet
facet normal 0.5555702320161613 4.215730199779577e-09 0.831469612973023
  outer loop
    vertex 43.7124165323358 0.6000004072840328 18.019230086809674
    vertex 43.84293027329525 49.150420434208606 17.932023347209128
    vertex 43.71241655683057 49.15042043558387 18.019229821862954
  endloop
endfacet
facet normal 0.8968727383288708 1.4533707713248814e-09 0.4422886967157005
  outer loop
    vertex 44.2210720066359 49.150420426436916 17.439219462013185
    vertex 44.151646997337096 0.16076991626448894 17.579999612765157
    vertex 44.22107195070468 0.09134495970311918 17.439219733166016
  endloop
endfacet
facet normal 0.8968727383288708 1.4533707713248814e-09 0.4422886967157005
  outer loop
    vertex 44.151646997337096 0.16076991626448894 17.579999612765157
    vertex 44.2210720066359 49.150420426436916 17.439219462013185
    vertex 44.15164704953461 49.150420428657036 17.579999342459384
  endloop
endfacet
facet normal 5.743294736190726e-09 0.9999999999999991 3.949543005521052e-08
  outer loop
    vertex 14.411996536290308 29.90042016856104 12.179999031182355
    vertex -5.119845863225147 29.900420079713 16.979998581221697
    vertex 14.411996495044143 29.900420083589886 16.97999901538345
  endloop
endfacet
facet normal 5.743294736190726e-09 0.9999999999999991 3.949543005521052e-08
  outer loop
    vertex -5.119845863225147 29.900420079713 16.979998581221697
    vertex 14.411996536290308 29.90042016856104 12.179999031182355
    vertex -9.919845486001538 29.900420401465773 12.179998638926135
  endloop
endfacet
facet normal -1.1988408332871794e-08 0.4422886949415614 0.8968727392037793
  outer loop
    vertex 15.152776362695755 29.15964019677949 18.08865449651448
    vertex -5.038003416255998 29.300420073919806 18.019229273217157
    vertex -5.038003417617111 29.15964019231352 18.088654228438397
  endloop
endfacet
facet normal -1.1988408332871794e-08 0.4422886949415614 0.8968727392037793
  outer loop
    vertex -5.038003416255998 29.300420073919806 18.019229273217157
    vertex 15.152776362695755 29.15964019677949 18.08865449651448
    vertex 15.011996482165879 29.300420078380643 18.019229538630594
  endloop
endfacet
facet normal 9.020793111659692e-09 0.7339447265873313 -0.6792092006993481
  outer loop
    vertex 14.422262646998012 49.12977731026204 17.136630317952296
    vertex 44.29771334435669 49.150420419072425 17.15893739260623
    vertex 44.30215040706175 49.12977731026196 17.136630776704486
  endloop
endfacet
facet normal 9.020793111659692e-09 0.7339447265873313 -0.6792092006993481
  outer loop
    vertex 44.29771334435669 49.150420419072425 17.15893739260623
    vertex 14.422262646998012 49.12977731026204 17.136630317952296
    vertex 14.426699708784593 49.15042042210862 17.158937061087087
  endloop
endfacet
facet normal -0.997858923495756 -2.787041382907187e-10 0.0654031253067537
  outer loop
    vertex 14.422262659507588 29.890153916166017 17.136630469854914
    vertex 14.411996487010379 48.97148237408797 16.97999901748991
    vertex 14.411996495044143 29.900420083589886 16.97999901538345
  endloop
endfacet
facet normal -0.997858923495756 -2.787041382907187e-10 0.0654031253067537
  outer loop
    vertex 14.411996487010379 48.97148237408797 16.97999901748991
    vertex 14.422262659507588 29.890153916166017 17.136630469854914
    vertex 14.422262646998012 49.12977731026204 17.136630317952296
  endloop
endfacet
facet normal 0.06540305914873332 5.198690849914638e-09 0.9978589278319794
  outer loop
    vertex 43.2690479841148 49.15042043795722 18.169733165944855
    vertex 43.11241665499014 1.2000004106795232 18.17999956439236
    vertex 43.26904799023086 1.0433689794224368 18.169733425481986
  endloop
endfacet
facet normal 0.06540305914873332 5.198690849914638e-09 0.9978589278319794
  outer loop
    vertex 43.11241665499014 1.2000004106795232 18.17999956439236
    vertex 43.2690479841148 49.15042043795722 18.169733165944855
    vertex 43.11241655281856 49.15042043811912 18.179999330612855
  endloop
endfacet
facet normal 0.3214394605265831 5.073644395985817e-09 0.9469301311165356
  outer loop
    vertex 43.571636674282026 49.15042043667864 18.088654774701265
    vertex 43.422999403735176 0.8894175552109662 18.139110586962033
    vertex 43.57163665931144 0.7407802895662473 18.088655037930273
  endloop
endfacet
facet normal 0.3214394605265831 5.073644395985817e-09 0.9469301311165356
  outer loop
    vertex 43.422999403735176 0.8894175552109662 18.139110586962033
    vertex 43.571636674282026 49.15042043667864 18.088654774701265
    vertex 43.42299940844379 49.15042043747429 18.139110325546504
  endloop
endfacet
facet normal -5.995240415194124e-09 0.8968727407690514 0.4422886917675034
  outer loop
    vertex 14.503341050357502 29.809075519978165 17.43921916041285
    vertex -5.038003407644649 29.739650560418525 17.57999878639492
    vertex 14.572766003022465 29.739650564863165 17.57999904340675
  endloop
endfacet
facet normal -5.995240415194124e-09 0.8968727407690514 0.4422886917675034
  outer loop
    vertex -5.038003407644649 29.739650560418525 17.57999878639492
    vertex 14.503341050357502 29.809075519978165 17.43921916041285
    vertex -5.038003404884607 29.80907551553607 17.43921890473747
  endloop
endfacet
facet normal 0.19509031391040577 5.304823819209716e-09 0.9807852820155588
  outer loop
    vertex 43.42299940844379 49.15042043747429 18.139110325546504
    vertex 43.26904799023086 1.0433689794224368 18.169733425481986
    vertex 43.422999403735176 0.8894175552109662 18.139110586962033
  endloop
endfacet
facet normal 0.19509031391040577 5.304823819209716e-09 0.9807852820155588
  outer loop
    vertex 43.26904799023086 1.0433689794224368 18.169733425481986
    vertex 43.42299940844379 49.15042043747429 18.139110325546504
    vertex 43.2690479841148 49.15042043795722 18.169733165944855
  endloop
endfacet
facet normal -4.418608377420136e-09 0.9469301285089861 0.3214394682081762
  outer loop
    vertex 14.452885499706936 29.859531073242874 17.290581894207683
    vertex -5.038003404884607 29.80907551553607 17.43921890473747
    vertex 14.503341050357502 29.809075519978165 17.43921916041285
  endloop
endfacet
facet normal -4.418608377420136e-09 0.9469301285089861 0.3214394682081762
  outer loop
    vertex -5.038003404884607 29.80907551553607 17.43921890473747
    vertex 14.452885499706936 29.859531073242874 17.290581894207683
    vertex -5.038003401970459 29.859531068802646 17.290581639500505
  endloop
endfacet
facet normal 1.0488979234436781e-10 0.9999999999999998 -1.710495381683405e-08
  outer loop
    vertex 14.426699708784593 49.15042042210862 17.158937061087087
    vertex 44.271527561982246 49.150420424092935 17.290582197702783
    vertex 44.29771334435669 49.150420419072425 17.15893739260623
  endloop
endfacet
facet normal 1.0488979234436781e-10 0.9999999999999998 -1.710495381683405e-08
  outer loop
    vertex 44.271527561982246 49.150420424092935 17.290582197702783
    vertex 14.426699708784593 49.15042042210862 17.158937061087087
    vertex 44.2210720066359 49.150420426436916 17.439219462013185
  endloop
endfacet
facet normal 1.0488979234436781e-10 0.9999999999999998 -1.710495381683405e-08
  outer loop
    vertex 44.2210720066359 49.150420426436916 17.439219462013185
    vertex 14.426699708784593 49.15042042210862 17.158937061087087
    vertex 44.15164704953461 49.150420428657036 17.579999342459384
  endloop
endfacet
facet normal 1.0488979234436781e-10 0.9999999999999998 -1.710495381683405e-08
  outer loop
    vertex 44.15164704953461 49.150420428657036 17.579999342459384
    vertex 14.426699708784593 49.15042042210862 17.158937061087087
    vertex 44.06444057092863 49.15042043071523 17.710513056283286
  endloop
endfacet
facet normal 1.0488979234436781e-10 0.9999999999999998 -1.710495381683405e-08
  outer loop
    vertex 44.06444057092863 49.15042043071523 17.710513056283286
    vertex 14.426699708784593 49.15042042210862 17.158937061087087
    vertex 43.96094469782796 49.15042043257634 17.82852747768208
  endloop
endfacet
facet normal 1.0488979234436781e-10 0.9999999999999998 -1.710495381683405e-08
  outer loop
    vertex 43.96094469782796 49.15042043257634 17.82852747768208
    vertex 14.426699708784593 49.15042042210862 17.158937061087087
    vertex 43.84293027329525 49.150420434208606 17.932023347209128
  endloop
endfacet
facet normal 1.0488979234436781e-10 0.9999999999999998 -1.710495381683405e-08
  outer loop
    vertex 43.84293027329525 49.150420434208606 17.932023347209128
    vertex 14.426699708784593 49.15042042210862 17.158937061087087
    vertex 43.71241655683057 49.15042043558387 18.019229821862954
  endloop
endfacet
facet normal 1.0488979234436781e-10 0.9999999999999998 -1.710495381683405e-08
  outer loop
    vertex 43.71241655683057 49.15042043558387 18.019229821862954
    vertex 14.426699708784593 49.15042042210862 17.158937061087087
    vertex 43.571636674282026 49.15042043667864 18.088654774701265
  endloop
endfacet
facet normal 1.0488979234436781e-10 0.9999999999999998 -1.710495381683405e-08
  outer loop
    vertex 43.571636674282026 49.15042043667864 18.088654774701265
    vertex 14.426699708784593 49.15042042210862 17.158937061087087
    vertex 43.42299940844379 49.15042043747429 18.139110325546504
  endloop
endfacet
facet normal 1.0488979234436781e-10 0.9999999999999998 -1.710495381683405e-08
  outer loop
    vertex 43.42299940844379 49.15042043747429 18.139110325546504
    vertex 14.426699708784593 49.15042042210862 17.158937061087087
    vertex 43.2690479841148 49.15042043795722 18.169733165944855
  endloop
endfacet
facet normal 1.0488979234436781e-10 0.9999999999999998 -1.710495381683405e-08
  outer loop
    vertex 43.2690479841148 49.15042043795722 18.169733165944855
    vertex 14.426699708784593 49.15042042210862 17.158937061087087
    vertex 43.11241655281856 49.15042043811912 18.179999330612855
  endloop
endfacet
facet normal 1.0488979234436781e-10 0.9999999999999998 -1.710495381683405e-08
  outer loop
    vertex 43.11241655281856 49.15042043811912 18.179999330612855
    vertex 14.426699708784593 49.15042042210862 17.158937061087087
    vertex 15.611996460286063 49.1504204411553 18.179999045570476
  endloop
endfacet
facet normal 1.0488979234436781e-10 0.9999999999999998 -1.710495381683405e-08
  outer loop
    vertex 15.611996460286063 49.1504204411553 18.179999045570476
    vertex 14.426699708784593 49.15042042210862 17.158937061087087
    vertex 15.455365029392233 49.15042044099342 18.16973287476072
  endloop
endfacet
facet normal 1.0488979234436781e-10 0.9999999999999998 -1.710495381683405e-08
  outer loop
    vertex 15.455365029392233 49.15042044099342 18.16973287476072
    vertex 14.426699708784593 49.15042042210862 17.158937061087087
    vertex 15.301413606263965 49.150420440510416 18.139110028325828
  endloop
endfacet
facet normal 1.0488979234436781e-10 0.9999999999999998 -1.710495381683405e-08
  outer loop
    vertex 15.301413606263965 49.150420440510416 18.139110028325828
    vertex 14.426699708784593 49.15042042210862 17.158937061087087
    vertex 15.152776342404286 49.1504204397148 18.088654471652347
  endloop
endfacet
facet normal 1.0488979234436781e-10 0.9999999999999998 -1.710495381683405e-08
  outer loop
    vertex 15.152776342404286 49.1504204397148 18.088654471652347
    vertex 14.426699708784593 49.15042042210862 17.158937061087087
    vertex 15.011996462577969 49.15042043861996 18.019229513293904
  endloop
endfacet
facet normal 1.0488979234436781e-10 0.9999999999999998 -1.710495381683405e-08
  outer loop
    vertex 15.011996462577969 49.15042043861996 18.019229513293904
    vertex 14.426699708784593 49.15042042210862 17.158937061087087
    vertex 14.881482749532788 49.150420437244726 17.93202303352252
  endloop
endfacet
facet normal 1.0488979234436781e-10 0.9999999999999998 -1.710495381683405e-08
  outer loop
    vertex 14.881482749532788 49.150420437244726 17.93202303352252
    vertex 14.426699708784593 49.15042042210862 17.158937061087087
    vertex 14.763468329058185 49.150420435612574 17.82852715936797
  endloop
endfacet
facet normal 1.0488979234436781e-10 0.9999999999999998 -1.710495381683405e-08
  outer loop
    vertex 14.763468329058185 49.150420435612574 17.82852715936797
    vertex 14.426699708784593 49.15042042210862 17.158937061087087
    vertex 14.659972460584896 49.150420433751485 17.710512733911028
  endloop
endfacet
facet normal 1.0488979234436781e-10 0.9999999999999998 -1.710495381683405e-08
  outer loop
    vertex 14.659972460584896 49.150420433751485 17.710512733911028
    vertex 14.426699708784593 49.15042042210862 17.158937061087087
    vertex 14.57276598709657 49.15042043169329 17.579999016667603
  endloop
endfacet
facet normal 1.0488979234436781e-10 0.9999999999999998 -1.710495381683405e-08
  outer loop
    vertex 14.57276598709657 49.15042043169329 17.579999016667603
    vertex 14.426699708784593 49.15042042210862 17.158937061087087
    vertex 14.503341035515405 49.150420429473016 17.4392191334992
  endloop
endfacet
facet normal 1.0488979234436781e-10 0.9999999999999998 -1.710495381683405e-08
  outer loop
    vertex 14.503341035515405 49.150420429473016 17.4392191334992
    vertex 14.426699708784593 49.15042042210862 17.158937061087087
    vertex 14.452885485997399 49.15042042712909 17.290581867210438
  endloop
endfacet
facet normal -2.7734586987862457e-09 0.980785279527179 0.19509032642033622
  outer loop
    vertex 14.422262659507588 29.890153916166017 17.136630469854914
    vertex -5.038003401970459 29.859531068802646 17.290581639500505
    vertex 14.452885499706936 29.859531073242874 17.290581894207683
  endloop
endfacet
facet normal -2.7734586987862457e-09 0.980785279527179 0.19509032642033622
  outer loop
    vertex -5.038003401970459 29.859531068802646 17.290581639500505
    vertex 14.422262659507588 29.890153916166017 17.136630469854914
    vertex -5.038003398952171 29.890153911726888 17.13663021546099
  endloop
endfacet
facet normal -1.0 7.202185848330188e-09 -1.1775472960532237e-08
  outer loop
    vertex 20.211996339029568 24.100420468824982 -1.0332706839583818e-07
    vertex 20.211996666073976 28.210420349216015 0.9999998694517377
    vertex 20.211996604333727 41.115033048802026 -2.2073173977231792e-07
  endloop
endfacet
facet normal -1.0 7.202185848330188e-09 -1.1775472960532237e-08
  outer loop
    vertex 20.211996666073976 28.210420349216015 0.9999998694517377
    vertex 20.211996339029568 24.100420468824982 -1.0332706839583818e-07
    vertex 20.211996527793108 24.100420395577686 12.17999918337161
  endloop
endfacet
facet normal -1.0 7.202185848330188e-09 -1.1775472960532237e-08
  outer loop
    vertex 20.211996666073976 28.210420349216015 0.9999998694517377
    vertex 20.211996527793108 24.100420395577686 12.17999918337161
    vertex 20.21199635557469 28.210420428956624 12.180000267345186
  endloop
endfacet
facet normal -1.0 7.202185848330188e-09 -1.1775472960532237e-08
  outer loop
    vertex 20.211996604333727 41.115033048802026 -2.2073173977231792e-07
    vertex 20.211996666074025 36.14924174839055 0.9999998131102119
    vertex 20.21199664345513 41.11503367513664 9.123550124214514
  endloop
endfacet
facet normal -1.0 7.202185848330188e-09 -1.1775472960532237e-08
  outer loop
    vertex 20.211996666074025 36.14924174839055 0.9999998131102119
    vertex 20.211996604333727 41.115033048802026 -2.2073173977231792e-07
    vertex 20.211996667074636 32.17983104951427 0.9999998392759055
  endloop
endfacet
facet normal -1.0 7.202185848330188e-09 -1.1775472960532237e-08
  outer loop
    vertex 20.211996667074636 32.17983104951427 0.9999998392759055
    vertex 20.211996604333727 41.115033048802026 -2.2073173977231792e-07
    vertex 20.211996666073976 28.210420349216015 0.9999998694517377
  endloop
endfacet
facet normal -1.0 7.202185848330188e-09 -1.1775472960532237e-08
  outer loop
    vertex 20.21199664345513 41.11503367513664 9.123550124214514
    vertex 20.211996666074025 36.14924174839055 0.9999998131102119
    vertex 20.21199635557467 36.14924182813115 12.180000211003641
  endloop
endfacet
facet normal -1.0 7.202185848330188e-09 -1.1775472960532237e-08
  outer loop
    vertex 20.21199664345513 41.11503367513664 9.123550124214514
    vertex 20.21199635557467 36.14924182813115 12.180000211003641
    vertex 20.211996505710506 44.171482477340646 12.179999170164342
  endloop
endfacet
facet normal -0.8314696232739567 5.732273674229388e-11 0.5555702165997245
  outer loop
    vertex 14.65997247753632 29.652444088108883 17.71051276039486
    vertex 14.57276598709657 49.15042043169329 17.579999016667603
    vertex 14.572766003022465 29.739650564863165 17.57999904340675
  endloop
endfacet
facet normal -0.8314696232739567 5.732273674229388e-11 0.5555702165997245
  outer loop
    vertex 14.57276598709657 49.15042043169329 17.579999016667603
    vertex 14.65997247753632 29.652444088108883 17.71051276039486
    vertex 14.659972460584896 49.150420433751485 17.710512733911028
  endloop
endfacet
facet normal -1.2648880214943721e-09 0.9978589257877691 0.0654030903373812
  outer loop
    vertex -5.119845863225147 29.900420079713 16.979998581221697
    vertex -5.038003397479652 29.895055852851883 17.061841052626495
    vertex 14.411996495044143 29.900420083589886 16.97999901538345
  endloop
endfacet
facet normal -1.2648880214943721e-09 0.9978589257877691 0.0654030903373812
  outer loop
    vertex 14.411996495044143 29.900420083589886 16.97999901538345
    vertex -5.038003398952171 29.890153911726888 17.13663021546099
    vertex 14.422262659507588 29.890153916166017 17.136630469854914
  endloop
endfacet
facet normal -1.2648880214943721e-09 0.9978589257877691 0.0654030903373812
  outer loop
    vertex -5.038003398952171 29.890153911726888 17.13663021546099
    vertex 14.411996495044143 29.900420083589886 16.97999901538345
    vertex -5.038003397479652 29.895055852851883 17.061841052626495
  endloop
endfacet
facet normal -1.0058749639784999e-08 0.659345817002063 0.7518398058109732
  outer loop
    vertex 14.881482768323826 29.4309337936219 17.932023059294696
    vertex -5.038003412517174 29.54894821223487 17.828526924850433
    vertex -5.0380034145462576 29.430933789165884 17.93202279636351
  endloop
endfacet
facet normal -1.0058749639784999e-08 0.659345817002063 0.7518398058109732
  outer loop
    vertex -5.038003412517174 29.54894821223487 17.828526924850433
    vertex 14.881482768323826 29.4309337936219 17.932023059294696
    vertex 14.76346834696756 29.548948216686536 17.82852718552602
  endloop
endfacet
facet normal -1.3124263062124215e-08 0.19509032957395403 0.9807852788998853
  outer loop
    vertex 15.45536505078314 28.857051507573896 18.169732898597903
    vertex -5.038003418606305 29.01100292711373 18.139109781814433
    vertex -5.0380034192066985 28.857051503096738 18.169732624852085
  endloop
endfacet
facet normal -1.3124263062124215e-08 0.19509032957395403 0.9807852788998853
  outer loop
    vertex -5.038003418606305 29.01100292711373 18.139109781814433
    vertex 15.45536505078314 28.857051507573896 18.169732898597903
    vertex 15.301413627158716 29.011002931585185 18.13911005268469
  endloop
endfacet
facet normal -1.336323742580376e-08 0.06540313800162219 0.9978589226636903
  outer loop
    vertex 15.61199648206133 28.700420076251138 18.179999068877414
    vertex -5.0380034192066985 28.857051503096738 18.169732624852085
    vertex -5.03800341940797 28.70042007176821 18.17999879222526
  endloop
endfacet
facet normal -1.336323742580376e-08 0.06540313800162219 0.9978589226636903
  outer loop
    vertex -5.0380034192066985 28.857051503096738 18.169732624852085
    vertex 15.61199648206133 28.700420076251138 18.179999068877414
    vertex 15.45536505078314 28.857051507573896 18.169732898597903
  endloop
endfacet
facet normal 0.8314696100718836 2.2187671866934368e-09 0.555570236358023
  outer loop
    vertex 44.15164704953461 49.150420428657036 17.579999342459384
    vertex 44.06444052384004 0.24797639436989222 17.71051332552506
    vertex 44.151646997337096 0.16076991626448894 17.579999612765157
  endloop
endfacet
facet normal 0.8314696100718836 2.2187671866934368e-09 0.555570236358023
  outer loop
    vertex 44.06444052384004 0.24797639436989222 17.71051332552506
    vertex 44.15164704953461 49.150420428657036 17.579999342459384
    vertex 44.06444057092863 49.15042043071523 17.710513056283286
  endloop
endfacet
facet normal 0.6593458143942256 3.623316435413136e-09 0.7518398080979852
  outer loop
    vertex 43.96094469782796 49.15042043257634 17.82852747768208
    vertex 43.8429302401775 0.4694866911538129 17.932023613748267
    vertex 43.96094465713575 0.35147226701798795 17.82852774566106
  endloop
endfacet
facet normal 0.6593458143942256 3.623316435413136e-09 0.7518398080979852
  outer loop
    vertex 43.8429302401775 0.4694866911538129 17.932023613748267
    vertex 43.96094469782796 49.15042043257634 17.82852747768208
    vertex 43.84293027329525 49.150420434208606 17.932023347209128
  endloop
endfacet
facet normal 0.33916586322637926 1.543867304845372e-07 0.9407265900472257
  outer loop
    vertex 28.62949928690429 42.057789173732054 9.866305834602908
    vertex 27.098489087040022 42.40977333384586 10.418290170112773
    vertex 28.62949921178961 41.85778909866088 9.866305907238925
  endloop
endfacet
facet normal 0.33916586322637926 1.543867304845372e-07 0.9407265900472257
  outer loop
    vertex 27.098489087040022 42.40977333384586 10.418290170112773
    vertex 28.62949928690429 42.057789173732054 9.866305834602908
    vertex 27.098489157166135 42.60977348351363 10.418290124738459
  endloop
endfacet
facet normal 0.7481756883516455 -4.2681677786849635e-07 0.6635006702026451
  outer loop
    vertex 41.75337860706153 41.435360920625165 9.243877839748846
    vertex 41.201394103959196 41.85778912995311 9.866306097042623
    vertex 41.75337852632155 41.23536082393637 9.243877799164714
  endloop
endfacet
facet normal 0.7481756883516455 -4.2681677786849635e-07 0.6635006702026451
  outer loop
    vertex 41.201394103959196 41.85778912995311 9.866306097042623
    vertex 41.75337860706153 41.435360920625165 9.243877839748846
    vertex 41.20139417907385 42.057789218304734 9.866306138026067
  endloop
endfacet
facet normal 0.9469301258315252 6.765512050205108e-10 0.3214394760957217
  outer loop
    vertex 44.271527561982246 49.150420424092935 17.290582197702783
    vertex 44.22107195070468 0.09134495970311918 17.439219733166016
    vertex 44.27152750375591 0.04088940492697559 17.29058246947125
  endloop
endfacet
facet normal 0.9469301258315252 6.765512050205108e-10 0.3214394760957217
  outer loop
    vertex 44.22107195070468 0.09134495970311918 17.439219733166016
    vertex 44.271527561982246 49.150420424092935 17.290582197702783
    vertex 44.2210720066359 49.150420426436916 17.439219462013185
  endloop
endfacet
facet normal 0.7481758757114604 -4.9884107997647836e-08 0.6635004589323106
  outer loop
    vertex 28.62949928690429 42.057789173732054 9.866305834602908
    vertex 29.181483585876993 41.2353608467485 9.2438776633345
    vertex 29.18148366661693 41.43536093048841 9.243877590299169
  endloop
endfacet
facet normal 0.7481758757114604 -4.9884107997647836e-08 0.6635004589323106
  outer loop
    vertex 29.181483585876993 41.2353608467485 9.2438776633345
    vertex 28.62949928690429 42.057789173732054 9.866305834602908
    vertex 28.62949921178961 41.85778909866088 9.866305907238925
  endloop
endfacet
facet normal 9.438983807329246e-09 0.7033617309133705 -0.710832100771024
  outer loop
    vertex 14.411996487010379 48.97148237408797 16.97999901748991
    vertex 44.30215040706175 49.12977731026196 17.136630776704486
    vertex 44.31241657975925 48.97148237105187 16.979999349585594
  endloop
endfacet
facet normal 9.438983807329246e-09 0.7033617309133705 -0.710832100771024
  outer loop
    vertex 44.30215040706175 49.12977731026196 17.136630776704486
    vertex 14.411996487010379 48.97148237408797 16.97999901748991
    vertex 14.422262646998012 49.12977731026204 17.136630317952296
  endloop
endfacet
facet normal 1.0365127517135976e-08 0.7071067851009927 -0.707106777272102
  outer loop
    vertex 41.75337860677632 41.11503357195159 9.123550499121075
    vertex 44.31241657975925 48.97148237105187 16.979999349585594
    vertex 44.312416743518696 41.11503355540298 9.123550552338264
  endloop
endfacet
facet normal 1.0365127517135976e-08 0.7071067851009927 -0.707106777272102
  outer loop
    vertex 44.31241657975925 48.97148237105187 16.979999349585594
    vertex 41.75337860677632 41.11503357195159 9.123550499121075
    vertex 41.75337852632155 41.23536082393637 9.243877799164714
  endloop
endfacet
facet normal 1.0365127517135976e-08 0.7071067851009927 -0.707106777272102
  outer loop
    vertex 44.31241657975925 48.97148237105187 16.979999349585594
    vertex 41.75337852632155 41.23536082393637 9.243877799164714
    vertex 41.201394103959196 41.85778912995311 9.866306097042623
  endloop
endfacet
facet normal 1.0365127517135976e-08 0.7071067851009927 -0.707106777272102
  outer loop
    vertex 44.31241657975925 48.97148237105187 16.979999349585594
    vertex 41.201394103959196 41.85778912995311 9.866306097042623
    vertex 39.67038384416074 42.4097734975301 10.418290444511742
  endloop
endfacet
facet normal 1.0365127517135976e-08 0.7071067851009927 -0.707106777272102
  outer loop
    vertex 44.31241657975925 48.97148237105187 16.979999349585594
    vertex 39.67038384416074 42.4097734975301 10.418290444511742
    vertex 14.411996487010379 48.97148237408797 16.97999901748991
  endloop
endfacet
facet normal 1.0365127517135976e-08 0.7071067851009927 -0.707106777272102
  outer loop
    vertex 14.411996487010379 48.97148237408797 16.97999901748991
    vertex 39.67038384416074 42.4097734975301 10.418290444511742
    vertex 38.158684318691655 42.40977349753009 10.41829037744327
  endloop
endfacet
facet normal 1.0365127517135976e-08 0.7071067851009927 -0.707106777272102
  outer loop
    vertex 14.411996487010379 48.97148237408797 16.97999901748991
    vertex 38.158684318691655 42.40977349753009 10.41829037744327
    vertex 36.86394456177836 41.115033568863424 9.123550420823218
  endloop
endfacet
facet normal 1.0365127517135976e-08 0.7071067851009927 -0.707106777272102
  outer loop
    vertex 14.411996487010379 48.97148237408797 16.97999901748991
    vertex 36.86394456177836 41.115033568863424 9.123550420823218
    vertex 28.62949921178961 41.85778909866088 9.866305907238925
  endloop
endfacet
facet normal 1.0365127517135976e-08 0.7071067851009927 -0.707106777272102
  outer loop
    vertex 28.62949921178961 41.85778909866088 9.866305907238925
    vertex 36.86394456177836 41.115033568863424 9.123550420823218
    vertex 29.181483585876993 41.2353608467485 9.2438776633345
  endloop
endfacet
facet normal 1.0365127517135976e-08 0.7071067851009927 -0.707106777272102
  outer loop
    vertex 29.181483585876993 41.2353608467485 9.2438776633345
    vertex 36.86394456177836 41.115033568863424 9.123550420823218
    vertex 29.181483658595933 41.11503361304414 9.123550284678956
  endloop
endfacet
facet normal 1.0365127517135976e-08 0.7071067851009927 -0.707106777272102
  outer loop
    vertex 14.411996487010379 48.97148237408797 16.97999901748991
    vertex 28.62949921178961 41.85778909866088 9.866305907238925
    vertex 27.098489087040022 42.40977333384586 10.418290170112773
  endloop
endfacet
facet normal 1.0365127517135976e-08 0.7071067851009927 -0.707106777272102
  outer loop
    vertex 14.411996487010379 48.97148237408797 16.97999901748991
    vertex 27.098489087040022 42.40977333384586 10.418290170112773
    vertex 25.58678937824695 42.409773333845905 10.41829010415488
  endloop
endfacet
facet normal 1.0365127517135976e-08 0.7071067851009927 -0.707106777272102
  outer loop
    vertex 14.411996487010379 48.97148237408797 16.97999901748991
    vertex 25.58678937824695 42.409773333845905 10.41829010415488
    vertex 24.292049758033826 41.11503360762284 9.123550201609595
  endloop
endfacet
facet normal 1.0365127517135976e-08 0.7071067851009927 -0.707106777272102
  outer loop
    vertex 14.411996487010379 48.97148237408797 16.97999901748991
    vertex 24.292049758033826 41.11503360762284 9.123550201609595
    vertex 20.211996505710506 44.171482477340646 12.179999170164342
  endloop
endfacet
facet normal 1.0365127517135976e-08 0.7071067851009927 -0.707106777272102
  outer loop
    vertex 20.211996505710506 44.171482477340646 12.179999170164342
    vertex 24.292049758033826 41.11503360762284 9.123550201609595
    vertex 20.21199664345513 41.11503367513664 9.123550124214514
  endloop
endfacet
facet normal 1.0365127517135976e-08 0.7071067851009927 -0.707106777272102
  outer loop
    vertex 14.411996487010379 48.97148237408797 16.97999901748991
    vertex 20.211996505710506 44.171482477340646 12.179999170164342
    vertex 14.411996505710366 44.1714824803768 12.179999093186815
  endloop
endfacet
facet normal 0.33916572961486735 -2.94618789949115e-07 0.9407266382189503
  outer loop
    vertex 41.20139417907385 42.057789218304734 9.866306138026067
    vertex 39.67038384416074 42.4097734975301 10.418290444511742
    vertex 41.201394103959196 41.85778912995311 9.866306097042623
  endloop
endfacet
facet normal 0.33916572961486735 -2.94618789949115e-07 0.9407266382189503
  outer loop
    vertex 39.67038384416074 42.4097734975301 10.418290444511742
    vertex 41.20139417907385 42.057789218304734 9.866306138026067
    vertex 39.67038391428686 42.609773577010124 10.418290476436693
  endloop
endfacet
facet normal -0.9999999999999997 -1.5926261009300936e-15 -2.6192527546659794e-08
  outer loop
    vertex 20.827377098811276 7.17996689130369 1.2965980527983572e-07
    vertex 20.827377072618752 13.409343164352792 1.0000000165751308
    vertex 20.827377098811297 13.40934314884895 1.9924098067338946e-08
  endloop
endfacet
facet normal -0.9999999999999997 -1.5926261009300936e-15 -2.6192527546659794e-08
  outer loop
    vertex 20.827377072618752 13.409343164352792 1.0000000165751308
    vertex 20.827377098811276 7.17996689130369 1.2965980527983572e-07
    vertex 20.827377072618777 7.179966906807487 1.0000001131542227
  endloop
endfacet
facet normal 0.18219281704497048 0.9832628221473736 -1.0472266722211097e-08
  outer loop
    vertex 21.702628607865627 13.032079567360041 4.7586444301142e-08
    vertex 22.72878552332305 12.841938737793443 1.0000000751747076
    vertex 22.728785549515568 12.841938722289585 7.557600576077153e-08
  endloop
endfacet
facet normal 0.18219281704497048 0.9832628221473736 -1.0472266722211097e-08
  outer loop
    vertex 22.72878552332305 12.841938737793443 1.0000000751747076
    vertex 21.702628607865627 13.032079567360041 4.7586444301142e-08
    vertex 21.702628581673114 13.032079582863881 1.000000045349182
  endloop
endfacet
facet normal -0.2215806934341073 -0.9751420390370112 9.314678353216969e-09
  outer loop
    vertex 22.72878552332304 14.773528275016767 1.000000045227702
    vertex 21.941813718529616 14.952351197138698 1.9502553415576905e-08
    vertex 22.72878554951554 14.77352825951294 4.154942988092647e-08
  endloop
endfacet
facet normal -0.2215806934341073 -0.9751420390370112 9.314678353216969e-09
  outer loop
    vertex 21.941813718529616 14.952351197138698 1.9502553415576905e-08
    vertex 22.72878552332304 14.773528275016767 1.000000045227702
    vertex 21.941813692337128 14.952351212642522 1.0000000218425034
  endloop
endfacet
facet normal -0.3336850593832046 -0.9426846138260808 5.875176551843979e-09
  outer loop
    vertex 21.941813692337128 14.952351212642522 1.0000000218425034
    vertex 21.210676897604042 15.211154014040092 -2.612526244549459e-09
    vertex 21.941813718529616 14.952351197138698 1.9502553415576905e-08
  endloop
endfacet
facet normal -0.3336850593832046 -0.9426846138260808 5.875176551843979e-09
  outer loop
    vertex 21.210676897604042 15.211154014040092 -2.612526244549459e-09
    vertex 21.941813692337128 14.952351212642522 1.0000000218425034
    vertex 21.210676871411554 15.211154029543925 0.9999999986797707
  endloop
endfacet
facet normal -0.44531359566445927 -0.8953746710268224 2.217849084322939e-09
  outer loop
    vertex 21.210676871411554 15.211154029543925 0.9999999986797707
    vertex 20.499157782915947 15.565027253476721 -2.593129126691662e-08
    vertex 21.210676897604042 15.211154014040092 -2.612526244549459e-09
  endloop
endfacet
facet normal -0.44531359566445927 -0.8953746710268224 2.217849084322939e-09
  outer loop
    vertex 20.499157782915947 15.565027253476721 -2.593129126691662e-08
    vertex 21.210676871411554 15.211154029543925 0.9999999986797707
    vertex 20.49915775672339 15.565027268980547 0.9999999745569206
  endloop
endfacet
facet normal -0.5374408282388976 -0.8433014621959858 -1.0025426836433123e-09
  outer loop
    vertex 20.49915775672339 15.565027268980547 0.9999999745569206
    vertex 19.771039070642292 16.029061458708117 -5.158922381899245e-08
    vertex 20.499157782915947 15.565027253476721 -2.593129126691662e-08
  endloop
endfacet
facet normal -0.5374408282388976 -0.8433014621959858 -1.0025426836433123e-09
  outer loop
    vertex 19.771039070642292 16.029061458708117 -5.158922381899245e-08
    vertex 20.49915775672339 15.565027268980547 0.9999999745569206
    vertex 19.771039044449736 16.029061474211957 0.9999999482913697
  endloop
endfacet
facet normal 9.140433519939654e-15 -0.9999999999999998 1.550382020713553e-08
  outer loop
    vertex 19.771039044449736 16.029061474211957 0.9999999482913697
    vertex 18.255948527382742 16.02906145870812 -8.796956305140667e-08
    vertex 19.771039070642292 16.029061458708117 -5.158922381899245e-08
  endloop
endfacet
facet normal 9.140433519939654e-15 -0.9999999999999998 1.550382020713553e-08
  outer loop
    vertex 18.255948527382742 16.02906145870812 -8.796956305140667e-08
    vertex 19.771039044449736 16.029061474211957 0.9999999482913697
    vertex 18.255948501190176 16.029061474211915 0.999999908607359
  endloop
endfacet
facet normal 0.9999999999999997 -5.860087881873404e-16 2.619256913096853e-08
  outer loop
    vertex 18.255948501190176 16.029061474211915 0.999999908607359
    vertex 18.255948527382742 7.179966891303667 6.791468769812941e-08
    vertex 18.255948527382742 16.02906145870812 -8.796956305140667e-08
  endloop
endfacet
facet normal 0.9999999999999997 -5.860087881873404e-16 2.619256913096853e-08
  outer loop
    vertex 18.255948527382742 7.179966891303667 6.791468769812941e-08
    vertex 18.255948501190176 16.029061474211915 0.999999908607359
    vertex 18.255948501190165 7.179966906807518 1.000000045802076
  endloop
endfacet
facet normal 2.4947557779549928e-15 0.9999999999999998 -1.550382408859604e-08
  outer loop
    vertex 18.255948527382742 7.179966891303667 6.791468769812941e-08
    vertex 20.827377072618777 7.179966906807487 1.0000001131542227
    vertex 20.827377098811276 7.17996689130369 1.2965980527983572e-07
  endloop
endfacet
facet normal 2.4947557779549928e-15 0.9999999999999998 -1.550382408859604e-08
  outer loop
    vertex 20.827377072618777 7.179966906807487 1.0000001131542227
    vertex 18.255948527382742 7.179966891303667 6.791468769812941e-08
    vertex 18.255948501190165 7.179966906807518 1.000000045802076
  endloop
endfacet
facet normal 2.6192501411850092e-08 -1.5503814145136165e-08 -0.9999999999999994
  outer loop
    vertex 11.41087807865497 13.361053425922215 0.999999770682142
    vertex 13.282105442840061 16.04113390881957 0.9999997781427977
    vertex 12.96822214304129 13.361053425922158 0.9999998114728791
  endloop
endfacet
facet normal 2.6192501411850092e-08 -1.5503814145136165e-08 -0.9999999999999994
  outer loop
    vertex 13.282105442840061 16.04113390881957 0.9999997781427977
    vertex 11.41087807865497 13.361053425922215 0.999999770682142
    vertex 11.115103430767643 16.04113390881961 0.9999997213835947
  endloop
endfacet
facet normal 0.39582934757174715 0.9183240863665315 -3.869778366374492e-09
  outer loop
    vertex 20.827377098811297 13.40934314884895 1.9924098067338946e-08
    vertex 21.702628581673114 13.032079582863881 1.000000045349182
    vertex 21.702628607865627 13.032079567360041 4.7586444301142e-08
  endloop
endfacet
facet normal 0.39582934757174715 0.9183240863665315 -3.869778366374492e-09
  outer loop
    vertex 21.702628581673114 13.032079582863881 1.000000045349182
    vertex 20.827377098811297 13.40934314884895 1.9924098067338946e-08
    vertex 20.827377072618752 13.409343164352792 1.0000000165751308
  endloop
endfacet
facet normal 2.6192501458335905e-08 -1.5503814117541364e-08 -0.9999999999999994
  outer loop
    vertex 18.255948501190165 7.179966906807518 1.000000045802076
    vertex 20.827377072618752 13.409343164352792 1.0000000165751308
    vertex 20.827377072618777 7.179966906807487 1.0000001131542227
  endloop
endfacet
facet normal 2.6192501458335905e-08 -1.5503814117541364e-08 -0.9999999999999994
  outer loop
    vertex 20.827377072618752 13.409343164352792 1.0000000165751308
    vertex 18.255948501190165 7.179966906807518 1.000000045802076
    vertex 18.255948501190176 16.029061474211915 0.999999908607359
  endloop
endfacet
facet normal 2.6192501458335905e-08 -1.5503814117541364e-08 -0.9999999999999994
  outer loop
    vertex 20.827377072618752 13.409343164352792 1.0000000165751308
    vertex 18.255948501190176 16.029061474211915 0.999999908607359
    vertex 21.941813692337128 14.952351212642522 1.0000000218425034
  endloop
endfacet
facet normal 2.6192501458335905e-08 -1.5503814117541364e-08 -0.9999999999999994
  outer loop
    vertex 20.827377072618752 13.409343164352792 1.0000000165751308
    vertex 21.941813692337128 14.952351212642522 1.0000000218425034
    vertex 22.72878552332304 14.773528275016767 1.000000045227702
  endloop
endfacet
facet normal 2.6192501458335905e-08 -1.5503814117541364e-08 -0.9999999999999994
  outer loop
    vertex 21.941813692337128 14.952351212642522 1.0000000218425034
    vertex 18.255948501190176 16.029061474211915 0.999999908607359
    vertex 21.210676871411554 15.211154029543925 0.9999999986797707
  endloop
endfacet
facet normal 2.6192501458335905e-08 -1.5503814117541364e-08 -0.9999999999999994
  outer loop
    vertex 21.210676871411554 15.211154029543925 0.9999999986797707
    vertex 18.255948501190176 16.029061474211915 0.999999908607359
    vertex 20.49915775672339 15.565027268980547 0.9999999745569206
  endloop
endfacet
facet normal 2.6192501458335905e-08 -1.5503814117541364e-08 -0.9999999999999994
  outer loop
    vertex 20.49915775672339 15.565027268980547 0.9999999745569206
    vertex 18.255948501190176 16.029061474211915 0.999999908607359
    vertex 19.771039044449736 16.029061474211957 0.9999999482913697
  endloop
endfacet
facet normal 2.6192501458335905e-08 -1.5503814117541364e-08 -0.9999999999999994
  outer loop
    vertex 21.702628581673114 13.032079582863881 1.000000045349182
    vertex 22.72878552332304 14.773528275016767 1.000000045227702
    vertex 22.72878552332305 12.841938737793443 1.0000000751747076
  endloop
endfacet
facet normal 2.6192501458335905e-08 -1.5503814117541364e-08 -0.9999999999999994
  outer loop
    vertex 22.72878552332304 14.773528275016767 1.000000045227702
    vertex 21.702628581673114 13.032079582863881 1.000000045349182
    vertex 20.827377072618752 13.409343164352792 1.0000000165751308
  endloop
endfacet
facet normal 2.6192501718979643e-08 -1.5503814099343526e-08 -0.9999999999999994
  outer loop
    vertex 14.332407253705263 13.361053425922211 0.9999998472042994
    vertex 16.18552596597891 16.041133908819575 0.9999998541906449
    vertex 15.9138961873069 13.361053425922192 0.999999888627451
  endloop
endfacet
facet normal 2.6192501718979643e-08 -1.5503814099343526e-08 -0.9999999999999994
  outer loop
    vertex 16.18552596597891 16.041133908819575 0.9999998541906449
    vertex 14.332407253705263 13.361053425922211 0.9999998472042994
    vertex 14.036632605817923 16.041133908819575 0.9999997979057518
  endloop
endfacet
facet normal 3.573509258855045e-14 0.9999999999999998 -1.5503828646692548e-08
  outer loop
    vertex 11.410878104847512 13.361053410418386 -2.0533411882079108e-07
    vertex 12.96822214304129 13.361053425922158 0.9999998114728791
    vertex 12.968222169233828 13.361053410418334 -1.6793918845440416e-07
  endloop
endfacet
facet normal 3.573509258855045e-14 0.9999999999999998 -1.5503828646692548e-08
  outer loop
    vertex 12.96822214304129 13.361053425922158 0.9999998114728791
    vertex 11.410878104847512 13.361053410418386 -2.0533411882079108e-07
    vertex 11.41087807865497 13.361053425922215 0.999999770682142
  endloop
endfacet
facet normal -0.9932115461170758 0.11632207296866152 -2.7818181123969677e-08
  outer loop
    vertex 12.968222169233828 13.361053410418334 -1.6793918845440416e-07
    vertex 13.282105442840061 16.04113390881957 0.9999997781427977
    vertex 13.282105469032626 16.04113389331578 -2.0761409977818453e-07
  endloop
endfacet
facet normal -0.9932115461170758 0.11632207296866152 -2.7818181123969677e-08
  outer loop
    vertex 13.282105442840061 16.04113390881957 0.9999997781427977
    vertex 12.968222169233828 13.361053410418334 -1.6793918845440416e-07
    vertex 12.96822214304129 13.361053425922158 0.9999998114728791
  endloop
endfacet
facet normal -0.9999999999999997 -1.1645930243539168e-14 -2.6192512805494582e-08
  outer loop
    vertex 22.728785549515568 12.841938722289585 7.557600576077153e-08
    vertex 22.72878552332304 14.773528275016767 1.000000045227702
    vertex 22.72878554951554 14.77352825951294 4.154942988092647e-08
  endloop
endfacet
facet normal -0.9999999999999997 -1.1645930243539168e-14 -2.6192512805494582e-08
  outer loop
    vertex 22.72878552332304 14.773528275016767 1.000000045227702
    vertex 22.728785549515568 12.841938722289585 7.557600576077153e-08
    vertex 22.72878552332305 12.841938737793443 1.0000000751747076
  endloop
endfacet
facet normal -1.0383330083642891e-14 -0.9999999999999998 1.5503805998896914e-08
  outer loop
    vertex 13.282105442840061 16.04113390881957 0.9999997781427977
    vertex 11.115103456960195 16.041133893315788 -2.596481307918768e-07
    vertex 13.282105469032626 16.04113389331578 -2.0761409977818453e-07
  endloop
endfacet
facet normal -1.0383330083642891e-14 -0.9999999999999998 1.5503805998896914e-08
  outer loop
    vertex 11.115103456960195 16.041133893315788 -2.596481307918768e-07
    vertex 13.282105442840061 16.04113390881957 0.9999997781427977
    vertex 11.115103430767643 16.04113390881961 0.9999997213835947
  endloop
endfacet
facet normal 2.9702763505633387e-15 -0.9999999999999998 1.55038059004375e-08
  outer loop
    vertex 16.18552596597891 16.041133908819575 0.9999998541906449
    vertex 14.0366326320105 16.041133893315767 -1.8949640095726048e-07
    vertex 16.185525992171456 16.041133893315777 -1.3789719471527043e-07
  endloop
endfacet
facet normal 2.9702763505633387e-15 -0.9999999999999998 1.55038059004375e-08
  outer loop
    vertex 14.0366326320105 16.041133893315767 -1.8949640095726048e-07
    vertex 16.18552596597891 16.041133908819575 0.9999998541906449
    vertex 14.036632605817923 16.041133908819575 0.9999997979057518
  endloop
endfacet
facet normal -0.9949031845834967 0.10083478222129563 -2.762236528436167e-08
  outer loop
    vertex 15.91389621349943 13.361053410418366 -9.720769225751869e-08
    vertex 16.18552596597891 16.041133908819575 0.9999998541906449
    vertex 16.185525992171456 16.041133893315777 -1.3789719471527043e-07
  endloop
endfacet
facet normal -0.9949031845834967 0.10083478222129563 -2.762236528436167e-08
  outer loop
    vertex 16.18552596597891 16.041133908819575 0.9999998541906449
    vertex 15.91389621349943 13.361053410418366 -9.720769225751869e-08
    vertex 15.9138961873069 13.361053425922192 0.999999888627451
  endloop
endfacet
facet normal 0.9939653635505699 0.10969437570715736 2.4333819085172247e-08
  outer loop
    vertex 14.036632605817923 16.041133908819575 0.9999997979057518
    vertex 14.332407279897804 13.36105341041838 -1.351823889861752e-07
    vertex 14.0366326320105 16.041133893315767 -1.8949640095726048e-07
  endloop
endfacet
facet normal 0.9939653635505699 0.10969437570715736 2.4333819085172247e-08
  outer loop
    vertex 14.332407279897804 13.36105341041838 -1.351823889861752e-07
    vertex 14.036632605817923 16.041133908819575 0.9999997979057518
    vertex 14.332407253705263 13.361053425922211 0.9999998472042994
  endloop
endfacet
facet normal 1.0659886346066937e-14 0.9999999999999998 -1.5503829449908352e-08
  outer loop
    vertex 14.332407279897804 13.36105341041838 -1.351823889861752e-07
    vertex 15.9138961873069 13.361053425922192 0.999999888627451
    vertex 15.91389621349943 13.361053410418366 -9.720769225751869e-08
  endloop
endfacet
facet normal 1.0659886346066937e-14 0.9999999999999998 -1.5503829449908352e-08
  outer loop
    vertex 15.9138961873069 13.361053425922192 0.999999888627451
    vertex 14.332407279897804 13.36105341041838 -1.351823889861752e-07
    vertex 14.332407253705263 13.361053425922211 0.9999998472042994
  endloop
endfacet
facet normal 0.9939653635505699 0.10969437570715719 2.4333806180276456e-08
  outer loop
    vertex 11.115103430767643 16.04113390881961 0.9999997213835947
    vertex 11.410878104847512 13.361053410418386 -2.0533411882079108e-07
    vertex 11.115103456960195 16.041133893315788 -2.596481307918768e-07
  endloop
endfacet
facet normal 0.9939653635505699 0.10969437570715719 2.4333806180276456e-08
  outer loop
    vertex 11.410878104847512 13.361053410418386 -2.0533411882079108e-07
    vertex 11.115103430767643 16.04113390881961 0.9999997213835947
    vertex 11.41087807865497 13.361053425922215 0.999999770682142
  endloop
endfacet
facet normal 2.401199017066396e-08 -1.761584188779431e-08 -0.9999999999999994
  outer loop
    vertex -11.674437944142936 0.4076810458069878 -6.37471973610124e-07
    vertex -7.404056621140853e-08 2.085470351770079 -4.868608512162543e-07
    vertex 1.8000039975948654 2.0854680778810457 -3.077005168200738e-07
  endloop
endfacet
facet normal 2.401199017066396e-08 -1.761584188779431e-08 -0.9999999999999994
  outer loop
    vertex -7.404056621140853e-08 2.085470351770079 -4.868608512162543e-07
    vertex -11.674437944142936 0.4076810458069878 -6.37471973610124e-07
    vertex -11.622015562089567 2.4913203094938012 -6.694962170058198e-07
  endloop
endfacet
facet normal 2.401199017066396e-08 -1.761584188779431e-08 -0.9999999999999994
  outer loop
    vertex -7.404056621140853e-08 2.085470351770079 -4.868608512162543e-07
    vertex -11.622015562089567 2.4913203094938012 -6.694962170058198e-07
    vertex -4.024110485613346 2.2259955087737078 -4.147058157281282e-07
  endloop
endfacet
facet normal 2.401199017066396e-08 -1.761584188779431e-08 -0.9999999999999994
  outer loop
    vertex -4.024110485613346 2.2259955087737078 -4.147058157281282e-07
    vertex -11.622015562089567 2.4913203094938012 -6.694962170058198e-07
    vertex -6.858994135546776 2.324991867890121 -5.097710701000106e-07
  endloop
endfacet
facet normal 2.401199017066396e-08 -1.761584188779431e-08 -0.9999999999999994
  outer loop
    vertex -1.9771817711669117 9.374009711718532 -6.597016377019524e-07
    vertex 3.000003997594886 9.238724998819558 -4.0886163501707113e-07
    vertex -8.072649817680854e-06 9.238724998819558 8.332705852580706e-08
  endloop
endfacet
facet normal 2.401199017066396e-08 -1.761584188779431e-08 -0.9999999999999994
  outer loop
    vertex -11.679986093335204 10.33338029531706 -7.42475149516666e-07
    vertex -8.807447298779646 9.135491552782092 -7.05650588989493e-07
    vertex -11.642330950130521 9.036495234257366 -7.294931086140031e-07
  endloop
endfacet
facet normal 2.401199017066396e-08 -1.761584188779431e-08 -0.9999999999999994
  outer loop
    vertex -8.807447298779646 9.135491552782092 -7.05650588989493e-07
    vertex -11.679986093335204 10.33338029531706 -7.42475149516666e-07
    vertex -4.044425869855186 9.301819926185853 -6.655930294343668e-07
  endloop
endfacet
facet normal 2.401199017066396e-08 -1.761584188779431e-08 -0.9999999999999994
  outer loop
    vertex -4.044425869855186 9.301819926185853 -6.655930294343668e-07
    vertex -11.679986093335204 10.33338029531706 -7.42475149516666e-07
    vertex -1.9771817711669117 9.374009711718532 -6.597016377019524e-07
  endloop
endfacet
facet normal 2.401199017066396e-08 -1.761584188779431e-08 -0.9999999999999994
  outer loop
    vertex 20.827377098811276 7.17996689130369 1.2965980527983572e-07
    vertex 21.702628607865627 13.032079567360041 4.7586444301142e-08
    vertex 22.728785549515568 12.841938722289585 7.557600576077153e-08
  endloop
endfacet
facet normal 2.401199017066396e-08 -1.761584188779431e-08 -0.9999999999999994
  outer loop
    vertex 21.702628607865627 13.032079567360041 4.7586444301142e-08
    vertex 20.827377098811276 7.17996689130369 1.2965980527983572e-07
    vertex 20.827377098811297 13.40934314884895 1.9924098067338946e-08
  endloop
endfacet
facet normal 2.401199017066396e-08 -1.761584188779431e-08 -0.9999999999999994
  outer loop
    vertex -11.654640518343879 13.766466792441355 -8.478272414993857e-07
    vertex -4.024110485613341 14.797890387443012 -6.129670593896854e-07
    vertex -1.9568663858047457 14.725700633993355 -5.598048561272147e-07
  endloop
endfacet
facet normal 2.401199017066396e-08 -1.761584188779431e-08 -0.9999999999999994
  outer loop
    vertex -4.024110485613341 14.797890387443012 -6.129670593896854e-07
    vertex -11.654640518343879 13.766466792441355 -8.478272414993857e-07
    vertex -11.622015562089555 15.063215188163111 -8.677574606673769e-07
  endloop
endfacet
facet normal 2.401199017066396e-08 -1.761584188779431e-08 -0.9999999999999994
  outer loop
    vertex -4.024110485613341 14.797890387443012 -6.129670593896854e-07
    vertex -11.622015562089555 15.063215188163111 -8.677574606673769e-07
    vertex -6.858994135546765 14.89688674655943 -7.080323137615686e-07
  endloop
endfacet
facet normal 2.401199017066396e-08 -1.761584188779431e-08 -0.9999999999999994
  outer loop
    vertex -4.746577222070058e-06 14.862007341328523 -2.2367959552208762e-07
    vertex 2.999995560708666 14.861887526402812 -7.123110900938826e-07
    vertex -1.9568663858047457 14.725700633993355 -5.598048561272147e-07
  endloop
endfacet
facet normal 2.401199017066396e-08 -1.761584188779431e-08 -0.9999999999999994
  outer loop
    vertex -2.255090260285753 7.788722057627172 -9.734653731259947e-08
    vertex 3.2000033837563406 3.535468077881066 -2.7734964116958764e-07
    vertex -2.255082792910862 3.535467410577712 -3.155658813162035e-07
  endloop
endfacet
facet normal 2.401199017066396e-08 -1.761584188779431e-08 -0.9999999999999994
  outer loop
    vertex 3.2000033837563406 3.535468077881066 -2.7734964116958764e-07
    vertex -2.255090260285753 7.788722057627172 -9.734653731259947e-08
    vertex 18.255948527382742 7.179966891303667 6.791468769812941e-08
  endloop
endfacet
facet normal 2.401199017066396e-08 -1.761584188779431e-08 -0.9999999999999994
  outer loop
    vertex 18.255948527382742 7.179966891303667 6.791468769812941e-08
    vertex -2.255090260285753 7.788722057627172 -9.734653731259947e-08
    vertex 4.40000338375635 7.788724998819549 -3.327771914049127e-07
  endloop
endfacet
facet normal 2.401199017066396e-08 -1.761584188779431e-08 -0.9999999999999994
  outer loop
    vertex 18.255948527382742 7.179966891303667 6.791468769812941e-08
    vertex 4.40000338375635 7.788724998819549 -3.327771914049127e-07
    vertex 15.91389621349943 13.361053410418366 -9.720769225751869e-08
  endloop
endfacet
facet normal 2.401199017066396e-08 -1.761584188779431e-08 -0.9999999999999994
  outer loop
    vertex 18.255948527382742 7.179966891303667 6.791468769812941e-08
    vertex 15.91389621349943 13.361053410418366 -9.720769225751869e-08
    vertex 18.255948527382742 16.02906145870812 -8.796956305140667e-08
  endloop
endfacet
facet normal 2.401199017066396e-08 -1.761584188779431e-08 -0.9999999999999994
  outer loop
    vertex 15.91389621349943 13.361053410418366 -9.720769225751869e-08
    vertex 4.40000338375635 7.788724998819549 -3.327771914049127e-07
    vertex 3.000003997594886 9.238724998819558 -4.0886163501707113e-07
  endloop
endfacet
facet normal 2.401199017066396e-08 -1.761584188779431e-08 -0.9999999999999994
  outer loop
    vertex 15.91389621349943 13.361053410418366 -9.720769225751869e-08
    vertex 3.000003997594886 9.238724998819558 -4.0886163501707113e-07
    vertex -1.9771817711669117 9.374009711718532 -6.597016377019524e-07
  endloop
endfacet
facet normal 2.401199017066396e-08 -1.761584188779431e-08 -0.9999999999999994
  outer loop
    vertex 15.91389621349943 13.361053410418366 -9.720769225751869e-08
    vertex -1.9771817711669117 9.374009711718532 -6.597016377019524e-07
    vertex 4.399999473720476 11.328724998819553 -6.075368199651476e-08
  endloop
endfacet
facet normal 2.401199017066396e-08 -1.761584188779431e-08 -0.9999999999999994
  outer loop
    vertex 4.399999473720476 11.328724998819553 -6.075368199651476e-08
    vertex -1.9771817711669117 9.374009711718532 -6.597016377019524e-07
    vertex -11.679986093335204 10.33338029531706 -7.42475149516666e-07
  endloop
endfacet
facet normal 2.401199017066396e-08 -1.761584188779431e-08 -0.9999999999999994
  outer loop
    vertex 4.399999473720476 11.328724998819553 -6.075368199651476e-08
    vertex -11.679986093335204 10.33338029531706 -7.42475149516666e-07
    vertex -10.759251901201612 10.665895287057735 -7.21380140860998e-07
  endloop
endfacet
facet normal 2.401199017066396e-08 -1.761584188779431e-08 -0.9999999999999994
  outer loop
    vertex 4.399999473720476 11.328724998819553 -6.075368199651476e-08
    vertex -10.759251901201612 10.665895287057735 -7.21380140860998e-07
    vertex -7.700464310261181 11.059818335931295 -5.659258389082108e-07
  endloop
endfacet
facet normal 2.401199017066396e-08 -1.761584188779431e-08 -0.9999999999999994
  outer loop
    vertex 4.399999473720476 11.328724998819553 -6.075368199651476e-08
    vertex -7.700464310261181 11.059818335931295 -5.659258389082108e-07
    vertex -4.433117705815448e-07 11.328724998819553 -1.6208444530064533e-07
  endloop
endfacet
facet normal 2.401199017066396e-08 -1.761584188779431e-08 -0.9999999999999994
  outer loop
    vertex 15.91389621349943 13.361053410418366 -9.720769225751869e-08
    vertex 4.399999473720476 11.328724998819553 -6.075368199651476e-08
    vertex 4.400000084640908 12.771831610929047 -9.983664999351495e-08
  endloop
endfacet
facet normal 2.401199017066396e-08 -1.761584188779431e-08 -0.9999999999999994
  outer loop
    vertex 15.91389621349943 13.361053410418366 -9.720769225751869e-08
    vertex 4.400000084640908 12.771831610929047 -9.983664999351495e-08
    vertex -8.865031737137485e-07 12.772007339507518 -2.0160886718207345e-07
  endloop
endfacet
facet normal 2.401199017066396e-08 -1.761584188779431e-08 -0.9999999999999994
  outer loop
    vertex 15.91389621349943 13.361053410418366 -9.720769225751869e-08
    vertex -8.865031737137485e-07 12.772007339507518 -2.0160886718207345e-07
    vertex -7.695434090629315 13.04073820476839 -6.218109359680636e-07
  endloop
endfacet
facet normal 2.401199017066396e-08 -1.761584188779431e-08 -0.9999999999999994
  outer loop
    vertex 15.91389621349943 13.361053410418366 -9.720769225751869e-08
    vertex -7.695434090629315 13.04073820476839 -6.218109359680636e-07
    vertex 12.968222169233828 13.361053410418334 -1.6793918845440416e-07
  endloop
endfacet
facet normal 2.401199017066396e-08 -1.761584188779431e-08 -0.9999999999999994
  outer loop
    vertex 18.255948527382742 16.02906145870812 -8.796956305140667e-08
    vertex 15.91389621349943 13.361053410418366 -9.720769225751869e-08
    vertex 16.185525992171456 16.041133893315777 -1.3789719471527043e-07
  endloop
endfacet
facet normal 2.401199017066396e-08 -1.761584188779431e-08 -0.9999999999999994
  outer loop
    vertex 12.968222169233828 13.361053410418334 -1.6793918845440416e-07
    vertex 14.332407279897804 13.36105341041838 -1.351823889861752e-07
    vertex 15.91389621349943 13.361053410418366 -9.720769225751869e-08
  endloop
endfacet
facet normal 2.401199017066396e-08 -1.761584188779431e-08 -0.9999999999999994
  outer loop
    vertex 14.332407279897804 13.36105341041838 -1.351823889861752e-07
    vertex 12.968222169233828 13.361053410418334 -1.6793918845440416e-07
    vertex 13.282105469032626 16.04113389331578 -2.0761409977818453e-07
  endloop
endfacet
facet normal 2.401199017066396e-08 -1.761584188779431e-08 -0.9999999999999994
  outer loop
    vertex 14.332407279897804 13.36105341041838 -1.351823889861752e-07
    vertex 13.282105469032626 16.04113389331578 -2.0761409977818453e-07
    vertex 14.0366326320105 16.041133893315767 -1.8949640095726048e-07
  endloop
endfacet
facet normal 2.401199017066396e-08 -1.761584188779431e-08 -0.9999999999999994
  outer loop
    vertex 14.0366326320105 16.041133893315767 -1.8949640095726048e-07
    vertex 13.282105469032626 16.04113389331578 -2.0761409977818453e-07
    vertex 16.185525992171456 16.041133893315777 -1.3789719471527043e-07
  endloop
endfacet
facet normal 2.401199017066396e-08 -1.761584188779431e-08 -0.9999999999999994
  outer loop
    vertex -7.695434090629315 13.04073820476839 -6.218109359680636e-07
    vertex 11.410878104847512 13.361053410418386 -2.0533411882079108e-07
    vertex 12.968222169233828 13.361053410418334 -1.6793918845440416e-07
  endloop
endfacet
facet normal 2.401199017066396e-08 -1.761584188779431e-08 -0.9999999999999994
  outer loop
    vertex 11.410878104847512 13.361053410418386 -2.0533411882079108e-07
    vertex -7.695434090629315 13.04073820476839 -6.218109359680636e-07
    vertex -10.754221681569712 13.441288511205464 -7.93746961387644e-07
  endloop
endfacet
facet normal 2.401199017066396e-08 -1.761584188779431e-08 -0.9999999999999994
  outer loop
    vertex 11.410878104847512 13.361053410418386 -2.0533411882079108e-07
    vertex -10.754221681569712 13.441288511205464 -7.93746961387644e-07
    vertex 2.999995560708666 14.861887526402812 -7.123110900938826e-07
  endloop
endfacet
facet normal 2.401199017066396e-08 -1.761584188779431e-08 -0.9999999999999994
  outer loop
    vertex 11.410878104847512 13.361053410418386 -2.0533411882079108e-07
    vertex 2.999995560708666 14.861887526402812 -7.123110900938826e-07
    vertex 11.115103456960195 16.041133893315788 -2.596481307918768e-07
  endloop
endfacet
facet normal 2.401199017066396e-08 -1.761584188779431e-08 -0.9999999999999994
  outer loop
    vertex 2.999995560708666 14.861887526402812 -7.123110900938826e-07
    vertex -10.754221681569712 13.441288511205464 -7.93746961387644e-07
    vertex -11.654640518343879 13.766466792441355 -8.478272414993857e-07
  endloop
endfacet
facet normal 2.401199017066396e-08 -1.761584188779431e-08 -0.9999999999999994
  outer loop
    vertex 2.999995560708666 14.861887526402812 -7.123110900938826e-07
    vertex -11.654640518343879 13.766466792441355 -8.478272414993857e-07
    vertex -1.9568663858047457 14.725700633993355 -5.598048561272147e-07
  endloop
endfacet
facet normal 2.401199017066396e-08 -1.761584188779431e-08 -0.9999999999999994
  outer loop
    vertex 11.115103456960195 16.041133893315788 -2.596481307918768e-07
    vertex 2.999995560708666 14.861887526402812 -7.123110900938826e-07
    vertex 4.40000382545316 16.311887526402824 -4.788002196698013e-07
  endloop
endfacet
facet normal 2.401199017066396e-08 -1.761584188779431e-08 -0.9999999999999994
  outer loop
    vertex -2.2550979308162633 20.564951114510215 -7.417727359819323e-07
    vertex 3.2000033837563238 20.564950447206844 -5.459079111794765e-07
    vertex -2.2551004463571047 16.312008343435917 -3.5602272578476154e-07
  endloop
endfacet
facet normal 2.401199017066396e-08 -1.761584188779431e-08 -0.9999999999999994
  outer loop
    vertex -11.69475329950235 23.692029896375484 -9.58339608842955e-07
    vertex -8.807447298779636 21.707386431451418 -9.039118317486616e-07
    vertex -11.642330950130509 21.608390112926653 -9.277543513731709e-07
  endloop
endfacet
facet normal 2.401199017066396e-08 -1.761584188779431e-08 -0.9999999999999994
  outer loop
    vertex -8.807447298779636 21.707386431451418 -9.039118317486616e-07
    vertex -11.69475329950235 23.692029896375484 -9.58339608842955e-07
    vertex -4.044425869855179 21.873714804855123 -8.638542721935345e-07
  endloop
endfacet
facet normal 2.401199017066396e-08 -1.761584188779431e-08 -0.9999999999999994
  outer loop
    vertex -4.044425869855179 21.873714804855123 -8.638542721935345e-07
    vertex -11.69475329950235 23.692029896375484 -9.58339608842955e-07
    vertex -5.1573736454813e-07 22.01495011240256 -7.89541562519714e-07
  endloop
endfacet
facet normal 2.401199017066396e-08 -1.761584188779431e-08 -0.9999999999999994
  outer loop
    vertex -5.1573736454813e-07 22.01495011240256 -7.89541562519714e-07
    vertex -11.69475329950235 23.692029896375484 -9.58339608842955e-07
    vertex 1.800003997594905 22.014950447206843 -6.219923547916341e-07
  endloop
endfacet
facet normal 2.401199017066396e-08 -1.761584188779431e-08 -0.9999999999999994
  outer loop
    vertex 1.800003997594905 22.014950447206843 -6.219923547916341e-07
    vertex -11.69475329950235 23.692029896375484 -9.58339608842955e-07
    vertex 28.106738115589664 22.244486185493912 4.580800194626562e-08
  endloop
endfacet
facet normal 2.401199017066396e-08 -1.761584188779431e-08 -0.9999999999999994
  outer loop
    vertex 28.106738115589664 22.244486185493912 4.580800194626562e-08
    vertex -11.69475329950235 23.692029896375484 -9.58339608842955e-07
    vertex 20.211996339029568 24.100420468824982 -1.0332706839583818e-07
  endloop
endfacet
facet normal 2.401199017066396e-08 -1.761584188779431e-08 -0.9999999999999994
  outer loop
    vertex 28.106738115589664 22.244486185493912 4.580800194626562e-08
    vertex 20.211996339029568 24.100420468824982 -1.0332706839583818e-07
    vertex 28.10673811558967 24.411488197566374 7.634437131065234e-09
  endloop
endfacet
facet normal 2.401199017066396e-08 -1.761584188779431e-08 -0.9999999999999994
  outer loop
    vertex 20.211996339029568 24.100420468824982 -1.0332706839583818e-07
    vertex -11.69475329950235 23.692029896375484 -9.58339608842955e-07
    vertex -4.416968265363863e-07 24.100420464172657 -3.684572628180253e-07
  endloop
endfacet
facet normal 2.401199017066396e-08 -1.761584188779431e-08 -0.9999999999999994
  outer loop
    vertex 28.10673811558967 24.411488197566374 7.634437131065234e-09
    vertex 20.211996339029568 24.100420468824982 -1.0332706839583818e-07
    vertex 20.211996604333727 41.115033048802026 -2.2073173977231792e-07
  endloop
endfacet
facet normal 2.401199017066396e-08 -1.761584188779431e-08 -0.9999999999999994
  outer loop
    vertex 28.10673811558967 24.411488197566374 7.634437131065234e-09
    vertex 20.211996604333727 41.115033048802026 -2.2073173977231792e-07
    vertex 28.106738115589703 25.16601536054421 -5.657194071997526e-09
  endloop
endfacet
facet normal 2.401199017066396e-08 -1.761584188779431e-08 -0.9999999999999994
  outer loop
    vertex 28.106738115589703 25.16601536054421 -5.657194071997526e-09
    vertex 20.211996604333727 41.115033048802026 -2.2073173977231792e-07
    vertex 28.10673811558973 27.314908720705187 -4.35117597383236e-08
  endloop
endfacet
facet normal 2.401199017066396e-08 -1.761584188779431e-08 -0.9999999999999994
  outer loop
    vertex 28.10673811558973 27.314908720705187 -4.35117597383236e-08
    vertex 20.211996604333727 41.115033048802026 -2.2073173977231792e-07
    vertex 28.118810550197384 29.385331255916476 -7.969411257839717e-08
  endloop
endfacet
facet normal 2.401199017066396e-08 -1.761584188779431e-08 -0.9999999999999994
  outer loop
    vertex 28.10673811558973 27.314908720705187 -4.35117597383236e-08
    vertex 28.118810550197384 29.385331255916476 -7.969411257839717e-08
    vertex 36.96790511760177 29.38533125591642 1.327902591933937e-07
  endloop
endfacet
facet normal 2.401199017066396e-08 -1.761584188779431e-08 -0.9999999999999994
  outer loop
    vertex 28.118810550197384 29.385331255916476 -7.969411257839717e-08
    vertex 20.211996604333727 41.115033048802026 -2.2073173977231792e-07
    vertex 28.11881055019738 30.900421799176005 -1.0638370803414941e-07
  endloop
endfacet
facet normal 2.401199017066396e-08 -1.761584188779431e-08 -0.9999999999999994
  outer loop
    vertex 28.11881055019738 30.900421799176005 -1.0638370803414941e-07
    vertex 20.211996604333727 41.115033048802026 -2.2073173977231792e-07
    vertex 28.58284475542875 31.62854051144964 -1.0806774737023873e-07
  endloop
endfacet
facet normal 2.401199017066396e-08 -1.761584188779431e-08 -0.9999999999999994
  outer loop
    vertex 28.58284475542875 31.62854051144964 -1.0806774737023873e-07
    vertex 20.211996604333727 41.115033048802026 -2.2073173977231792e-07
    vertex 28.936717994865305 32.340059626137766 -1.1210455484771646e-07
  endloop
endfacet
facet normal 2.401199017066396e-08 -1.761584188779431e-08 -0.9999999999999994
  outer loop
    vertex 28.936717994865305 32.340059626137766 -1.1210455484771646e-07
    vertex 20.211996604333727 41.115033048802026 -2.2073173977231792e-07
    vertex 29.195520811766755 33.071196447063315 -1.1876977478790789e-07
  endloop
endfacet
facet normal 2.401199017066396e-08 -1.761584188779431e-08 -0.9999999999999994
  outer loop
    vertex 29.195520811766755 33.071196447063315 -1.1876977478790789e-07
    vertex 20.211996604333727 41.115033048802026 -2.2073173977231792e-07
    vertex 29.3743437493925 33.85816827804921 -1.2833905151214452e-07
  endloop
endfacet
facet normal 2.401199017066396e-08 -1.761584188779431e-08 -0.9999999999999994
  outer loop
    vertex 29.3743437493925 33.85816827804921 -1.2833905151214452e-07
    vertex 20.211996604333727 41.115033048802026 -2.2073173977231792e-07
    vertex 31.305933286615847 33.85816827804922 -8.195774253058075e-08
  endloop
endfacet
facet normal 2.401199017066396e-08 -1.761584188779431e-08 -0.9999999999999994
  outer loop
    vertex 44.312417005978254 -1.0583712563246292e-06 5.542202014193249e-07
    vertex 36.96790511760177 29.38533125591642 1.327902591933937e-07
    vertex 44.312417072218665 41.11503349049882 4.5012271756830365e-07
  endloop
endfacet
facet normal 2.401199017066396e-08 -1.761584188779431e-08 -0.9999999999999994
  outer loop
    vertex 36.96790511760177 29.38533125591642 1.327902591933937e-07
    vertex 44.312417005978254 -1.0583712563246292e-06 5.542202014193249e-07
    vertex 20.827377098811276 7.17996689130369 1.2965980527983572e-07
  endloop
endfacet
facet normal 2.401199017066396e-08 -1.761584188779431e-08 -0.9999999999999994
  outer loop
    vertex 20.827377098811276 7.17996689130369 1.2965980527983572e-07
    vertex 44.312417005978254 -1.0583712563246292e-06 5.542202014193249e-07
    vertex 0.0 0.0 0.0
  endloop
endfacet
facet normal 2.401199017066396e-08 -1.761584188779431e-08 -0.9999999999999994
  outer loop
    vertex 20.827377098811276 7.17996689130369 1.2965980527983572e-07
    vertex 0.0 0.0 0.0
    vertex 1.8000039975948654 2.0854680778810457 -3.077005168200738e-07
  endloop
endfacet
facet normal 2.401199017066396e-08 -1.761584188779431e-08 -0.9999999999999994
  outer loop
    vertex 1.8000039975948654 2.0854680778810457 -3.077005168200738e-07
    vertex 0.0 0.0 0.0
    vertex -11.674437944142936 0.4076810458069878 -6.37471973610124e-07
  endloop
endfacet
facet normal 2.401199017066396e-08 -1.761584188779431e-08 -0.9999999999999994
  outer loop
    vertex 20.827377098811276 7.17996689130369 1.2965980527983572e-07
    vertex 1.8000039975948654 2.0854680778810457 -3.077005168200738e-07
    vertex 3.2000033837563406 3.535468077881066 -2.7734964116958764e-07
  endloop
endfacet
facet normal 2.401199017066396e-08 -1.761584188779431e-08 -0.9999999999999994
  outer loop
    vertex 20.827377098811276 7.17996689130369 1.2965980527983572e-07
    vertex 3.2000033837563406 3.535468077881066 -2.7734964116958764e-07
    vertex 18.255948527382742 7.179966891303667 6.791468769812941e-08
  endloop
endfacet
facet normal 2.401199017066396e-08 -1.761584188779431e-08 -0.9999999999999994
  outer loop
    vertex 36.96790511760177 29.38533125591642 1.327902591933937e-07
    vertex 20.827377098811276 7.17996689130369 1.2965980527983572e-07
    vertex 22.728785549515568 12.841938722289585 7.557600576077153e-08
  endloop
endfacet
facet normal 2.401199017066396e-08 -1.761584188779431e-08 -0.9999999999999994
  outer loop
    vertex 36.96790511760177 29.38533125591642 1.327902591933937e-07
    vertex 22.728785549515568 12.841938722289585 7.557600576077153e-08
    vertex 30.78681859848704 22.540260833381268 1.0495174872658429e-07
  endloop
endfacet
facet normal 2.401199017066396e-08 -1.761584188779431e-08 -0.9999999999999994
  outer loop
    vertex 30.78681859848704 22.540260833381268 1.0495174872658429e-07
    vertex 22.728785549515568 12.841938722289585 7.557600576077153e-08
    vertex 22.72878554951554 14.77352825951294 4.154942988092647e-08
  endloop
endfacet
facet normal 2.401199017066396e-08 -1.761584188779431e-08 -0.9999999999999994
  outer loop
    vertex 30.78681859848704 22.540260833381268 1.0495174872658429e-07
    vertex 22.72878554951554 14.77352825951294 4.154942988092647e-08
    vertex 21.941813718529616 14.952351197138698 1.9502553415576905e-08
  endloop
endfacet
facet normal 2.401199017066396e-08 -1.761584188779431e-08 -0.9999999999999994
  outer loop
    vertex 30.78681859848704 22.540260833381268 1.0495174872658429e-07
    vertex 21.941813718529616 14.952351197138698 1.9502553415576905e-08
    vertex 21.210676897604042 15.211154014040092 -2.612526244549459e-09
  endloop
endfacet
facet normal 2.401199017066396e-08 -1.761584188779431e-08 -0.9999999999999994
  outer loop
    vertex 30.78681859848704 22.540260833381268 1.0495174872658429e-07
    vertex 21.210676897604042 15.211154014040092 -2.612526244549459e-09
    vertex 20.499157782915947 15.565027253476721 -2.593129126691662e-08
  endloop
endfacet
facet normal 2.401199017066396e-08 -1.761584188779431e-08 -0.9999999999999994
  outer loop
    vertex 30.78681859848704 22.540260833381268 1.0495174872658429e-07
    vertex 20.499157782915947 15.565027253476721 -2.593129126691662e-08
    vertex 19.771039070642292 16.029061458708117 -5.158922381899245e-08
  endloop
endfacet
facet normal 2.401199017066396e-08 -1.761584188779431e-08 -0.9999999999999994
  outer loop
    vertex 30.78681859848704 22.540260833381268 1.0495174872658429e-07
    vertex 19.771039070642292 16.029061458708117 -5.158922381899245e-08
    vertex 18.255948527382742 16.02906145870812 -8.796956305140667e-08
  endloop
endfacet
facet normal 2.401199017066396e-08 -1.761584188779431e-08 -0.9999999999999994
  outer loop
    vertex 30.78681859848704 22.540260833381268 1.0495174872658429e-07
    vertex 18.255948527382742 16.02906145870812 -8.796956305140667e-08
    vertex 16.185525992171456 16.041133893315777 -1.3789719471527043e-07
  endloop
endfacet
facet normal 2.401199017066396e-08 -1.761584188779431e-08 -0.9999999999999994
  outer loop
    vertex 30.78681859848704 22.540260833381268 1.0495174872658429e-07
    vertex 16.185525992171456 16.041133893315777 -1.3789719471527043e-07
    vertex 13.282105469032626 16.04113389331578 -2.0761409977818453e-07
  endloop
endfacet
facet normal 2.401199017066396e-08 -1.761584188779431e-08 -0.9999999999999994
  outer loop
    vertex 30.78681859848704 22.540260833381268 1.0495174872658429e-07
    vertex 13.282105469032626 16.04113389331578 -2.0761409977818453e-07
    vertex 11.115103456960195 16.041133893315788 -2.596481307918768e-07
  endloop
endfacet
facet normal 2.401199017066396e-08 -1.761584188779431e-08 -0.9999999999999994
  outer loop
    vertex 30.78681859848704 22.540260833381268 1.0495174872658429e-07
    vertex 11.115103456960195 16.041133893315788 -2.596481307918768e-07
    vertex 4.40000382545316 16.311887526402824 -4.788002196698013e-07
  endloop
endfacet
facet normal 2.401199017066396e-08 -1.761584188779431e-08 -0.9999999999999994
  outer loop
    vertex 30.78681859848704 22.540260833381268 1.0495174872658429e-07
    vertex 4.40000382545316 16.311887526402824 -4.788002196698013e-07
    vertex -2.2551004463571047 16.312008343435917 -3.5602272578476154e-07
  endloop
endfacet
facet normal 2.401199017066396e-08 -1.761584188779431e-08 -0.9999999999999994
  outer loop
    vertex 30.78681859848704 22.540260833381268 1.0495174872658429e-07
    vertex -2.2551004463571047 16.312008343435917 -3.5602272578476154e-07
    vertex 28.106738115589664 22.244486185493912 4.580800194626562e-08
  endloop
endfacet
facet normal 2.401199017066396e-08 -1.761584188779431e-08 -0.9999999999999994
  outer loop
    vertex 28.106738115589664 22.244486185493912 4.580800194626562e-08
    vertex -2.2551004463571047 16.312008343435917 -3.5602272578476154e-07
    vertex 3.2000033837563238 20.564950447206844 -5.459079111794765e-07
  endloop
endfacet
facet normal 2.401199017066396e-08 -1.761584188779431e-08 -0.9999999999999994
  outer loop
    vertex 28.106738115589664 22.244486185493912 4.580800194626562e-08
    vertex 3.2000033837563238 20.564950447206844 -5.459079111794765e-07
    vertex 1.800003997594905 22.014950447206843 -6.219923547916341e-07
  endloop
endfacet
facet normal 2.401199017066396e-08 -1.761584188779431e-08 -0.9999999999999994
  outer loop
    vertex 36.96790511760177 29.38533125591642 1.327902591933937e-07
    vertex 30.78681859848704 22.540260833381268 1.0495174872658429e-07
    vertex 30.78681859848704 24.097604897767567 7.751782192346025e-08
  endloop
endfacet
facet normal 2.401199017066396e-08 -1.761584188779431e-08 -0.9999999999999994
  outer loop
    vertex 36.96790511760177 29.38533125591642 1.327902591933937e-07
    vertex 30.78681859848704 24.097604897767567 7.751782192346025e-08
    vertex 30.786818598487095 25.461790008431514 5.348655270832224e-08
  endloop
endfacet
facet normal 2.401199017066396e-08 -1.761584188779431e-08 -0.9999999999999994
  outer loop
    vertex 30.786818598487095 25.461790008431514 5.348655270832224e-08
    vertex 30.78681859848704 24.097604897767567 7.751782192346025e-08
    vertex 28.10673811558967 24.411488197566374 7.634437131065234e-09
  endloop
endfacet
facet normal 2.401199017066396e-08 -1.761584188779431e-08 -0.9999999999999994
  outer loop
    vertex 30.786818598487095 25.461790008431514 5.348655270832224e-08
    vertex 28.10673811558967 24.411488197566374 7.634437131065234e-09
    vertex 28.106738115589703 25.16601536054421 -5.657194071997526e-09
  endloop
endfacet
facet normal 2.401199017066396e-08 -1.761584188779431e-08 -0.9999999999999994
  outer loop
    vertex 36.96790511760177 29.38533125591642 1.327902591933937e-07
    vertex 30.786818598487095 25.461790008431514 5.348655270832224e-08
    vertex 30.78681859848707 27.043278942033137 2.562729370669897e-08
  endloop
endfacet
facet normal 2.401199017066396e-08 -1.761584188779431e-08 -0.9999999999999994
  outer loop
    vertex 36.96790511760177 29.38533125591642 1.327902591933937e-07
    vertex 30.78681859848707 27.043278942033137 2.562729370669897e-08
    vertex 28.10673811558973 27.314908720705187 -4.35117597383236e-08
  endloop
endfacet
facet normal 2.401199017066396e-08 -1.761584188779431e-08 -0.9999999999999994
  outer loop
    vertex 44.312417072218665 41.11503349049882 4.5012271756830365e-07
    vertex 36.96790511760177 29.38533125591642 1.327902591933937e-07
    vertex 36.967905117601774 31.95675982734498 8.749238005335182e-08
  endloop
endfacet
facet normal 2.401199017066396e-08 -1.761584188779431e-08 -0.9999999999999994
  outer loop
    vertex 44.312417072218665 41.11503349049882 4.5012271756830365e-07
    vertex 36.967905117601774 31.95675982734498 8.749238005335182e-08
    vertex 30.738528860056494 31.956759827344996 -6.208734141219367e-08
  endloop
endfacet
facet normal 2.401199017066396e-08 -1.761584188779431e-08 -0.9999999999999994
  outer loop
    vertex 44.312417072218665 41.11503349049882 4.5012271756830365e-07
    vertex 30.738528860056494 31.956759827344996 -6.208734141219367e-08
    vertex 31.115792441545448 32.83201133639928 -6.844678419728491e-08
  endloop
endfacet
facet normal 2.401199017066396e-08 -1.761584188779431e-08 -0.9999999999999994
  outer loop
    vertex 44.312417072218665 41.11503349049882 4.5012271756830365e-07
    vertex 31.115792441545448 32.83201133639928 -6.844678419728491e-08
    vertex 31.305933286615847 33.85816827804922 -8.195774253058075e-08
  endloop
endfacet
facet normal 2.401199017066396e-08 -1.761584188779431e-08 -0.9999999999999994
  outer loop
    vertex 44.312417072218665 41.11503349049882 4.5012271756830365e-07
    vertex 31.305933286615847 33.85816827804922 -8.195774253058075e-08
    vertex 38.93762448466889 41.115033151493726 -1.6199923474319777e-08
  endloop
endfacet
facet normal 2.401199017066396e-08 -1.761584188779431e-08 -0.9999999999999994
  outer loop
    vertex 38.93762448466889 41.115033151493726 -1.6199923474319777e-08
    vertex 31.305933286615847 33.85816827804922 -8.195774253058075e-08
    vertex 20.211996604333727 41.115033048802026 -2.2073173977231792e-07
  endloop
endfacet
facet normal 2.401199017066396e-08 -1.761584188779431e-08 -0.9999999999999994
  outer loop
    vertex 20.211996604333727 41.115033048802026 -2.2073173977231792e-07
    vertex 26.365729536488487 41.115033161357026 -3.6331850091016465e-07
    vertex 38.93762448466889 41.115033151493726 -1.6199923474319777e-08
  endloop
endfacet
facet normal 2.401199017066396e-08 -1.761584188779431e-08 -0.9999999999999994
  outer loop
    vertex 26.365729536488487 41.115033161357026 -3.6331850091016465e-07
    vertex 20.211996604333727 41.115033048802026 -2.2073173977231792e-07
    vertex 22.771035550953417 41.11503321566471 -5.675139086606578e-07
  endloop
endfacet
facet normal 2.401199017066396e-08 -1.761584188779431e-08 -0.9999999999999994
  outer loop
    vertex 26.365729536488487 41.115033161357026 -3.6331850091016465e-07
    vertex 22.771035550953417 41.11503321566471 -5.675139086606578e-07
    vertex 25.586789734852974 43.00258297829712 -4.771205263139497e-07
  endloop
endfacet
facet normal 2.401199017066396e-08 -1.761584188779431e-08 -0.9999999999999994
  outer loop
    vertex 26.365729536488487 41.115033161357026 -3.6331850091016465e-07
    vertex 25.586789734852974 43.00258297829712 -4.771205263139497e-07
    vertex 26.365729734852632 45.85952214973879 -4.700695299673634e-07
  endloop
endfacet
facet normal 2.401199017066396e-08 -1.761584188779431e-08 -0.9999999999999994
  outer loop
    vertex 25.586789734852974 43.00258297829712 -4.771205263139497e-07
    vertex 22.771035550953417 41.11503321566471 -5.675139086606578e-07
    vertex 22.77103555645538 41.41503321566469 -5.876018609772089e-07
  endloop
endfacet
facet normal 2.401199017066396e-08 -1.761584188779431e-08 -0.9999999999999994
  outer loop
    vertex 26.365729734852632 45.85952214973879 -4.700695299673634e-07
    vertex 25.586789734852974 43.00258297829712 -4.771205263139497e-07
    vertex 25.58678973485305 47.768507679778935 -5.110243190922464e-07
  endloop
endfacet
facet normal 2.401199017066396e-08 -1.761584188779431e-08 -0.9999999999999994
  outer loop
    vertex 26.365729734852632 45.85952214973879 -4.700695299673634e-07
    vertex 25.58678973485305 47.768507679778935 -5.110243190922464e-07
    vertex 26.36572973485265 50.625446851220396 -5.039744784990095e-07
  endloop
endfacet
facet normal 2.401199017066396e-08 -1.761584188779431e-08 -0.9999999999999994
  outer loop
    vertex 26.36572973485265 50.625446851220396 -5.039744784990095e-07
    vertex 25.58678973485305 47.768507679778935 -5.110243190922464e-07
    vertex 25.586789734852697 50.6051193182971 -5.312043289227725e-07
  endloop
endfacet
facet normal 2.401199017066396e-08 -1.761584188779431e-08 -0.9999999999999994
  outer loop
    vertex 38.93762448466889 41.115033151493726 -1.6199923474319777e-08
    vertex 38.158684675297565 43.0025829707669 -1.2196459074969278e-07
    vertex 38.93762467529721 45.85952213987554 -1.1837128850928177e-07
  endloop
endfacet
facet normal 2.401199017066396e-08 -1.761584188779431e-08 -0.9999999999999994
  outer loop
    vertex 38.158684675297565 43.0025829707669 -1.2196459074969278e-07
    vertex 38.93762448466889 41.115033151493726 -1.6199923474319777e-08
    vertex 35.34293048737459 41.1150332081345 -2.156238288983739e-07
  endloop
endfacet
facet normal 2.401199017066396e-08 -1.761584188779431e-08 -0.9999999999999994
  outer loop
    vertex 35.34293048737459 41.1150332081345 -2.156238288983739e-07
    vertex 38.93762448466889 41.115033151493726 -1.6199923474319777e-08
    vertex 26.365729536488487 41.115033161357026 -3.6331850091016465e-07
  endloop
endfacet
facet normal 2.401199017066396e-08 -1.761584188779431e-08 -0.9999999999999994
  outer loop
    vertex 38.158684675297565 43.0025829707669 -1.2196459074969278e-07
    vertex 35.34293048737459 41.1150332081345 -2.156238288983739e-07
    vertex 35.342930496900124 41.4150332081345 -2.3244592541294747e-07
  endloop
endfacet
facet normal 2.401199017066396e-08 -1.761584188779431e-08 -0.9999999999999994
  outer loop
    vertex 38.93762467529721 45.85952213987554 -1.1837128850928177e-07
    vertex 38.158684675297565 43.0025829707669 -1.2196459074969278e-07
    vertex 38.158684675297685 47.768507672248745 -1.558683835279889e-07
  endloop
endfacet
facet normal 2.401199017066396e-08 -1.761584188779431e-08 -0.9999999999999994
  outer loop
    vertex 38.93762467529721 45.85952213987554 -1.1837128850928177e-07
    vertex 38.158684675297685 47.768507672248745 -1.558683835279889e-07
    vertex 38.93762467529726 50.625446841357125 -1.5227623704092585e-07
  endloop
endfacet
facet normal 2.401199017066396e-08 -1.761584188779431e-08 -0.9999999999999994
  outer loop
    vertex 38.93762467529726 50.625446841357125 -1.5227623704092585e-07
    vertex 38.158684675297685 47.768507672248745 -1.558683835279889e-07
    vertex 38.158684675297316 50.605119310766966 -1.760483933585167e-07
  endloop
endfacet
facet normal 0.9751420390370097 -0.22158069343411246 2.5660105281850666e-08
  outer loop
    vertex 29.374343727561033 33.85816829777709 0.9999998420659811
    vertex 29.195520811766755 33.071196447063315 -1.1876977478790789e-07
    vertex 29.3743437493925 33.85816827804921 -1.2833905151214452e-07
  endloop
endfacet
facet normal 0.9751420390370097 -0.22158069343411246 2.5660105281850666e-08
  outer loop
    vertex 29.195520811766755 33.071196447063315 -1.1876977478790789e-07
    vertex 29.374343727561033 33.85816829777709 0.9999998420659811
    vertex 29.195520789935273 33.0711964667912 0.9999998536872895
  endloop
endfacet
facet normal 4.521972968706574e-16 0.9999999999999998 -1.9727882980546167e-08
  outer loop
    vertex 28.118810550197384 29.385331255916476 -7.969411257839717e-08
    vertex 36.967905095770284 29.38533127564435 1.0000000960842017
    vertex 36.96790511760177 29.38533125591642 1.327902591933937e-07
  endloop
endfacet
facet normal 4.521972968706574e-16 0.9999999999999998 -1.9727882980546167e-08
  outer loop
    vertex 36.967905095770284 29.38533127564435 1.0000000960842017
    vertex 28.118810550197384 29.385331255916476 -7.969411257839717e-08
    vertex 28.118810528365906 29.385331275644308 0.9999999028953801
  endloop
endfacet
facet normal -0.9999999999999999 3.8035155819629265e-15 -2.1831486230952124e-08
  outer loop
    vertex 36.96790511760177 29.38533125591642 1.327902591933937e-07
    vertex 36.96790509577029 31.956759847072867 1.0000000453553932
    vertex 36.967905117601774 31.95675982734498 8.749238005335182e-08
  endloop
endfacet
facet normal -0.9999999999999999 3.8035155819629265e-15 -2.1831486230952124e-08
  outer loop
    vertex 36.96790509577029 31.956759847072867 1.0000000453553932
    vertex 36.96790511760177 29.38533125591642 1.327902591933937e-07
    vertex 36.967905095770284 29.38533127564435 1.0000000960842017
  endloop
endfacet
facet normal -0.9832628221473809 0.18219281704492982 -2.5060375616650558e-08
  outer loop
    vertex 31.115792441545448 32.83201133639928 -6.844678419728491e-08
    vertex 31.305933264784354 33.858168297777105 0.9999998842354374
    vertex 31.305933286615847 33.85816827804922 -8.195774253058075e-08
  endloop
endfacet
facet normal -0.9832628221473809 0.18219281704492982 -2.5060375616650558e-08
  outer loop
    vertex 31.305933264784354 33.858168297777105 0.9999998842354374
    vertex 31.115792441545448 32.83201133639928 -6.844678419728491e-08
    vertex 31.115792419713955 32.8320113561272 0.9999999003282714
  endloop
endfacet
facet normal 0.8953746710268503 -0.4453135956644026 2.8332437860976882e-08
  outer loop
    vertex 28.936717994865305 32.340059626137766 -1.1210455484771646e-07
    vertex 28.582844733597266 31.62854053117751 0.9999998687721933
    vertex 28.58284475542875 31.62854051144964 -1.0806774737023873e-07
  endloop
endfacet
facet normal 0.8953746710268503 -0.4453135956644026 2.8332437860976882e-08
  outer loop
    vertex 28.582844733597266 31.62854053117751 0.9999998687721933
    vertex 28.936717994865305 32.340059626137766 -1.1210455484771646e-07
    vertex 28.93671797303384 32.340059645865644 0.9999998624610132
  endloop
endfacet
facet normal 2.1831478793725566e-08 -1.972786954635621e-08 -0.9999999999999994
  outer loop
    vertex 28.106738093758256 24.41148821729425 1.0000000007551486
    vertex 30.7868185766556 22.540260853109125 1.0000000961805986
    vertex 28.106738093758267 22.244486205221797 1.0000000435054817
  endloop
endfacet
facet normal 2.1831478793725566e-08 -1.972786954635621e-08 -0.9999999999999994
  outer loop
    vertex 30.7868185766556 22.540260853109125 1.0000000961805986
    vertex 28.106738093758256 24.41148821729425 1.0000000007551486
    vertex 30.786818576655634 24.097604917495403 1.0000000654575176
  endloop
endfacet
facet normal 0.9426846138260597 -0.33368505938326365 2.7163088678873827e-08
  outer loop
    vertex 29.195520789935273 33.0711964667912 0.9999998536872895
    vertex 28.936717994865305 32.340059626137766 -1.1210455484771646e-07
    vertex 29.195520811766755 33.071196447063315 -1.1876977478790789e-07
  endloop
endfacet
facet normal 0.9426846138260597 -0.33368505938326365 2.7163088678873827e-08
  outer loop
    vertex 28.936717994865305 32.340059626137766 -1.1210455484771646e-07
    vertex 29.195520789935273 33.0711964667912 0.9999998536872895
    vertex 28.93671797303384 32.340059645865644 0.9999998624610132
  endloop
endfacet
facet normal 0.8433014621960042 -0.5374408282388682 2.9013072312982664e-08
  outer loop
    vertex 28.58284475542875 31.62854051144964 -1.0806774737023873e-07
    vertex 28.118810528365938 30.900421818903894 0.9999998730058713
    vertex 28.11881055019738 30.900421799176005 -1.0638370803414941e-07
  endloop
endfacet
facet normal 0.8433014621960042 -0.5374408282388682 2.9013072312982664e-08
  outer loop
    vertex 28.118810528365938 30.900421818903894 0.9999998730058713
    vertex 28.58284475542875 31.62854051144964 -1.0806774737023873e-07
    vertex 28.582844733597266 31.62854053117751 0.9999998687721933
  endloop
endfacet
facet normal 0.9999999999999999 -9.121980341281946e-15 2.183146051844871e-08
  outer loop
    vertex 28.118810528365938 30.900421818903894 0.9999998730058713
    vertex 28.118810550197384 29.385331255916476 -7.969411257839717e-08
    vertex 28.11881055019738 30.900421799176005 -1.0638370803414941e-07
  endloop
endfacet
facet normal 0.9999999999999999 -9.121980341281946e-15 2.183146051844871e-08
  outer loop
    vertex 28.118810550197384 29.385331255916476 -7.969411257839717e-08
    vertex 28.118810528365938 30.900421818903894 0.9999998730058713
    vertex 28.118810528365906 29.385331275644308 0.9999999028953801
  endloop
endfacet
facet normal -4.521971340513946e-16 -0.9999999999999998 1.9727875924918976e-08
  outer loop
    vertex 36.96790509577029 31.956759847072867 1.0000000453553932
    vertex 30.738528860056494 31.956759827344996 -6.208734141219367e-08
    vertex 36.967905117601774 31.95675982734498 8.749238005335182e-08
  endloop
endfacet
facet normal -4.521971340513946e-16 -0.9999999999999998 1.9727875924918976e-08
  outer loop
    vertex 30.738528860056494 31.956759827344996 -6.208734141219367e-08
    vertex 36.96790509577029 31.956759847072867 1.0000000453553932
    vertex 30.738528838225 31.956759847072856 0.9999999093588975
  endloop
endfacet
facet normal 0.9999999999999999 2.0733246195590827e-15 2.183141327940654e-08
  outer loop
    vertex 28.106738093758256 24.41148821729425 1.0000000007551486
    vertex 28.106738115589664 22.244486185493912 4.580800194626562e-08
    vertex 28.10673811558967 24.411488197566374 7.634437131065234e-09
  endloop
endfacet
facet normal 0.9999999999999999 2.0733246195590827e-15 2.183141327940654e-08
  outer loop
    vertex 28.106738115589664 22.244486185493912 4.580800194626562e-08
    vertex 28.106738093758256 24.41148821729425 1.0000000007551486
    vertex 28.106738093758267 22.244486205221797 1.0000000435054817
  endloop
endfacet
facet normal -0.10083478222130342 -0.9949031845834959 1.7425921530822953e-08
  outer loop
    vertex 30.786818576655662 27.043278961760983 1.0000000073456445
    vertex 28.10673811558973 27.314908720705187 -4.35117597383236e-08
    vertex 30.78681859848707 27.043278942033137 2.562729370669897e-08
  endloop
endfacet
facet normal -0.10083478222130342 -0.9949031845834959 1.7425921530822953e-08
  outer loop
    vertex 28.10673811558973 27.314908720705187 -4.35117597383236e-08
    vertex 30.786818576655662 27.043278961760983 1.0000000073456445
    vertex 28.106738093758263 27.31490874043301 0.9999999434768467
  endloop
endfacet
facet normal -0.1096943757071475 0.9939653635505711 -2.2003622509196257e-08
  outer loop
    vertex 28.106738115589703 25.16601536054421 -5.657194071997526e-09
    vertex 30.786818576655623 25.461790028159392 1.0000000385450516
    vertex 30.786818598487095 25.461790008431514 5.348655270832224e-08
  endloop
endfacet
facet normal -0.1096943757071475 0.9939653635505711 -2.2003622509196257e-08
  outer loop
    vertex 30.786818576655623 25.461790028159392 1.0000000385450516
    vertex 28.106738115589703 25.16601536054421 -5.657194071997526e-09
    vertex 28.106738093758292 25.166015380272107 0.9999999858699352
  endloop
endfacet
facet normal -0.10969437570716493 0.9939653635505689 -2.200360202689586e-08
  outer loop
    vertex 28.106738115589664 22.244486185493912 4.580800194626562e-08
    vertex 30.7868185766556 22.540260853109125 1.0000000961805986
    vertex 30.78681859848704 22.540260833381268 1.0495174872658429e-07
  endloop
endfacet
facet normal -0.10969437570716493 0.9939653635505689 -2.200360202689586e-08
  outer loop
    vertex 30.7868185766556 22.540260853109125 1.0000000961805986
    vertex 28.106738115589664 22.244486185493912 4.580800194626562e-08
    vertex 28.106738093758267 22.244486205221797 1.0000000435054817
  endloop
endfacet
facet normal -0.11632207296867886 -0.9932115461170742 1.7054456475060627e-08
  outer loop
    vertex 30.786818576655634 24.097604917495403 1.0000000654575176
    vertex 28.10673811558967 24.411488197566374 7.634437131065234e-09
    vertex 30.78681859848704 24.097604897767567 7.751782192346025e-08
  endloop
endfacet
facet normal -0.11632207296867886 -0.9932115461170742 1.7054456475060627e-08
  outer loop
    vertex 28.10673811558967 24.411488197566374 7.634437131065234e-09
    vertex 30.786818576655634 24.097604917495403 1.0000000654575176
    vertex 28.106738093758256 24.41148821729425 1.0000000007551486
  endloop
endfacet
facet normal -0.9999999999999999 4.157124348881104e-15 -2.1831446027848946e-08
  outer loop
    vertex 30.786818598487095 25.461790008431514 5.348655270832224e-08
    vertex 30.786818576655662 27.043278961760983 1.0000000073456445
    vertex 30.78681859848707 27.043278942033137 2.562729370669897e-08
  endloop
endfacet
facet normal -0.9999999999999999 4.157124348881104e-15 -2.1831446027848946e-08
  outer loop
    vertex 30.786818576655662 27.043278961760983 1.0000000073456445
    vertex 30.786818598487095 25.461790008431514 5.348655270832224e-08
    vertex 30.786818576655623 25.461790028159392 1.0000000385450516
  endloop
endfacet
facet normal 0.9999999999999999 -1.2720948065844984e-15 2.1831442290153274e-08
  outer loop
    vertex 28.106738093758263 27.31490874043301 0.9999999434768467
    vertex 28.106738115589703 25.16601536054421 -5.657194071997526e-09
    vertex 28.10673811558973 27.314908720705187 -4.35117597383236e-08
  endloop
endfacet
facet normal 0.9999999999999999 -1.2720948065844984e-15 2.1831442290153274e-08
  outer loop
    vertex 28.106738115589703 25.16601536054421 -5.657194071997526e-09
    vertex 28.106738093758263 27.31490874043301 0.9999999434768467
    vertex 28.106738093758292 25.166015380272107 0.9999999858699352
  endloop
endfacet
facet normal -0.9999999999999999 1.1181190224075489e-14 -2.1831427844799324e-08
  outer loop
    vertex 30.78681859848704 22.540260833381268 1.0495174872658429e-07
    vertex 30.786818576655634 24.097604917495403 1.0000000654575176
    vertex 30.78681859848704 24.097604897767567 7.751782192346025e-08
  endloop
endfacet
facet normal -0.9999999999999999 1.1181190224075489e-14 -2.1831427844799324e-08
  outer loop
    vertex 30.786818576655634 24.097604917495403 1.0000000654575176
    vertex 30.78681859848704 22.540260833381268 1.0495174872658429e-07
    vertex 30.7868185766556 22.540260853109125 1.0000000961805986
  endloop
endfacet
facet normal -0.9183240863665078 0.3958293475718017 -2.7857261151699667e-08
  outer loop
    vertex 30.738528838225 31.956759847072856 0.9999999093588975
    vertex 31.115792441545448 32.83201133639928 -6.844678419728491e-08
    vertex 30.738528860056494 31.956759827344996 -6.208734141219367e-08
  endloop
endfacet
facet normal -0.9183240863665078 0.3958293475718017 -2.7857261151699667e-08
  outer loop
    vertex 31.115792441545448 32.83201133639928 -6.844678419728491e-08
    vertex 30.738528838225 31.956759847072856 0.9999999093588975
    vertex 31.115792419713955 32.8320113561272 0.9999999003282714
  endloop
endfacet
facet normal 1.0759989436368828e-14 -0.9999999999999998 1.9727883072135806e-08
  outer loop
    vertex 31.305933264784354 33.858168297777105 0.9999998842354374
    vertex 29.3743437493925 33.85816827804921 -1.2833905151214452e-07
    vertex 31.305933286615847 33.85816827804922 -8.195774253058075e-08
  endloop
endfacet
facet normal 1.0759989436368828e-14 -0.9999999999999998 1.9727883072135806e-08
  outer loop
    vertex 29.3743437493925 33.85816827804921 -1.2833905151214452e-07
    vertex 31.305933264784354 33.858168297777105 0.9999998842354374
    vertex 29.374343727561033 33.85816829777709 0.9999998420659811
  endloop
endfacet
facet normal 2.1831478878295596e-08 -1.9727869658353835e-08 -0.9999999999999994
  outer loop
    vertex 28.93671797303384 32.340059645865644 0.9999998624610132
    vertex 30.738528838225 31.956759847072856 0.9999999093588975
    vertex 28.582844733597266 31.62854053117751 0.9999998687721933
  endloop
endfacet
facet normal 2.1831478878295596e-08 -1.9727869658353835e-08 -0.9999999999999994
  outer loop
    vertex 30.738528838225 31.956759847072856 0.9999999093588975
    vertex 28.93671797303384 32.340059645865644 0.9999998624610132
    vertex 31.115792419713955 32.8320113561272 0.9999999003282714
  endloop
endfacet
facet normal 2.1831478878295596e-08 -1.9727869658353835e-08 -0.9999999999999994
  outer loop
    vertex 31.115792419713955 32.8320113561272 0.9999999003282714
    vertex 28.93671797303384 32.340059645865644 0.9999998624610132
    vertex 29.195520789935273 33.0711964667912 0.9999998536872895
  endloop
endfacet
facet normal 2.1831478878295596e-08 -1.9727869658353835e-08 -0.9999999999999994
  outer loop
    vertex 31.115792419713955 32.8320113561272 0.9999999003282714
    vertex 29.195520789935273 33.0711964667912 0.9999998536872895
    vertex 31.305933264784354 33.858168297777105 0.9999998842354374
  endloop
endfacet
facet normal 2.1831478878295596e-08 -1.9727869658353835e-08 -0.9999999999999994
  outer loop
    vertex 31.305933264784354 33.858168297777105 0.9999998842354374
    vertex 29.195520789935273 33.0711964667912 0.9999998536872895
    vertex 29.374343727561033 33.85816829777709 0.9999998420659811
  endloop
endfacet
facet normal 2.1831478878295596e-08 -1.9727869658353835e-08 -0.9999999999999994
  outer loop
    vertex 28.118810528365938 30.900421818903894 0.9999998730058713
    vertex 36.967905095770284 29.38533127564435 1.0000000960842017
    vertex 28.118810528365906 29.385331275644308 0.9999999028953801
  endloop
endfacet
facet normal 2.1831478878295596e-08 -1.9727869658353835e-08 -0.9999999999999994
  outer loop
    vertex 36.967905095770284 29.38533127564435 1.0000000960842017
    vertex 28.118810528365938 30.900421818903894 0.9999998730058713
    vertex 36.96790509577029 31.956759847072867 1.0000000453553932
  endloop
endfacet
facet normal 2.1831478878295596e-08 -1.9727869658353835e-08 -0.9999999999999994
  outer loop
    vertex 36.96790509577029 31.956759847072867 1.0000000453553932
    vertex 28.118810528365938 30.900421818903894 0.9999998730058713
    vertex 28.582844733597266 31.62854053117751 0.9999998687721933
  endloop
endfacet
facet normal 2.1831478878295596e-08 -1.9727869658353835e-08 -0.9999999999999994
  outer loop
    vertex 36.96790509577029 31.956759847072867 1.0000000453553932
    vertex 28.582844733597266 31.62854053117751 0.9999998687721933
    vertex 30.738528838225 31.956759847072856 0.9999999093588975
  endloop
endfacet
facet normal 2.1831478880750062e-08 -1.9727869669342625e-08 -0.9999999999999994
  outer loop
    vertex 28.106738093758263 27.31490874043301 0.9999999434768467
    vertex 30.786818576655623 25.461790028159392 1.0000000385450516
    vertex 28.106738093758292 25.166015380272107 0.9999999858699352
  endloop
endfacet
facet normal 2.1831478880750062e-08 -1.9727869669342625e-08 -0.9999999999999994
  outer loop
    vertex 30.786818576655623 25.461790028159392 1.0000000385450516
    vertex 28.106738093758263 27.31490874043301 0.9999999434768467
    vertex 30.786818576655662 27.043278961760983 1.0000000073456445
  endloop
endfacet
endsolid ModularFrameCorner
